,model_1,model_2,model_3,model_4,model_5,model_6,model_7,model_8,model_9,model_10,model_11,p_val_21,p_val_31,p_val_41,p_val_42,p_val_43,p_val_51,p_val_52,p_val_61,p_val_62,p_val_63,p_val_64,p_val_71,p_val_73,p_val_87,p_val_97,p_val_98,p_val_82,p_val_53,p_val_95
0,-138.52064754357517,-138.52114704850908,-138.7261263752255,-138.72589183306542,-138.72612848976686,-138.72611828661417,-137.94513112509878,-138.52108978154655,-138.70069764077203,-138.72589094045424,-138.7258687736419,0.9997502787185947,0.9023620841262197,0.9024679113075279,0.9026933330433715,1.0,0.9023611300857499,0.9025865251493893,0.9023657335616917,0.9025911297752043,1.0,0.9998867796355351,1.0,1.0,0.7497770913030128,0.6853790351032508,0.9141103976812005,1.0,0.999998942729879,1.0
1,-130.44491616749548,-133.82457788867117,-130.44427919859567,-133.82458206618813,-130.4444909259173,-130.4449162445521,-131.4547316966583,-133.82461471497862,-133.81443276995319,-133.82458167431855,-133.82455585305314,0.18455073615633727,1.0,0.18455035067482506,0.9999979112437033,1.0,1.0,1.0,0.9999999614716878,1.0,0.9996815277448392,1.0,0.6035612425836088,0.6033690483203468,0.3057640633725466,0.3073246689439403,1.0,0.9999815870157958,0.9998941419425389,0.18544982438423668
2,-150.92281727056337,-151.54098513570838,-151.3953133405434,-152.00508726671688,-151.2884993865161,-150.9231070030322,-149.9437331066941,-151.54092903283333,-151.86517498611454,-151.92340713917932,-152.00593066904526,0.7341191509315116,0.7895848049834124,0.582087209440505,0.7929056321469126,1.0,0.8329005281124736,1.0,0.9998551442581988,1.0,1.0,1.0,1.0,1.0,0.4499593817499409,0.3826169427700132,0.8503366265683238,1.0,1.0,0.7495083656960637
3,-133.02932626831614,-133.02384407279166,-133.0292836409154,-133.0478304755463,-133.02929813615265,-133.02914873190346,-133.79611542588376,-133.02389217517467,-133.09851782399656,-133.02426131684422,-133.02397423379713,1.0,1.0,0.9907905654014522,0.9880784304115198,1.0,1.0,0.997276683292683,1.0,0.9973511847624063,1.0,1.0,0.6815439234509748,0.6815293973828023,1.0,1.0,0.9633747210769986,0.9999759490977252,0.9999927524076377,0.9659822265823509
4,-145.3580693411531,-145.36738314307962,-146.38965940130942,-146.39887181877663,-146.3895589001275,-146.38952244595973,-146.5293491887246,-145.37463198748344,-146.56590169378956,-146.3987052406107,-146.39936049231056,0.9953539255874577,0.5970257524557143,0.5942820511022608,0.5970560177893665,1.0,0.597055754106387,0.5998426677766953,0.5970666367908808,0.5998536012589613,1.0,1.0,0.5567494705638008,0.9325384512707411,1.0,0.9818897453594007,0.5512125157607439,0.9963821380880927,1.0,0.915603931661402
5,-145.26484008959932,-145.26516061728802,-145.26572734438076,-145.2845051667582,-145.26563911281545,-145.26574653098663,-144.496844380496,-145.2649119423453,-145.08126939614078,-145.26481081701084,-145.28451617520562,0.9998397489972138,0.999556470997358,0.9902156427836684,0.9903743512665926,1.0,0.9996005681860699,0.9997607808537481,0.999546881995327,0.9997070860583603,0.9999904067430814,1.0,1.0,1.0,0.681108418318759,0.7466098586786221,1.0,1.0,1.0,1.0
6,-140.97560025695734,-140.97525444766734,-140.97546991159498,-140.97536990357312,-140.97559366692042,-140.97559769140105,-139.3653941596849,-140.9748557051332,-140.93995016872395,-140.9753673349652,-140.97522548653131,1.0,1.0,1.0,0.9999422737133336,1.0,1.0,0.9998304047563604,1.0,0.9998283928593353,0.9999361121378844,0.9998861125717033,1.0,1.0,0.4472083110285575,0.45508184161742005,1.0,1.0,0.9999381242516667,1.0
7,-137.35522264794807,-137.35682852932686,-137.97288451170613,-137.97271374780533,-137.97288068134873,-137.97286791118745,-136.31734654581257,-137.35676261560184,-137.95183320379942,-137.97271047003807,-137.97267064305078,0.9991973815812181,0.7343049070830183,0.7343676061448183,0.7349574965685862,1.0,0.7343063134094823,0.7348961545990556,0.7343110020294752,0.7349008469852443,1.0,0.999922921279657,1.0,1.0,0.5946941525666336,0.4416474546889806,0.7426463717238174,1.0,1.0,1.0
8,-126.80632943696625,-128.9522508534091,-128.95244701152845,-128.95225034253386,-126.80633771730109,-126.80632573718589,-127.35160981267177,-128.9520444929942,-128.91387134493212,-128.95224980676633,-128.95204398334621,0.3419944711694413,0.34196093031815156,0.3419945585277084,1.0,1.0,0.9999958598411509,1.0,1.0,1.0,1.0,1.0,0.7613666873323665,1.0,0.4492313174993735,0.457887954269646,1.0,1.0,1.0,0.34862207826245667
9,-133.55434688349038,-134.21283378770949,-134.44725371606805,-134.21282016861326,-133.55432879663817,-133.55434311910852,-133.82523335709203,-134.6403809625955,-134.36886594059965,-134.21281439553704,-134.64057499870998,0.7194678394610294,0.6398935681081196,0.7194727387285775,1.0,1.0,1.0,1.0,1.0,1.0,1.0,1.0,0.873328734454446,1.0,0.6652623513940394,0.7619942328565864,1.0,0.8075311995298928,1.0,0.6654654409274772
10,-131.0351115511041,-134.64895431580598,-134.41330788930458,-136.479867780132,-132.56389687491938,-132.56482883689276,-134.29895277389048,-134.64910249913862,-134.63712265174473,-136.47915311462353,-136.47903089010694,0.16415874166076924,0.1846860044586672,0.06571828284421216,0.4003337390342434,1.0,0.46561663183507507,1.0,0.4653997138812994,1.0,1.0,1.0,0.1955536306907662,1.0,0.8393941791661098,0.8444371747521506,1.0,0.9999259110783992,1.0,0.35465390220752985
11,-132.23244656117922,-132.2367542216329,-132.23244355914233,-132.218348353008,-132.2320151884141,-132.2324427932487,-130.43126320091244,-132.19887667101557,-131.14884399739128,-132.21746022935443,-132.19990300166103,0.9978484876011098,1.0,1.0,1.0,1.0,1.0,1.0,1.0,1.0,1.0,0.9929775533065992,1.0,1.0,0.41320694458063656,0.6985207471870367,1.0,1.0,1.0,1.0
12,-137.88255077118777,-138.11597854439458,-137.95619200195182,-138.11600870722702,-137.8828406961196,-137.88254919406137,-136.92600741898713,-138.11592969028192,-138.0828754235764,-138.11598703968238,-138.11593853068402,0.8898397518191709,0.9638490195303608,0.8898263318766984,0.9999849186975015,1.0,0.9998550480406403,1.0,1.0,1.0,1.0,1.0,1.0,1.0,0.5515840024064294,0.5607758530142344,1.0,1.0,1.0,0.9048217068211787
13,-138.89802968945082,-138.8983094552628,-138.93003079983242,-138.8978955756745,-138.8979054624602,-138.89840714213895,-137.29547622909126,-138.89821589783276,-138.87604534794787,-138.8824839793463,-138.89821384791227,0.9998601268771737,0.9841267736770026,1.0,1.0,1.0,1.0,1.0,0.9998112914636326,0.9999511577547414,1.0,0.9997442494775224,1.0,1.0,0.4487138792367883,0.4537156678399601,1.0,1.0,1.0,1.0
14,-138.01672168900498,-138.68308586144593,-138.01671599615676,-138.6839257787073,-138.01575274255393,-138.01451877754485,-136.96169970498892,-138.68373833589416,-138.61656824024465,-138.68357042965926,-138.6838602980894,0.716639692061773,1.0,0.7163387962243233,0.999580129539596,1.0,1.0,1.0,1.0,1.0,1.0,1.0,1.0,1.0,0.42273096642715036,0.43716950857200954,1.0,0.9996738159854615,1.0,0.7405162144831379
15,-143.17035234827668,-143.1527631030798,-143.17026755187038,-143.1526493725896,-143.17030770198124,-143.17035863688284,-142.69915958879787,-143.15202158536275,-142.44773141026485,-143.15267922174561,-143.15221168307608,1.0,1.0,1.0,1.0,1.0,1.0,0.991266064904936,0.999996855701864,0.9912408202066616,0.9999544585308158,0.9911844546571036,1.0,1.0,0.7973743606152084,1.0,1.0,1.0,0.9999799251460713,1.0
16,-154.79168006650465,-158.7222569895987,-154.86302346828663,-159.1463026671683,-154.86305666795835,-154.8630574720646,-159.14645550783774,-158.72226700038547,-159.1371680204618,-158.72221227926104,-159.14630670064497,0.1401154628625679,0.9649570360222935,0.11334587432741375,0.8089462220068382,1.0,0.9649410180268324,1.0,0.9649406300693518,1.0,0.9999829982555395,1.0,0.11333721272872367,0.11745311811592948,1.0,1.0,0.8126534589665915,0.9999949946191365,0.9999834003019169,0.11800176744847743
17,-139.47051433197885,-139.47021348206601,-139.2751307082396,-141.91279980734942,-141.96230720971965,-141.9543045087102,-141.92627488939192,-139.4701964887397,-141.19406664466197,-141.9447422258587,-141.94465577017266,1.0,1.0,0.2948929889761033,0.2948486330472921,1.0,0.28768290236881744,0.2876396309354001,0.28883632858776276,0.28879288366330574,0.26195385930964704,0.9794614975100973,0.2929128136131093,0.2656509392096329,1.0,1.0,0.4223440224583407,1.0,0.2609077843544676,1.0
18,-134.6136554437711,-135.59199496363635,-134.6136717021601,-135.59283365012877,-134.61366937113942,-134.61367323139189,-133.09053730212972,-135.5927314099655,-135.57505884127343,-135.59105834564917,-134.67117538636745,0.6131352323628945,0.9999918708385438,0.6128781721461911,0.9995807446658828,1.0,0.9999930363400891,1.0,0.9999911062291612,1.0,0.9999992353844017,1.0,1.0,1.0,0.28619065799544313,0.28873072588037674,1.0,0.9996318446212579,1.0,0.6183536505804076
19,-142.61850492031007,-142.60865817624176,-143.20419444792952,-142.63493713549587,-142.62131478285778,-143.2036575231848,-142.3401042859972,-142.64766843690578,-141.98085055017657,-142.6103979728255,-142.59841275810436,1.0,0.7461379593215922,0.9918175523713769,0.9869464664944616,1.0,0.9985960551800679,0.9936916782314034,0.746338296178511,0.7426728257245712,1.0,0.752495551620417,1.0,1.0,0.8574588619850658,1.0,1.0,0.9806838639419443,1.0,1.0
20,-156.02827889019898,-157.8326873801069,-156.08608998407271,-157.8794417090793,-156.07535351171674,-156.02827843333364,-156.66116666989257,-157.83400004902933,-157.79025322021295,-157.87129429907333,-157.87992591945067,0.4056744675935232,0.9715082220605742,0.3963009389727705,0.9768939645712565,1.0,0.9767375311704635,1.0,1.0,1.0,1.0,1.0,0.7287358998956375,0.7501078049035803,0.5563171745436823,0.5686197902428237,1.0,0.9993438808791363,1.0,0.42424258443771723
21,-133.24736600078114,-133.59210544173948,-133.24736190348483,-133.59210332048974,-133.24735390459384,-133.24735092221206,-130.46895035742975,-133.59210713834116,-133.15659074609297,-133.5920989735239,-133.59210455279833,0.841667933764483,1.0,0.8416688264588975,1.0,1.0,1.0,1.0,1.0,1.0,1.0,1.0,1.0,1.0,0.20980465605164061,0.2608472754834852,1.0,0.9999991516995169,1.0,1.0
22,-129.7735215774268,-129.7575842627832,-131.92481963214078,-131.9246853081566,-131.9247434939844,-131.92484975765842,-131.87065305451208,-129.7732386202125,-131.91151763889943,-131.9246854441619,-131.9246846927203,1.0,0.34107631558891344,0.3410992237229932,0.33839192200226353,1.0,0.3410893002969955,0.33838207733841613,0.341071178077325,0.3383640989546535,0.999984937354623,0.9999177786294502,0.3504400114388311,1.0,1.0,0.9797750326469066,0.34330380006882055,0.9922033738831515,1.0,1.0
23,-138.6727022777492,-138.6721263342859,-138.95520763040486,-138.9551894117272,-138.95521096531945,-138.67270537982483,-138.29278416145183,-138.67265625871067,-138.95142718594872,-138.95243280613806,-138.95518524260248,1.0,0.8682698927297909,0.8682778021304673,0.8680277986669259,1.0,0.8682684449280291,0.8680184441587095,0.9999984489633909,0.9997105191382089,1.0,1.0,1.0,1.0,0.8270120208044673,0.7194116798934947,0.8698926518549206,0.9997350728870029,0.9999983325440926,1.0
24,-137.9857034748891,-138.201887565773,-137.98563197490188,-138.20187933907317,-137.98349507516116,-137.98637765975343,-137.63893538456145,-138.20189236684135,-138.17219777238498,-138.0008469849604,-138.00366901352587,0.897544977704012,1.0,0.8975486696281643,1.0,1.0,1.0,1.0,0.9996629643771089,1.0,0.999627227071324,1.0,1.0,1.0,0.7546671475307778,0.7659555084347647,1.0,0.9999975994687098,1.0,0.9099629918345429
25,-132.95570929567566,-136.2600564476822,-136.2470035258259,-136.6658541084847,-136.2469985698439,-136.24699985379877,-136.98322508220488,-136.30678148892028,-135.95939581834284,-136.25882009808433,-136.30718439785662,0.1916329268828634,0.19288770185874396,0.15644161489000658,0.8163608281453232,1.0,0.1928881798333261,1.0,0.19288805600350659,1.0,1.0,1.0,0.13348610442483166,0.692040514447036,1.0,1.0,1.0,0.9769082701814343,1.0,1.0
26,-146.46084173335146,-146.46063024278794,-146.46077871165954,-146.46057272639194,-146.4607753915493,-146.4608244184446,-147.87459460012087,-146.4386074527062,-146.43874609679293,-146.44029842357273,-146.43855698305092,1.0,1.0,1.0,1.0,1.0,1.0,0.9999274282527756,1.0,0.999902916884548,0.9999771468686144,0.9998741618919574,0.49318228176660306,0.4931667414205392,1.0,1.0,0.9999306803593584,1.0,1.0,1.0
27,-143.34114542355402,-143.3409908107982,-143.94574212477954,-143.94561212405387,-143.94574188673633,-143.94572505489657,-143.1937710237291,-143.33283409792244,-143.93189153885237,-143.94561129405253,-143.94560367067436,1.0,0.7391175158269461,0.7391655602950917,0.7391084202916156,1.0,0.7391176037979057,0.7390604675016292,0.7391238241786158,0.7390666874014827,1.0,0.99994353617279,1.0,1.0,0.9328307141482552,0.6913837480962755,0.7411674354307265,1.0,1.0,1.0
28,-131.76639838760053,-133.44052573986505,-131.76638105189954,-133.4405277802554,-131.7664010089893,-131.76627642522175,-133.213137810569,-133.44052609270176,-133.1226477886309,-133.44052872064384,-133.4405281525852,0.43298002826952164,1.0,0.43297958654561297,0.9999989798053494,1.0,0.9999986893064722,1.0,1.0,1.0,1.0,1.0,0.4851148017167032,0.485110596832353,0.8925309026887945,1.0,1.0,0.9999998235816618,0.9999900215049045,0.507568607596562
29,-144.21120201255022,-144.20460901953606,-144.2112031626985,-144.21108843240444,-144.21040972572195,-144.21120518574415,-143.80408257862905,-144.2111775616946,-143.857432074271,-144.205588099967,-144.20449384464948,1.0,0.9999994249260259,1.0,0.9967655357521271,1.0,1.0,0.9971038488677202,0.9999984134042929,0.9967073495978968,0.9999989884776852,0.9999416250340292,1.0,1.0,0.8158314583161866,0.9736778808801484,1.0,0.9967211162395756,1.0,1.0
30,-137.81030234024936,-137.81310920726634,-137.8102929166736,-137.79595874354908,-137.81028861666647,-137.81029804111927,-137.44655161325352,-137.8143383132205,-137.8922023951759,-137.81309458672345,-137.8143289051002,0.9985975508437758,1.0,1.0,1.0,1.0,1.0,1.0,1.0,1.0,0.9999974377804504,0.9928559918320888,1.0,1.0,0.8320245345253644,0.8002545687771137,0.961816071005197,0.9993856358219199,1.0,0.9598705097888881
31,-133.61402754699657,-133.63636769540153,-133.6140280248224,-134.0085836820363,-133.61298310022448,-133.61359165540648,-133.31392104890602,-134.0085609080087,-133.99197277367793,-134.01653703909983,-134.01652336840147,0.9888920794408383,0.9999997610871106,0.8209623186148419,0.8301839358234611,1.0,1.0,1.0,1.0,1.0,1.0,1.0,1.0,1.0,0.7065792365148439,0.7124640228313837,1.0,0.8301933891932171,1.0,0.8273769888599238
32,-148.99338249835597,-149.08953144225256,-149.5189839868891,-149.6141799417788,-149.5180260287047,-149.37517576007053,-148.01737980837206,-149.08944300541145,-149.33208017357643,-149.52954774794827,-149.61406924411668,0.9530628079904016,0.7688950888033618,0.7331545732922615,0.7692615503884453,1.0,0.7692634616894122,0.8071487579202224,0.8262179891824425,0.8669082270921682,1.0,1.0,1.0,1.0,0.5850654260982279,0.5182227122978722,0.8857517282364017,1.0,1.0,1.0
33,-118.52135384679056,-118.52120766163799,-118.52140182632849,-118.50399865472338,-118.52138936299585,-118.52140195017412,-116.7441778934789,-118.52100390499146,-118.48330858427107,-118.52096807518635,-118.5210047898035,1.0,0.9999760105187897,1.0,1.0,1.0,0.9999822420550307,0.9999091534478678,0.9999759485974583,0.9999028604502836,0.999999938077183,0.9913361020367973,1.0,1.0,0.41130797847045664,0.4191336880482043,1.0,1.0,1.0,1.0
34,-118.2352351097218,-118.24725645572366,-118.23518600273835,-118.2456546976303,-118.23523562339182,-118.23523544325548,-117.65886382706651,-118.26799425460456,-118.59180264451288,-118.24713791647937,-118.26796127784405,0.9940073549558965,1.0,0.9948037534856051,1.0,1.0,0.9999997431650246,1.0,0.9999998332331753,1.0,0.9999752800469776,1.0,1.0,1.0,0.7374439351679998,0.6272127957774355,0.8505226850018747,0.9896846722775521,0.9999751899810383,0.8367051751059511
35,-142.68034845914562,-142.68018523231223,-142.803588368578,-142.68018896943843,-142.68035453266242,-142.68035073127066,-141.49174873462096,-142.67105160449347,-142.84024357078425,-142.80341737326074,-142.80337280232104,1.0,0.9402401527338633,1.0,0.9999981314386424,1.0,0.9999969632462107,0.9999153534076279,0.9999988639381231,0.9999172539444247,1.0,0.9999191223546574,1.0,1.0,0.5545205375384759,0.5095397467473795,0.9188834538198225,1.0,1.0,0.9231675631691814
36,-131.11220062063666,-131.09678143519687,-131.11215858767576,-131.09672434805236,-131.11216517388277,-131.7666176250633,-130.92966454260372,-131.09514450560107,-131.04448289341428,-131.09674030590043,-131.74951222959868,1.0,1.0,1.0,1.0,1.0,1.0,0.9923376373816203,0.720933411143004,0.7153966785657633,0.7209182598192803,0.7153762588804037,1.0,1.0,0.9205904866611094,0.9442076437686792,1.0,1.0,0.9999967069019186,1.0
37,-137.1678197103136,-138.29981323184256,-137.16781553339578,-137.20164114159735,-137.16781053754352,-137.63903886771723,-139.24676540815335,-138.29993244033517,-138.27641390580712,-138.2998522044043,-137.24509138756818,0.5677939099113769,1.0,0.9832314679065196,1.0,1.0,1.0,1.0,0.790089081329294,1.0,0.7900874312624327,0.8035636644253654,0.3536410550952355,0.353640316531193,1.0,1.0,1.0,0.9999403975299948,1.0,0.5744732849702585
38,-151.34505637746747,-152.1224477971185,-152.12926174984395,-152.9559027890753,-152.12717174673412,-152.12923635552403,-152.95588465948128,-152.12244769006927,-152.87194274258195,-152.95590252413433,-152.95590273671917,0.6779405292729914,0.6756347320431297,0.4468987563857555,0.6592005302662756,1.0,0.6763411404233118,0.9976408124597673,0.6756433107398594,0.9966114748507581,1.0,1.0,0.4469028074506286,0.6614562370101775,1.0,1.0,0.687462823194945,1.0,1.0,0.6890885491103074
39,-136.07943364720927,-136.079216761188,-136.07937951131015,-136.06923476545367,-136.1054736660786,-136.07941894625134,-135.46403600699978,-136.06828547069867,-136.69876298973122,-136.0692168009508,-136.06830126898035,1.0,1.0,1.0,1.0,1.0,0.9870643842223769,0.9869573497925372,1.0,0.9998989125780129,0.9999802827237949,0.9949208523156725,1.0,1.0,0.7392458516364167,0.5393646040670853,0.7296146510300082,1.0,0.9870376667750071,0.7433080911801304
40,-151.81122405779232,-151.79308658569695,-154.2088696397957,-154.04243649695707,-154.17189091941202,-153.76743413477078,-153.37088976134618,-151.81006984670495,-153.73555831063928,-154.17153308514787,-154.04330297537894,1.0,0.3015489892312591,0.32771655047877585,0.3247580109673017,1.0,0.30717629948159725,0.3044031919968608,0.3760229732125229,0.3726283359204913,1.0,1.0,0.45848263945940904,1.0,1.0,0.8333227351902301,0.3818435795061074,0.9915443215544749,1.0,1.0
41,-141.59067558202804,-141.57120050210807,-143.4893198482686,-143.4891707929434,-143.48913418254466,-142.28565879860122,-141.33255485070555,-141.59048434083184,-143.39973463198538,-143.48898528822903,-142.2808965354849,1.0,0.3870032712598404,0.38703211478386906,0.38328166381810497,1.0,0.38703919954873894,0.38328867992959376,0.7064579422972777,0.6996121644644996,1.0,1.0,1.0,1.0,0.8790049542634865,0.3557276423032637,0.4046935578438531,0.9904044149059394,1.0,1.0
42,-132.204942144913,-132.21581133292892,-132.9033981694568,-132.88792291022992,-132.77494931013402,-132.66078883113266,-130.9006869227785,-132.14195352369893,-132.46607292319027,-132.75980743978747,-132.91904436260288,0.9945801466827379,0.7052323103148916,0.7107103027307053,0.7145832390694358,1.0,0.7520115601500343,0.7561095630736728,0.7961852905845805,0.8005240133136866,1.0,1.0,1.0,1.0,0.5376038649885535,0.45717318456879275,0.8503904349320972,1.0,1.0,1.0
43,-127.4922340875865,-127.48404904423705,-127.49222994730135,-127.55513725375584,-127.492224542011,-127.4920394276925,-121.11162164509196,-127.47368482956853,-129.82083056865412,-127.49201799451674,-127.48053863483455,1.0,1.0,0.969037873142601,0.965080168662699,1.0,1.0,0.9959205945859618,1.0,0.9960127784331059,1.0,1.0,1.0,1.0,0.04154277780188354,0.012847520264593704,0.30926001929536906,1.0,1.0,0.3121401437549149
44,-156.25290939267109,-156.2531161859912,-156.5491310084373,-156.54880933624682,-156.54911458506524,-156.54912061650424,-155.4434801234031,-156.25317926403864,-156.21129136641642,-156.54880753383014,-156.54876455952297,0.9998966086851988,0.8623355560703029,0.8624742619080878,0.8625634434766083,1.0,0.8623426373282224,0.8624318052864972,0.8623400367486367,0.8624292044380064,1.0,0.9998443719825861,1.0,1.0,0.6670771515151074,0.6811957143710299,1.0,0.9999684614736265,1.0,1.0
45,-137.43906658778542,-137.4224840037361,-138.20998003072756,-138.20986557576438,-138.2099782388837,-138.2099397880495,-137.80459442679606,-137.44125335905827,-138.19779779296942,-138.2098636945817,-138.1901997774566,1.0,0.6801399307473557,0.6801788545564669,0.674562608187978,1.0,0.680140540099907,0.6745246100944249,0.6801536162111772,0.6745375782360605,1.0,0.9999628945458676,0.8329647792638282,1.0,1.0,0.8215177925831734,0.6850439946913047,0.9906592209940743,1.0,1.0
46,-128.29895566623216,-128.28352371822558,-130.89348536930117,-130.8702511311201,-130.8934473645851,-130.89337361917444,-130.85422485407378,-128.2992673370168,-130.86572220194145,-130.89330638297864,-130.8928969072308,1.0,0.2732782282898074,0.27647144609617,0.27434640851585734,1.0,0.27328342126988253,0.27118288774833793,0.2732934981547285,0.27119288717940226,1.0,0.9885053303467142,0.2786957500172188,1.0,1.0,0.9942678180746349,0.27714140035017676,0.9921590921590927,1.0,1.0
47,-142.3811327556523,-142.3912745217297,-142.175892874358,-143.79681517257256,-141.9541160493509,-143.27522004534381,-143.13966027160274,-142.62893275800445,-142.18307632940116,-141.96760564148872,-142.47079072622773,0.9949419521842143,1.0,0.4927067012445162,0.4952115047142883,1.0,1.0,1.0,0.6395159960886814,0.642767143032556,0.5771439373182907,1.0,0.6843650821107665,0.6176188875153514,1.0,1.0,1.0,0.8879595239756053,1.0,0.8918296499566798
48,-146.31189859644667,-146.31169799091006,-146.31259045346417,-146.3266577055778,-146.42232863402748,-146.50146044523547,-142.15827763792413,-146.2683555922047,-146.38581394205838,-146.42212770497008,-146.26827843451173,1.0,0.9996541313176177,0.9926476074915374,0.9925480471817277,1.0,0.9462816577397274,0.9461867478298049,0.9095721777184379,0.9094809496863302,0.9098868790944272,0.9163092429316033,1.0,1.0,0.1280878429824094,0.1207819829865768,0.9429621123619366,1.0,0.9466090601680989,1.0
49,-159.15424426502085,-159.13337816067192,-159.86693930357936,-159.8665954512969,-159.82483728139113,-159.81652418068336,-157.75572756539376,-159.11472413638026,-159.77277298545707,-159.80327249931605,-159.86648095218405,1.0,0.7002292347881482,0.7003496328479555,0.6930808324082994,1.0,0.7151260141969342,0.7077038524043074,0.7181046576365586,0.7106515810497663,1.0,1.0,1.0,1.0,0.5068712332328567,0.36475743424524243,0.719625440013229,1.0,1.0,1.0
50,-139.98075167718665,-141.245488599414,-139.98073491808023,-140.02002254663813,-139.9806789999949,-139.98053823038217,-139.45149140804284,-141.24549479805083,-141.066039126261,-141.24548649281093,-141.2454933807914,0.5313318706737284,1.0,0.9805560848508764,1.0,1.0,1.0,1.0,1.0,1.0,1.0,1.0,1.0,1.0,0.40779050890709945,0.44607246654902055,1.0,0.9999969006863832,1.0,0.5811885412626607
51,-130.35323955348164,-130.34467773881565,-133.57705049076398,-133.56823994352507,-130.49482968270684,-130.35324583543897,-129.22685016938578,-133.55174673538323,-133.51506629231972,-133.56845729501384,-133.55876407139135,1.0,0.19950709714144063,0.20038791919999305,0.19953191064118336,1.0,0.9316528011926503,0.9276730065281618,0.9999968590262699,0.9957251151330908,1.0,1.0,1.0,1.0,0.1150431178575581,0.1171725011181936,1.0,0.2011841747279159,1.0,0.22088384479306514
52,-146.42120022697128,-146.41748521550153,-146.4212267095072,-146.4209839274093,-146.4210641365968,-146.4212033275932,-145.77512172735305,-146.4064980558126,-146.39789527373983,-146.4210163177511,-146.42098917844567,1.0,0.9999867588197004,1.0,0.9982521732773829,1.0,1.0,0.9982121395822856,0.9999984496902465,0.9981426709285136,1.0,0.9998903059248949,1.0,1.0,0.7292868324339304,0.7324305365812736,1.0,1.0,1.0,1.0
53,-145.57391306478746,-145.58026065814886,-145.57393151490635,-145.5802628392886,-145.93181210380942,-146.1103009473486,-143.9062681272075,-145.58700799004026,-146.03402093817857,-145.93038023297507,-145.5870100620701,0.9968312344879438,0.9999907749831073,0.9968301473744293,0.9999989094307273,1.0,0.8361481074970439,0.838806087297776,0.7647594482926701,0.76719049507464,0.7647665032765818,0.7671913317499326,1.0,1.0,0.4315508496796723,0.3451154067787062,0.799709714474842,0.9966320184710168,0.836155821048618,0.9501794502893273
54,-140.34663517924818,-140.6735983273891,-141.5270995292175,-141.88564333763387,-141.5270990755854,-141.52709316581218,-139.79255463604773,-140.6735983195735,-141.56371839894558,-141.885288034553,-141.88496360201054,0.8491821458278157,0.5541985987450871,0.46324274307132896,0.5455163481089698,1.0,0.5541987244462414,0.6526264443607527,0.5542003620430517,0.6526283728007443,1.0,1.0,1.0,1.0,0.6437004236581689,0.4124740924139836,0.6407858022989653,1.0,1.0,0.9818569418079247
55,-146.722332061662,-147.31030305783304,-146.7223134289307,-147.31081868585466,-146.7223082893503,-146.72232574445988,-148.26610795097713,-147.31064179497446,-147.2376427174814,-147.3108130066395,-147.31110612046925,0.7452872994576006,1.0,0.7450951787164966,0.9997422192203678,1.0,1.0,1.0,1.0,1.0,0.9999938422543709,1.0,0.462139749910332,0.46213544446749655,1.0,1.0,1.0,0.9998306457713371,1.0,0.7728523837190437
56,-146.05657187984906,-146.080080130065,-146.05657690978805,-146.30297241698796,-146.05627862318735,-146.05639080865438,-143.75898566517995,-146.09325449099947,-146.42678282310408,-146.30274484483562,-146.09307040382092,0.9883146847567685,0.9999974850336677,0.8840865900737235,0.8945395669106179,1.0,1.0,1.0,1.0,1.0,1.0,1.0,1.0,1.0,0.3112576002866318,0.2634481830877162,0.8463991974657367,0.9934344674470316,1.0,0.8308947889047156
57,-127.51965664023714,-127.5227614167423,-127.51966796367009,-127.52275909175319,-127.51963908397087,-127.51956572860345,-126.47649217740945,-127.52483644390483,-127.57372423669963,-127.52275709775756,-127.52507215784709,0.9984488160787892,0.9999943382995559,0.9984499767707766,1.0,1.0,1.0,1.0,1.0,1.0,1.0,1.0,1.0,1.0,0.5920452961562638,0.5777488446066281,0.9758524362199099,0.9989630244498614,1.0,0.9733198002236605
58,-134.40043396287373,-134.4001892846371,-134.81426195648123,-134.81402441811875,-134.81425341521788,-134.40043771465062,-133.87868508471232,-134.40002037122082,-134.78720251236467,-134.8140158773279,-134.81398347946438,1.0,0.8130895752829411,0.8131861510010697,0.8130866726094995,1.0,0.8130930476964529,0.812993580694362,0.9999981241133158,0.9998757927076006,1.0,1.0,1.0,1.0,0.7705369702225511,0.6349184498141844,0.8239947911010729,1.0,1.0,1.0
59,-137.2272390317301,-137.2291876824783,-137.89712359962365,-137.89458066280886,-137.90368498054403,-137.9042587898283,-134.94960338101185,-137.20677198182256,-137.84066488834657,-137.8982508669071,-137.90238459328626,0.9990261491267466,0.7153793740350964,0.7162895348062013,0.7169877739759998,1.0,0.7130362813297726,0.7137313492274862,0.7128317372543715,0.7135266057624828,0.9964387612039263,0.9951726258952462,1.0,1.0,0.32349089833773137,0.23562098666006373,0.7283697559059928,1.0,0.9967246851246108,1.0
60,-144.53231905058527,-144.53206351679262,-147.56172572510678,-147.56375984038698,-147.56431726295264,-147.5011049705062,-147.55794136472298,-144.53196535524788,-147.16032723040308,-147.56413830462162,-147.56413834629438,1.0,0.21987340341946884,0.21964989317533407,0.2196218309829523,1.0,0.21958868280224048,0.21956062843001856,0.22663987840754038,0.22661092318349135,1.0,1.0,0.22028983737794083,1.0,1.0,1.0,0.2686943105481508,1.0,0.9987050702231356,1.0
61,-145.445519981385,-145.4497494978702,-145.798067249578,-145.80231239596287,-145.79769587930843,-145.79805365944995,-145.5439604243416,-145.45041087149752,-145.74101020338813,-145.8023115507502,-145.80255139031908,0.997887476283176,0.8383885402560488,0.836610886483184,0.8383819883172624,1.0,0.8385442309994261,0.840319425715959,0.8383942371792126,0.8401691143594399,1.0,1.0,0.951971462050013,1.0,1.0,0.9061731381161865,0.8647631142230516,0.9996693678571889,1.0,1.0
62,-127.44486304587909,-128.72487684885044,-127.44486117011218,-127.49001627139623,-127.44405787883625,-127.44485822588814,-129.31488542887848,-128.72487451720033,-128.66046670803675,-127.48907780627562,-128.72487278978895,0.5272887849544942,1.0,0.9776763318432491,1.0,1.0,1.0,1.0,1.0,1.0,1.0,1.0,0.39258147193150866,0.3925811037360135,1.0,1.0,1.0,1.0,1.0,0.5443273784025308
63,-128.09560725168492,-128.08406898775905,-130.16306307850772,-130.16288029249134,-128.1203952279849,-129.99903587637502,-130.034379248418,-128.09776454637918,-130.14495036996504,-128.12020620784008,-128.1202059808177,1.0,0.35567854717638153,0.3557110551942369,0.3536648193538243,1.0,0.9876825009931984,0.9820008352058444,0.3860785965092342,0.38385767070482824,1.0,1.0,0.37931586717941557,1.0,1.0,0.9462149075093742,0.35930167903787813,0.9931756133043989,1.0,0.3633903889347943
64,-151.44870901351956,-151.44226165038873,-153.42312000240068,-153.3846753414279,-153.4046434471071,-153.39035429616456,-152.25213021247959,-151.4276357376485,-152.36716780787302,-153.39878324445255,-153.41702069678183,1.0,0.37261651637303866,0.3798483579419061,0.3786258193889841,1.0,0.3760748009076317,0.3748644075143756,0.37877131696651994,0.37755224486037325,1.0,0.9971645501346336,0.6691743770831731,1.0,1.0,0.9441041432362673,0.6251485139757496,1.0,1.0,1.0
65,-129.61979167878454,-129.61928994435718,-129.93378640447293,-129.93075605678973,-129.9337790788428,-129.9337386592357,-128.97153837786462,-129.61945736278585,-129.0651841088204,-129.93357490382493,-129.91600855153507,1.0,0.854706312808428,0.8560023230483066,0.8557876070643464,1.0,0.8547094434453167,0.8544950517617803,0.8547267171298109,0.8545123211134168,1.0,0.9985098102141203,1.0,1.0,0.723279540060904,0.9542564143745037,1.0,0.9999162942891814,1.0,1.0
66,-147.78813592826495,-147.77416980880483,-148.7184381725865,-148.71846960978382,-148.71852049138712,-148.71813189680014,-148.6661338097296,-147.7768464586669,-148.7127175808845,-148.71845999036378,-148.71846925001307,1.0,0.6280401872275696,0.6280303153935094,0.6236600189684091,1.0,0.6280143380020651,0.6236441527593947,0.6281363713432015,0.6237653369028712,1.0,1.0,0.6446814625196777,1.0,1.0,0.9769772765748395,0.626293880040484,0.998662570226388,0.9999588414467253,1.0
67,-130.68805037217606,-130.76174645705944,-131.53025454530595,-131.6089684033672,-131.35336457771402,-131.0042374560706,-130.45238235155387,-130.73282462032898,-131.12194721579147,-131.43200158684303,-131.60911819767364,0.9638225843483169,0.656323096218679,0.6309939429624956,0.6546785198949643,1.0,0.7170160148137581,0.7439294601076029,0.8537699149327205,0.8858164653923233,1.0,1.0,1.0,1.0,0.8691660116522749,0.7154937378761215,0.8231957166801493,1.0,1.0,1.0
68,-148.61821989470167,-149.08613233916563,-149.24685056524496,-148.64468943991514,-149.2468506080326,-149.24685059200306,-147.0082869364714,-149.086107075673,-149.62284092059951,-149.7495710924825,-149.7489171143879,0.7913964607079098,0.7302887060594887,0.9868524219058508,1.0,1.0,0.7302886904358263,0.9227848830440535,0.730288696288919,0.9227848904399581,0.9999999866209494,0.740018142609971,1.0,1.0,0.3538401329806206,0.27055577977521167,0.7646271707399275,1.0,0.9999999786061837,0.8286187208171608
69,-135.02277125645298,-135.02264885929404,-135.02276895720854,-135.02264649246527,-135.02257319406817,-135.0227693843213,-133.46045749497569,-135.02254922279226,-135.00066823604686,-135.0226446857479,-135.02141590170447,1.0,1.0,1.0,1.0,1.0,1.0,1.0,1.0,0.9999397393021207,0.9999997864436466,0.9999385559597509,1.0,1.0,0.4579268316247017,0.4629642829465507,1.0,1.0,1.0,1.0
70,-155.98903144728223,-156.25278241610943,-155.98907154025397,-156.25279089322834,-155.98907098668496,-155.98907256220818,-155.26132532700632,-156.25266003004973,-155.9642661156612,-156.25219404854377,-156.02076744068802,0.8764501199859985,0.9999799537150573,0.8764464051079282,0.9999957614495273,1.0,0.9999802304940517,1.0,0.9999794427483286,1.0,0.9999994890230282,1.0,1.0,1.0,0.6091642449322052,0.703652681764522,1.0,1.0,1.0,1.0
71,-136.38040793691266,-136.3797657470665,-136.97760175790972,-136.97737136083234,-136.977602672496,-136.9779236955123,-136.1579912196276,-136.3795800374821,-136.95225299384845,-136.9773759572517,-136.9773417530071,1.0,0.7418583845004758,0.7419438504249685,0.7417056542652215,1.0,0.7418580452538031,0.7416198766412381,0.7417389780562158,0.7415008476693861,0.9998390441535003,0.9997238707907136,1.0,1.0,0.8951227592612634,0.6722460315335765,0.7510098749900795,1.0,0.9999995427069643,1.0
72,-145.61137062921958,-145.611211100954,-145.61136942685098,-145.61117999852144,-145.61136891892076,-145.61135828601937,-141.27275318785843,-145.6110999723585,-145.59067044135784,-145.61108791251453,-145.61109935486704,1.0,1.0,1.0,1.0,1.0,1.0,0.9999210941298489,1.0,0.9999264101751776,1.0,0.9999108602242203,1.0,1.0,0.1142720360322606,0.11544528008854975,1.0,1.0,1.0,1.0
73,-122.64733809199197,-123.01432623241124,-122.85229637330644,-123.21774659046685,-122.85226751243931,-122.64734098994552,-119.39835457586403,-123.01432964049232,-123.06051135086818,-123.21795017935673,-123.21688897967934,0.832356811424663,0.9025969771362838,0.7518606716664993,0.9032913065006503,1.0,0.9026100020959772,1.0,0.9999985510242747,1.0,1.0,1.0,1.0,1.0,0.1639838170888697,0.16024067302904277,0.9771736984400211,0.9999982959609094,1.0,0.901115427438681
74,-144.45085815632117,-144.4509274682366,-144.82536101504536,-144.8177583570426,-144.82365184341512,-144.82358081771443,-143.9743747920713,-144.45090542886066,-144.82066668334755,-144.82363507642322,-144.82365629328766,0.9999653446427912,0.8292352160910339,0.832393410832536,0.8324222587232606,1.0,0.8299441716326306,0.8299729346411542,0.8299736458391465,0.8300024098691448,1.0,0.9970930031858742,1.0,1.0,0.7879935941609437,0.6549830342189645,0.8312035009832677,1.0,1.0,1.0
75,-131.8899890442833,-133.55250183053238,-133.75391382680877,-135.59082668761545,-132.31635076854826,-132.31651264319132,-132.8514495087597,-133.55273764417964,-133.86076674536793,-133.9348341516272,-135.59086683240602,0.43550178100921944,0.39378020083010423,0.15717132577034978,0.36089709072170845,1.0,0.8080099855911842,1.0,0.8079445900736877,1.0,1.0,1.0,0.6183317011645861,1.0,0.7042343690036443,0.6037116363545747,0.8572595472849615,0.9998821001271038,1.0,0.4619918686362
76,-127.61492280336628,-128.84250690925717,-128.00381140625797,-129.27295709603172,-128.0038042141805,-127.61453406339072,-129.16879108603166,-128.84257513914864,-129.16524790573345,-129.27288935119716,-129.27295805354288,0.5412943554795657,0.8232920331553825,0.43647806964282576,0.8063599134635776,1.0,0.8232949937507495,1.0,1.0,1.0,1.0,1.0,0.459813575942721,0.5585060433299964,1.0,1.0,0.8510057588355034,0.9999658856361741,1.0,0.5594943521298386
77,-160.147320526196,-160.14226680871104,-162.26768770705667,-162.26422424386473,-162.26776404347163,-162.2679195795892,-158.85931302470863,-160.13941771975948,-162.2650355823222,-160.14728610778297,-162.26211806911238,1.0,0.34639221019711613,0.3469925882288758,0.34611689381771504,1.0,0.3463789892796784,0.34550484338911625,0.34635205310547795,0.3454779751929017,0.9998840704540801,0.9981540380252286,1.0,1.0,0.5272648223119216,0.1821615626516642,0.345484005272592,1.0,0.9999618325209151,1.0
78,-148.51115466973374,-149.64059412489382,-147.80396260389898,-149.94401481776,-148.78252009152962,-148.78206747402763,-149.66931262709696,-149.64059475159996,-150.3481838645549,-148.82954723001546,-149.640597408722,0.5685194647564582,1.0,0.48849303085770557,0.8592371257982621,1.0,0.8731196198840396,1.0,0.8733172368550671,1.0,0.6132071725933872,1.0,0.5604142824454337,0.3934996850134855,1.0,0.7121721459821355,0.702019177834112,0.9999996866469794,0.6130684141457737,0.4571096938827349
79,-141.1185259744695,-141.89435139987063,-141.16202251075788,-142.2041329764454,-141.21536135893663,-141.21498638147943,-142.20345596757593,-141.8944467913289,-142.01987005742956,-142.20348633620745,-143.11972810940398,0.67847156262996,0.978486520278622,0.5811168050234039,0.8565087131593552,1.0,0.9527357536306154,1.0,0.9529143975920961,1.0,0.9738656362080037,1.0,0.5813135489364694,0.5940945908697255,1.0,1.0,0.9392142729974651,0.9999523054082863,0.9736830644936486,0.6688106125793145
80,-163.15273022598407,-163.16175623501354,-163.15429444477215,-163.13481732612726,-163.15440349861154,-163.154475573821,-162.9395184220453,-163.1339778290681,-162.40805772231013,-163.23385203244317,-163.16204215306936,0.9954971637878576,0.9992181963737944,1.0,1.0,1.0,0.9991637135688436,1.0,0.9991277067506773,1.0,0.9999094395764154,0.9902190241110531,1.0,1.0,0.9073475612730442,1.0,1.0,1.0,0.9999454745668678,1.0
81,-124.15665930994464,-124.15595854030249,-126.08926286759873,-125.79649186128407,-125.81639558495957,-126.09016241277203,-125.81223700563001,-124.1559522150774,-124.98466023994462,-126.07303987461395,-125.79648932454103,1.0,0.38048756654884636,0.44046853089501425,0.4403142244425252,1.0,0.43610678865841734,0.43595401022648816,0.38031647215152103,0.3801832383753836,0.9995503285458784,0.8634361945874616,0.43701452439253374,1.0,1.0,1.0,0.6607669901255591,1.0,1.0,1.0
82,-136.17662618519057,-136.66222899337947,-138.7090486748802,-138.72958330538466,-138.7090519904112,-138.70589211728736,-139.71753040229146,-136.66096904218966,-139.10918851095872,-138.72955773467532,-138.72961002243025,0.7844272823500196,0.2818976422031256,0.2790181180290386,0.3556966009559798,1.0,0.2818971748833246,0.3593668670457324,0.2823429065577911,0.35993509266013357,1.0,1.0,0.17025599723032944,0.6039638923536969,1.0,1.0,0.2940193391501562,1.0,0.9999983422358653,0.8186748682000273
83,-133.43377741240724,-133.433712624876,-137.35468520137172,-137.35457967462008,-137.35468441421858,-136.76009655552576,-137.29310201030611,-133.4337141067644,-136.74140464828218,-137.35457975016988,-137.2557464152228,1.0,0.14079450056865667,0.14080192955779097,0.14079736852696065,1.0,0.14079455598208418,0.14078999519010788,0.18953917045741697,0.18953303066939903,1.0,1.0,0.14519722346016595,1.0,1.0,1.0,0.19131284274002028,0.9999992590560725,1.0,1.0
84,-146.69903658508875,-148.57387705285043,-146.83811962027625,-149.1724898756714,-146.83811953517863,-146.6991731081441,-149.17264657275032,-148.57422895704357,-148.33144091949754,-149.17266326280762,-149.17266099593422,0.39163686478373383,0.9328214040804934,0.2903330271788578,0.7413322219785998,1.0,0.9328214437709306,1.0,0.999931740802092,1.0,1.0,1.0,0.29031028090130157,0.3112174309373487,1.0,1.0,1.0,0.9998240633820931,1.0,0.47394656668244217
85,-144.80862445079194,-147.67535868191894,-144.8086474031788,-147.6760497620283,-144.8086594565202,-144.8086467939483,-143.22266112306963,-147.67479518130676,-147.67511083301324,-147.67520844434796,-147.67275828185396,0.23850449650440914,0.9999885238724157,0.238422097884477,0.9996545196374079,1.0,0.9999824972890491,1.0,0.999988828484222,1.0,1.0,1.0,1.0,1.0,0.10795216905064339,0.10793513275187382,0.9998421866006085,1.0,0.9999939733474708,0.2385382299407949
86,-136.88668275808277,-136.88646904649033,-137.12105631685407,-137.12106550226503,-136.8881020667573,-137.12105460881057,-135.96256350452026,-136.88811151620564,-136.8876004885435,-136.88809724842739,-136.88811061422297,1.0,0.889419052503859,0.8894149676734828,0.8893199336065044,1.0,0.9992905974078139,0.9991838231202016,0.8894198120873985,0.8893247775027939,1.0,1.0,1.0,1.0,0.6295348876395728,0.6296957630625746,1.0,0.9991791022634007,1.0,1.0
87,-138.53271353450037,-139.40749098842832,-141.21411595771684,-142.20779825579604,-141.215210954763,-141.21809192898598,-138.76898831384278,-139.40749126384264,-142.203929676771,-142.21453776845112,-142.20927864229782,0.6457203736968913,0.2616621237173666,0.1592082220842172,0.24655908125171128,1.0,0.2615189033011471,0.40500333264055766,0.26114245988756574,0.40442035054967795,0.9980139891000724,1.0,0.8885739633432423,1.0,0.7266927812593874,0.17951963650534553,0.24703649346045647,0.9999998622928482,0.9994526513268913,0.6099615473066013
88,-145.72444286468965,-147.15648201939152,-145.72441541628194,-147.256342197395,-145.72434523186314,-145.7244243284867,-146.29573776034562,-147.1564627154756,-147.13993790082975,-147.230107766868,-145.90378556060102,0.48869359677938395,1.0,0.46489222876536485,0.9512959282239913,1.0,1.0,1.0,1.0,1.0,0.9999955439075542,1.0,0.751527521907735,0.751517207861599,0.6502733425006793,0.6556684232125567,1.0,1.0,1.0,0.49272881144969594
89,-133.88814905990927,-133.88250985450622,-133.88722403644888,-133.89128061780949,-133.88813338340964,-133.88794874472336,-133.62796754236024,-133.87881504913412,-134.06967511436443,-133.89127933802206,-133.8920836795949,1.0,1.0,0.9984354462422076,0.9956242200935845,1.0,1.0,0.9971921848555848,1.0,0.99728424923267,0.9996377115050938,1.0,1.0,1.0,0.8821230207556015,0.8018339110613883,0.9089819585193006,1.0,0.9995454298679463,0.9132269387463281
90,-129.91809185037079,-129.90852570266034,-130.01472384182983,-129.9178885894719,-130.01569895808643,-130.0174517237179,-128.05821646030185,-129.91775974962934,-129.8863265955304,-129.91788978160966,-129.91775643638513,1.0,0.9528326484528884,1.0,0.9953294974707186,1.0,0.9523682003821432,0.9478238296365633,0.9515339268819544,0.9469935370001691,0.9986369888006642,0.9514372269752093,1.0,1.0,0.39464381910481705,0.40089526608825915,1.0,0.9953936185839027,0.9995125607088513,1.0
91,-143.70661195884236,-143.69875888703749,-143.8065202864586,-143.8074779632363,-143.8065304857802,-143.81272399978062,-143.33599232917027,-143.6983071243947,-143.7256626008405,-143.7987006244918,-143.7982095726579,1.0,0.9512730262343946,0.9508176292306469,0.9470915297917318,1.0,0.9512681750770053,0.9475403100222941,0.9483268852772063,0.9446105466582024,0.9969029491261299,0.997380418834413,1.0,1.0,0.8343040308983989,0.8229703251877698,0.9864153770197842,1.0,0.9999949003522065,1.0
92,-126.69282494848329,-127.30370228991535,-126.69323926330222,-127.30370639664065,-126.83439591090823,-126.95913838197995,-126.81168786704404,-127.30309657837759,-127.27992673654782,-127.46612116631144,-127.30310098141226,0.7368000908658738,0.9997928640461516,0.7367985779496401,0.9999979466394585,1.0,0.9316617296370073,1.0,0.8753279028164689,1.0,0.8755092522605389,1.0,0.94230011730604,0.9424953419776982,0.7821534299758472,0.7912673054374766,1.0,1.0,0.9318547502595504,0.8003025679982286
93,-138.09322752411043,-138.0941664635296,-138.85103146251402,-138.85347822008964,-138.76003579427598,-138.75601328863706,-138.2095346935041,-138.09446600686366,-138.743411082454,-138.7618569294949,-138.85210148964438,0.999530640474075,0.68461272250846,0.6837756939317741,0.684096781272719,1.0,0.7164805806993754,0.7168170255986853,0.7179230543907824,0.718260176646784,1.0,1.0,0.943505028374659,1.0,1.0,0.7657203957540116,0.722908560040217,0.9998502395481904,1.0,1.0
94,-135.0239455302921,-135.024008150543,-135.52228601059315,-135.5228750586602,-135.52229186056692,-135.52229381602768,-135.27542705394868,-135.02391251982036,-135.4101669749262,-135.5313296437679,-135.53157270558066,0.9999686903647064,0.7794472688688284,0.7792177367183111,0.7792421345053478,1.0,0.779444988999122,0.7794693939015676,0.7794442269124491,0.7794686317910333,0.999996097290348,1.0,0.8818434246312266,1.0,1.0,0.9348492800555511,0.8243770839877111,1.0,0.9999970750173904,1.0
95,-155.81485607613763,-155.8145434355895,-155.81486152780886,-155.81437743771008,-155.8135428044704,-155.81478188104245,-154.6483970995132,-155.81445501416277,-155.82930867571906,-155.8145504309245,-155.81150408045897,1.0,0.999997274168101,1.0,1.0,1.0,1.0,1.0,1.0,0.9998807843802787,1.0,0.9997977987792372,1.0,1.0,0.5582050241324834,0.5540746865229988,0.9926006799815109,1.0,1.0,0.99214805323151
96,-125.74009088629364,-125.74027231776134,-125.73617686696093,-125.74001406437483,-125.7400361573155,-125.7399034312329,-124.79578478761934,-125.74007542141027,-125.7219530315623,-125.74026389151294,-125.7401804871484,0.9999092883807004,1.0,1.0,1.0,1.0,1.0,1.0,1.0,1.0,0.9981384526965119,1.0,1.0,1.0,0.6236628775793026,0.6293396889859713,1.0,1.0,0.9980722153910325,1.0
97,-160.16531284332027,-160.15652841262022,-160.16530812096414,-160.15316271200192,-160.16530279394138,-160.16530745014978,-157.21203489284645,-160.1423748838417,-159.01151426900265,-160.15652286460056,-160.14299766388746,1.0,1.0,1.0,1.0,1.0,1.0,0.9956224190020889,1.0,0.9956201010920499,1.0,0.993946030497317,1.0,1.0,0.23103871259788805,0.406675508446355,1.0,1.0,1.0,1.0
98,-142.77882139258412,-143.6185242792321,-142.7788112323497,-143.6517953622699,-142.778810770326,-142.8094018913419,-142.17041007030213,-143.6200922853928,-143.61265826478655,-143.65193157315986,-143.65267204351056,0.6571444357571605,1.0,0.646302909565389,0.9835020649923335,1.0,1.0,1.0,0.9848260529656694,1.0,0.9848210499466017,1.0,1.0,1.0,0.48440153058913005,0.48620540650497246,1.0,0.9992163041697739,1.0,0.6590711740305579
99,-138.39799293303471,-138.39878349266763,-140.49470470411936,-140.49592571839668,-140.42194171223179,-140.40421980435752,-138.28310106161283,-138.39913247380855,-140.4033189362708,-140.4194910173055,-140.49605464028969,0.9996047982963151,0.35051356004358925,0.3502996343212204,0.35043812806646835,1.0,0.36350057884150594,0.3636442916851152,0.3667358533675058,0.36688084530261866,1.0,1.0,1.0,1.0,0.9436351264947663,0.3464180704151468,0.3671101898272416,0.9998255246521358,1.0,1.0
100,-147.76948976928276,-147.77371827763722,-147.77412750087166,-147.77388322854404,-147.77407024785185,-147.7727424011183,-145.70094879235825,-147.77365193275364,-147.728762188882,-147.77388272882058,-147.7722514859678,0.9978879792838217,0.9976838206978965,0.9978056814141008,0.9999175279475959,1.0,0.9977123813124623,0.9998240303771517,0.9983750058173401,1.0,1.0,1.0,1.0,1.0,0.35474659184240837,0.362798861709268,1.0,1.0,1.0,1.0
101,-143.65132834176472,-143.65893139104884,-143.651433528859,-143.65820309858455,-143.65095048982886,-143.65143268796447,-141.88535219402536,-143.6865273942718,-143.30894302539588,-143.8270505279062,-143.6865253936321,0.9962056920050948,0.9999474078358777,0.9965685226119686,1.0,1.0,1.0,1.0,0.9999478282611184,1.0,1.0,1.0,1.0,1.0,0.40633082953364064,0.4907622836950867,1.0,0.9862967544971255,1.0,1.0
102,-143.6167663123228,-143.61608904530186,-143.97711788473177,-143.97699568884644,-143.98728653791636,-144.01447496358287,-142.82893659572082,-143.61652401922626,-143.95835863684954,-143.9597696301709,-143.97694179321738,1.0,0.8351233953355858,0.8351744212156823,0.8348916510500033,1.0,0.830888131105701,0.8306068121757565,0.8196692894435553,0.8193917689461715,0.9814948234256802,0.9814348579431375,1.0,1.0,0.674493181906253,0.5685244148859032,0.8428912702707227,0.9997825366863753,0.9949285767186742,1.0
103,-129.0137410085287,-129.0097913542677,-129.0138425723355,-129.0112220246303,-129.01336161794742,-129.01383733425035,-127.90556746667619,-129.0067853093642,-128.9769208104708,-129.00852745517628,-129.00462589655507,1.0,0.999949219385982,1.0,0.9992849206099034,1.0,1.0,0.9982164605602869,0.9999518382989906,0.9979790548737745,1.0,0.9986931997979795,1.0,1.0,0.576598600267044,0.5852731182493485,1.0,1.0,1.0,1.0
104,-167.37889000753864,-167.37857552263551,-167.37884928760263,-167.85752691211377,-167.37884446259903,-167.85784670538115,-167.3230949577931,-167.37853882913012,-167.34530354002354,-167.3785299684688,-167.37849803203687,1.0,1.0,0.7871641682245011,0.7870404023317871,1.0,1.0,0.9998655390589234,0.7870383133859913,0.7869145672814448,0.7870222894742358,0.9998401161490954,1.0,1.0,0.9726587909183189,0.9889571339545162,1.0,1.0,1.0,1.0
105,-139.90873466220785,-139.91688950381692,-139.90873300230078,-139.91764261627358,-139.9068812650902,-139.907700346973,-138.58335193636037,-139.93699535685238,-140.1598922497619,-139.917599679121,-139.93699371995802,0.9959308805890827,1.0,0.9955559272129538,0.9996235146600665,1.0,1.0,1.0,1.0,1.0,1.0,1.0,1.0,1.0,0.5082297294769527,0.4546305550850944,0.8945375067943783,0.9899974352457359,1.0,0.8811693098524328
106,-139.9042751690074,-139.88823659185854,-142.43459284266208,-142.41839946075538,-142.4322296908151,-142.36426241444093,-140.14342460666361,-139.88761521954433,-142.4227795597503,-142.432128119177,-142.43449048680893,1.0,0.2821944697063124,0.2844885859586015,0.28221631307493933,1.0,0.282528100963976,0.28027148690499776,0.29229444171935937,0.28995982174954193,1.0,1.0,0.887297707497256,1.0,1.0,0.319922187588522,0.2815114463884945,1.0,1.0,1.0
107,-125.55457136186885,-125.55450300884951,-125.55457054924511,-125.5545022189221,-125.5544717120919,-125.55446777541849,-123.4867334022463,-125.54571188292994,-125.53030943699252,-125.55181472428131,-125.54618755259733,1.0,1.0,1.0,1.0,1.0,1.0,1.0,1.0,1.0,1.0,1.0,1.0,1.0,0.35718935189739753,0.35995076622411765,1.0,1.0,1.0,1.0
108,-149.8562966723533,-149.8776240858384,-149.85928790730688,-149.8776228263289,-149.86010263234215,-149.8601039032581,-148.07249745869572,-149.8947738330096,-149.1722992253374,-149.85157382304314,-149.85978916955585,0.989392949012578,0.9985055004016511,0.9893935720876849,1.0,1.0,0.9980988295239954,1.0,0.9980981952743314,1.0,0.9995920852442416,1.0,1.0,1.0,0.4020663367616228,0.5770069985638354,1.0,0.9914617857849147,0.9995927204432103,1.0
109,-151.18103851297144,-153.01551879843862,-154.82525832353176,-157.00357010337513,-154.82525658271098,-154.82525869313577,-153.33934412942753,-153.01552733932212,-156.94803074580477,-157.004757114889,-157.00491861027407,0.3996204158753836,0.1616842523379966,0.054406818374825104,0.13614624331853747,1.0,0.16168439306971086,0.40459492720244306,0.1616842224584254,0.4045945002690867,0.9999998151980123,1.0,0.33988335008409143,1.0,1.0,0.1645825010780569,0.13998056278784018,0.9999957295673688,1.0,0.34597558100434794
110,-157.69430534149498,-157.7019683777526,-157.9482410917491,-157.95541603577985,-157.94816902095198,-157.69052134982516,-153.8981794562481,-157.7157239147262,-157.88624274873678,-157.7015117073688,-157.96053505140043,0.9961758127709662,0.8807619665089458,0.8776079185140564,0.8809769392743023,1.0,0.8807937056893138,0.8841749562652951,1.0,1.0,1.0,1.0,1.0,1.0,0.14826230701983117,0.13614542729088572,0.9182740375992883,0.9931458292320013,1.0,1.0
111,-126.92473219293981,-126.92463114698552,-127.27795078873669,-127.27811534919695,-127.27654730433409,-127.27508935052163,-125.29131456332831,-126.9244187917761,-127.02913142850338,-127.27671875818996,-127.27809406438348,1.0,0.8381071707965416,0.8380382139825837,0.837995874866608,1.0,0.838695512375416,0.8386531400516072,0.8393071249339279,0.8392647217104126,1.0,1.0,1.0,1.0,0.4419528334615882,0.41940911279149473,0.9489906637920612,1.0,1.0,1.0
112,-155.95295416533025,-155.95554508334519,-155.95294705175496,-155.9510562584295,-155.9529319806275,-155.95294971877468,-156.36886562922703,-155.94862410693136,-155.90390488143626,-155.95110890881332,-155.95730638236518,0.9987053797373288,1.0,1.0,1.0,1.0,1.0,1.0,1.0,1.0,0.999998666491032,0.9990537178350316,0.8122429923307963,0.8122401033600929,1.0,1.0,1.0,1.0,1.0,1.0
113,-131.70203547699774,-135.91542069304387,-134.3850302290359,-136.5052820672125,-132.72045655637146,-132.98496544846552,-135.73817607257695,-134.02614756798332,-136.48401138989772,-136.50600812333957,-134.94056725408007,0.12163961174397409,0.2614538805556942,0.09057081073988735,0.7445831949095649,1.0,0.6009698334179164,1.0,0.5265205137210971,1.0,1.0,1.0,0.13291169777119063,0.5083561869064631,1.0,0.6887219407964473,0.2926049389655091,1.0,1.0,0.15231913043440334
114,-145.05038810051786,-145.79638108249293,-145.15194313299983,-145.89819303415072,-145.05038910346454,-145.0503868200122,-143.4466275400065,-145.79638066849822,-145.61144326444793,-145.7963402118592,-145.8981887922771,0.6886676493830839,0.9504901156238367,0.6544877130662434,0.9503680238973629,1.0,0.9999994985267883,1.0,1.0,1.0,1.0,1.0,1.0,1.0,0.3088571013444086,0.3387788100722956,1.0,1.0,1.0,0.7553854875548154
115,-128.02767570566039,-130.52740304056238,-128.02768698268434,-130.794073795644,-128.1958452254259,-128.19583492567094,-130.78305552115603,-130.52740263413585,-129.92926050258222,-130.79407354704273,-130.79407343082582,0.286543859452139,0.9999943615039173,0.2507750278913916,0.8751715300089277,1.0,0.9193533285122685,1.0,0.9193580630814632,1.0,0.9193632469075295,1.0,0.25216039452096883,0.2521618163343824,1.0,1.0,1.0,1.0,0.9193585123116387,0.42033316230274653
116,-135.70310373274916,-135.7029638316253,-135.70310147114049,-135.6882302622253,-135.70309697313834,-135.70308391628168,-134.34750153623835,-135.67141320680486,-135.64779811500844,-135.6882762498763,-135.67129541664758,1.0,1.0,1.0,1.0,1.0,1.0,0.9999334314592675,1.0,0.9999399594743178,1.0,0.99260068370371,1.0,1.0,0.5158414463248854,0.5219683686533578,1.0,1.0,1.0,1.0
117,-159.8131423834334,-159.84903246592904,-160.4584888828024,-160.43928366978884,-160.45846971244387,-160.45841614120855,-160.76431188408114,-159.849138666149,-160.72910699388365,-160.43888370767,-160.49363775739974,0.9822150121863901,0.7242104517052566,0.7311982565759408,0.7444380787342161,1.0,0.7242173934255347,0.7373308129484216,0.7242367922955444,0.737350563074177,1.0,0.9904793751656417,0.6215215152776112,0.8582056691037121,1.0,1.0,0.644046620210112,0.9999469012998057,1.0,0.873437554571268
118,-129.50544364257033,-129.66542702558468,-129.50534047081806,-129.5045548530273,-129.50532555679203,-129.50543935949634,-129.67428054514338,-129.50581694057405,-129.3832290417362,-129.50573829717942,-129.51841399675547,0.9231240161240385,1.0,1.0,1.0,1.0,1.0,1.0,1.0,1.0,0.9999505568832109,0.9995578445450223,0.919046599388801,0.9189991907875792,1.0,1.0,1.0,1.0,1.0,1.0
119,-134.23465377523965,-134.2299180438706,-134.23463748502562,-134.2299273600015,-134.23462951218156,-134.23463833241743,-133.9698232265183,-134.22812151268954,-134.2129785724356,-134.22992899414567,-134.22798019147206,1.0,1.0,1.0,0.999995341945399,1.0,1.0,0.9976470384086649,1.0,0.9976426386772663,0.9999995763041811,0.9976472857727959,1.0,1.0,0.878842882431489,0.8855222695429544,1.0,1.0,1.0,1.0
120,-152.42384656906506,-152.40113567720823,-152.4238075414554,-152.4235866501746,-152.4237928753181,-152.42384424055325,-151.43338939843954,-152.3994657666238,-152.40133091532968,-152.40103683740466,-152.39919954118665,1.0,1.0,1.0,0.9888372841935275,1.0,1.0,0.9887353278946901,1.0,0.9887099349094607,0.999981650619428,0.9998712131044183,1.0,1.0,0.6169062669180818,0.6163312241321364,0.999067860359373,1.0,1.0,1.0
121,-130.85226360575692,-130.85127547352215,-132.966618029271,-132.9299068159747,-132.9666216828094,-132.94364942338342,-132.95736840837793,-130.85181298907366,-131.62645503805194,-132.92640378227375,-132.92749397612133,1.0,0.34743516332091656,0.3538714366528134,0.35369664394918515,1.0,0.3474345286376385,0.34726291540666193,0.3514482134249741,0.35127461765813056,1.0,0.9931522497244765,0.3490457064514415,1.0,1.0,1.0,0.6788731250435158,0.9997312783363789,0.9999981732324615,1.0
122,-139.85037696867067,-139.85282380091397,-140.41845655843505,-140.4215835795011,-140.41843534839447,-140.41836696275763,-139.3812105056229,-139.85440868103112,-140.14627360389306,-140.4219072587037,-140.42224221588629,0.998777331946759,0.7527366890422984,0.7515606968780255,0.7524807310285335,1.0,0.7527446718724901,0.7536661554035108,0.7527704107744111,0.7536919258140895,1.0,1.0,1.0,1.0,0.7893076677423516,0.6821323699506866,0.864216069130283,0.9992078738391277,1.0,1.0
123,-139.31915095906496,-139.3187994308977,-139.99703300667002,-139.9968081511571,-139.99701246174345,-139.99689349673972,-138.9555920403898,-139.27815530852655,-139.97128862261653,-139.99678760927813,-139.99676934790222,1.0,0.7125244698339004,0.7126045818647921,0.7124793425800826,1.0,0.7125317892529508,0.7124065627614435,0.7125741736869897,0.7124489397464759,1.0,0.9999573281191612,1.0,1.0,0.851052352015907,0.6017890615857198,0.7071116837410157,1.0,1.0,1.0
124,-125.01808430087385,-125.00256697228247,-125.01804453490786,-125.01789908128953,-125.01806326334281,-125.01789657838887,-123.9956325662757,-125.01782727700993,-124.99300983863338,-125.01790021242252,-125.01783038205042,1.0,1.0,1.0,0.9923632547490304,1.0,1.0,0.9922817939742922,1.0,0.9923644966431284,1.0,1.0,1.0,1.0,0.5998369831887392,0.6073265638220736,1.0,0.9923988833529024,0.999990635826368,1.0
125,-130.8384457150205,-130.82693039688647,-130.83889063470758,-130.83830911029156,-130.8384474854577,-130.83844484028185,-128.85901494319245,-130.83814773346342,-130.84054294338347,-130.8383089701718,-130.96686383815114,1.0,0.9997775648988144,1.0,0.9943267970379813,1.0,0.9999991147817947,0.9942580043499445,1.0,0.9942593193444401,1.0,0.9999321373076313,1.0,1.0,0.37173784341852034,0.37129291481094506,0.9988031118826004,0.9944070309272337,1.0,0.9989528197134636
126,-154.38857499110026,-154.38830190574083,-154.38855951553532,-154.3882977789791,-154.38856657267772,-154.38858174040863,-151.5117393867313,-154.3609961274918,-154.35025566396615,-154.3697263585898,-154.38817077405676,1.0,1.0,1.0,1.0,1.0,1.0,0.9998676752872443,0.9999966253515096,0.9998600924540769,0.9999888876250903,0.9998580293640262,1.0,1.0,0.2405978598872695,0.24189340172291035,1.0,1.0,0.9999964714350266,1.0
127,-158.73157374533105,-158.73144421541497,-158.73162686167382,-158.73144051950123,-158.7315558075214,-158.73162613262332,-157.35682219220593,-158.73121956437754,-158.69166433981957,-158.73138089685284,-158.7311805279021,1.0,0.9999734421812804,1.0,1.0,1.0,1.0,0.9999442055033532,0.9999738066969149,0.9999090455324326,1.0,0.9999071977453533,1.0,1.0,0.5029831109502303,0.5130299395559601,1.0,1.0,1.0,1.0
128,-141.24463149081984,-141.24443764525475,-141.6375603842685,-141.62632919809437,-141.6375296986433,-141.24447344059115,-140.35121438703348,-141.24413828073074,-141.6112382766714,-141.63733776845487,-141.637290937704,1.0,0.821630542433145,0.8262574645240984,0.8261773852323535,1.0,0.8216431486532934,0.8215635165722095,1.0,0.9999821024919615,1.0,1.0,1.0,1.0,0.6398881094810565,0.5325854393322489,0.8323102608738443,1.0,1.0,1.0
129,-139.1274145248875,-140.04971268666924,-139.12154010252252,-140.04968650893719,-139.12736585110176,-139.1270980465466,-140.28357764722443,-140.04971266558036,-139.97170624637693,-140.04968273666123,-140.04968655064448,0.6305586661428977,1.0,0.6305669194948141,1.0,1.0,1.0,1.0,1.0,1.0,0.9972248857563129,1.0,0.5609735283198137,0.5593282480499988,1.0,1.0,1.0,1.0,0.9970913640124806,0.655622444505916
130,-134.53028419608913,-134.55121233905635,-134.53053295645577,-134.98323369675958,-134.5305327666525,-134.53053293018644,-134.2572338169595,-134.98321486409188,-134.96157255183124,-134.98323651125574,-134.5824542338932,0.9895904864472072,0.9998756275515717,0.7973394746132624,0.8057266975916901,1.0,0.9998757224414098,1.0,0.9998756406846049,1.0,1.0,1.0,1.0,1.0,0.6955930252091295,0.7031610193117296,1.0,0.8057342846189899,1.0,0.8061222342400313
131,-145.44837193568785,-145.86528893419805,-145.54258480411482,-145.8877523413814,-145.54257082813092,-145.44837360322936,-143.30742443884583,-145.86520954244332,-146.331269448259,-145.47257737643693,-145.50292624139118,0.8118347257492903,0.953985855452483,0.8027674545160522,0.9888311365039612,1.0,0.953992521921256,1.0,0.9999991662295921,1.0,1.0,1.0,1.0,1.0,0.2783453829226632,0.22048568546985564,0.7921298465766771,1.0,1.0,0.6741185387185857
132,-149.37280651119372,-149.38022779348034,-149.37292400196247,-149.38026675396003,-149.37241667432136,-149.37291932215155,-149.44384087030318,-149.38054929714843,-149.47756799653618,-149.38026777790893,-149.3805567510157,0.9962962347782113,0.9999412563410971,0.9962768268776395,0.9999805199498961,1.0,1.0,1.0,0.9999435961118439,1.0,1.0,1.0,0.9651061539935869,0.9651628511909031,1.0,0.9832778308463097,0.9526484322929855,0.9998392610858388,1.0,0.9487825324029368
133,-137.74469924674105,-137.7463170741389,-139.04892054206357,-139.0497139362912,-139.04891930092316,-139.0489182046967,-136.5760440844457,-137.74784306300373,-139.05538525337036,-139.04971340214172,-139.05052747843513,0.9991914133835679,0.5209450840590801,0.5207384676325579,0.5211598705288889,1.0,0.5209454073421781,0.521366977702598,0.5209456928793288,0.5213672634708169,1.0,1.0,1.0,1.0,0.5566049763665131,0.28947956129972585,0.5200807998330033,0.9992372965738144,1.0,0.9967722442166624
134,-130.63290916549076,-130.61799090837192,-130.63277778008893,-130.63272049686327,-130.63280980163097,-130.63282405221707,-130.38442351568187,-130.62095680638296,-130.62367426598144,-130.6327184769936,-130.63271860308382,1.0,1.0,1.0,0.9926622593958906,1.0,1.0,0.9926179356492394,1.0,0.9926108629807562,0.9999768642035641,0.9999482236635392,1.0,1.0,0.8884591175343628,0.8872527613975744,0.9986421928561706,0.9985181500200225,0.9999839893571516,1.0
135,-139.38525202689095,-139.38297531189758,-140.76717812105412,-140.76626625049295,-140.76187641996145,-140.75823623135219,-139.01198979923254,-139.38027325009557,-140.4768792968911,-140.76039850477457,-140.76515038873225,1.0,0.5010932602176923,0.5013217784046813,0.5007514196976296,1.0,0.5024233457103537,0.501851733739368,0.5033386362853006,0.5027659829792455,1.0,1.0,1.0,1.0,0.8318179057206581,0.48073228261405054,0.5779297119091957,1.0,1.0,1.0
136,-136.3997072047075,-136.91544207018336,-136.3996585751077,-136.91549143806714,-136.3996628054133,-136.3997015723137,-137.01174687576645,-136.91553258110636,-136.909678161771,-136.91545007100467,-136.91549320675225,0.7726976597306656,1.0,0.7726785867419352,0.9999753163627582,1.0,1.0,1.0,1.0,1.0,0.999978501628103,1.0,0.7363720129824736,0.7363541084619981,1.0,1.0,1.0,0.9999547455625121,0.999997884849441,0.7749105480364533
137,-134.3507278593364,-134.46016872157583,-134.35065970073794,-134.3536298905639,-134.35071084918877,-134.35061075936474,-134.2708768823698,-134.35560792436198,-134.41781757700502,-134.3557264759969,-134.3560542125301,0.9467497927379991,1.0,0.9985500366004145,1.0,1.0,1.0,1.0,1.0,1.0,1.0,1.0,1.0,1.0,0.958519357582555,0.9291636975790379,0.9693739518442759,1.0,0.9999744261015995,0.9670033067788868
138,-157.32149853665643,-157.32141933846873,-157.55943711144056,-157.55936952856985,-157.55943675010403,-157.32150161040278,-157.05777611419552,-157.32140469088844,-157.5514495496157,-157.55936829157864,-157.5593646767337,1.0,0.8878350680735821,0.88786506980179,0.8878299118456785,1.0,0.887835228477219,0.8878000717027734,0.99999846312801,0.9999588648790485,1.0,1.0,1.0,1.0,0.8765037569275511,0.7812682503861579,0.8913461513556694,1.0,1.0,1.0
139,-140.34719449268582,-140.3576714832815,-140.3470975995508,-140.33644425545444,-140.34406945775154,-140.34718497309836,-139.74112361489125,-140.3595586739226,-140.0058997380981,-140.33591854838772,-140.3595410383612,0.994775201691006,1.0,1.0,1.0,1.0,1.0,1.0,1.0,1.0,0.9999563141804743,0.9946440357753962,1.0,1.0,0.7340210814080631,0.8760009867640316,1.0,0.9990568497255227,1.0,1.0
140,-133.98582431578728,-133.98564098237307,-133.98581453765883,-133.9856324690034,-133.98580600311232,-133.98581853930207,-132.28164904841125,-133.985579869846,-133.96205144822403,-133.98562755544572,-133.98557187081258,1.0,1.0,1.0,1.0,1.0,1.0,0.999917493034264,1.0,0.9999112254761896,0.9999979991803777,0.9999069691783015,1.0,1.0,0.4265757110377453,0.4316236720497164,1.0,1.0,1.0,1.0
141,-138.43135041807045,-138.44813078853986,-139.66230137087538,-138.44821914161818,-139.6623015625766,-139.66230152945622,-138.43478201668188,-138.45947178103512,-140.068504671558,-138.44814549973063,-139.69365709467507,0.9916449141374268,0.5403838944251587,0.9916011076646581,0.9999558244366061,1.0,0.5403838426290357,0.5449368366892535,0.5403838515778967,0.5449368457135129,0.9999999207095871,0.5449609196691669,0.9982856718363996,1.0,0.9877310032946475,0.4418161969314427,0.4473041703234313,0.9943455506705583,0.9999999041493953,0.8161953489136565
142,-126.98497917075508,-126.97824325579401,-127.72697108520623,-127.7176927518525,-127.72699685097305,-127.72698531018199,-127.05231826523388,-126.97636310348926,-127.70319615379785,-127.71764882037508,-127.71736610258992,1.0,0.6900467312564278,0.6932554101008115,0.6909244827918101,1.0,0.6900378415221038,0.6877177326190744,0.69004182332487,0.6877217010338557,0.999992887537415,0.9953644980924501,0.9668909636396805,1.0,1.0,0.7222102739868557,0.6952967645839407,1.0,0.9999871171995732,1.0
143,-161.74305957014474,-161.7427890879062,-161.74243851879555,-161.7420558090464,-161.74261482270703,-161.7428112650689,-160.93066062770603,-161.74265556749225,-161.66307845461552,-161.74277536675683,-161.6982261069807,1.0,1.0,1.0,1.0,1.0,1.0,1.0,1.0,0.9999889114801325,0.999813644229723,0.9996223433189994,1.0,1.0,0.6663118532629655,0.6933579342765348,1.0,1.0,0.9999118519295327,1.0
144,-134.80657780610335,-134.80660975647115,-136.32970266658748,-136.3297161473346,-136.36460593979547,-136.3632845792176,-135.11097060453807,-134.80662433785767,-136.36724777539723,-136.3648610446897,-136.32975075435252,0.9999840249437033,0.46693630137486775,0.4669331540603727,0.4669406134629601,1.0,0.4588581918630078,0.45886552226555855,0.45916145059328795,0.45916878584049137,0.983349226096392,0.983355854259858,0.8588195926807085,1.0,1.0,0.5335840983972724,0.4582631398163387,0.9999927093333155,0.9826997612135222,0.9986799542270348
145,-139.9218031194917,-139.92178560712918,-139.9217849604283,-139.92176231120095,-139.92179014623008,-139.9217972912698,-138.8107024940525,-139.92162292211947,-139.918574180258,-139.92173257557096,-139.92163334048598,1.0,1.0,1.0,1.0,1.0,1.0,0.9999977304521256,1.0,0.9999941579467565,0.9999938345982633,0.9999825101185263,1.0,1.0,0.5738081258696511,0.5746834893163372,1.0,1.0,0.9999974071024773,1.0
146,-161.85757321375775,-161.85769365269093,-161.85789601988273,-161.84642908462044,-161.85790486449184,-161.85791995324612,-161.72436229635954,-161.85765303480986,-161.83039089405435,-161.85766042974797,-161.8576245453608,0.9999397823465656,0.9998386099622814,1.0,1.0,1.0,0.9998341883812177,0.9998943996756485,0.9998266452834764,0.9998868561236521,0.9999880333899034,0.9942710391307501,1.0,1.0,0.9355269091490794,0.9483664518381724,1.0,1.0,0.9999955777052221,1.0
147,-144.26179086511667,-144.24779799945222,-144.75097279772433,-144.73671353679498,-144.7468089619313,-144.74678589036833,-143.5947408576576,-144.24140857474268,-144.72175477476222,-144.74658611130877,-144.7346809822535,1.0,0.7830247562576673,0.788627382007561,0.7831290602477192,1.0,0.7846566476536516,0.7791860099123955,0.7846656993334863,0.7791949984837847,1.0,0.9949764834895923,1.0,1.0,0.7237321898551847,0.5692093658157362,0.7864917075605442,1.0,1.0,1.0
148,-133.56919950197795,-133.5526545431158,-133.5691887631728,-133.55270781399508,-133.56917888628567,-133.5691855899854,-135.730850494119,-133.56893779264698,-133.5197788656011,-133.56902074857663,-133.56892966360405,1.0,1.0,1.0,0.9999733649150814,1.0,1.0,0.9917718663477971,1.0,0.9917685420829674,1.0,0.9917949586259123,0.33931530654874337,0.33931348463315497,1.0,1.0,1.0,0.991891428498076,1.0,1.0
149,-139.2353626872337,-139.23229694425333,-139.2351357859943,-139.2351880555282,-139.23469815079736,-139.23536409626024,-138.1279384999952,-139.2350773012245,-139.20782020764142,-139.2347752270272,-139.23463673985833,1.0,1.0,1.0,0.9985554886748544,1.0,1.0,0.9988001171637495,0.9999992954869791,0.9984675993233316,0.9998858513824727,0.9999119835076571,1.0,1.0,0.5748941163530236,0.5827827207245315,1.0,0.9986107873649118,1.0,1.0
150,-151.27748551493926,-151.25634092288126,-151.27748403884445,-151.2771873139066,-151.27748290693657,-151.27748371573094,-148.53490077467532,-151.27041688476558,-150.82409897474022,-151.2562622475823,-151.2101112127821,1.0,1.0,1.0,0.9896309377459098,1.0,1.0,0.9894846845503169,1.0,0.9894842844055776,1.0,0.9998518100690482,1.0,1.0,0.25467729245736664,0.31835151932475103,1.0,0.9929867276455421,1.0,1.0
151,-131.11766480889762,-133.39430875262414,-131.52972048800797,-133.82838070527785,-131.5296925938558,-131.11766855718489,-133.6739366174834,-133.39430651874366,-133.68301892968418,-133.828357533408,-133.82837835353067,0.3203561376552873,0.8138104198474633,0.2578549792076537,0.804901011402233,1.0,0.813821770202459,1.0,0.9999981258581212,1.0,1.0,1.0,0.27855607196103305,0.34228619487723466,1.0,0.9954691393586519,0.8655793690331242,1.0,1.0,0.34073059160016367
152,-129.11850990585233,-129.12127401767574,-129.22615377386455,-129.2286907899232,-129.11869516564417,-129.22615042749675,-128.6949061587057,-129.12143887232824,-128.97730691866536,-129.22849707714914,-129.2288548872248,0.9986188986877459,0.9476008269627292,0.9463995497810882,0.9477084311389684,1.0,0.9999073743940992,1.0,0.9476024124745054,0.9489129574051925,1.0,1.0,1.0,1.0,0.807940907989925,0.8683153012615885,1.0,0.9999175760707907,1.0,1.0
153,-145.56384948402462,-145.5635727361255,-145.56384247275508,-145.54170300929894,-145.56321824114713,-145.56384274784952,-143.29089740317636,-145.56328633271954,-145.5109101063945,-145.5611845751621,-145.56327790000674,1.0,1.0,1.0,1.0,1.0,1.0,1.0,1.0,0.9998650032508751,0.9999998624527914,0.9889911762645728,1.0,1.0,0.32103842313625747,0.32955686785214955,1.0,1.0,1.0,1.0
154,-147.3328362125252,-147.33155325551013,-147.33283061213172,-147.3315366277791,-147.3328288903425,-147.33282958803917,-145.70176927111405,-147.31166232421452,-146.3070673565749,-147.319882263527,-147.31131257334508,1.0,1.0,1.0,1.0,1.0,1.0,0.9993623859460989,1.0,0.9993620373202587,1.0,0.9993537287932114,1.0,1.0,0.44711183453235126,0.7388583585849755,1.0,1.0,1.0,1.0
155,-144.52047354296596,-144.52042982846265,-144.52047175930534,-144.50487140483563,-144.52047192491062,-144.5204708811605,-143.26306737395663,-144.49617031736673,-144.40022731309057,-144.52042903473318,-144.52032719935167,1.0,1.0,1.0,1.0,1.0,1.0,0.9999789519975273,1.0,0.9999794738617448,1.0,0.9922306008652017,1.0,1.0,0.5398027566000179,0.5663290724903207,1.0,1.0,0.9999999171973605,1.0
156,-150.39456224989019,-150.39680723479174,-150.39455493705051,-150.3990170640826,-150.39455369906688,-150.3945601846779,-149.1228536821249,-150.3970862329391,-150.41346104423707,-150.3993523019961,-150.39648301985898,0.99887813730822,1.0,0.9977750717341757,0.9988956955479906,1.0,1.0,1.0,1.0,1.0,0.9999973761897426,1.0,1.0,1.0,0.5288151847298785,0.5245032362220357,0.9918460198716768,0.9998605106558607,1.0,0.9905908728942682
157,-131.1522255556534,-132.82502932907246,-131.36174687200375,-133.02215495510876,-131.36214687938357,-131.36214821128422,-128.50234184797154,-132.82507448674266,-132.79546554151366,-133.02210388476638,-133.02214550656834,0.4332666647085007,0.9005400336898125,0.39259972416408345,0.9061387735154337,1.0,0.9003599403704257,1.0,0.9003593407756312,1.0,0.9997993504925694,1.0,1.0,1.0,0.11516765768665684,0.11688533742002247,1.0,0.9999774214197997,0.9998000163094928,0.48838105322189285
158,-126.65067146153908,-126.63201344581728,-126.65026508755767,-126.65044346981966,-126.65064020840089,-126.65059237421013,-124.85670804908975,-126.61696367872469,-126.59133127045288,-126.65044174954431,-126.65025782020055,1.0,1.0,1.0,0.9908273161041177,1.0,1.0,0.9907298539176354,1.0,0.9907535495814082,0.9998363700626068,0.9999255505762603,1.0,1.0,0.4147298996673676,0.4200793694481961,1.0,1.0,0.999812457166748,1.0
159,-149.54835101903652,-149.95173200799235,-149.63037054522394,-150.03875667165397,-149.6304077381093,-149.54803548425315,-149.39817565015423,-149.95293347212,-149.9442047054376,-150.0372768088672,-150.03763277183862,0.8173478624748001,0.9598197590918004,0.7825458012681139,0.9574207472674965,1.0,0.9598019100246264,1.0,1.0,1.0,1.0,1.0,1.0,1.0,0.7577673163473329,0.7610817308259361,1.0,0.9993994483395494,0.9999814037302266,0.8547908296462257
160,-154.6154261675553,-154.61521284190295,-154.6147094432538,-154.6151732064788,-154.6153263161138,-154.61543626526463,-153.98434641772062,-154.61518954483728,-154.58950963515244,-154.61516943115643,-154.73137822392795,1.0,1.0,1.0,1.0,1.0,1.0,0.9999432645040945,0.9999949511580849,0.999888294558673,0.9996366550203575,0.9998684792566946,1.0,1.0,0.7294812867127969,0.7389081844502101,1.0,1.0,0.999691611131622,1.0
161,-135.9114429817937,-135.9112317638365,-135.9114330536877,-135.89156948708262,-135.91142846649174,-135.91143823151356,-135.17719310847718,-135.88242524524503,-134.95685377230024,-135.9112172476356,-135.91112429612866,1.0,1.0,1.0,1.0,1.0,1.0,0.9999016535087107,1.0,0.9998967714898993,0.9999974110904165,0.9901148106584547,1.0,1.0,0.7028469867623044,1.0,1.0,1.0,1.0,1.0
162,-144.09496020033873,-144.09396764151435,-145.6253525869376,-145.6248255373759,-145.62534780854887,-145.62532049299358,-143.61242043769334,-144.09417696388033,-145.60437178863495,-145.6250330417987,-145.62511218055133,1.0,0.46524264453024555,0.46536526365206554,0.46513436975125066,1.0,0.46524375608667756,0.46501292247260506,0.4652501103258404,0.465019273559072,1.0,0.9997525528112656,1.0,1.0,0.7859372981402205,0.36936289036877135,0.4699648321091294,0.9998953442938028,1.0,1.0
163,-139.8021702931409,-139.78774132735074,-139.8021535240252,-139.78763038702573,-139.80215481098793,-139.80216335523141,-139.84510288242973,-139.80220144541778,-139.79826320434015,-139.78776830649124,-139.7805595084845,1.0,1.0,1.0,1.0,1.0,1.0,0.9928191644745485,1.0,0.9928149230392694,0.9999950844089677,0.9927598529615356,0.9787624664501595,0.9787542599940334,1.0,1.0,1.0,0.9927960149666007,0.9999993565188358,1.0
164,-144.30943884970998,-148.58926984815523,-144.3095052207123,-148.6602006248313,-144.30948973608048,-144.30919347260567,-148.53519585534661,-148.54029323594278,-148.44031717722692,-148.58928266352373,-148.58928036363275,0.11766478536753859,0.999966815049466,0.11356488997806481,0.9651561393099275,1.0,0.999974557138424,1.0,1.0,1.0,1.0,1.0,0.12088948439919509,0.1208934962438878,0.9974545548554841,1.0,1.0,1.0,1.0,0.12676583408403824
165,-130.07444943302076,-130.06017078342467,-130.07444440885968,-130.07435554477522,-130.07424732052368,-130.07438644381966,-128.36110595963146,-130.07402399164283,-130.03188131638962,-130.0743511293947,-130.012199607831,1.0,1.0,1.0,0.9929327109018316,1.0,1.0,0.9929864420553023,1.0,0.992917370684348,1.0,0.9999845505971199,1.0,1.0,0.42466314853552733,0.43370631027757245,1.0,0.9930973295216822,1.0,1.0
166,-153.4357682260649,-153.92618391955972,-154.41606462568365,-154.935478059548,-154.41606072485132,-154.41600627870417,-151.9231071442313,-153.92622086572055,-154.5855216237865,-154.93561666424117,-154.93552662336546,0.7825418725547678,0.6125356097968644,0.47243509019137186,0.6037186082439409,1.0,0.6125368044973832,0.7827527522554564,0.6125534798588546,0.7827740614812706,1.0,1.0,1.0,1.0,0.36730714971537193,0.2641581664804468,0.7191751281867078,0.9999815270902098,1.0,0.9187599032481439
167,-145.26357442724313,-145.25350008739366,-145.26267705023548,-145.26219080173436,-145.2609991953998,-145.26368152526035,-143.90367251817867,-145.25114680112756,-145.22968766279934,-145.26219021159997,-145.25012862563347,1.0,1.0,1.0,0.9956640702340284,1.0,1.0,0.9962574667968489,0.9999464524251104,0.9949222168162194,0.9994978885877124,0.9992549159500808,1.0,1.0,0.5097998193094131,0.5152992019748956,1.0,1.0,1.0,1.0
168,-145.63258378633284,-145.63148338423093,-145.90147145300475,-145.90118288303447,-145.90131400748322,-145.63154442602476,-141.87181634435302,-145.63119313681972,-145.83888928786232,-145.90102535738026,-145.9007937145635,1.0,0.874201978506516,0.874328121826069,0.8738471978891199,1.0,0.8742708008086327,0.8737899084010932,1.0,0.9999694795688441,1.0,1.0,1.0,1.0,0.15263766081737473,0.13758182172667427,0.9013622260058465,1.0,1.0,1.0
169,-135.7322439207929,-135.7325858895365,-136.36592145434435,-136.3659671222423,-136.36591522950158,-135.73202635475388,-136.03079149173436,-135.73259203946793,-136.36573274092456,-136.36596600421757,-136.3659725912781,0.9998290302452028,0.7284481957091025,0.7284315625500716,0.7285561236118816,1.0,0.7284504629503707,0.72857502724413,1.0,1.0,1.0,1.0,0.8613332620812835,1.0,1.0,0.8458014626843543,0.7286437491381988,0.9999969250390092,1.0,1.0
170,-143.12258075331286,-143.12333249039315,-143.61347230975375,-143.6133756067294,-143.61347474621718,-143.61346859202217,-142.91732056265334,-143.12202118189367,-143.10560390884004,-143.61337470511916,-143.6133607779141,0.9996242020895838,0.7823557033629506,0.7823935323588058,0.7826876647477266,1.0,0.7823547502729997,0.7826488680822147,0.7823571576585522,0.7826512763727976,1.0,0.9999535084343758,1.0,1.0,0.9027132671316276,0.9101538088008521,1.0,1.0,0.9999987817690257,1.0
171,-144.8260064081097,-144.81741051325253,-144.82715125290625,-144.8276063375177,-144.82736903280096,-144.82737318866884,-144.8212465299993,-144.82787604304272,-144.835360517019,-144.81584813409341,-144.82787243609226,1.0,0.9994277414041667,0.999200355182458,0.9949150601682271,1.0,0.9993189196949218,0.9950331161901651,0.9993168431783769,0.9950310485792274,0.9998890382754095,1.0,1.0,1.0,0.9966907312185135,0.9929678485976368,0.9962647564542662,0.9947809021698882,0.9998911159809394,0.9960122302464476
172,-154.15089607178953,-155.61797603896335,-154.91510648010532,-156.47884210836605,-154.9284825155079,-154.91296537150924,-156.7605804314048,-155.61800006340957,-156.4794764687663,-156.47890744689548,-156.48023444111004,0.48020605613238665,0.6824232556648162,0.3122431654494359,0.6502274626943781,1.0,0.6778744251362974,1.0,0.6831542180118788,1.0,1.0,1.0,0.2712153349244982,0.3974297954724309,1.0,1.0,0.6500290643689335,0.999987987849037,0.993334297313641,0.4604748788710409
173,-133.37662328898722,-133.38496596615727,-134.78508028814423,-134.89352333956373,-134.7867796775476,-134.6542708483052,-134.20737759691366,-133.39169877690014,-134.71003360258084,-134.89283801436525,-134.79751469353994,0.9958373493634481,0.4944899263171668,0.4683918602016248,0.4703497619375564,1.0,0.49406993930237764,0.4961351767115316,0.5279130010139486,0.5301197041378267,1.0,1.0,0.6600912777102257,1.0,1.0,0.7777672198640178,0.5172818374670027,0.9966392546180706,0.9991506661866356,1.0
174,-147.4664216051869,-147.4661411025624,-147.4661650984683,-147.466137280211,-147.46641526227728,-147.46641908678947,-145.73515745151383,-147.46595639293912,-147.4221499955489,-147.46613476138367,-147.46368082614023,1.0,1.0,1.0,1.0,1.0,1.0,0.9998629295375758,1.0,0.9998610175454221,0.9998730139028358,0.9998591066371668,1.0,1.0,0.4208833884540999,0.4302037815309655,1.0,1.0,0.9998749259179297,1.0
175,-143.9460136013116,-143.9457205687657,-143.94592747208947,-143.9459239665241,-143.94589566230317,-143.94600253019604,-143.92031626231352,-143.94599821480614,-143.8937805880482,-143.9341970746355,-143.9459239247741,1.0,1.0,1.0,0.9998983062919498,1.0,1.0,0.9999124570633672,1.0,0.999859029222141,0.9999624716509189,0.999960718935554,1.0,1.0,0.987241117326274,1.0,1.0,0.9998611866152473,1.0,1.0
176,-152.74249494307324,-152.74249748906973,-152.74210197685713,-152.74249829223066,-152.7427736867631,-152.74280226813923,-151.12288448132108,-152.7423086973157,-152.6959029425842,-152.7422790698663,-152.742309503701,0.999998727002563,1.0,0.99999832542269,0.9999995984196157,1.0,0.9998606378668807,0.9998619106885304,0.9998463492724876,0.9998476220759479,0.9996499156527804,0.9998480235953013,1.0,1.0,0.4449861557396264,0.45543183116831487,1.0,1.0,0.999664201439982,1.0
177,-148.5712365925696,-148.57143098338426,-152.77646867722098,-152.7455866778058,-152.77646868868754,-151.90927342293858,-152.7504708019673,-148.5710866403015,-151.4307401696954,-152.74562868357623,-152.74452821693143,0.9999028093159856,0.12213649571460944,0.12403704070532856,0.12404909712192919,1.0,0.12213649501436619,0.12214836669767679,0.18843193681846862,0.1884502524274047,1.0,1.0,0.12373450410854013,1.0,1.0,1.0,0.2393503825885148,1.0,0.9999999942667159,1.0
178,-139.89766830750602,-139.89747812065048,-140.10533128830753,-140.10515156755093,-140.3161050082599,-140.3871419565877,-139.15552957117237,-139.8973478561595,-140.084313377198,-140.31592112617477,-140.2542502312727,1.0,0.90137717533099,0.9014581770643211,0.901372458391975,1.0,0.8112180865288504,0.8111409486880392,0.7829105539760626,0.7828361078675685,0.8685715318768462,0.8684934852171186,1.0,1.0,0.6901066400789163,0.6285171884147097,0.9107537182120673,1.0,0.8999762904257779,1.0
179,-129.29368095150497,-129.2787875085565,-129.81524840750882,-129.80002434213253,-129.68310333138993,-129.31262241191973,-128.0788084326748,-129.2735877437008,-129.65959015859661,-129.68293012774905,-129.27361241110637,1.0,0.7704475278243388,0.776334577371329,0.7705749019683109,1.0,0.8230723353010774,0.8169659095115805,0.9905739759134289,0.9832248448425741,1.0,1.0,1.0,1.0,0.5502460949240349,0.4536674388251736,0.8244809786206755,1.0,1.0,1.0
180,-150.64825138077902,-150.64964230981707,-150.64991620443496,-150.64962866148466,-150.64991282720717,-150.6499264462651,-149.41485452330218,-150.64957105311555,-150.61540411993886,-150.62719027754258,-150.64955743243596,0.9993047772603695,0.999167934530643,0.9993115967055287,1.0,1.0,0.9991696217409225,0.9998647504519917,0.9991628178896037,0.9998579418671899,0.999994879098035,0.9998511186936931,1.0,1.0,0.5393674230414616,0.548660844298958,1.0,1.0,1.0,1.0
181,-139.67996397300806,-139.6797576984596,-139.67996129815705,-139.67975547632022,-139.67995979982933,-139.67994229641386,-138.89114421906203,-139.67972638161183,-139.65752763677136,-139.67975488045496,-139.6797331472167,1.0,1.0,1.0,1.0,1.0,1.0,0.999898954420587,1.0,0.999907705282297,1.0,0.9999065943157669,1.0,1.0,0.674157792967687,0.6816822022442612,1.0,1.0,1.0,1.0
182,-142.93351537943124,-142.93509777891802,-143.37378554339483,-143.3699161727496,-143.3736514350539,-142.9352438193101,-142.6739500173714,-142.93501454986995,-143.35461036060286,-143.37360783596282,-143.37359105331035,0.9992091131725959,0.8024103994543297,0.8039643137597703,0.804600661824528,1.0,0.8024642062220073,0.8030993669324108,0.9991361533910673,0.9999269824698688,1.0,1.0,1.0,1.0,0.8776281747224226,0.7115353551970574,0.8107480772504856,1.0,1.0,1.0
183,-148.19297554272748,-148.1928194653023,-150.2957678247409,-150.28573004831813,-150.28829758797383,-150.27813587037292,-146.2818298111267,-148.1927272203286,-150.26377234076563,-150.28814158357056,-150.29552130208512,1.0,0.34944952756219344,0.3512077842326252,0.35118037749870024,1.0,0.3507572035587406,0.35072983198617913,0.3525438864814718,0.3525163754839157,1.0,1.0,1.0,1.0,0.38463951630565535,0.13656272244311796,0.3550408022419563,1.0,1.0,1.0
184,-138.82432747476827,-138.81659617089457,-139.2468592675837,-139.23906958366646,-139.2468436232019,-138.82433126086295,-138.00898648896177,-138.80983655706473,-139.21685961611286,-139.23866406925566,-139.23716157407992,1.0,0.8095587794891765,0.8127180313911608,0.809582410872467,1.0,0.8095651120372576,0.806441656080242,0.9999981069544516,0.9961399243355008,1.0,1.0,1.0,1.0,0.6700351977300874,0.546655450961919,0.815860797781746,1.0,1.0,1.0
185,-145.07819897585634,-145.0672761056491,-145.0780311461849,-145.07803919414752,-145.07802784185836,-145.1223123106457,-147.1493118301359,-145.0669601527814,-144.79753113315724,-145.07803673795365,-145.07803708599488,1.0,1.0,1.0,0.9946329103191255,1.0,1.0,0.9946385560153532,0.9781848022963491,0.9728570712505802,0.9781027215233129,0.9781066573982973,0.35502877830666685,0.35499898737502994,1.0,1.0,1.0,1.0,1.0,1.0
186,-135.86240119025314,-135.8695001145959,-136.09667530007897,-136.19170677709445,-136.09667492431907,-135.86239835333703,-136.1170848795049,-135.87057151793945,-136.18989296232064,-136.10391761260172,-136.1031167029725,0.9964568297229932,0.8894632794968548,0.848188149474288,0.8512041105785559,1.0,0.8894634466091853,0.8926261731343131,1.0,1.0,1.0,1.0,0.8804326499787665,0.9898471024872474,1.0,0.9642506175887486,0.8524329514946715,0.9994644417907422,1.0,0.9544605005677557
187,-156.880582067442,-156.8968502010596,-156.8786160959428,-157.17309425320258,-156.87952790645,-156.8806183272007,-155.81234057697372,-157.17315507049358,-157.14927799314418,-157.1730152566984,-157.17287795925793,0.9918989251989506,1.0,0.8639364268842588,0.8709924014797922,1.0,1.0,1.0,0.9999818702849946,1.0,0.9989993853201158,1.0,1.0,1.0,0.5064107162424171,0.5124927532419621,1.0,0.8709659161833151,0.9995441986554062,0.8738250951254061
188,-142.8566050156459,-142.85346009165693,-142.8528609346909,-142.8774365964355,-142.85660263186338,-142.8566037249513,-140.45645119127332,-142.9016616386329,-142.35199349884707,-142.8538456345873,-142.901659584628,1.0,1.0,0.9896382661067853,0.9880833204119502,1.0,1.0,0.9984299636953466,1.0,0.9984294180096311,0.9981303548378745,1.0,1.0,1.0,0.29446202732435095,0.3876039710515874,1.0,0.9761873309987336,0.9981309003601389,1.0
189,-149.9744238258184,-149.95452392228992,-149.97440266892073,-149.9545063182601,-149.97440085167375,-149.97442261829906,-149.43962424978676,-149.9533370184595,-149.9468558406503,-149.95450734706964,-149.9533150321523,1.0,1.0,1.0,1.0,1.0,1.0,0.9901107586452058,1.0,0.9900999830188941,0.9999900253605836,0.9900912681824275,1.0,1.0,0.7734792895306157,0.7759898836388488,1.0,1.0,1.0,1.0
190,-149.63006110327103,-149.63044512275462,-149.63066726441411,-149.63044785372057,-149.63051711885657,-149.6306655354201,-148.50315849139974,-149.6303507940685,-148.7988762823555,-149.6304490278899,-149.63035352842448,0.9998080086908956,0.9996969653527356,0.9998066434710157,0.9999986345179593,1.0,0.9997720181990305,0.9999640025969464,0.9996978295881475,0.9998897997397597,1.0,0.9998911650731881,1.0,1.0,0.5691585987128818,0.8625528164584948,1.0,1.0,1.0,1.0
191,-137.91774066196896,-138.16240504204953,-137.9176093943068,-138.1624045924901,-137.9176153115124,-137.91773982818535,-138.367783513429,-138.10850567863037,-138.06813067465276,-138.1082007549442,-138.16189684848916,0.8848543798631909,1.0,0.8848545787605253,1.0,1.0,1.0,1.0,1.0,1.0,0.9999347851873018,1.0,0.7984991101497401,0.7984467033138728,1.0,1.0,1.0,1.0,0.9999970414015703,0.9275044547286143
192,-149.97012538310332,-149.96446517645228,-152.33173905832734,-152.3279869377819,-151.40353745773103,-151.40349986204527,-149.44570432860897,-149.9624689209383,-151.371745562903,-151.39853034640106,-151.39797763412412,1.0,0.3070309145477847,0.30760746370044323,0.30673813352182466,1.0,0.4883582433075939,0.4869780929244485,0.48836742347540596,0.4869872471481669,1.0,1.0,1.0,1.0,0.772299928363193,0.3817380581826498,0.4942873152813866,1.0,1.0,1.0
193,-143.0907767198412,-143.0905958679108,-143.09063447690565,-143.0905962057868,-143.09077740190432,-143.09077704460066,-141.49612511178043,-143.09041181339924,-143.05540155372168,-143.0905965379546,-143.0904121495534,1.0,1.0,1.0,0.999999831062013,1.0,0.9999996589684925,0.9999092371224361,0.9999998376202787,0.9999094157580682,0.9999287186931292,0.9999095846807807,1.0,1.0,0.45061437444794117,0.4585718829896924,1.0,1.0,0.9999285400540486,1.0
194,-161.35959227008024,-162.30814572662842,-161.36159171321754,-162.3081279920676,-161.36158674055127,-161.3615894595437,-163.10988722498882,-161.43314046634777,-162.17332627607078,-162.30812305325975,-162.30812802206464,0.6223350110432235,0.9990007779864747,0.6223405294867446,1.0,1.0,0.9990032618382942,1.0,0.9990019036980694,1.0,1.0,1.0,0.4168005464621236,0.4172174393119107,1.0,1.0,0.690670161040908,1.0,1.0,0.6663969481413898
195,-135.84852912813088,-136.10369853224432,-136.56999933405513,-136.81940105533275,-136.56979649096462,-136.56990964882078,-136.26808698770066,-136.10370319568744,-136.6435569325774,-136.58839235990007,-136.81985525350194,0.8802188563290969,0.6971636505948493,0.6154288336998128,0.6991770617894101,1.0,0.6972343615953356,0.7921147752993072,0.6971949139384986,0.7920699595622285,1.0,1.0,0.8107634618127217,1.0,1.0,0.8288343420714201,0.763435323507754,0.9999976682811578,1.0,0.963791570612675
196,-138.28775891820703,-138.60176843094354,-140.07728675753148,-140.3942168709874,-140.07727288521093,-140.0769030502963,-137.67168383918192,-138.40219796548695,-140.16127335811913,-140.0821735365407,-140.07911438439066,0.8546999935401027,0.40870407424830213,0.3488096306952791,0.40810767910566603,1.0,0.40870690909509766,0.4781875654430098,0.4087824931257039,0.4782759988479206,1.0,1.0,1.0,1.0,0.6940182214332411,0.2880000113407453,0.41497471168118094,1.0,1.0,0.9588695538438199
197,-144.24217730761777,-144.23813675291552,-144.24222440219378,-144.23807714930547,-144.24220563250034,-144.24222536641736,-142.66668102102906,-144.2582283811891,-143.50390303246442,-144.25158302930436,-144.258224308708,1.0,0.999976452989226,1.0,1.0,1.0,0.9999858376589978,0.9979676282775316,0.9999759708889076,0.9979577814209313,0.9999995178883293,0.9979280409208663,1.0,1.0,0.4512319906357175,0.6579600882064528,1.0,0.9900044765096669,1.0,1.0
198,-151.8683240813957,-151.86843381259905,-151.86578702653043,-151.8685027881191,-151.86831531885855,-151.86060922108632,-151.49282888986437,-151.86843017907069,-151.86690991134338,-151.8684044322102,-151.86850401542233,0.9999451359034206,1.0,0.9999106506302052,0.9999655128346775,1.0,1.0,1.0,1.0,1.0,1.0,1.0,1.0,1.0,0.8287799125132054,0.8294101356868625,1.0,1.0,0.9987366525321092,1.0
199,-143.94793676228744,-143.94766076111273,-143.94702432223374,-143.93973424033817,-143.94793198379458,-143.9476753300794,-141.806610523003,-143.94734195159253,-143.89215969139016,-143.94765597804607,-143.94733973380195,1.0,1.0,1.0,1.0,1.0,1.0,0.9998643978538793,1.0,0.9999927155432006,0.9996745490478307,0.9960373273202644,1.0,1.0,0.3428830972360347,0.35247535143083836,1.0,1.0,0.9995462721851963,1.0
200,-123.1946344740557,-141.32266211249225,-123.19468877021319,-141.32266288274323,-123.19468495202423,-123.19469883094212,-141.32698252685353,-141.32265982399838,-141.3226606408371,-141.32266293317997,-141.32266059408505,0.0001157574135363955,0.9999728522897625,0.00011575736895527361,0.9999996148745853,1.0,0.9999747613342361,1.0,0.9999678220745145,1.0,0.9999949696481895,1.0,0.0001155076234367826,0.00011551075928940519,1.0,1.0,0.9999995915807157,1.0,1.0,0.00011576042035248112
201,-93.78385596495983,-130.25936368777582,-93.78362428757168,-130.25999210347362,-93.78411247726433,-93.78411845414806,-132.74814702715182,-130.25999823935717,-130.2599876202984,-130.25998721158703,-130.2587339204468,1.2007266107964239e-08,1.0,1.2003493923365303e-08,0.9996858415092145,1.0,0.9998717520722171,1.0,0.9998687640180797,1.0,0.9997529472343748,1.0,3.4594869780987264e-09,3.4590862588548646e-09,1.0,1.0,1.0,0.9996827745359629,0.9997559349424,1.2005060454404882e-08
202,-95.87208517402942,-133.5652112799995,-96.51553720744408,-134.3223366376243,-96.51553632599118,-96.5148341417528,-134.32215872672222,-133.5652113642594,-134.31946580827793,-134.32233600361943,-134.32236961282345,6.531932125381489e-09,0.7248967727291686,4.4733613466580695e-09,0.6848450444357318,1.0,0.7248970922104222,1.0,0.7251516425494144,1.0,1.0,1.0,4.473759294233844e-09,6.171581199610736e-09,1.0,1.0,0.6858288158256037,0.9999999578700463,1.0,6.1798938552922054e-09
203,-124.89759488682495,-136.04089904370446,-125.6980039794999,-136.81692925150753,-125.69800403684567,-125.70125735225255,-137.26371737230062,-136.04156023912836,-136.81632670602352,-136.8152355103354,-136.81693118083143,0.0038041904172542535,0.6701829485471579,0.002580770755190557,0.6784020966682518,1.0,0.6701829293310787,1.0,0.6690936572829382,1.0,0.9983746359608506,1.0,0.0020640994637184597,0.0030799044771178887,1.0,1.0,0.6788308943670711,0.999669456929451,0.9999999713271142,0.003852005587165713
204,-40.12516845640312,-144.0777438260173,-40.14689551595603,-144.07774694276208,-40.1469144498879,-40.197606153311625,-141.97592270092986,-144.0326649538785,-144.0326722663498,-144.07775135986404,-144.03266763204655,2.6729145105386226e-23,0.9891952652633184,2.6729103451457013e-23,0.9999984416288249,1.0,0.9891859006297667,1.0,0.9644292065448504,1.0,0.9749634277597605,1.0,7.645215417871519e-23,7.728722211217227e-23,0.357588953623559,0.3575876461964693,0.9999963437710355,1.0,0.9999905330788769,2.7637217475513384e-23
205,-114.80532642359776,-124.35373224576927,-114.80542611973686,-124.35373448248978,-114.80503304327877,-114.80481307058776,-124.35662278937107,-124.35373082595282,-124.35373331160594,-124.35373473252525,-124.35373307024156,0.00844481267201897,0.9999501531728432,0.008444803227681359,0.9999988816403659,1.0,1.0,1.0,1.0,1.0,1.0,1.0,0.008432616437959735,0.008433036798087414,1.0,1.0,0.9999987571742159,1.0,1.0,0.008443569492220306
206,-67.81611167471985,-131.75979935178344,-67.81611048551639,-131.75331837074862,-67.81610835338853,-67.81610800553341,-131.78705992171635,-131.75287301486722,-131.75271407413388,-132.73512259928174,-131.75249028337194,1.3025807167840772e-14,1.0,1.3068085636942543e-14,1.0,1.0,1.0,1.0,1.0,1.0,1.0,1.0,1.2849466223001606e-14,1.284945858268902e-14,1.0,1.0,1.0,1.0,1.0,1.3072013025213505e-14
207,-162.3711768825682,-166.78937056294842,-162.37130846909125,-166.7880627685903,-162.37109258998197,-162.3713179860341,-166.2557175690415,-166.790769252506,-166.74064258498046,-166.79235707259056,-166.7918326372684,0.10979977048712179,0.9999342089028023,0.10987159172659891,1.0,1.0,1.0,1.0,0.9999294507557686,1.0,0.9999952415399019,1.0,0.14337806256513963,0.1433874961858381,0.7652705544505338,0.7846931667673855,1.0,0.9993008997057686,1.0,0.11250304427301032
208,-102.89856512065592,-131.26718407424022,-102.89856474565579,-131.26713028560013,-102.89834020452264,-102.89856518189166,-130.8894467580948,-131.26726830969312,-131.26725172479954,-131.2672237674072,-131.2673129289137,6.915644570616362e-07,1.0,6.915830564675842e-07,1.0,1.0,1.0,1.0,0.9999999693821313,1.0,0.9999997818820912,1.0,8.353284645562858e-07,8.353283079321607e-07,0.827860368579346,0.8278672335958684,1.0,0.9999578831604876,1.0,6.914633000976479e-07
209,-100.70570722115633,-149.83169706101404,-100.70570106040464,-149.8316899070829,-100.70569745666995,-100.7057024821159,-151.7015164970009,-149.83168799716026,-149.8315926641029,-149.83165017397684,-149.8316126783369,2.1499425116306587e-11,1.0,2.149950201914757e-11,1.0,1.0,1.0,1.0,1.0,1.0,0.9999992891446223,1.0,8.441132465691871e-12,8.441106463871319e-12,1.0,1.0,1.0,1.0,1.0,2.150044241173844e-11
210,-126.46673869412325,-134.43183975312968,-127.6759394568918,-135.84892326932945,-127.67537908644951,-127.67595904530603,-135.84928096868083,-134.6246344170804,-135.81891548896903,-135.8488899700093,-135.84895020246685,0.018638041788594774,0.546292691754664,0.009176657131129678,0.49236165661701536,1.0,0.5464457763383298,1.0,0.5462873412770964,1.0,0.9999902058408466,1.0,0.009175016035736906,0.01679505542398385,1.0,1.0,0.5503831890695776,0.9081031259680001,1.0,0.017047218928416864
211,-132.9627101825215,-137.75460632492957,-134.36184819019007,-139.45687680946813,-134.36277027391316,-134.3654287998028,-137.6852172520114,-137.7546039181541,-138.17806696639653,-139.45930688992473,-139.39980787531562,0.09108628169295112,0.49679937628219184,0.038887465129013817,0.4269299877681054,1.0,0.49657038376456264,1.0,0.49591074966463977,1.0,0.9982112968333365,1.0,0.09430193831849112,0.18981895473420593,0.9659015809144942,0.7815900902040998,0.8091819142319941,1.0,0.9995390644019264,0.14842903017695194
212,-130.25531352926242,-130.95589395296219,-130.25526926027123,-130.95539979588523,-130.2548859160675,-130.2545777832459,-129.02478360856668,-130.34533206758374,-130.85109055412698,-130.956135687154,-130.34619039092166,0.7044836105571801,1.0,0.7046576948434187,1.0,1.0,1.0,1.0,1.0,1.0,1.0,1.0,1.0,1.0,0.5167096180365631,0.4012568741766841,0.7765616512063658,1.0,1.0,0.7422253920804304
213,-139.49328824725563,-142.14814699941604,-140.72969708611373,-143.26773222283202,-140.72969439387364,-140.6699518619123,-143.23823992568816,-142.14814499074728,-142.74347312487998,-143.26772735645642,-143.26773275755264,0.2651580074702877,0.5389112278902534,0.15149207164350673,0.5713275382056192,1.0,0.5389119533299473,1.0,0.5552527811871797,1.0,1.0,1.0,0.15374254839151374,0.2852836245282732,1.0,1.0,0.7425507451038793,1.0,1.0,0.3653536956222607
214,-83.48756258383193,-134.27197945693922,-83.48756309620322,-134.27197981319745,-83.48757350297839,-83.4875789734395,-134.27280866482081,-134.27197893737141,-134.27197930469657,-134.2719774344795,-134.27197929223357,9.38218500987889e-12,0.9999997438143895,9.38218333863875e-12,0.9999998218709026,1.0,0.9999945404416726,1.0,0.9999918052297943,1.0,0.999992061413371,1.0,9.378295925271133e-12,9.378298327856188e-12,1.0,1.0,0.9999998163374384,1.0,0.9999947966259501,9.382236946933132e-12
215,-138.52659945804052,-138.61576380302972,-139.24544497284978,-142.4001516279505,-139.24545420394315,-139.24533151748741,-142.39995944262873,-141.54610938437241,-141.75180222898504,-142.40015157613968,-142.40015020957333,0.9563970073366627,0.6980791708226095,0.14416798670932307,0.1507407338201491,1.0,0.6980759488130417,0.7299018539978668,0.698118772358494,0.7299466299069546,1.0,1.0,0.14418184086041053,0.2065408149773443,1.0,1.0,0.9022655307008925,0.2310380668054543,0.9999953844639654,0.285596868697556
216,-73.06195153314354,-135.84853855412547,-73.06194539408278,-135.84853744321464,-73.06193897193344,-73.06194457043446,-135.84750127235563,-135.84855071391684,-135.84855039774357,-135.84853823671662,-135.84855040739274,2.3230890600388533e-14,1.0,2.3230903504116116e-14,1.0,1.0,1.0,1.0,1.0,1.0,1.0,1.0,2.3242942215006896e-14,2.3242870870199133e-14,0.9994754168612696,0.9994755748649878,1.0,0.9999939201227988,1.0,2.3230607129171108e-14
217,-138.88646169661342,-154.73518782335537,-139.6865631056554,-155.66892814652243,-139.68610883877756,-139.68645158686263,-155.64426549187328,-155.78368163704766,-155.7841027476732,-154.73518581848992,-154.73519322930403,0.00036182023301222155,0.6702860586404576,0.00022684735197267436,0.6269614888148389,1.0,0.6704383203092248,1.0,0.6703234344285114,1.0,1.0,1.0,0.00022966199942551713,0.0003426328154450072,0.9326660509554332,0.9324696938361144,0.9997894668524522,0.5920010284540695,1.0,0.00031942215682320897
218,-100.57194766009181,-141.18273712132554,-100.5719461467379,-141.1827349217641,-100.57194142645355,-100.57194292372378,-141.14797869462603,-141.18269849773804,-138.77233868718065,-141.1827347271269,-141.18269652265596,1.5187249077581946e-09,1.0,1.5187265780234836e-09,1.0,1.0,1.0,1.0,1.0,1.0,1.0,1.0,1.5453498420164696e-09,1.5453486726863043e-09,0.9827899133582674,1.0,1.0,1.0,1.0,5.06861298188781e-09
219,-82.32230330414092,-149.7495355256307,-82.32230228300241,-149.74953560525483,-82.32229732059105,-82.32229838380744,-149.7501370172598,-149.74954147505767,-149.74954155977784,-149.7495356114486,-149.74954155380132,2.2822465439976893e-15,1.0,2.282246453136745e-15,0.999999960187936,1.0,1.0,1.0,1.0,1.0,1.0,1.0,2.281560271103855e-15,2.2815591062096296e-15,1.0,1.0,0.9999999576399157,0.9999970252909427,1.0,2.2822328303651664e-15
220,-81.78095884217691,-144.0975399453505,-81.7808448309039,-144.09759479452998,-81.84787454876624,-81.78096061103054,-144.22994118125985,-144.0975013415878,-144.0973928580549,-144.09748635023132,-144.09761502712587,2.938504417330722e-14,1.0,2.938423831157643e-14,0.9999725757863048,1.0,0.9670956702687141,1.0,0.9999991155735802,1.0,0.9999421116122801,1.0,2.75027287045288e-14,2.7501160938659573e-14,1.0,1.0,1.0,1.0,0.9670405419357957,3.038707155823582e-14
221,-68.5128823140694,-141.52308000837388,-68.51219981081141,-141.56551973943488,-68.51287408629764,-68.51287739377415,-141.5626294205316,-141.56551790566428,-141.56551689410085,-141.56551971177748,-141.56551692321278,1.399706596532942e-16,1.0,1.3703179253568233e-16,0.9790036917387462,1.0,1.0,1.0,1.0,1.0,0.9996612659019848,1.0,1.372299684892758e-16,1.3718314652847085e-16,0.9985567998500646,0.9985573049019615,1.0,0.9790045893732497,0.9996629190814263,1.370314237536335e-16
222,-130.87007452916924,-132.40219762220556,-131.65150886474015,-133.14033683110648,-131.6041609245242,-131.6040606671882,-129.01949513408906,-132.4021977375313,-133.13474477292402,-133.1397114523553,-133.1399718127012,0.46484021945534104,0.6765714851924456,0.3213799692760449,0.6913772858394438,1.0,0.6927797179231892,1.0,0.6928144469181134,1.0,1.0,1.0,1.0,1.0,0.18427035083461105,0.1277570558887755,0.6933131418599288,0.9999999423371281,1.0,0.46519810856470933
223,-89.74584173179761,-134.7989801580718,-90.54415616295952,-135.2305430743679,-90.54415440554328,-90.54319841129197,-135.23055474434972,-134.79897313740494,-135.22812967557834,-135.2305506412516,-135.23055093122935,1.647537447126636e-10,0.6708852194524326,1.327769223748389e-10,0.8059114080011163,1.0,0.6708858089649827,1.0,0.6712065671079397,1.0,1.0,1.0,1.3277614762496373e-10,1.9791186893837608e-10,1.0,1.0,0.806881655370096,1.0,1.0,1.981518153148717e-10
224,-76.45583727647286,-148.27301905477458,-79.4469771624486,-149.82435483064137,-79.44670647548344,-79.4134215017553,-149.82342136854612,-148.27307911976817,-149.81572859171865,-149.82391234964615,-149.82391373286012,2.541541022298939e-16,0.22412083222570975,1.1701157912820303e-16,0.4603961852339513,1.0,0.224151167572462,1.0,0.227912815197644,1.0,1.0,1.0,1.1706620481187261e-16,5.223352226979818e-16,1.0,1.0,0.4624001043399837,0.9999699679541757,1.0,5.242772333942536e-16
225,-92.95695338976807,-120.27559480489936,-92.9568556985977,-120.27554712481975,-92.95696452902578,-92.9569750312993,-119.55370571035135,-120.27559803499906,-120.27554595168033,-120.27553259655019,-120.27555199701098,1.1690481262758952e-06,1.0,1.1690759967619706e-06,1.0,1.0,0.9999944303866563,1.0,0.9999891792929345,1.0,0.9999403354292078,1.0,1.6772145268928233e-06,1.677132604368574e-06,0.6970165232065848,0.6970346749098049,1.0,0.9999983849514503,0.9999455862664431,1.1690831938480994e-06
226,-138.84532174049414,-139.98313119424014,-138.84726761203007,-139.98312706569422,-138.84726250464672,-138.84726643782238,-140.64139466623556,-138.90462034793111,-139.7418790027587,-138.8725509727887,-138.9044899939882,0.5661451828477799,0.9990275373805824,0.56614635152718,1.0,1.0,0.9990300885921425,1.0,0.9990281239136591,1.0,1.0,1.0,0.40736875863657795,0.4077652951436007,1.0,1.0,0.6579480333720921,1.0,1.0,0.6393467998496127
227,-95.26690984105397,-133.96077171879983,-95.26690778673253,-133.96076998563615,-95.26690285010409,-95.2669049062963,-133.95538898372618,-133.9607666526371,-129.33231239609216,-133.96076993067166,-133.96076492267179,3.960359872667153e-09,1.0,3.960363304644607e-09,1.0,1.0,1.0,1.0,1.0,1.0,1.0,1.0,3.971033012891623e-09,3.971028934004584e-09,0.9973147772221166,1.0,1.0,1.0,1.0,4.006732098148565e-08
228,-99.02703563930953,-144.4556722815729,-101.79427820953566,-146.6998369684256,-101.79493346200036,-101.79452771578707,-146.7252788778974,-144.4556405614979,-147.1259255570722,-146.6994267250511,-146.70138321864354,1.3655163135581937e-10,0.25066916296499003,4.446135795515842e-11,0.32560107494653895,1.0,0.25058705062337505,1.0,0.2506378931539366,1.0,0.999875254655644,1.0,4.389934925552105e-11,1.7512863862577425e-10,1.0,0.8184660678080097,0.263120678670021,1.0,0.9996724274312652,1.43383816821799e-10
229,-101.99106482242613,-133.06617275820395,-101.9911800992414,-133.06634146193542,-101.99096519064904,-101.9911986718871,-133.6425381613779,-133.06567281328262,-133.06616473109912,-133.06620134423875,-133.06634381892948,1.78700615960683e-07,0.9999423632534215,1.786855428660489e-07,0.999915651691781,1.0,1.0,1.0,0.9999330775089199,1.0,0.9999907137202675,1.0,1.3395838171195893e-07,1.339661030822923e-07,1.0,1.0,0.9997540713371605,1.0,1.0,1.78692431242445e-07
230,-73.46478637582337,-140.2112127729884,-73.46634014322703,-140.22379581149823,-73.4662580556541,-73.46634585583644,-139.59535020057223,-140.21123743660544,-140.8346185012096,-140.83456481941613,-140.834685679544,3.2077289557379888e-15,0.9992234179941787,3.1876108204279125e-15,0.9937282309111284,1.0,0.9992644307484335,1.0,0.9992205639117057,1.0,0.9999971436993753,1.0,4.36446005341128e-15,4.367852048716398e-15,0.7349567551604664,0.5381412804009751,0.7322080879214184,0.9999876682675163,1.0,2.3504250217757866e-15
231,-123.81855900795176,-125.31586584909286,-123.81855782445479,-125.31523937071012,-123.81855469709973,-123.81855588056959,-123.23537448897565,-125.31553193799334,-125.02738884365885,-125.31569040799866,-125.3156179044463,0.473003060281897,1.0,0.4731512465856833,1.0,1.0,1.0,1.0,1.0,1.0,1.0,1.0,1.0,1.0,0.35342685750779135,0.40819626550337074,1.0,1.0,1.0,0.5463928408113927
232,-36.90664337322872,-138.77691804439058,-36.90664264172307,-138.77693230961748,-36.90663852567906,-36.90663925617747,-138.74383696655815,-138.77670239156976,-134.43964141111414,-138.7769320267281,-138.7668380314085,7.5709594510511e-23,1.0,7.570905450516534e-23,0.9999928674119896,1.0,1.0,1.0,1.0,1.0,1.0,1.0,7.697228601571134e-23,7.697225786288545e-23,0.9837015679773615,1.0,1.0,1.0,1.0,6.621822294567342e-22
233,-116.18138764753888,-134.49889299265175,-116.18138918438638,-134.49889406512074,-116.18139717317297,-116.18139091828476,-134.5456923051603,-134.4988874674565,-132.36135437185536,-134.49889500415873,-134.49888853551772,0.00010529415246038053,0.9999992315765492,0.000105294095998039,0.9999994637656487,1.0,0.9999952371943001,1.0,0.999998364628398,1.0,0.9999991330511825,1.0,0.00010285890853845852,0.00010285898757771673,1.0,1.0,1.0,1.0,0.9999960056146815,0.0003065963184261373
234,-94.60474223627989,-157.71090879488628,-94.60476307911063,-157.71091379336468,-94.6046897346331,-94.60473978192451,-157.739588823138,-157.7109075381584,-157.71091283425494,-157.7109140695116,-157.71091255868592,1.9800221323795594e-14,0.9999895786389348,1.9800171838368127e-14,0.9999975007639217,1.0,1.0,1.0,1.0,1.0,1.0,1.0,1.9518311993085268e-14,1.9518515402581703e-14,1.0,1.0,0.9999973519552401,1.0,1.0,1.979966156939799e-14
235,-126.44815555206353,-143.64068358300216,-126.66227566062307,-143.70729051538322,-126.54303694621231,-126.66216891015807,-142.3579041648704,-143.64063681987994,-142.9647319671176,-143.70818474695926,-144.28935420104003,0.000184794896501978,0.8984717142984001,0.0001787419376148722,0.9672449888948041,1.0,0.9536670267004522,1.0,0.8985196717149004,1.0,1.0,1.0,0.0003509473638084075,0.00039060479948715553,0.52657246186509,0.7382934526321184,1.0,1.0,1.0,0.0002716903632651584
236,-138.50681519476245,-142.18371516637674,-138.50681219871026,-142.18371986696556,-138.50680870379583,-138.5065412593492,-141.8262848021153,-142.18371925610847,-141.5892072809427,-142.18371669183531,-142.18371494455104,0.15906378625299633,1.0,0.15906341240670818,0.999997649708353,1.0,1.0,1.0,1.0,1.0,1.0,1.0,0.19018941094675285,0.19018912603826574,0.836342361004287,1.0,1.0,0.9999979551362248,1.0,0.21412415073148963
237,-130.21281709280913,-135.06475389591077,-130.21334303044733,-135.14208579502247,-130.2133432125115,-130.2133389087076,-135.13682929300631,-135.06475364836584,-135.24887008313127,-135.13910531322443,-135.24934965712671,0.08839247816846371,0.9997370657541685,0.08503993144433236,0.9620720360646314,1.0,0.9997369747460303,1.0,0.9997391260842788,1.0,1.0,1.0,0.08526373170267613,0.08528615635387692,1.0,0.9455198517572981,0.9120520507161761,1.0,0.9999999089679262,0.08063976125347215
238,-70.54992295021566,-122.1630146250956,-70.549784137318,-122.12170126506388,-70.5495682448406,-70.54991796228103,-127.32059939483392,-122.16162876607288,-122.16162524640515,-122.1203351998731,-122.12265483342,6.199541132894103e-12,1.0,6.328934892084523e-12,1.0,1.0,1.0,1.0,1.0,1.0,0.9999330897570755,1.0,4.703316915985913e-13,4.702990486789323e-13,1.0,1.0,1.0,1.0,1.0,6.2027492125400815e-12
239,-146.77491894607536,-148.0382688853638,-147.57602616475833,-148.97151636410695,-147.57368518193948,-147.5729606716754,-144.40548763076075,-148.1005031713746,-148.2623070727438,-148.9699981039323,-148.97148155069658,0.5317004725898561,0.6699490532983665,0.3334378762745183,0.6271160050890645,1.0,0.6707336820210128,1.0,0.6709767027546574,1.0,1.0,1.0,1.0,1.0,0.15762952617072548,0.14537920825309877,0.9222841163377054,0.9693620124452775,1.0,0.7087085241274469
240,-156.60513209725093,-156.65877490637473,-157.13398133846653,-157.3726863529728,-156.60467257822964,-156.6051265746273,-156.47767853159183,-156.81655754204792,-156.34825383840325,-156.81644475788863,-156.81651787222438,0.9735350949259461,0.7676475114895622,0.6812832493155386,0.6998034820381711,1.0,1.0,1.0,1.0,1.0,1.0,1.0,1.0,1.0,0.8441378188606365,1.0,1.0,0.9241403565606409,1.0,1.0
241,-106.27390558653374,-154.18062418047725,-106.30001764354944,-154.40137969851148,-106.30290970565594,-106.31103191120658,-155.5982086420447,-154.39666563949302,-154.39667095840014,-154.40138254896854,-154.39652640354788,3.9553801916317064e-11,0.9870288317183777,3.542026308603754e-11,0.8954957897846408,1.0,0.9856025888215441,1.0,0.9816080719744222,1.0,0.9945080026340078,1.0,1.9469898148587395e-11,1.97257643575528e-11,1.0,1.0,0.9999973405499795,0.8976089892449565,0.9985550139458939,3.602238279491693e-11
242,-68.07163051142732,-137.83611248681092,-68.22049357546484,-137.83610825169572,-68.07173592040147,-68.22049303354117,-138.06830739024358,-137.83613700361212,-138.06633115416645,-137.83610162299885,-137.8360630392972,7.093085953444999e-16,0.9282710287266055,7.093100973478952e-16,1.0,1.0,0.999947296901782,1.0,0.9282712802526603,1.0,1.0,1.0,6.31560180203674e-16,6.803618347004162e-16,1.0,1.0,0.8912796184911655,0.9999877416745317,1.0,6.322178644724546e-16
243,-86.11190345069338,-133.16683903646006,-86.11187439375234,-133.16684023919743,-86.11189422607754,-86.1117876997186,-133.18810192014223,-133.16683637811445,-133.15460831941698,-133.16684055625473,-133.15460809097132,6.055507751482113e-11,1.0,6.055504109890483e-11,0.999999398631498,1.0,1.0,1.0,1.0,1.0,1.0,1.0,5.991469983077444e-11,5.991382936814786e-11,1.0,1.0,1.0,1.0,0.9999900838865682,6.092624713213407e-11
244,-107.78305111423464,-138.66616601670054,-109.60903208155699,-139.80299672734083,-109.60906697814903,-109.60904910088382,-139.8032819037357,-138.6662090708671,-139.77248576999307,-139.80309686283067,-139.8029570872451,1.9670563756542482e-07,0.4013222800111642,1.1141846083253935e-07,0.5664223059976164,1.0,0.40131527768231257,1.0,0.4013188649081706,1.0,0.9999914903727904,1.0,1.11402575007641e-07,2.775888121749477e-07,1.0,1.0,0.5751419784832507,0.9999784731484291,0.9999825518562002,2.819011396970333e-07
245,-119.22163673891257,-138.29767310591208,-119.55469696797405,-138.2976763259066,-119.6948789316537,-119.85213446803641,-137.6266886728892,-137.3044408090063,-138.59560197147619,-138.81194879569966,-137.67620698131682,7.205951497618992e-05,0.8465973216704815,7.205939896066195e-05,0.9999983900040406,1.0,0.7892902963243175,1.0,0.7296072782779062,1.0,0.8618114652645795,1.0,0.00010078450171371462,0.00011904656338251761,1.0,0.616031827173744,0.5243580212880612,1.0,0.9323089928596898,7.866112256875357e-05
246,-132.55163089542972,-134.55007556057785,-133.12056656634655,-135.06647131406154,-133.12053829546113,-133.12054811239653,-134.88470746425673,-134.55007550273166,-134.88531272659708,-135.06646940133032,-135.06647142717247,0.3681656402989586,0.7524145561440696,0.2843867392312086,0.7724423686041975,1.0,0.7524251919320938,1.0,0.7524214986864055,1.0,1.0,1.0,0.3114432051285098,0.41392501325941355,1.0,0.9996974146180218,0.8456763040389186,1.0,1.0,0.41379391639962626
247,-148.00724554159711,-148.67868580399727,-148.00719267862834,-148.6786822174783,-148.0055000968733,-148.00460488601462,-147.28452375681547,-148.6786862846332,-148.37727881625096,-148.67867990704553,-148.03063721265343,0.71482313451667,1.0,0.7148244163811861,1.0,1.0,1.0,1.0,1.0,1.0,1.0,1.0,1.0,1.0,0.4980368225094921,0.5790435839496171,1.0,0.9999997596820696,1.0,0.8303654617928309
248,-141.77453343695376,-142.39631339055262,-142.11901123983066,-143.7125290149355,-143.08423352490635,-143.0842616484546,-143.5436295969925,-142.39619816744207,-142.7430288762784,-143.7120626255038,-143.71232174165485,0.7327944958300092,0.8417780471584901,0.37946314974177636,0.5178302401302464,1.0,0.5195199618938874,0.7089572381482565,0.5195126565728936,0.7089472690218022,0.617161089347201,1.0,0.41290072921124454,0.490510213000962,1.0,1.0,0.840788317166199,1.0,0.6171697677880545,1.0
249,-108.17213286178509,-118.59232312289953,-108.1726762590261,-120.25824694729783,-108.17266637129512,-108.17267618592317,-119.47337038776277,-118.59232313261455,-118.59232326141478,-120.25968824483164,-120.25946745220861,0.00546115414029232,0.9997283382862189,0.0023742895033015566,0.434759657447513,1.0,0.9997332808208688,1.0,0.9997283748277593,1.0,1.0,1.0,0.0035153409389519865,0.003516296181998951,1.0,1.0,0.9999999355998902,0.9999999951424883,1.0,0.005462610745119625
250,-128.38084748491605,-137.39348653167298,-128.38084073770926,-137.39348113613363,-128.38081618108185,-128.38082688991406,-136.86291824504573,-137.39347157778914,-133.90912759809626,-137.3934811346856,-137.39348111040798,0.011039014334895467,1.0,0.011039044115653734,1.0,1.0,1.0,1.0,1.0,1.0,1.0,1.0,0.014392682229625822,0.01439263367450614,0.766993719249232,1.0,1.0,1.0,1.0,0.06302929198482972
251,-100.5275303318794,-126.09183994765752,-100.52757232584449,-126.0918402456114,-100.5275697288927,-100.52748214664638,-126.10231663909855,-126.09182914054048,-126.09182937758561,-126.09184072467389,-126.09182923138405,2.8104813007242974e-06,0.9999790032378931,2.8104808820274302e-06,0.9999998510230736,1.0,0.9999803016873663,1.0,1.0,1.0,1.0,1.0,2.795797520964711e-06,2.795856224892754e-06,1.0,1.0,0.9999998814774428,1.0,1.0,2.8105515173807257e-06
252,-135.41418852948863,-141.23091315153192,-135.41418071465137,-140.73786817502406,-135.41418209707285,-135.68087583652664,-140.49235288437666,-140.73920932758375,-141.2194768959517,-140.73807845269187,-140.73813109481094,0.05456501726411969,1.0,0.06981964772669902,1.0,1.0,1.0,1.0,0.8751642871384048,1.0,0.8751608675118454,1.0,0.0789388183799357,0.07893850993352872,0.8838850828210777,0.6951956197278392,0.7865226297393749,1.0,0.9999993087894952,0.054877744265705
253,-103.67985835265767,-143.58037215655656,-103.67958234054007,-143.5780288724776,-103.679828514869,-103.67978030113673,-142.4784051036848,-143.59576160276498,-142.5353780153126,-143.5793977768583,-143.7227056090628,2.1662746367914944e-09,1.0,2.1688142226772915e-09,1.0,1.0,1.0,1.0,1.0,1.0,0.9999010246000555,1.0,3.7583967170778935e-09,3.757878071348502e-09,0.5719645588696161,0.9719154578608205,1.0,0.9923348054909553,0.9998769204104463,3.6527893701162144e-09
254,-81.59099314644766,-133.3463007319321,-81.59054601307281,-133.958188256008,-81.59098635425735,-81.59033532448586,-133.3312624653753,-133.34627880118848,-133.34627548649436,-133.34629815637717,-133.95816553164724,5.774012945008315e-12,1.0,4.2521449985154965e-12,0.7364280335033755,1.0,1.0,1.0,1.0,1.0,1.0,1.0,5.817592151503029e-12,5.816291677073732e-12,0.9925199479758036,0.9925215929271806,1.0,1.0,0.9997798536434946,5.7740662198988536e-12
255,-61.958064712548605,-126.4810722355999,-62.44341534174072,-128.52066583005563,-62.44320584082743,-62.44311737287177,-126.61086864966984,-126.62799311631107,-128.71168676500602,-128.5086657921055,-128.7132188411735,9.750052146798483e-15,0.7845261966284728,3.5165339674133263e-15,0.3606682215097713,1.0,0.7846083804101371,1.0,0.784643087527454,1.0,1.0,1.0,9.13738670734509e-15,1.1647012867910965e-14,0.9914743182038149,0.349794633664758,0.3528025156500843,0.9291729028140986,1.0,4.0736358618528375e-15
256,-106.31578841680934,-141.5405290402913,-106.3157857068415,-141.54055086808933,-106.31576688659538,-106.31578533183594,-141.37656969203425,-141.5345637145728,-141.5345869210564,-141.54055219018431,-141.53458541238865,2.24411320042746e-08,1.0,2.2440887085362554e-08,0.999989086160538,1.0,1.0,1.0,1.0,1.0,1.0,1.0,2.435836200322438e-08,2.4358328998057857e-08,0.9240426861557226,0.9240319643272169,0.9999883968255295,1.0,1.0,2.250766279093091e-08
257,-126.0778311412488,-127.95720352149061,-126.07678710997823,-127.9571963274409,-126.07802892964955,-126.07802851271083,-127.7574265367547,-127.95720180915072,-127.51936395764235,-127.95719466585945,-127.95719486185718,0.39075043746817495,1.0,0.3907518430097394,1.0,1.0,0.9999011106894931,1.0,0.9999013191382584,1.0,0.9993794912289414,1.0,0.4317978682727728,0.43157252185654593,0.9049390947207197,1.0,1.0,1.0,0.999379282888961,0.48642745043451485
258,-146.48903427590488,-149.0276799438414,-146.48902570543532,-149.02767435457505,-146.48798002342204,-146.48902688852652,-148.9739466763571,-149.02768183432468,-148.25777772945622,-149.02767372901081,-146.59283353039433,0.2810218558160312,1.0,0.28102264117012987,1.0,1.0,1.0,1.0,1.0,1.0,0.9999994084545749,1.0,0.28867430455912485,0.28867306752460525,0.9734901435435518,1.0,1.0,0.9999990547588089,1.0,0.41275592018373164
259,-138.42300379516723,-138.50948920088823,-138.42836896772639,-138.51012725414853,-138.42466679180396,-138.4283673689759,-141.02271712974434,-138.64683222299246,-140.92418163306374,-138.50993650091607,-141.19855381793678,0.9576789304430083,0.9973210086397187,0.9573734540911985,0.9996810242534325,1.0,0.9991688472805694,1.0,0.9973218058737613,1.0,1.0,1.0,0.27257085855448066,0.2733030350240487,1.0,1.0,0.3202431573456845,0.9336333179381893,1.0,0.28657430544367907
260,-68.00225795518332,-150.10365328401298,-68.00226335917364,-150.10365620863777,-68.00226541721543,-68.0017044790682,-150.13742195999018,-150.03793921388777,-150.10368189152092,-150.1036574991853,-150.10368059751224,1.4856226977965735e-18,0.999997298008493,1.4856205253536737e-18,0.9999985376886718,1.0,0.9999962689909094,1.0,1.0,1.0,1.0,1.0,1.460749516545854e-18,1.4607534634893097e-18,1.0,1.0,0.9676630522536315,1.0,0.9999989709796361,1.485606990780177e-18
261,-127.2328847095115,-129.01122343412737,-127.23173829239164,-129.01072071411437,-127.23288575340939,-127.23288530620138,-127.43778992192478,-129.01256804448008,-128.98619187186137,-129.0111082777002,-127.37182269379093,0.41099700060608735,1.0,0.4111003217996959,1.0,1.0,0.9999994780511882,1.0,0.9999997016551011,1.0,0.9994266575187797,1.0,0.902620927368935,0.9021036855848688,0.4550313045097023,0.4610720419574542,1.0,0.9993279207701357,0.9994264340430017,0.41617349131678527
262,-131.8821786976557,-132.44246880273352,-131.89329703579563,-132.44246905810564,-131.8834359006868,-131.88343563750058,-131.49737406833768,-132.44246882392633,-132.36030397146124,-131.91200792799606,-132.4424690828871,0.7556741210557092,0.9944562545163954,0.7556740245666608,0.9999998723139437,1.0,0.9993715960129835,1.0,0.9993717275234101,1.0,1.0,1.0,1.0,1.0,0.6234121775238771,0.6495568280915986,1.0,0.999999989403591,1.0,0.7878606574662563
263,-96.43060124795642,-135.19220711063417,-99.10913657716907,-135.77418372055448,-99.07627007037868,-98.44042751422853,-134.61654132538575,-135.2183857028686,-135.7216178438009,-135.9265913451886,-135.96910603591914,3.828461041521926e-09,0.2620374976641483,2.86186812068511e-09,0.7475244202948531,1.0,0.26637920272535226,1.0,0.3660764333346034,1.0,1.0,1.0,5.105384658961357e-09,1.948341250573568e-08,0.7401353613701417,0.5754872192149835,0.777543202569918,0.9869959961749526,1.0,1.1029703484163477e-08
264,-137.31632611235023,-141.45608196524756,-137.82718578531447,-142.49548515867977,-137.82801644577341,-137.8341004067284,-141.45675604943472,-141.45879814701405,-142.479015100108,-142.4971536699327,-142.4766659131143,0.12620118659178445,0.7745834821559573,0.07505159090709068,0.594697981326084,1.0,0.7742618410188351,1.0,0.7719101303564426,1.0,0.9965486589101104,1.0,0.1261586586469001,0.16287290079534497,0.9989794723032794,0.599817686761652,0.6004304426583391,0.9986428309048418,0.9995847560081879,0.09773463030925174
265,-83.19377000866439,-126.86656520658221,-83.19387596081464,-126.95152826340538,-83.18972065553544,-83.19388547139184,-126.95184976022327,-126.95152542549494,-126.86656761775197,-126.86656769176187,-126.86656758665754,3.2852847530036095e-10,0.9999470253280826,3.148643743714146e-10,0.958408168678669,1.0,1.0,1.0,0.999942270302698,1.0,0.9999952447227062,1.0,3.1481376449203867e-10,3.1483044253144206e-10,1.0,1.0,1.0,0.9584095286179093,1.0,3.2786358904469646e-10
266,-114.82939364561753,-138.24994327968807,-114.82939432742779,-138.2499431802734,-114.8293903775319,-114.82939168233031,-138.25833597695697,-138.2498921083071,-136.0672118818674,-138.2499428664827,-138.24989226123103,8.209037987751542e-06,0.9999996590949264,8.209038395800982e-06,1.0,1.0,1.0,1.0,1.0,1.0,1.0,1.0,8.174662179284531e-06,8.17466496606929e-06,1.0,1.0,1.0,1.0,1.0,2.444925648376475e-05
267,-132.73189108044423,-138.85013304851955,-132.7318847931141,-138.85017070138832,-132.73187992201707,-132.731886213889,-139.64394800421744,-138.8501763144285,-138.24621700188547,-138.8501421275054,-138.85017032895638,0.046928928372168596,1.0,0.04692804487609442,0.9999811737428315,1.0,1.0,1.0,1.0,1.0,0.9999992896127986,1.0,0.03155483471721506,0.031554735519539336,1.0,1.0,1.0,0.9999783672795194,1.0,0.06347123042418144
268,-148.89460688576293,-148.92610424052125,-148.89460472366258,-150.37992949762094,-148.89460200607508,-148.89038478239422,-148.84911555271705,-150.380145147138,-150.0577582572172,-149.656609058928,-150.38027928140343,0.9843746845954473,1.0,0.47584585752240627,0.4833991212583515,1.0,1.0,1.0,1.0,1.0,1.0,1.0,1.0,1.0,0.4650944400146382,0.5464451445998704,1.0,0.4833470016747696,1.0,0.5590154734772477
269,-117.13193152607761,-140.9229851181414,-117.13193657894499,-140.92297719058595,-117.13191960842255,-117.13187466336325,-142.82680322724943,-140.92417292750918,-140.92416151172466,-140.92297472544882,-140.92383513050885,6.820847711005095e-06,0.9999974735695016,6.820874747382932e-06,1.0,1.0,1.0,1.0,1.0,1.0,1.0,1.0,2.6328705303166593e-06,2.63287718209787e-06,1.0,1.0,1.0,0.9994062716425961,1.0,6.816796269722697e-06
270,-151.97979853056344,-151.9802568849474,-152.62306009811056,-152.62215844975532,-152.6230370635167,-152.6225784448486,-152.20672444906393,-151.97985275780712,-152.60997217821472,-152.6082475270788,-152.6229313215929,0.9997708490671038,0.7249658100627803,0.725292715860886,0.725458955457307,1.0,0.7249741597573589,0.7251403263396202,0.725140422161165,0.7253066268513438,1.0,0.9997900245012936,0.8927372634563424,1.0,1.0,0.8174023240975676,0.7297452997275801,1.0,1.0,1.0
271,-125.05443677387717,-126.98626411665003,-125.054436423102,-126.98626396724836,-125.05443410132102,-125.05443381638236,-125.58496337293792,-126.98625981935228,-126.9363532548685,-126.98625394371342,-125.53831908783286,0.3806352652641161,1.0,0.3806352936978895,1.0,1.0,1.0,1.0,1.0,1.0,1.0,1.0,0.7670039716010988,0.7670038370781375,0.49626350998152213,0.5088027098714059,1.0,1.0,1.0,0.3902531777456564
272,-117.17841936570287,-137.6334538968521,-118.60820037584489,-139.0917463802923,-118.60811279825452,-118.60661389144221,-139.09176180579175,-137.63348768792005,-139.0660577790461,-139.0917034953269,-139.09181915138657,3.616143763684072e-05,0.4892456787844779,1.744140628206629e-05,0.4823205995631451,1.0,0.48926710273236085,1.0,0.48963392306923015,1.0,1.0,1.0,1.744127176138364e-05,3.5649311823696005e-05,1.0,1.0,0.48856388138240514,0.9999831046087542,1.0,3.610885288581964e-05
273,-150.93279316852363,-157.91442308009067,-150.93278813418877,-157.9144196953985,-150.93278543144646,-150.93278895404995,-158.27122069213252,-157.91422845457296,-157.84443938131255,-157.91439567310448,-157.91418631372252,0.030476025434910035,1.0,0.030476077010936135,1.0,1.0,1.0,1.0,1.0,1.0,0.9999995900694915,1.0,0.025496508396906273,0.025496444218006512,1.0,1.0,1.0,1.0,1.0,0.03156119324529095
274,-116.02389391533683,-134.04866642179593,-116.24332002466795,-134.04921407479839,-116.24332225310346,-116.24324719433753,-134.26220426176482,-134.04866456315227,-134.04867413864932,-134.04867165846667,-134.04866759933176,0.0001218906467582199,0.8960912276060372,0.00012185727443820696,0.9997262109858264,1.0,0.8960902291658396,1.0,0.8961238595102801,1.0,1.0,1.0,0.00010954718665067461,0.00012225003802719583,1.0,1.0,0.9999952122629383,1.0,0.999998885782868,0.0001360244454026334
275,-113.42304911164968,-137.38770519617776,-113.9677452882218,-137.9211057582762,-113.9677346623894,-113.96768174612924,-139.87421501110435,-137.38994894684382,-137.92450204599845,-137.9228316350586,-137.9203879729614,6.253757703873993e-06,0.7615891146957172,4.789769238821702e-06,0.7659025925891872,1.0,0.7615931609656121,1.0,0.7616133115631051,1.0,1.0,1.0,1.8038578262227636e-06,2.368544654086175e-06,1.0,1.0,0.7654613541776092,0.9988787537338377,1.0,6.278473427641484e-06
276,-60.19337468264362,-131.42953488837693,-60.19277282600686,-131.42953729124247,-60.19341301898936,-60.19341902556454,-131.4779187839534,-131.42952618699766,-131.42952905493829,-131.4295377459638,-131.4295286084028,3.3983206564853736e-16,1.0,3.398316573634053e-16,0.9999987985679551,1.0,0.9999808320108389,1.0,0.9999778287853273,1.0,0.9996769524122732,1.0,3.3170951239180305e-16,3.3160970662399144e-16,1.0,1.0,0.9999985660307168,1.0,0.9996799547341652,3.3983957088594724e-16
277,-138.9193832875511,-158.08716230208137,-139.24757996741076,-158.36683386569698,-139.247568412633,-139.24751662748508,-158.2256265165804,-158.08705060208598,-158.36684868048795,-158.08716971641576,-158.08712242394802,6.882871662766796e-05,0.8486585607531858,5.9846638732099075e-05,0.8695010115594943,1.0,0.8486634637978798,1.0,0.8486854381638673,1.0,1.0,1.0,6.422476881955373e-05,7.56779838084166e-05,1.0,0.9318242249211288,0.8694460109317526,1.0,1.0,7.051817119379669e-05
278,-122.05769722992531,-125.43866292213414,-122.05768677418257,-125.43850667001013,-122.05768203492244,-122.05769227710988,-124.5185972799053,-125.43831090387988,-125.4348329050137,-125.43870608046927,-125.438710177899,0.1844304509656532,1.0,0.18444486035336846,1.0,1.0,1.0,1.0,1.0,1.0,0.9999972485401311,1.0,0.29216106830998534,0.2921595409334932,0.6313740442294324,0.6324729585631776,1.0,1.0,1.0,0.18478257135981047
279,-128.5680088256641,-129.75180779068964,-128.5959006351429,-129.75180622709465,-128.56800459914535,-128.56800140763605,-128.86340553008523,-129.74427112665987,-129.60525610472507,-129.19968779991308,-129.74427021999708,0.5532753491337252,0.9861508889093278,0.5532757816831767,1.0,1.0,1.0,1.0,1.0,1.0,1.0,1.0,0.8626913046222527,0.8748065983861557,0.643757743533059,0.6900954985169908,1.0,1.0,1.0,0.5953381278243601
280,-87.41215792426334,-146.08006717494095,-87.41232360498742,-146.08006899220916,-87.41230567231392,-87.4114462439801,-146.084229022126,-146.0800650143915,-146.72274783257853,-146.078817944344,-146.72585961827997,1.8214840548724663e-13,0.9999171630691277,1.8214823998106822e-13,0.9999990913663062,1.0,0.9999261287033288,1.0,1.0,1.0,1.0,1.0,1.8176976267294424e-13,1.8178482116960882e-13,1.0,0.7266870184440087,0.7251756271685196,1.0,1.0,1.3209948524034108e-13
281,-127.13376282310793,-127.13412488784616,-127.13414326691557,-127.13412521213866,-127.13414981401849,-127.1341462871867,-127.09059537045277,-127.13317877255685,-127.12974503184253,-127.13412521423817,-127.13412492842198,0.9998189840162574,0.9998097961872178,0.9998188218993714,0.9999998378537629,1.0,0.9998065232637602,0.9999875369914991,0.9998082863400298,0.9999893003869715,0.9999984898655787,0.9999894625314999,1.0,1.0,0.9789333670238988,0.9806155123028599,1.0,1.0,0.9999967264539015,1.0
282,-48.08073680434876,-141.98647068351977,-49.35419836485528,-141.98647282122528,-49.35419592952874,-49.354198426950916,-142.0507620337024,-139.4695982652099,-139.4695952175577,-141.986476489659,-139.46959442110168,4.06096249515406e-21,0.5290190797186066,4.060958154585429e-21,0.9999989311478173,1.0,0.5290197238861003,1.0,0.5290190632937188,1.0,0.9999999689521819,1.0,3.9324959976916996e-21,7.433561753166728e-21,1.0,1.0,1.0,1.0,1.0,2.7020269561738728e-20
283,-94.69667985014962,-133.6878567729666,-95.9784910860945,-134.39050018169314,-95.97843431093159,-95.97840320801109,-134.3911282083326,-133.68802457695833,-134.3813024715041,-134.39076413450667,-134.39076448908781,3.4132925257937438e-09,0.5268151147096831,2.402129585430875e-09,0.7037573156353675,1.0,0.5268300699289321,1.0,0.5268382629695305,1.0,1.0,1.0,2.4013754031631813e-09,4.558288735672525e-09,1.0,1.0,0.7070605683238386,0.9999161015238093,1.0,4.580608074448617e-09
284,-143.4652615114651,-143.48032032972748,-146.39145168759347,-146.3811938377504,-146.3914516954716,-146.39145151393956,-145.4819351471134,-143.46507926064737,-143.10934081505007,-143.45274736466263,-146.37749417394753,0.992498865860573,0.23151859422287788,0.23270908607250218,0.23446786094886407,1.0,0.23151859331091126,0.2332683706496398,0.23151861432493404,0.2332683918224829,1.0,0.9948842919386601,0.3648252461125491,1.0,1.0,1.0,1.0,1.0,0.9999999960609358,1.0
285,-161.29674334817392,-161.30743229761066,-161.29676594830926,-161.30739886601862,-161.29676248374676,-161.2966299149753,-159.9954259486208,-161.3221748265471,-161.29076672215223,-161.3076682184638,-161.31925944753056,0.9946697815778583,0.9999886999961763,0.9946864084140015,1.0,1.0,0.9999904322593502,1.0,1.0,1.0,1.0,1.0,1.0,1.0,0.5151101905545841,0.5232633592088942,1.0,0.992655836670939,1.0,1.0
286,-148.2085902531215,-148.2063048315442,-148.38437715285372,-148.38325563675957,-148.4035412572602,-148.2086167775498,-147.1854313751918,-148.20125226468784,-148.35424077806817,-148.40270533095597,-148.38281902840717,1.0,0.9158584563658296,0.9163721753877921,0.9153256250825956,1.0,0.9071245639582637,0.9060885749630064,0.9999867378738034,0.9988446948766212,1.0,1.0,1.0,1.0,0.6017516593705983,0.5574376048637713,0.9263582346359007,1.0,0.9904637093790427,1.0
287,-97.67625064589879,-153.712131506367,-97.67624898889662,-153.7121317230524,-97.67624698151423,-97.67624687334899,-153.69592862771154,-153.71220585724996,-153.71220627539958,-153.71213190220965,-153.7122060396153,6.791458900737823e-13,1.0,6.791458164932845e-13,0.9999998916573022,1.0,1.0,1.0,1.0,1.0,1.0,1.0,6.846702969048788e-13,6.846697296550297e-13,0.991894414092175,0.9918942067120581,0.9999997909252093,0.999962825249521,1.0,6.791192567295738e-13
288,-122.98822826508808,-127.37304095609454,-123.29612787566325,-127.74670291568054,-123.29772104893948,-123.29882822873617,-128.22677342814015,-126.9465214527298,-126.99077295987365,-127.7485220449714,-127.74352307589808,0.11164776201969949,0.857315052613987,0.0926211904185463,0.8295839409857932,1.0,0.8566323988309573,1.0,0.8561583070266937,1.0,0.9986507345417925,1.0,0.07285584024085251,0.08498140796514915,1.0,1.0,0.9781172255820514,1.0,0.9992037305527901,0.1577843651778972
289,-156.8435687664028,-161.03164402072997,-157.54644565719545,-161.86300297386526,-157.5462947716331,-157.54662215254416,-161.00767049298992,-161.03144094420486,-161.86262473688214,-161.86296898079948,-161.86308044938326,0.12318874012317706,0.7036751630747018,0.08129123297480956,0.6598917473587768,1.0,0.7037282522886261,1.0,0.7036130681179666,1.0,0.9999117562193559,1.0,0.12467425996336186,0.17717587106328858,0.9881851247008115,0.6521523218014322,0.6599495433599867,1.0,1.0,0.11553693892430908
290,-140.79711759228903,-144.2479264534711,-140.79711219093224,-144.2479219376787,-140.79642179931227,-140.79711378162193,-144.20661176391664,-144.24792357351112,-143.41137538860534,-144.247921477118,-144.24791905817267,0.17810100770965584,1.0,0.17810140984369816,1.0,1.0,1.0,1.0,1.0,1.0,0.9999992046554703,1.0,0.18181836480456814,0.18181787377230174,0.9795559670947729,1.0,1.0,1.0,1.0,0.2705017274317886
291,-121.11402883349115,-139.57995110215265,-121.11200958599053,-139.57995220685964,-121.11460216334655,-121.11427388044436,-139.61826407645557,-139.5799413505199,-139.57994295110487,-139.57994604324904,-139.57994244667987,9.776331687810048e-05,1.0,9.776326287820532e-05,0.9999994476466545,1.0,0.9997133761567649,1.0,0.9998774840290893,1.0,0.9988684934099721,1.0,9.590833930800212e-05,9.581155683594677e-05,1.0,1.0,0.9999991997078372,1.0,0.9987045511412406,9.779174476136598e-05
292,-139.78233443293382,-139.78207695556392,-139.7823299525283,-139.78207247525302,-139.78213544348097,-139.78232967002856,-138.94303035078343,-139.7818034350443,-139.7323461957957,-139.76106746829208,-139.78174365810264,1.0,1.0,1.0,1.0,1.0,1.0,0.9999707564690781,1.0,0.9998736507504206,1.0,0.9998714108805182,1.0,1.0,0.6574500140160253,0.673910529448864,1.0,1.0,1.0,1.0
293,-157.5328804680184,-157.54397974213504,-157.59111615910754,-158.44733685111882,-158.21563205203904,-158.21562248052913,-157.65323120241803,-157.54499971005004,-157.92209722681082,-158.21713410540434,-158.44991845395506,0.9944657337301726,0.971301994109383,0.6330358701434299,0.6365587557943859,1.0,0.7107917481512864,0.7147473503035198,0.7107951498345557,0.7147507709173768,0.7317962427188321,1.0,0.9415993934556102,0.9694198088401866,1.0,0.8742114384193075,0.8281601227079118,0.9994901460622153,0.7317927405297191,1.0
294,-72.15091346663942,-130.1906182857788,-73.6390694117141,-131.00757685846634,-73.63906760899638,-73.90580699548113,-131.71273742888212,-130.2170053541387,-131.0534752388392,-130.30352093002958,-130.30344623852457,2.4936657069312104e-13,0.4751722198579946,1.657440446980934e-13,0.6646602398926351,1.0,0.47517264815887794,1.0,0.4158433033080645,1.0,0.8751422872160738,1.0,1.1649687094330932e-13,2.4516768042147853e-13,1.0,1.0,0.6582075694242493,0.9868931189863391,1.0,3.4089434139516635e-13
295,-108.7228069830775,-138.8231822288016,-108.7231297584417,-138.82778295325275,-108.72353972871298,-108.72364162334605,-138.82314788020358,-138.8296291837655,-138.26944779584585,-138.8296293728817,-138.82962950264385,2.9092869828835237e-07,0.9998386253401931,2.9026022605938604e-07,0.9977022815799904,1.0,0.9996336942885881,1.0,0.9995827669316601,1.0,0.9997441002957393,1.0,2.909336948277156e-07,2.909806517313992e-07,0.9967645934634931,1.0,1.0,0.9967817123436733,0.9997950358723785,3.8387301330575553e-07
296,-48.20159097564411,-134.26117288577655,-48.20158731448231,-134.26117281190074,-48.19726909783978,-48.201587133717965,-134.25820497961425,-134.2611282639008,-134.26112810871138,-134.2611727945743,-134.26112819138075,2.053048602853556e-19,1.0,2.0530486786888681e-19,1.0,1.0,1.0,1.0,1.0,1.0,1.0,1.0,2.0560974922984483e-19,2.0560937284490937e-19,0.9985394255353569,0.9985395030167329,1.0,1.0,1.0,2.0486627463641888e-19
297,-142.65236688442576,-154.60115590728225,-142.65236337095382,-154.60115389743177,-142.652360123743,-142.75722590471517,-154.5146617360744,-154.6011493345338,-153.8596581835189,-154.6011527672223,-154.89546148590955,0.00254304140320972,1.0,0.00254304395877749,1.0,1.0,1.0,1.0,0.9489212080169868,1.0,0.948919541014433,1.0,0.002655433327279903,0.00265542866238876,0.9576778804738979,1.0,1.0,1.0,1.0,0.0036843946906443266
298,-93.8500662912517,-133.63639245926456,-93.85021344159043,-133.6363981476182,-93.84998855779003,-93.85026431143547,-133.4236177175697,-133.63639221087976,-133.63639764244593,-133.63639726288392,-133.63639752435296,2.2935543976140918e-09,0.9999264275372196,2.2935478743491143e-09,0.9999971558272253,1.0,1.0,1.0,0.9999009948094504,1.0,0.9999745654009448,1.0,2.551011950513339e-09,2.5511996485545287e-09,0.8990764163196463,0.8990739746264402,0.9999972842206049,1.0,1.0,2.2934593126694985e-09
299,-123.55867203119033,-126.66098693419437,-123.55695654380202,-126.66085285185511,-123.56100052997809,-123.55589062575015,-127.03339092589411,-126.66065193185182,-126.65791240488218,-126.66103254279267,-126.6610351355053,0.21200244920946545,1.0,0.2120166625780598,1.0,1.0,0.9988364280815025,1.0,1.0,1.0,1.0,1.0,0.17598448392419352,0.17583359906235865,1.0,1.0,1.0,1.0,0.9979800497628794,0.21257595111757177
300,-131.10362908502952,-131.12270695352512,-131.35730417092986,-131.3632978311603,-131.3572883691817,-131.1071878452281,-131.73154513689485,-131.13756999883637,-131.90880313344832,-131.37273922365532,-131.37832812638726,0.9905064170698588,0.8808767656142128,0.878240879219823,0.8866584446952473,1.0,0.8808837253381129,0.889326621370072,0.9982222020589161,1.0,1.0,1.0,0.7305496916578349,0.8293438085501565,1.0,0.9151850458272736,0.6800312219008356,0.9925960228316607,1.0,0.7589970546706938
301,-148.35397118936336,-151.86178282332577,-148.35382866607432,-151.86182848381628,-148.353809191769,-148.35373273182068,-152.05924517891737,-151.86184188570235,-151.19203659496299,-151.86182995095143,-151.86183169117226,0.17309653800324973,1.0,0.17309258621194432,0.9999771700153511,1.0,1.0,1.0,1.0,1.0,1.0,1.0,0.1568230789403831,0.15681190386806065,1.0,1.0,1.0,0.9999704692477518,1.0,0.24192834260843338
302,-150.09565643643901,-150.96628487888384,-150.09565055154292,-150.9823264932429,-150.09542738758753,-150.09558681611742,-150.60317402607907,-150.98532133289655,-150.96463702543392,-150.98232120224714,-150.9853173980641,0.647061314733605,1.0,0.6418921189686524,0.9920112736656481,1.0,1.0,1.0,1.0,1.0,1.0,1.0,0.7758789254938553,0.7758766425137836,0.8260717429107656,0.8346594349396964,1.0,0.9905269279377527,1.0,0.6475205043738507
303,-146.83362866894325,-158.46795618334494,-146.88138607632595,-158.54055205235665,-146.8813849116908,-146.88134830177808,-157.83506525687056,-158.4684606072583,-158.53610556847173,-158.53969961821812,-158.53893069110163,0.002976033940909434,0.9764041367929245,0.002869947070524294,0.9643529366628396,1.0,0.9764047053703866,1.0,0.9764225785794879,1.0,1.0,1.0,0.004083836989233721,0.004182527332019918,0.7285509808682225,0.7043216374356488,0.9667431050553259,0.9997478198460841,1.0,0.002945842783691075
304,-118.41680319857102,-129.69872344936286,-118.41680021468221,-129.69872283562552,-118.41679464450027,-118.41679334066154,-125.95202073431082,-129.68790632240143,-129.26440142105363,-129.69872187557345,-129.6879065509525,0.0035494588441016945,1.0,0.0035494599333195814,1.0,1.0,1.0,1.0,1.0,1.0,1.0,1.0,0.023107252079932788,0.023107217605223104,0.15444105228682542,0.19086472587075043,1.0,1.0,1.0,0.004410340470640161
305,-85.17936763642632,-138.15274410357148,-85.1806272514201,-138.2147455985821,-85.1806222482243,-85.18062414312112,-138.21508458501654,-138.2147441783222,-138.21474494978608,-138.15274517091274,-138.21474492604483,3.1403456778746174e-12,0.9993703907902194,3.0444861499438772e-12,0.9694748483881513,1.0,0.9993728908162222,1.0,0.9993719439624112,1.0,1.0,1.0,3.0439701739200144e-12,3.0458878929893964e-12,1.0,1.0,0.9999996142681373,0.9694755368415243,1.0,3.046397561457535e-12
306,-130.29128697792132,-133.22723076303308,-131.07124589778797,-133.22722792922522,-130.2912813184904,-130.25608658798674,-133.1851192233804,-133.22723107463494,-132.38162904687016,-133.22722547332438,-133.84711616782613,0.2303922719616907,0.6770707814343312,0.2303925984056371,1.0,1.0,1.0,1.0,1.0,1.0,1.0,1.0,0.23529479063785141,0.34751874854117104,0.9791642026659465,1.0,1.0,0.9999998441990791,1.0,0.35163067808009935
307,-134.2864382489124,-137.8914740269266,-134.52887533557313,-138.09084012037286,-134.52887001346545,-134.52883865462638,-137.56283358161986,-137.89147361024112,-137.57893692587595,-138.09085018497132,-138.09075941674269,0.16488320750660773,0.8858403439379994,0.14923979030286585,0.9051242546751466,1.0,0.8858427012099859,1.0,0.885856590818229,1.0,1.0,1.0,0.19432997430020743,0.21937358761096198,0.8484704557420125,0.9919806557612741,1.0,1.0,1.0,0.2176137762122798
308,-132.3191798453744,-132.3520288052254,-133.43305569345367,-133.43647559816515,-133.43377968307948,-133.43472959110662,-130.922802309573,-132.44253132415142,-134.27645470134382,-133.46679502242552,-133.4718395243155,0.9837096664128598,0.5729608300433896,0.5719819314957695,0.5814540113055169,1.0,0.5727534587308503,0.5822383151112263,0.5724814917678531,0.5819618443472574,0.9991634013175033,1.0,1.0,1.0,0.4677297966948194,0.18696643020082626,0.399731707327632,0.955757308593334,0.9996380706993113,0.656168601136963
309,-124.81517094090339,-137.39719111783347,-126.4073959195926,-138.3151192609248,-126.40739505805377,-126.40715556047377,-138.30893530964312,-137.39720029022016,-138.31359082858964,-138.31512156234655,-138.31512224008722,0.0018528874210953041,0.45107913495273366,0.0011709098766989419,0.6319379490453756,1.0,0.45107932926387206,1.0,0.45113334870206157,1.0,1.0,1.0,0.0011745359044211822,0.002603835587616475,1.0,0.9976749476578981,0.6324239712361237,0.999995413817175,1.0,0.00259778041454044
310,-131.12965078880256,-131.21225583396492,-131.1295237543225,-131.13830818541118,-131.12967429610492,-131.12751118348015,-129.97688076449708,-131.1426647554312,-130.66501719240227,-131.1356725717765,-131.14271580767786,0.9595388038792287,1.0,0.9956806570065581,1.0,1.0,0.9999882464178944,1.0,1.0,1.0,1.0,1.0,1.0,1.0,0.5582814821653748,0.7088805708545554,1.0,1.0,0.9999247319415665,1.0
311,-102.78318505748425,-141.6200776320391,-102.78317573892912,-141.62011641143255,-102.78317228367729,-102.78314504787599,-140.47538574635348,-141.62029544824446,-141.61995913623736,-141.6203356461118,-141.61999674861764,3.6870237090235937e-09,1.0,3.6869522194451735e-09,0.9999806104912614,1.0,1.0,1.0,1.0,1.0,1.0,1.0,6.534955205575227e-09,6.5349247574759784e-09,0.5641388606591804,0.5642337319718049,1.0,0.9998910978275973,1.0,3.687218613925682e-09
312,-132.17470697790998,-143.11530674758822,-132.1746980975794,-143.11530718041308,-132.17460078787516,-132.17470185901118,-143.1170162325207,-143.11530252758482,-141.10617867402482,-143.1153071594268,-136.79915553405291,0.004209969462659885,1.0,0.004209968551570258,0.9999997835875923,1.0,1.0,1.0,1.0,1.0,0.9999981192858833,1.0,0.004206372560410089,0.004206353883462139,1.0,1.0,1.0,1.0,1.0,0.011495622789441929
313,-91.41074772288522,-152.82416299925552,-91.76542144967979,-154.4073911780392,-91.4108967275942,-91.40336291103722,-152.79194945127887,-152.8241267929773,-154.4315091107687,-154.40738860629745,-154.407353819593,4.615792905616309e-14,0.8374976147076112,2.0914750327413e-14,0.4531128400922143,1.0,0.9999255004207378,1.0,1.0,1.0,1.0,1.0,4.690740399613489e-14,5.60090001122107e-14,0.9840400605188266,0.44052863513145124,0.44767347672734636,1.0,1.0,2.0665594238052782e-14
314,-132.21549526532385,-147.559434395364,-132.21507208303558,-147.55943469125737,-132.21206124557497,-132.21549376148488,-147.52483236613233,-147.55941576293222,-147.55941634686025,-147.5594349690389,-147.55941597965753,0.00046569969401464683,1.0,0.0004656996251159288,0.9999998520533321,1.0,1.0,1.0,1.0,1.0,0.9997891830003776,1.0,0.00047382687272483625,0.0004737266257607728,0.9828569450179632,0.9828566580591465,0.9999997080360288,1.0,1.0,0.00046490496451931493
315,-126.02162633615711,-131.08613021854785,-126.3392684624796,-131.41484988363214,-126.33920400073595,-126.3391340576656,-131.98690121005131,-131.08557733450033,-131.02912736235842,-131.4138953174359,-131.4141969243289,0.07947983468997043,0.8531490050976788,0.06743360642128832,0.8484366718215857,1.0,0.8531765032770515,1.0,0.8532063406908706,1.0,1.0,1.0,0.050659047472354925,0.059378897671638106,1.0,1.0,1.0,1.0,1.0,0.0958508749878994
316,-113.85180247639619,-152.1409388396306,-113.8516264096142,-152.15445995292836,-113.85174514232469,-113.85177117319884,-152.1549004666223,-152.15445845138362,-152.15445974026102,-152.14094064723665,-152.15445973529467,4.848637100872227e-09,1.0,4.815968169590218e-09,0.9932622445024563,1.0,1.0,1.0,1.0,1.0,0.9999276208271771,1.0,4.814907536436218e-09,4.814483682455377e-09,1.0,1.0,0.9999993555615079,0.9932629902165877,0.9999406354069021,4.815830624122334e-09
317,-76.11864242872034,-135.55888365871996,-76.2601381238128,-135.31261623863332,-76.26013867458056,-76.29982072174778,-136.07843668678532,-135.5226218614804,-135.52264627400805,-135.31504937171246,-135.52264259342667,1.237985663622554e-13,0.9316967921433488,1.400205909423746e-13,1.0,1.0,0.9316965355691039,1.0,0.91339290447834,1.0,0.9803542441925756,1.0,9.547641616889503e-14,1.0247584511829581e-13,1.0,1.0,0.9999877938106636,1.0,0.9999997246161552,1.3530379657399805e-13
318,-141.58563321835734,-150.41051720812962,-141.5856264561274,-150.41049841807245,-141.58562178122034,-141.58562854697468,-150.832984108821,-150.4104494999455,-149.85250141037181,-150.41051634910707,-150.4105178552799,0.012125531659834324,1.0,0.012125645580086011,1.0,1.0,1.0,1.0,1.0,1.0,0.9999989545769019,1.0,0.009816649117631793,0.009816615926468526,1.0,1.0,1.0,1.0,1.0,0.016027651741509278
319,-134.55114430241173,-142.56041205635037,-134.55113217268234,-142.56050275826902,-134.55112727918896,-134.5508071224131,-143.61458102742878,-142.5605376915218,-141.7621199376722,-142.56057762407133,-142.56051582521673,0.01823096281228893,1.0,0.018230136039383577,0.9999546500690135,1.0,1.0,1.0,1.0,1.0,1.0,1.0,0.010762166870477173,0.010762101599589234,1.0,1.0,1.0,0.9999371843872688,1.0,0.027173954237348284
320,-114.22525908631567,-140.18944102291462,-114.32588345189151,-140.30341492389365,-114.3257761960869,-114.32586866878839,-140.29984724588192,-140.18944643496508,-140.30354063196975,-140.3035058488866,-140.20084014386688,2.30117437319202e-06,0.9509325133947018,2.1737040310838727e-06,0.9446063959371618,1.0,0.9509835112780701,1.0,0.9509395422873845,1.0,1.0,1.0,2.1775850296308874e-06,2.289946972006667e-06,1.0,0.9981550110445456,0.9445495814482046,0.9999972939784334,1.0,2.2855994699429648e-06
321,-143.2019448922361,-143.20110317281743,-143.20175257942,-143.20252516339445,-143.20193689895595,-143.20194098484396,-141.59773557578873,-143.2023815527827,-143.18897835779794,-143.20214653733177,-143.20273877423438,1.0,1.0,0.9997099065060792,0.9992892574087433,1.0,1.0,0.9995832238060753,1.0,0.9995811817156075,0.9999058017249585,1.0,1.0,1.0,0.44828638951545496,0.451300713571113,1.0,0.9993610142557635,0.9999078444786075,1.0
322,-146.85368567973055,-146.85421207550922,-146.85368062609322,-146.8482283314112,-146.85367656633406,-146.85368064177644,-145.8772029644395,-146.84357673645405,-146.85266118434635,-146.84825179645668,-146.85033172222168,0.9997368367441869,1.0,1.0,1.0,1.0,1.0,1.0,1.0,1.0,0.9999999921583935,0.9972775574039635,1.0,1.0,0.6168145385949801,0.6140191822009193,0.9954680763517213,1.0,1.0,1.0
323,-57.75028406116755,-141.3152373626576,-57.750667919535346,-141.3152391594477,-57.75101788151122,-57.75122610758808,-141.3855634121945,-141.31524643557955,-141.31524848143783,-141.3152398353683,-141.31524806263246,7.146624277106277e-19,0.9998080892333288,7.146617856617191e-19,0.9999991016053457,1.0,0.9996331571314709,1.0,0.9995290877037506,1.0,0.9997209449167468,1.0,6.899694197190913e-19,6.901018576956818e-19,1.0,1.0,0.9999989770713826,0.9999954635493122,0.9998250343203445,7.149207182014678e-19
324,-129.33522733400255,-141.3717270068291,-129.3352169973332,-141.3717163990469,-129.33521946058332,-129.33520874522733,-144.7246939225906,-141.37151821498787,-141.37150586433276,-141.3717136768849,-141.371514033534,0.002433925637576549,1.0,0.0024339385468873124,1.0,1.0,1.0,1.0,1.0,1.0,1.0,1.0,0.0004552183817377524,0.00045521602902288255,1.0,1.0,1.0,1.0,0.9999987683756952,0.00243418519195227
325,-126.85004526231131,-126.86483588901959,-126.97407508836247,-127.77505185605727,-126.8500555584344,-126.9738434117931,-127.56392082628668,-127.62650191485588,-127.57651913212462,-127.6265078667127,-127.7750523609061,0.9926319646910144,0.9398688703980713,0.6297053314496945,0.6343794617229646,1.0,0.9999948519517045,1.0,0.9399777495019099,0.9469549469873311,1.0,1.0,0.699816037542961,0.7445890161747366,0.969193938404861,0.9937206451526056,1.0,0.6832919810277052,1.0,0.6954252243979724
326,-100.96497125550826,-137.05006962071312,-100.96496229142383,-137.05007003625758,-100.96534246792194,-100.96534266489533,-137.07946420996447,-137.05002330290688,-135.31875301918092,-137.05007131235587,-137.56006942272842,1.4595549512647731e-08,1.0,1.4595546480098162e-08,0.9999997922277901,1.0,0.9998144110169251,1.0,0.9998143125485136,1.0,0.9998098313486005,1.0,1.4382603122362465e-08,1.438253865907258e-08,1.0,1.0,1.0,1.0,0.9998099298165706,3.469378489709336e-08
327,-82.32406834568494,-137.97825908562714,-82.3235505590848,-137.97826303216976,-82.32405639765796,-82.32403292153234,-137.9959561820119,-137.9782565480378,-137.97826067293326,-137.97826321036274,-137.9782601706803,8.219511992128245e-13,1.0,8.219495772817033e-13,0.999998026730637,1.0,1.0,1.0,1.0,1.0,0.9997588478580822,1.0,8.147102077910666e-13,8.144993120776931e-13,1.0,1.0,0.9999979375543925,1.0,0.9997471126948057,8.219456365400126e-13
328,-118.2984402785562,-141.36593144715934,-118.29882490181998,-141.36593005093795,-118.298822970907,-118.29882433078222,-141.22236108886207,-141.3659174788311,-141.36591793742716,-141.36593053755723,-141.3659179563235,9.793951229748392e-06,0.9998077068588045,9.793958067012903e-06,1.0,1.0,0.9998086721301133,1.0,0.9998079923228216,1.0,1.0,1.0,1.052286125571383e-05,1.0524885118934084e-05,0.9307373151225311,0.9307371017063282,0.9999997707020022,1.0,1.0,9.79589161387703e-06
329,-134.43123650774362,-138.6407313221905,-134.43123850562628,-138.7922858132884,-134.42056792034984,-134.43123877635892,-138.76881113243732,-138.64073085601376,-138.38847795751082,-138.6407361240772,-138.7922853540304,0.12187645549364935,0.9999990010591675,0.11298223864321948,0.9270226819905067,1.0,1.0,1.0,0.9999988656929911,1.0,0.9999998646336884,1.0,0.11431616268652714,0.11431627688172395,1.0,1.0,1.0,1.0,1.0,0.13752424934110716
330,-127.36988940059186,-136.8357204845998,-127.36988852692662,-136.8357205276676,-127.3699675019401,-127.37037142561488,-136.82658141629508,-136.8357106984763,-135.72386054743657,-136.83572246931263,-136.83571180421035,0.008800774570433895,1.0,0.008800774380918832,0.9999999784660931,1.0,0.9999609500883493,1.0,0.9997590165296731,1.0,0.9997585798024163,1.0,0.008841082033427901,0.008841078171355704,0.9954457610501678,1.0,1.0,1.0,0.9999605132728814,0.015345292603738644
331,-141.59789045971402,-141.5970990645105,-141.5978900432408,-141.59704396076233,-141.59773862772272,-141.59776238605892,-138.5994236298307,-141.59366303488747,-141.29826738825312,-141.59700029067676,-141.59339448607943,1.0,1.0,1.0,1.0,1.0,1.0,0.9996802695185791,1.0,0.9996683942191468,1.0,0.9996408518608475,1.0,1.0,0.2237737678303835,0.2593901761603255,1.0,1.0,1.0,1.0
332,-81.85793196500879,-148.6558103404255,-82.25912758998109,-148.56053448800705,-82.25912789503792,-82.25911227468649,-148.82852904432988,-148.66103985919415,-148.66107925392973,-148.82843374947313,-148.82830822709553,3.126259391246105e-15,0.8182414518807505,3.278792234547848e-15,1.0,1.0,0.8182413270756885,1.0,0.8182477177091877,1.0,1.0,1.0,2.8676069173866464e-15,3.5045974642269308e-15,1.0,1.0,0.9999803028262017,0.9973886561214328,0.9999998474715969,3.810653571353462e-15
333,-129.90000395805964,-129.89984577988503,-129.99051137292105,-129.99036005337047,-129.900013665978,-129.89941211329972,-129.1637788656305,-129.89979470117953,-129.97319196390538,-129.99035886749834,-129.99033673378216,1.0,0.9557549689331886,0.955827283875003,0.9557516913568086,1.0,0.9999951460525974,0.9999160604766282,1.0,1.0,1.0,1.0,1.0,1.0,0.6921117016826392,0.6671725644995583,0.9639666008789483,1.0,1.0,0.9640721440326521
334,-140.37008665510547,-141.32765463814553,-140.3700803702352,-141.3281901578892,-140.37008161447918,-140.36905378974757,-142.02898322768505,-141.32816723280567,-141.32549228940525,-141.3286662779705,-141.32868597524208,0.6195362953336023,1.0,0.6193704305815217,0.999732275972643,1.0,1.0,1.0,1.0,1.0,1.0,1.0,0.4362899270674221,0.4362885560567812,1.0,1.0,1.0,0.9997437355112866,0.9999993778782058,0.620204921215202
335,-111.01100517263063,-134.74141124501324,-111.10321018271634,-135.13961250254124,-111.10318248782417,-111.01117002294089,-135.13952222115,-134.7414153760791,-134.74142048601578,-134.7414171431006,-134.74141795317442,7.030849387440041e-06,0.9549440705907307,5.761552058481834e-06,0.8194674271894256,1.0,0.954957294218818,1.0,0.9999175782417319,1.0,1.0,1.0,5.761812144819791e-06,6.0336645069229255e-06,1.0,1.0,0.9999974450349168,0.999997934469208,1.0,7.362441173055758e-06
336,-87.88355247221415,-129.37905730501024,-87.88354471820736,-129.37905382062604,-87.88354358841178,-87.8802452799483,-136.5659991531556,-129.37901205078572,-127.73575716028591,-129.37904868213542,-129.37905410417574,9.758107847463637e-10,1.0,9.758124847976823e-10,1.0,1.0,1.0,1.0,1.0,1.0,1.0,1.0,2.683743591891449e-11,2.6837331870286062e-11,1.0,1.0,1.0,1.0,1.0,2.2192272528996266e-09
337,-129.82356949321613,-145.16826252610534,-129.8254790588052,-145.16827133020155,-129.82577727918948,-129.82577356462068,-145.3009113685988,-145.16826426220487,-145.16826965304438,-145.16827298109865,-145.16826785562074,0.00046552418093361714,0.9990456728655251,0.0004655221316782887,0.9999955979615834,1.0,0.9988967160790508,1.0,0.9988985713160644,1.0,0.9998527579334398,1.0,0.00043565019673768495,0.0004360663466847572,1.0,1.0,0.9999973045838804,0.9999991319506096,0.9998509009242319,0.00046603669284513166
338,-148.77123455744598,-151.2599333744709,-149.41957051968967,-151.98354884645983,-149.41957031872323,-149.41956993443608,-152.4554625625646,-151.26065866275152,-151.94873182901546,-151.98314392939892,-151.9810695689907,0.28812830098600234,0.7231287601963944,0.20065723110729874,0.6964162507488183,1.0,0.7231288328587042,1.0,0.723128971803276,1.0,1.0,1.0,0.15848204028980845,0.21916157814932757,1.0,1.0,0.708902993683364,0.9996374216071284,1.0,0.2823576483205327
339,-116.29938420685346,-131.14347137607336,-116.35295961404643,-131.14348089144772,-116.29940442295438,-116.35295793109177,-131.51969158057904,-131.1434900200343,-131.14356466501386,-131.14352019508198,-131.1434996632649,0.0005979259837843873,0.9735679045513678,0.0005979231390463673,0.9999952423241384,1.0,0.9999898920006255,1.0,0.9735687237870339,1.0,1.0,1.0,0.0004953957168130172,0.0005088455715282661,1.0,1.0,0.9999626782067011,0.9999906780629785,1.0,0.000597904138108727
340,-128.87247309961572,-128.86151598897922,-128.87247118854074,-128.87247180873186,-128.8724747602393,-128.87247313207473,-124.45550709160628,-128.8297519175,-128.91007921932868,-128.87244820832936,-128.872456055366,1.0,1.0,1.0,0.9945370665130714,1.0,0.9999991696885538,0.9945355988223786,0.9999999837704935,0.9945364084565202,0.9999990282334782,0.9999993383287831,1.0,1.0,0.11223926261267979,0.10782065178437322,0.9606322179471682,1.0,0.9999982141523164,0.981373429721792
341,-133.35322748830094,-136.62223027212056,-134.70347666071612,-137.9641954808601,-134.7032492659457,-134.70347885054372,-135.51875070888866,-136.62168106704033,-137.9634949194882,-137.96269428603762,-137.96378900533634,0.19504960036629979,0.509092990691365,0.09971052944773161,0.5112060176512891,1.0,0.5091508765239106,1.0,0.50909243327873,1.0,0.9999989050868007,1.0,0.3386589889155137,0.6652202939498411,0.5761050945715913,0.2945306798369096,0.511244706238766,1.0,1.0,0.19590551020780278
342,-131.5358356691083,-132.95143278759346,-132.86078828877294,-134.3657894178761,-132.8605264539115,-132.86033277106418,-130.82866885803818,-132.9520269564095,-134.34081505176982,-134.36552104640018,-134.3663562174427,0.49272771524792425,0.5155730338377151,0.24293123131817895,0.49303342150328233,1.0,0.5156405357531479,1.0,0.5156904735347083,1.0,1.0,1.0,1.0,1.0,0.34587458207582045,0.17272179559086817,0.49937695494780565,0.9997029597171849,1.0,0.4770450734609716
343,-116.01209801693818,-130.61551460585844,-116.01209709254996,-130.61551433742736,-116.00162093583026,-116.01209397673549,-130.5923654005889,-130.61550666328637,-129.61505976882532,-130.6155140674207,-130.6155063968262,0.0006743857411877873,1.0,0.00067438583170084,1.0,1.0,1.0,1.0,1.0,1.0,1.0,1.0,0.000682236837171034,0.0006822365218452598,0.9884960509728599,1.0,1.0,1.0,1.0,0.0011063163163038707
344,-142.04377407744622,-145.36892469131246,-142.04377039587752,-145.3689252436183,-142.0437684033991,-142.04377063042654,-145.22808691110393,-142.14754568710802,-144.53938192058325,-145.36892536095215,-142.15977849178162,0.18964994384731892,1.0,0.1896498914749409,0.9999997238471207,1.0,1.0,1.0,1.0,1.0,0.9999998827254968,1.0,0.2034863369132669,0.20348596233914723,1.0,1.0,0.302426164156615,1.0,1.0,0.28713386063642776
345,-128.95816924720444,-136.9513562481439,-128.95817961623916,-136.95136383667142,-128.95817943572558,-128.95817623697772,-137.1076473909941,-136.95135613326713,-136.95136538313122,-136.9513654933142,-136.95136373795225,0.018378137494303153,0.9999948154960766,0.018378067762934335,0.9999962057434364,1.0,0.9999949057524032,1.0,0.9999965051194657,1.0,1.0,1.0,0.016996649001842296,0.016996737121492588,1.0,1.0,0.9999953750786488,1.0,1.0,0.018378147175300417
346,-139.84111701328482,-143.8552837899097,-139.84064464220864,-143.85528343836916,-139.83683922698563,-139.8414389634675,-144.29922231329334,-143.85528378050782,-143.76523455932795,-143.85528325362588,-143.85528340929378,0.13438003805342408,1.0,0.1343800616734414,1.0,1.0,1.0,1.0,0.9998390378644474,1.0,0.9996029182284099,1.0,0.10763034546074485,0.10760492773145605,1.0,1.0,1.0,1.0,1.0,0.140268383548971
347,-98.86496345140228,-134.98382263548996,-98.86495884891133,-134.98349655732437,-98.86495735120971,-98.86386433943869,-134.94583644464097,-134.98354872427745,-131.37651775269757,-134.9834961686682,-134.9835473524185,1.4351238497143134e-08,1.0,1.4353578500655481e-08,1.0,1.0,1.0,1.0,1.0,1.0,1.0,1.0,1.462641792166435e-08,1.462638426272504e-08,0.9813205250378065,1.0,1.0,1.0,1.0,8.71373523360433e-08
348,-123.58309397699239,-141.38454125890405,-123.58281518882222,-141.3845210570501,-123.5830851345666,-123.5830874717075,-143.00895623996132,-141.38433503132097,-141.48690560466588,-141.38448022486511,-141.3843304807379,0.00013629026557073067,1.0,0.00013629164223570274,1.0,1.0,1.0,1.0,1.0,1.0,0.9998638678241872,1.0,6.049613184096577e-05,6.048769962573093e-05,1.0,1.0,0.9500076073598015,1.0,0.9998650362362392,0.00012948956813006027
349,-138.32153289112892,-139.42929097827212,-138.87264305416755,-139.9531742741304,-138.78233234482448,-138.5586758133439,-138.6459061581709,-139.42946005401527,-139.85463473842927,-139.8569100564685,-139.95331324899013,0.5747161319961264,0.7591506157731008,0.44227620605316265,0.7695559275794671,1.0,0.7942160695584006,1.0,0.8881883424662843,1.0,1.0,1.0,0.8502824985142287,1.0,0.675854847977378,0.5464216819080313,0.8084896979629577,0.9999154657016528,1.0,0.5849954574621505
350,-138.29973409903243,-142.43723151167455,-138.29833543462829,-142.4385809857016,-138.29934957032995,-138.29951426394007,-142.25677285371233,-142.43858398913704,-142.4019459912155,-142.43528821212158,-142.43858096900976,0.12634377600407742,1.0,0.1262585559357793,0.9993254905703036,1.0,1.0,1.0,1.0,1.0,0.9994107590148037,1.0,0.138273817167723,0.13817715163927186,0.913103933321393,0.9299852355146192,1.0,0.9993239898666341,0.9994930606863428,0.12856788702639502
351,-123.78301260114878,-141.95170718416261,-123.78536840541335,-141.9517062294375,-123.78523358780737,-123.7853934878095,-141.65126916486014,-141.95169332900022,-141.9516929549951,-141.951707383236,-141.95169325837693,0.00011342743196098557,0.9988227913221324,0.00011342748610700809,1.0,1.0,0.9988901230402453,1.0,0.9988102649662127,1.0,0.9999874588805658,1.0,0.00013181273961815487,0.00013196809360314612,0.8605254550511562,0.8605256159716305,1.0,1.0,1.0,0.00011355427022102088
352,-96.07495908720068,-127.3000101722844,-96.07495843038998,-127.30000950724025,-96.0742536854629,-96.07495412056721,-130.3376236369234,-127.30001050309579,-127.09780235838613,-127.30000453467832,-127.30000715149072,1.6579304511829036e-07,1.0,1.6579310024814698e-07,1.0,1.0,1.0,1.0,1.0,1.0,1.0,1.0,3.630420453903888e-08,3.6304192616545846e-08,1.0,1.0,1.0,0.9999998345943192,1.0,1.8336734682467807e-07
353,-22.138197054813872,-143.5034446911476,-22.137495876349163,-143.51198324168683,-22.1381669165591,-22.138180059640575,-143.50319834642485,-143.10898650431412,-142.9364011050964,-143.50913420273758,-143.51198323898416,4.424572628529558e-27,1.0,4.405723175410247e-27,0.9957398251307318,1.0,1.0,1.0,1.0,1.0,0.9996579668609693,1.0,4.425117647153183e-27,4.423566520474232e-27,1.0,1.0,1.0,1.0,0.9996645361756072,5.874849346606268e-27
354,-116.49184210679186,-163.33317587015244,-116.73986530108004,-163.17739322119002,-116.73973218460202,-116.79499371839265,-163.41612979542464,-163.17729949095286,-163.41502225227757,-163.17756734713367,-163.17734499016126,6.738040402987393e-11,0.8833695962588543,7.283856534802422e-11,1.0,1.0,0.8834283937402853,1.0,0.8593527358817592,1.0,0.9728122175827553,1.0,6.464283500445974e-11,7.317756381726011e-11,1.0,1.0,0.8879308766214002,1.0,1.0,7.32132255888798e-11
355,-123.95999537899081,-125.14414127394576,-124.05090695897843,-125.23468352597698,-124.05116131483464,-124.05114534909453,-121.65677383912694,-125.14336790398627,-125.17337027213921,-125.23467028637393,-125.23467825388303,0.5531793835683889,0.9555618470333064,0.5286947353625446,0.9557383211791061,1.0,0.9554403283848314,1.0,0.9554479555712656,1.0,0.999880812045401,1.0,1.0,1.0,0.1749426571069985,0.17233789620062057,0.9851107731558876,1.0,0.999872830158663,0.5705785239048558
356,-118.36980314837356,-146.2561594403398,-118.3698462763262,-146.2563994857066,-118.36997752650575,-118.36982268856045,-144.6244825912786,-146.25613899957253,-146.25614144460775,-146.25635258932036,-146.25618748396323,8.80145901565823e-07,0.9999784362561825,8.800402704321229e-07,0.9998799845190297,1.0,0.999912814734763,1.0,0.9999902299542853,1.0,1.0,1.0,1.9900720348767073e-06,1.990114949205639e-06,0.4422728834009695,0.4422723427149111,0.9999987774831366,1.0,0.9999343770635043,8.802305641715581e-07
357,-131.95334987110726,-144.59356048224402,-131.9536264736203,-144.59363085095626,-131.95331237300041,-131.95359738910344,-144.1268780104731,-144.5935207745815,-144.5935863514307,-144.593558675877,-144.59354571316698,0.0017997539721362964,0.9998617083066651,0.0017996906500655876,0.9999648162628403,1.0,1.0,1.0,0.9998762486597429,1.0,1.0,1.0,0.0022727514938322307,0.002273065839956299,0.791899030486586,0.7918730657906035,0.9999672121129298,1.0,1.0,0.0017996969502705102
358,-51.79736890469354,-142.9546446241671,-51.79736853074468,-142.95468377107164,-51.797366821884964,-51.797367195364245,-142.9369247642548,-142.95459217221196,-142.95459123938303,-142.9546839909994,-142.95459215973338,1.6049040937828085e-20,1.0,1.6048726805765483e-20,0.9999804267392811,1.0,1.0,1.0,1.0,1.0,1.0,1.0,1.619186609254005e-20,1.6191863065075362e-20,0.9912051985489956,0.9912056608615434,1.0,1.0,1.0,1.6049452616860344e-20
359,-136.30303779422957,-136.30594013260895,-137.45923277266465,-137.46281026235494,-137.45987349707497,-137.45965419025592,-137.44999843535666,-136.30608480270143,-137.06368873382127,-137.4624797108777,-137.4628833276605,0.9985498832471662,0.5609645931770817,0.5599620675513084,0.5607752571462709,1.0,0.5607849101063649,0.5615992946519193,0.5608464054552933,0.561660879305786,0.9997893134019045,1.0,0.5635606499166539,1.0,1.0,1.0,0.6846811896974123,0.9999276675698755,0.9996796891053331,1.0
360,-53.07518847059896,-144.8526269455661,-53.07510626912892,-144.85263004044305,-53.07488444801521,-53.075211299868585,-145.2628208076831,-144.8526010069532,-144.8526063669844,-144.85263249329816,-144.85260384793725,1.1770162357902782e-20,1.0,1.1770144144314868e-20,0.9999984525627248,1.0,1.0,1.0,0.9999885854303342,1.0,0.9999474860090773,1.0,9.587601797159183e-21,9.587207747776164e-21,1.0,1.0,0.9999973199879933,1.0,1.0,1.1768494385138181e-20
361,-6.131262968908771,-139.1719928021397,-6.1313020018870645,-139.17199241925874,-6.131250450275644,-6.131167369966704,-139.17509755210097,-139.17199246406463,-139.17199207463204,-139.17199241777465,-139.17199208380535,1.2899491257745788e-29,0.9999804837012989,1.2899493727230855e-29,1.0,1.0,1.0,1.0,1.0,1.0,1.0,1.0,1.2879481945250794e-29,1.287973330997325e-29,1.0,1.0,1.0,1.0,1.0,1.2899415208210003e-29
362,-100.6996727876973,-138.59008610801112,-100.69961226021988,-138.59008944684734,-100.69965824885185,-100.69953401618048,-138.61059289270287,-138.59008597556655,-138.59008908943406,-138.59008647606942,-138.5900888026251,5.918358776673254e-09,1.0,5.91834889646617e-09,0.9999983305832821,1.0,1.0,1.0,1.0,1.0,1.0,1.0,5.857985566128866e-09,5.857808284266964e-09,1.0,1.0,0.9999984430674586,1.0,0.9999770059483836,5.918306931283255e-09
363,-147.17117404164117,-150.66727467635894,-147.17115717999746,-150.76705824754524,-147.1711507390322,-147.16992072453405,-150.67596433300264,-150.68079964671642,-147.68658440724926,-150.73068975314285,-150.69607738931865,0.17411307798639855,1.0,0.16563940657137008,0.9513323667984872,1.0,1.0,1.0,1.0,1.0,1.0,1.0,0.1733582275891272,0.1733567660429551,0.997585263321643,1.0,1.0,0.993260328968411,1.0,0.7728140357019754
364,-139.4176192630105,-139.41734908345697,-139.82812164011662,-139.82786364494035,-139.82812283585554,-139.417623024265,-139.06051531318838,-139.39690205583372,-139.80044018287234,-139.82786472796084,-139.82783641467358,1.0,0.8144427120289633,0.8145477799510976,0.8144377503054494,1.0,0.8144422250986855,0.8143322097114554,0.9999981193745162,0.9998630389760031,1.0,1.0,1.0,1.0,0.845190383299434,0.6907602786690026,0.8172836467594782,1.0,0.9999994021307199,1.0
365,-142.352849782372,-153.06112697749757,-142.74829220854332,-153.6162850191815,-142.74829853588597,-142.74828744078272,-148.51791596158893,-153.06501309180533,-153.61644642818845,-153.6165082161795,-153.61650362711222,0.004728540920360376,0.8205985934012219,0.0035824168148042013,0.757615694807432,1.0,0.8205959973010907,1.0,0.8206005496123747,1.0,1.0,1.0,0.04584298505896402,0.05586529812213516,0.10294621978659863,0.07813905889184013,0.7590279570616358,0.9980588293596054,0.9999968363336813,0.004365275630251207
366,-116.21698495178654,-134.7452687110449,-118.46485481495574,-135.52457720477452,-118.46484942964744,-118.46484986256124,-135.5248919510148,-134.74528524891502,-135.49245902259884,-135.52457416286322,-135.524579159546,9.476201831895188e-05,0.3249984286508336,6.418146305038649e-05,0.6772910095093504,1.0,0.3249993037603793,1.0,0.32499923341204606,1.0,1.0,1.0,6.417136340801762e-05,0.00019745130360910462,1.0,1.0,0.6882611828577292,0.9999917310991255,1.0,0.00020067882840799835
367,-134.0348971205211,-135.27101035271664,-134.1144034215197,-135.2874858187654,-134.1033312696979,-134.09565591408233,-135.18377944664252,-135.27090518781174,-135.40004976294966,-135.5278126421348,-135.52757109091493,0.5389908866517665,0.9610266388207532,0.5345690615378267,0.9917961041207799,1.0,0.9663617092974229,1.0,0.9700774194723788,1.0,1.0,1.0,0.5630194169559388,0.5858520401128555,0.9573723616387552,0.8975062829403437,0.9374683445050185,1.0,1.0,0.5229030282074645
368,-102.01624993851584,-134.85573207946015,-102.89436343947384,-136.85616687039078,-102.89422091250876,-102.89415568810782,-134.66996125921256,-132.9478247965693,-136.58151597637863,-136.8564598781279,-136.58116147914376,7.39600266223011e-08,0.6446441947248724,2.72024589287692e-08,0.367799474541656,1.0,0.6446901359521335,1.0,0.6447111610589245,1.0,1.0,1.0,8.115899862491579e-08,1.258973543685653e-07,1.0,0.384513123767799,0.16253765354925523,1.0,1.0,4.8405735318168235e-08
369,-124.57088776363739,-137.18189620046422,-124.5714599698496,-137.18860978087451,-124.5691260017679,-124.57122949502994,-133.30151963718515,-137.18342522470084,-137.18587980432957,-137.18774209472525,-137.18861049208883,0.0018262251202269357,0.9997139378174849,0.0018201051431172544,0.996648837516307,1.0,1.0,1.0,0.9998291489004355,1.0,1.0,1.0,0.012710638782609114,0.012714275856109616,0.1435670947590341,0.14339100440501001,0.9987734629977735,0.9992357800466214,1.0,0.001820986482686734
370,-121.1089614355567,-121.11776135923637,-121.10895452829902,-121.37148340919546,-121.10895204171999,-121.1089567120577,-120.86795577516756,-121.36843553115185,-121.34285712626928,-121.37148074903553,-121.36842853265074,0.9956097038108975,1.0,0.8769888619870571,0.8808560810829835,1.0,1.0,1.0,1.0,1.0,0.9999989081212554,1.0,1.0,1.0,0.778613988308154,0.7886357890476223,1.0,0.8821994754030656,1.0,0.8896274118549811
371,-114.85039494335547,-146.05100324094406,-114.99901125421243,-146.47674907344503,-114.99588507166501,-114.98960880304364,-145.6387801976412,-146.05101566159044,-146.47728534285585,-146.47677727706815,-146.47722015774997,1.678316994269936e-07,0.9283855627062472,1.3565145591168354e-07,0.8082588472548458,1.0,0.9298378488101271,1.0,0.9327603881289077,1.0,1.0,1.0,2.0624673809722385e-07,2.2215633932954958e-07,0.8137372677478176,0.6575380981810429,0.8080471722782374,0.9999937896960914,1.0,1.458481046969994e-07
372,-137.68848964833444,-137.68837171358908,-137.68851480337105,-137.68837442935012,-137.68847903040302,-137.68839893003508,-136.61029626353888,-137.68830598313386,-137.70183528692934,-137.68821608792737,-137.7203711079176,1.0,0.9999874225607915,1.0,0.999998642120401,1.0,1.0,0.9999463430326173,1.0,0.9999863918695915,1.0,0.999987749732556,1.0,1.0,0.58332845723258,0.5793957599383064,0.9932581768547161,1.0,1.0,0.9933441208802938
373,-143.81116928473892,-143.80608938502263,-144.6357780616894,-144.6293660089005,-144.63573380662342,-144.63554155859643,-143.41950648825053,-143.80269424468003,-144.3601940820914,-144.62950765187838,-144.62860161751968,1.0,0.662122702855459,0.6642488922055791,0.6625638741626033,1.0,0.6621373541595056,0.6604576925119227,0.6622010045185875,0.6605211814074259,1.0,0.9969169874259154,1.0,1.0,0.8256421116606657,0.6247874313598547,0.7567291233524664,1.0,1.0,1.0
374,-126.35010071940772,-128.96103528857822,-126.96036544140554,-129.67973038570963,-126.96036426074602,-126.95691117605492,-129.6797293132039,-128.9610342342805,-129.12055421228922,-129.6797382277574,-129.67973840178712,0.27104584990134317,0.7370258144621799,0.18922569306355685,0.698131674520869,1.0,0.7370262495505817,1.0,0.7382998557313356,1.0,1.0,1.0,0.18922579453640492,0.25674242451668566,1.0,1.0,0.9233379310503391,1.0,1.0,0.33956327382945356
375,-161.532254107812,-162.86646128515423,-161.53225056964246,-162.86693437651883,-161.53225202830464,-161.5322510386626,-158.8459382051938,-161.93057983092717,-162.8073634681282,-162.8667469186351,-161.9304759324259,0.5131928447945711,1.0,0.5130714655993767,0.9997634822924255,1.0,1.0,1.0,1.0,1.0,0.9999997654899593,1.0,1.0,1.0,0.21388413990881355,0.1379708798781962,0.6450729817415077,1.0,0.9999992706691745,0.5285828508556196
376,-144.71664552725994,-145.9399791114746,-144.7167049519851,-145.9399752464123,-144.71670287345054,-144.71670748433192,-145.56499705332573,-144.79425725359178,-145.84400287957058,-145.93997301296983,-144.79428782732066,0.5424459704828302,0.9999702880788323,0.5424470187775775,1.0,1.0,0.9999713273157685,1.0,0.999969021943841,1.0,0.9999987338273884,1.0,0.654308868490427,0.6543283098415869,1.0,0.8697904893945259,0.5916306073100741,1.0,1.0,0.5691279493654464
377,-112.29999288411301,-137.93758340187227,-112.2999871002699,-137.9375846767761,-112.29998444861187,-112.299986766639,-137.88301212127064,-137.8636304000368,-137.86363267328295,-137.93758631925334,-137.86363070504453,2.709367733731168e-06,1.0,2.709366006640054e-06,0.9999993625482844,1.0,1.0,1.0,1.0,1.0,1.0,1.0,2.784312373729947e-06,2.784304321728625e-06,1.0,1.0,0.9999988633775765,1.0,1.0,2.811410868087107e-06
378,-119.38412782349931,-146.59608184033547,-119.38412743289706,-146.59608133499825,-119.38412245898562,-119.3841222944099,-147.91055626752876,-146.56944818609037,-146.46884742955243,-146.5960764234943,-146.59608048912176,1.2331027444543473e-06,1.0,1.2331030560207453e-06,1.0,1.0,1.0,1.0,1.0,1.0,1.0,1.0,6.390940425136071e-07,6.390939176978336e-07,1.0,1.0,1.0,1.0,1.0,1.3140948119610681e-06
379,-134.77937550276712,-134.81801850568775,-134.77940045364056,-136.5728878221007,-136.56220126398816,-134.779399982109,-135.8731041539416,-136.57288662624057,-136.18028843176052,-136.57288476888328,-136.57288394784848,0.9808639623484978,0.9999875246410987,0.40789064818057297,0.41584833762671225,1.0,0.4100759548907138,0.4180762782933348,0.9999877604039672,1.0,1.0,1.0,0.5787617765216058,0.5787689968725627,0.7047647384769922,0.8576217402264191,1.0,0.4158485862750114,0.4100810707992507,1.0
380,-60.268842276522605,-139.94006248115082,-60.26879731853438,-139.73174790759134,-60.268778816040594,-60.267504118031354,-138.63267967672286,-139.6845536475258,-139.6564938683336,-139.9400701168235,-139.9400700840366,5.0074238015568176e-18,1.0,5.557113719948727e-18,1.0,1.0,1.0,1.0,1.0,1.0,1.0,1.0,9.62739782471043e-18,9.627181412923807e-18,0.5910013452206999,0.5993514675244513,1.0,1.0,1.0,5.770011927908151e-18
381,-146.14642322690688,-153.6532119235046,-146.85295701025268,-154.53456559628327,-146.852955517211,-146.85295453048252,-153.47901062753925,-153.65317015389743,-153.2461280648464,-153.65312643525965,-153.65302436290622,0.0234380537632443,0.7023897063952281,0.01508474690121006,0.6436006612829792,1.0,0.7023902307439773,1.0,0.7023905772782852,1.0,1.0,1.0,0.02557106857633556,0.036405813387514196,0.9166039814697527,1.0,1.0,1.0,1.0,0.04090159276354391
382,-137.44649031500956,-149.1933194883734,-137.44649849432653,-149.19332032083994,-137.44638370660297,-137.4465012688329,-146.4593848135136,-149.1933081366691,-148.22627702557713,-149.19331941377604,-149.19330706492138,0.002813250826117312,0.9999959103498735,0.002813249655148947,0.9999995837668094,1.0,1.0,1.0,0.9999945231033309,1.0,0.9999986127477841,1.0,0.011037604457187216,0.011037649597312281,0.25488019657440275,0.41335598586872424,1.0,1.0,1.0,0.004562216680222749
383,-94.6215491123738,-151.3624477264915,-94.6233454120977,-151.36245046678306,-94.6207449808249,-94.62335538278444,-151.3749469964014,-151.36244498297847,-151.36244773749027,-151.36245059012512,-151.36244761408048,4.773868115045228e-13,0.9991022533539088,4.773861574154442e-13,0.999998629855157,1.0,1.0,1.0,0.9990972724985332,1.0,0.9999950146690603,1.0,4.74412621681121e-13,4.748389067170606e-13,1.0,1.0,0.9999986227450498,1.0,1.0,4.771949065634248e-13
384,-112.45143883447653,-147.8084989575027,-112.45149513306279,-147.80849636462224,-112.45149041561157,-112.45149344988312,-147.80063667020175,-147.8084952615444,-147.80849289407598,-147.80849658142665,-147.80849292365946,2.1004480569828205e-08,0.9999718511030583,2.1004507800899516e-08,1.0,1.0,0.999974209765054,1.0,0.9999726926695605,1.0,1.0,1.0,2.1087214713606813e-08,2.108780831214971e-08,0.9960784139098626,0.9960795930026578,1.0,1.0,1.0,2.1005085975591494e-08
385,-86.1496831961937,-125.00774875965197,-86.14942610878231,-125.00774845814678,-86.14968226623131,-86.14968248443978,-126.49713922515792,-125.00774763169062,-125.0077418566928,-125.0077377806918,-125.00774740702218,3.648196935318479e-09,1.0,3.648197485293686e-09,1.0,1.0,1.0,1.0,1.0,1.0,0.9998718203869729,1.0,1.7324521323487582e-09,1.7322294508441802e-09,1.0,1.0,1.0,1.0,0.9998719294772288,3.6482078306690094e-09
386,-97.33130849990783,-116.85513545081676,-97.33170486161211,-116.75064913385415,-97.33166412746559,-97.33168668776491,-116.80897232787976,-116.75253209741891,-116.75071267364098,-116.75065455053482,-116.7506586403261,5.760429221285354e-05,0.99980183878439,6.06937204804236e-05,1.0,1.0,0.9998222020290568,1.0,0.9998109239485898,1.0,1.0,1.0,5.894935255540668e-05,5.8961036346042705e-05,1.0,1.0,1.0,1.0,1.0,6.0702585074480064e-05
387,-146.9882848714041,-146.98716028530927,-146.98828281305344,-146.98805392659082,-146.98730732343074,-146.9874417005404,-145.4628098662774,-146.9878308739912,-146.9450764088069,-146.98805190298887,-146.98782881578558,1.0,1.0,1.0,0.9995532791687013,1.0,1.0,0.9999264836417255,1.0,0.999859302283295,1.0,1.0,1.0,1.0,0.4664938211727775,0.4765735222944587,1.0,0.999664761863909,1.0,1.0
388,-130.46416556594653,-130.69829823491557,-130.46416308808563,-130.46606851224897,-130.4641606742541,-130.46416145724567,-126.62936767129486,-130.49608388482037,-130.62341748760582,-130.46638973138738,-130.49608314709053,0.8895261849453482,1.0,0.9990489793558329,1.0,1.0,1.0,1.0,1.0,1.0,1.0,1.0,1.0,1.0,0.14466159283084382,0.13573851766635256,0.9383175935652439,1.0,1.0,0.9234594339989375
389,-96.48956609940745,-125.03955581672781,-96.48920490905337,-125.03955467021288,-96.48934629700969,-96.4894458344628,-125.03473847030969,-125.03956069457118,-125.0395591649891,-125.03955423934366,-125.03955922589398,6.316092820016406e-07,1.0,6.316096440764804e-07,1.0,1.0,1.0,1.0,1.0,1.0,0.9998795445506259,1.0,6.33132456035619e-07,6.330181256916947e-07,0.9975917922653655,0.997592555214921,1.0,0.9999975610812909,0.999929308520601,6.315388139191922e-07
390,-85.73700614072806,-130.09220065172002,-88.8957724028466,-131.1961165357893,-88.89577093710017,-88.55432634202899,-130.57594407203334,-130.0919434423136,-131.1851391305241,-131.19611653558013,-131.19611651952374,2.335564632317223e-10,0.20610219704316154,1.3448678190293928e-10,0.575821281252699,1.0,0.2061023480899973,1.0,0.24447062983655699,1.0,1.0,1.0,1.8337846835321505e-10,8.897453350039354e-10,1.0,0.7374201047009941,0.5789160263689814,1.0,1.0,6.561156172460825e-10
391,-133.8282249283463,-133.83056949606095,-133.8281577530377,-133.82508412422206,-133.82806082010552,-133.82821799277883,-133.151840397281,-133.83146463221112,-133.8538457344771,-133.83056007240233,-133.83145905397447,0.9988284029989689,1.0,1.0,1.0,1.0,1.0,1.0,1.0,1.0,0.9999698805830259,0.9984342927221697,1.0,1.0,0.711904064538625,0.7039818752084603,0.9888718301737763,0.9995525320685614,1.0,0.9871902945342786
392,-131.1696408251109,-136.27770365054218,-131.43594957642233,-136.5398553227793,-131.43590676651934,-131.43584976511468,-134.49369306318,-136.27770363772063,-136.27413581057405,-136.53981137748468,-136.53985533847288,0.07776752023106893,0.8753299520425526,0.06821387774513102,0.8771512521223336,1.0,0.8753486886382468,1.0,0.8753736370461768,1.0,1.0,1.0,0.18975412590658908,0.21678011298916974,0.4098330951069896,0.4105648544317716,1.0,1.0,1.0,0.08900039046367152
393,-131.5894414161671,-136.4718271036093,-131.58943699758134,-136.47182300099192,-131.5894346173038,-131.58943918539313,-136.10527559863021,-136.47170056745216,-136.4716100495596,-136.4718201604193,-136.4716555713395,0.08705694417248888,1.0,0.08705712275333762,1.0,1.0,1.0,1.0,1.0,1.0,0.9999989060947044,1.0,0.10456806381445306,0.10456783279323013,0.8325912242842957,0.8326289073385356,1.0,1.0,1.0,0.0870660967405865
394,-136.24255745499036,-142.7619004701619,-136.2425504899078,-142.7618936413146,-136.24129955188863,-136.24255276864682,-142.5125560173518,-142.76190030423038,-142.27139586233542,-142.76188897840237,-143.51838306899668,0.03840101038651584,1.0,0.03840114150405755,1.0,1.0,1.0,1.0,1.0,1.0,0.9999988606311472,1.0,0.04349978509777548,0.04349963360824224,0.8827862824188659,1.0,1.0,1.0,1.0,0.049043473730718073
395,-106.34369677971296,-124.31947629648906,-108.93533432200337,-124.91086784758846,-108.93533415441706,-108.84775775283936,-125.06610859845435,-124.32088372750391,-124.8618727819316,-124.91084072127464,-124.91086899185285,0.00012491341278747802,0.27367369644701817,9.29372955197087e-05,0.7440137407647966,1.0,0.2736737193790012,1.0,0.28592364293216294,1.0,1.0,1.0,8.599633237945432e-05,0.0003142294400079576,1.0,1.0,0.7630020757319922,0.9992965320422589,1.0,0.00034801349028399167
396,-130.47682073299944,-140.9318968542956,-130.4768207266509,-140.93189657098944,-130.4766751144683,-130.47569605516878,-140.28158317311798,-140.9318960772511,-140.93189540883535,-140.93189618374709,-140.9318957546838,0.00536672159484419,1.0,0.005366722355056863,1.0,1.0,1.0,1.0,1.0,1.0,1.0,1.0,0.007428872213036569,0.007428872189455362,0.7224143215867249,0.7224145630233261,1.0,1.0,1.0,0.005366334740421338
397,-125.14743743725319,-146.95088422271405,-125.14746223814228,-146.95088609639356,-125.14748534117382,-125.14749232121136,-146.90302970515123,-146.950879442483,-146.95088152207748,-146.95088630613978,-146.95088131334097,1.8426450604994547e-05,0.9999875996323384,1.8426433342371172e-05,0.9999990631606847,1.0,0.9999760483265303,1.0,0.9999725583974421,1.0,0.9999849585785845,1.0,1.887266207741668e-05,1.887289610826725e-05,0.9763590621612565,0.9763580469463259,0.9999989602033003,1.0,0.9999884485509497,1.8426916842079795e-05
398,-102.33297524082357,-129.50088204340673,-102.33297123678511,-129.500884863424,-102.33296784187291,-102.33296963602652,-128.13757341340613,-129.60910182037063,-129.60910394663273,-129.5008824786742,-129.6091055725918,1.2605613740124598e-06,1.0,1.2605595966112897e-06,0.999998589992358,1.0,1.0,1.0,1.0,1.0,1.0,1.0,2.4923136896452475e-06,2.49230869999031e-06,0.4791391592149914,0.47913864982754417,0.9999989368695135,0.9473280003460062,1.0,1.194159398431925e-06
399,-139.0072995188535,-140.7909893390904,-139.13457717424214,-140.98707187215302,-139.13456462187412,-139.13457591583534,-140.98765781243046,-140.79102043119698,-140.6762926360821,-140.98773455156208,-140.98775515175234,0.40989882824243107,0.9383438421457508,0.371618987533008,0.9066114902705137,1.0,0.9383497313828496,1.0,0.9383444325550712,1.0,1.0,1.0,0.37151013021343143,0.39592110431916244,1.0,1.0,1.0,0.9999844540675483,1.0,0.46261319450274596
400,-138.4077409574358,-138.39479421460808,-138.40770088802785,-138.39473546116855,-138.40772053063296,-138.40773052455717,-136.30703756962941,-138.38669201056953,-138.33876976991007,-138.39463625504462,-138.38669068362694,1.0,1.0,1.0,1.0,1.0,1.0,0.9935576832689722,1.0,0.9935527185112846,0.9999851818451302,0.9935235316202097,1.0,1.0,0.35351575696868826,0.3620886889222924,1.0,1.0,0.9999901787456736,1.0
401,-154.19228672563216,-154.5274700282514,-154.192945302235,-154.2154139916643,-154.19312331271726,-154.19292724705144,-152.69685407759513,-154.22140826523088,-154.1948470809071,-154.52747020801792,-154.22140469984987,0.8456991043063601,0.999670765908027,0.9885029688212696,1.0,1.0,0.9995817939299952,1.0,0.9996797905683442,1.0,1.0,1.0,1.0,1.0,0.46660271822211574,0.4728408097127048,1.0,1.0,0.9999109987197126,0.9991384872204951
402,-134.22182049054135,-134.395319802224,-134.2217854441103,-134.3952810337022,-134.2217749128394,-134.3513649792862,-133.53770266485077,-134.3952629420449,-134.20682590166228,-134.3952955467297,-134.52787393158133,0.9169066091169112,1.0,0.9169243828461165,1.0,1.0,1.0,1.0,0.9372809100715295,1.0,0.9372644860400421,1.0,1.0,1.0,0.6513031098559743,0.7156517461495953,1.0,1.0,1.0,1.0
403,-135.27671713132278,-135.27862118171484,-135.27798361053755,-135.27858026877738,-135.27806959669132,-135.27823503744028,-137.93029288151612,-135.27861815444646,-135.27560416795146,-135.27331592839724,-135.27841537552538,0.9990484278361813,0.9993669608465046,0.9990688650481432,1.0,1.0,0.9993239959095208,1.0,0.9992413348732763,1.0,0.9998742944502369,1.0,0.26532816116391744,0.2654962306730389,1.0,1.0,1.0,1.0,0.9999570078473002,1.0
404,-134.64860559946072,-134.64073048882688,-134.87869194942976,-134.87066850480895,-134.93555646043203,-135.22814438036673,-133.3584661609732,-134.63934699524143,-134.9085479535982,-134.92745359464243,-134.86982240638238,1.0,0.8913276600181422,0.8949106011548744,0.8913937695624389,1.0,0.8663420855300599,0.8629375228705978,0.7484361441990621,0.7454949298772706,0.8396868825812367,0.8363250398790805,1.0,1.0,0.5270602465560352,0.46068494029842666,0.8740650491261213,1.0,0.9719681374102384,1.0
405,-150.32829263907178,-150.32833144052162,-150.3282064274291,-150.3180898832421,-150.32816223595904,-150.32828763465133,-150.52849324102394,-150.3283344139214,-150.33167670805187,-150.32827415526359,-150.32828090569376,0.9999805994632693,1.0,1.0,1.0,1.0,1.0,1.0,1.0,1.0,0.9999593972132039,0.9949141014963602,0.9047466665110455,0.9047076675034347,1.0,1.0,0.998330248523499,0.9999985133012184,1.0,0.9982443069888876
406,-135.58609746942744,-135.58570114581553,-135.58609699177356,-135.58570089174418,-135.58609681908018,-135.5860971114655,-133.97975521180447,-135.58555213982805,-135.5476946834787,-135.58570060994452,-135.58555189857816,1.0,1.0,1.0,1.0,1.0,1.0,0.9998021829360517,1.0,0.9998020367723203,0.9999999401540283,0.9998019097618006,1.0,1.0,0.4480284858903957,0.45658986772434407,1.0,1.0,1.0,1.0
407,-147.31471320586917,-147.31562054753064,-151.45256748467335,-151.46656829636947,-151.45250845369802,-151.45239510614488,-147.0934982954103,-147.3164183961706,-147.47363155524968,-151.4683519279261,-151.46840619269145,0.9995464320623139,0.12632123410602578,0.12544002221917494,0.12549694360907365,1.0,0.12632496259387707,0.12638228554649242,0.1263321221094587,0.12638944831087437,1.0,1.0,1.0,1.0,0.8945271267081187,0.8269040355583064,0.9244035321783176,0.9996011552397456,1.0,1.0
408,-153.365076336681,-153.36474952686774,-153.6606576965212,-153.66038912428996,-153.7160901033761,-154.06928060710317,-151.92547864169245,-153.36469157172732,-153.685574171276,-153.715939910424,-153.66036997933548,1.0,0.8626116579869108,0.8627275025337374,0.8625865401440257,1.0,0.839031621807327,0.8388945311244564,0.703208295980676,0.7030933976824586,0.8152084306648062,0.8150989668411281,1.0,1.0,0.4869438476970871,0.41476310013532636,0.8517678210678165,1.0,0.9726643664489616,1.0
409,-117.03973985089283,-117.04701012731522,-117.55079894597242,-117.67866077227052,-117.55086390142048,-117.55090889643995,-116.00901100633718,-117.05879387115615,-117.12685081881511,-117.67886688776258,-117.05879236319595,0.9963714609050578,0.7745062514681371,0.7265409287359218,0.7291868115892899,1.0,0.7744810976763107,0.7773015668000044,0.7744636739762738,0.7772840796471497,0.9999450262773443,1.0,1.0,1.0,0.5916195915938124,0.5718263565018824,0.9665439830371281,0.9941254511184886,0.9999675228033619,1.0
410,-150.97080000656524,-150.95937369149556,-150.97074605291604,-150.9706664697982,-150.97079260416845,-150.9707701033805,-150.71276716802367,-150.97066609279312,-150.95611507863316,-150.97066877926062,-150.95888701385445,1.0,1.0,1.0,0.9943695217434476,1.0,1.0,0.9943068116342338,1.0,0.9943179980405291,0.9999879748400795,0.9999481845513244,1.0,1.0,0.8790183879161818,0.8854370134857183,1.0,0.9943697091846456,0.9999767246446702,1.0
411,-134.6797496325451,-134.69264187705915,-135.54492174787725,-135.88552331214635,-135.5449143711537,-136.6704928386879,-134.6208188842314,-134.70020518590323,-135.3621455872858,-135.55855907427525,-135.56342518357502,0.9935746094188342,0.6488290140211699,0.5472295894761897,0.5507684921581055,1.0,0.6488314071417154,0.6530273630092384,0.3695860797006809,0.3719761718919737,0.5696201490900377,0.6753766368051295,1.0,1.0,0.9610843018254567,0.6902762829043658,0.7182265713770106,0.9962254870280404,1.0,1.0
412,-135.1315818488514,-135.4575091604122,-135.7092929627296,-136.02065048180373,-135.70930142254753,-135.7092870180636,-135.59929434522724,-135.45769414264984,-135.93524901840414,-136.02064638015668,-136.02065134007452,0.8496220667044309,0.7491204028322669,0.6411227668350705,0.7545975934004389,1.0,0.7491172341278594,0.8817064239322123,0.7491226294708653,0.8817127742180835,1.0,1.0,0.7914755837676032,1.0,1.0,0.8453729935036208,0.7875901506037865,0.9999075131583509,0.999995770099979,0.8931740628202446
413,-150.56384187342857,-150.5949842824772,-150.56383471856674,-150.59498109873599,-150.56382535905948,-150.56383417990332,-149.34781574005288,-151.15007594448468,-150.6454950786849,-150.56132600559158,-151.15006975911095,0.9845493998841106,1.0,0.9845509671606159,1.0,1.0,1.0,1.0,1.0,1.0,1.0,1.0,1.0,1.0,0.4061104539907979,0.5226518740628883,1.0,0.7576408403670725,1.0,0.9599876493986955
414,-132.23470645921202,-132.50731258310358,-133.01888096516174,-133.03725729863288,-133.01888771769433,-133.01882953645483,-132.8172229807255,-132.50738934987734,-133.22005752014616,-133.2800441431821,-133.03841569142907,0.8725781471818963,0.6756451593385777,0.6694656516081958,0.7672271575563994,1.0,0.6756428781844517,0.7743064393332878,0.6756625333403952,0.7743289647151198,1.0,1.0,0.7473226489804008,1.0,1.0,0.8175712126655711,0.7002386418323023,0.9999616173497532,0.9999966237394072,0.9043083322674378
415,-126.52517741347549,-126.52497844651165,-128.3766090148472,-128.3602336231528,-128.38957225765685,-128.41932997582654,-124.59229919539504,-126.52481035942333,-128.35450599063662,-128.3723778229329,-128.34697209670932,1.0,0.3962476831745487,0.3995053569063088,0.3994656146992381,1.0,0.3936876612187288,0.39364849774749405,0.3878734000336899,0.3878348149566318,0.9788660388528508,0.970884102874879,1.0,1.0,0.38050514426778426,0.15242183105126308,0.40057758310882335,1.0,0.9935393389929497,1.0
416,-138.56539644514768,-138.5721512817923,-138.56537189158078,-138.57196940668294,-138.5653524450194,-138.56519932349696,-137.25993569926425,-138.57209675024086,-138.65562188063728,-138.57182318394757,-138.57298355229295,0.9966282787393687,1.0,0.9967189137989592,1.0,1.0,1.0,1.0,1.0,1.0,1.0,1.0,1.0,1.0,0.518881095323017,0.4976575492104637,0.9590974766591931,1.0,1.0,0.9558687006217561
417,-150.68455023053474,-150.66715408678738,-152.23709154281028,-152.2184702648106,-152.23929731828383,-152.29031250766133,-152.11149728411726,-150.66036603885186,-151.40241656141527,-152.21791796613,-152.21761621186113,1.0,0.4601187566730349,0.4644227617401,0.46040069664226213,1.0,0.45961157707132994,0.4556311785314855,0.44803624825209576,0.4441560961469124,0.9737404566849134,0.9647163859355055,0.48993942067729757,1.0,1.0,1.0,0.6900265103845626,1.0,0.9988977202203788,1.0
418,-129.7922555240054,-129.7933754464173,-130.4222055067135,-130.42483103752465,-130.4222030241932,-130.42217083636493,-129.5675221424049,-129.80296579834072,-130.4068293738852,-130.42415965421574,-130.42589596187028,0.9994401955430798,0.7298071255288511,0.7288496885642795,0.7292579304039639,1.0,0.729808031409916,0.7302168100346913,0.7298197769722286,0.7302285621759049,1.0,1.0,1.0,1.0,0.8889432973881776,0.657274449912894,0.7393884985060861,0.9952163025400598,1.0,1.0
419,-140.3724621769026,-140.35710619905112,-140.37245886399558,-140.37235738694864,-140.3724501775194,-140.37226465804986,-137.87236310680902,-140.32129051557098,-140.2038764963336,-140.3561502007405,-140.32123822369894,1.0,1.0,1.0,0.9924034071291408,1.0,1.0,0.9923573653579231,1.0,0.9924494204333667,1.0,1.0,1.0,1.0,0.2939152835430879,0.31168672106695045,1.0,1.0,1.0,1.0
420,-133.95529796528237,-136.73213115119322,-136.9780580009347,-137.49405474861192,-136.97805116458596,-136.9775004661797,-136.593640711924,-136.28942296052676,-137.41939695589105,-137.494935283564,-137.49366733770816,0.24947000462656319,0.22060532851099932,0.17043890214591842,0.6832039883955268,1.0,0.22060608257976855,0.8842990278931466,0.2206668346524474,0.8845425524514188,1.0,1.0,0.26735674913985924,1.0,1.0,0.6617429298289044,0.5683675368048708,1.0,1.0,0.8019789681971672
421,-134.23332283424605,-134.22560069897557,-134.23252540291654,-134.2355785105138,-134.2356667578531,-134.23499968642622,-132.3548610146102,-134.23493123804525,-134.26840984563327,-134.23307565486104,-134.2764340507148,1.0,1.0,0.9988727976365219,0.9950235181520988,1.0,0.998828724675511,0.9949796150316773,0.9991619252908611,0.9953115316173733,0.9987636231895378,1.0,1.0,1.0,0.39061411998509693,0.38412993335672013,0.983400019874796,0.9953455959317328,0.9984305554000109,0.9837617414808982
422,-122.81768799290853,-123.12978633458388,-125.38711684385788,-125.68720612228114,-125.3871118830283,-125.38704036905844,-124.39358049675872,-122.83615238431435,-125.60430503389256,-125.39278773949547,-125.40385239452468,0.8555171228432028,0.276729599272965,0.23817274132644445,0.2783962295633634,1.0,0.2767302856780079,0.3234655137682455,0.2767401808955727,0.32347708012653414,1.0,1.0,0.45477783594425103,1.0,1.0,0.5458766368684099,0.2505551244982623,1.0,1.0,0.8970922535612812
423,-128.08050602831074,-128.08116913642993,-128.17053968852886,-128.15637509662335,-128.17048862690956,-128.17033405436786,-125.7111018702287,-128.0618966105004,-127.53402652337402,-128.15642551069922,-128.151901455607,0.999668500898374,0.9559813924266105,0.9627759677691409,0.9630952329736518,1.0,0.9560057997171384,0.9563228198727907,0.956079688695576,0.9563967333534807,1.0,0.9930448211237752,1.0,1.0,0.30869628862660314,0.40193603233368413,1.0,1.0,1.0,1.0
424,-136.39175903785056,-136.39173209332884,-136.80043442314923,-136.8004442722962,-136.80024037549362,-136.9751561844452,-133.43461557993828,-136.39168216798146,-136.79722220697738,-136.8002606914839,-136.80012572652876,1.0,0.8151870420296684,0.8151830275910578,0.8151720453066392,1.0,0.8152661384339197,0.8152551550298177,0.7469936658791954,0.7469836022534575,0.9163463442933492,0.9163508569193739,1.0,1.0,0.2279718109121343,0.1861312305378537,0.81646599109393,1.0,1.0,1.0
425,-139.246833368674,-139.39355541043955,-139.48029960901312,-139.69629706532342,-139.7107508240755,-139.64069045159047,-139.81927155258938,-139.39361083794103,-139.6808587408578,-139.69630245612444,-139.88016699970674,0.9292652852864853,0.8898226371920299,0.7987303709325335,0.8595289026494637,1.0,0.7929788506917421,0.8533395826222787,0.8212493164945083,0.8837619671128933,0.9229359674261433,1.0,0.7510980383790877,0.844098595591242,1.0,1.0,0.8662134251154221,0.9999722866332829,0.89116506767473,1.0
426,-129.87200300075875,-131.56041161486905,-130.0922158795306,-131.77362477451214,-130.27571628437974,-130.38513666157803,-130.8146489385001,-131.56017449610033,-131.94604232423086,-131.96662749273955,-131.7727501232677,0.42989928998838645,0.8957387883356979,0.3864275473479095,0.8988792406666888,1.0,0.8172120735884543,1.0,0.7737032859240995,1.0,0.8637599443043624,1.0,0.6241759564505946,0.6968280983012103,0.6888286182152852,0.5679643122018985,0.8245364626014824,1.0,0.912333019659506,0.4338037570122272
427,-134.85608404524356,-134.8294327719167,-134.8560835044344,-134.85040900250868,-134.85608277788188,-134.8560833162983,-132.65986667292182,-134.85549231802457,-134.80057883551547,-134.85569970236094,-134.8554917794889,1.0,1.0,1.0,0.9895666932052513,1.0,1.0,0.986763381858022,1.0,0.9867631162132493,1.0,0.9971668640312449,1.0,1.0,0.33359992859164983,0.34288640024411454,1.0,0.987054746948577,1.0,1.0
428,-152.96589258110032,-152.96365511671328,-152.96588979400673,-152.96365377666277,-152.96588966261322,-152.96588911260633,-150.9542202632773,-152.96265796647697,-152.94877734227646,-152.96231163715564,-152.96265728008507,1.0,1.0,1.0,1.0,1.0,1.0,0.9988833509670697,1.0,0.9988836256634692,1.0,0.9988829563864341,1.0,1.0,0.3663306816928726,0.3688819740976295,1.0,1.0,1.0,1.0
429,-123.85341955840258,-123.9575657979515,-125.7213496127901,-122.69481808496332,-125.14407280635447,-124.1268866354676,-123.47480674226276,-123.95783756697023,-125.0454225173344,-125.24393323127316,-125.73069803282573,0.9492594546679876,0.39299239156186105,1.0,1.0,1.0,0.524491202724358,0.5525267092628576,0.8722026035566115,0.9188242469090524,1.0,0.48868641406196356,1.0,1.0,0.7854366982674679,0.4559792898312709,0.5805423795922439,0.9998641247225198,1.0,1.0
430,-135.878550432317,-135.8654929349459,-135.8774410234721,-135.86550322832346,-135.87856680512348,-135.87856814163828,-133.36418856607833,-135.82968192355378,-134.1609634831845,-135.86543978308126,-135.8297315947108,1.0,1.0,1.0,0.9999948533244659,1.0,0.9999918136302732,0.9934843841918425,0.9999911453785675,0.9934837202887732,0.9994365996865028,0.9934888334534456,1.0,1.0,0.29149084542705417,0.6714018368744356,1.0,1.0,0.9994372675676291,1.0
431,-145.81457945231534,-145.8145881903361,-145.81473891150523,-145.81411347044718,-145.81475985898814,-145.81359194017296,-144.9066748465649,-145.814552930486,-145.79343482645507,-145.814577120323,-145.81417774953616,0.9999956309991604,0.9999202735833758,1.0,1.0,1.0,0.9999098007318001,0.9999141693576455,1.0,1.0,1.0,1.0,1.0,1.0,0.6351214478242042,0.6418632591572503,1.0,1.0,0.9999895263133949,1.0
432,-131.27147106628772,-131.27136029224175,-133.00602894401362,-133.00592451443612,-133.00601390404958,-133.0056956067415,-132.6612533295501,-131.2704484384643,-132.9948569376901,-133.005870856417,-133.00591917337917,1.0,0.42009309442936793,0.42011503007422757,0.42009176179778784,1.0,0.420096253533763,0.4200729862972714,0.42016311660752104,0.4201398456677852,1.0,1.0,0.49912878436390307,1.0,1.0,0.8463673412772776,0.422230354718961,1.0,1.0,1.0
433,-129.29893695024293,-129.35257367238566,-129.89343367202864,-129.9616701832222,-129.89347226898428,-129.89347478735823,-129.7364095958252,-129.3055618862268,-129.91523348643474,-129.8995998276315,-129.89978170608796,0.9735380578753037,0.742859492202346,0.717941911442898,0.7374564411069549,1.0,0.7428451562832408,0.7630365862680929,0.7428442209028857,0.7630356254629682,0.9999794425465102,1.0,0.8035335637102886,1.0,1.0,0.9144687848493253,0.7372444199106207,1.0,0.9999807017083906,0.9891783709923255
434,-125.81322723831124,-125.81300030707087,-126.13394681009203,-126.12012637195437,-126.13393202350235,-125.81323081297265,-122.30869412062808,-125.81294810585919,-125.78579649093263,-126.13379659767995,-126.43160378431023,1.0,0.8518372548009961,0.857744021865315,0.8576467029291922,1.0,0.851843552708255,0.8517469032345433,0.9999982126708943,0.9998847536904748,1.0,1.0,1.0,1.0,0.17340472036254034,0.17577488148280354,1.0,1.0,1.0,1.0
435,-140.81686391531807,-140.8172814450105,-140.8142597970307,-140.81727261548045,-140.81685019167827,-140.81685902048235,-140.94342344392754,-140.81750148288722,-140.82876506263247,-140.8102615946636,-140.81749246762143,0.9997912569436433,1.0,0.9997956707968648,1.0,1.0,1.0,1.0,1.0,1.0,0.9987012324037723,1.0,0.9386808275622467,0.9374594049625141,1.0,1.0,0.994384038927196,0.9998899871135036,0.9987056410822629,0.9940602748547922
436,-139.7781043190438,-139.77006744344806,-139.87300850485278,-139.86474487167993,-139.873018877493,-139.7790057232073,-139.25864089602544,-139.7696428636328,-139.66721275157332,-139.94504720348553,-139.86435676361418,1.0,0.9536561589349677,0.9576046428585379,0.9537642894447029,1.0,0.9536512129816788,0.949826714302924,0.9995493994691763,0.9955408318654423,1.0,1.0,1.0,1.0,0.7745283745762765,0.8152292411775294,1.0,1.0,0.9999948136933395,1.0
437,-151.49437369238527,-151.50488559503975,-151.49436618459856,-151.51305882383397,-151.49243327918362,-151.49436939879084,-150.66744496727392,-151.5120458316289,-151.53515356232336,-151.5939403148883,-151.51263655372838,0.9947578370174014,1.0,0.9907009404509531,0.9959217244484225,1.0,1.0,1.0,1.0,1.0,0.9999983929051535,1.0,1.0,1.0,0.6555370653782777,0.6480066647824074,0.9885126242380745,0.9964262826878861,1.0,0.9788663706099933
438,-130.77056865160907,-130.77036489323768,-130.77046928879062,-130.75856404487402,-130.77056840437132,-130.765804054074,-126.27624575881185,-130.76983227059713,-130.70279057622488,-130.77020575122913,-130.76983220561902,1.0,1.0,1.0,1.0,1.0,1.0,0.9998982496101051,1.0,1.0,1.0,0.9963865397174558,1.0,1.0,0.10573775540494297,0.10934224989141844,1.0,1.0,0.9999504434376192,1.0
439,-137.75109903925542,-137.73841858005875,-138.66659086175883,-138.6665348805289,-138.66674261862076,-138.66013896714915,-138.11893913938218,-137.7285566780467,-138.6447899198492,-138.66653153914655,-138.65304802905197,1.0,0.6327082198245368,0.6327259299645622,0.628726992781645,1.0,0.6326602127389336,0.6286616909002352,0.6347525989577656,0.6307408528766973,1.0,1.0,0.8320023197003957,1.0,1.0,0.7687992551043127,0.6324737122518973,1.0,0.9999241244477328,1.0
440,-135.74075398059023,-135.74057037099507,-135.73985731759225,-135.73569884705367,-135.74074341540828,-135.74074907472772,-135.04090838377493,-135.73144726159364,-135.70758474500374,-135.74055981237572,-135.74040539507692,1.0,1.0,1.0,1.0,1.0,1.0,0.9999134815363371,1.0,0.9999106521254373,0.9995542208213447,0.997478071581176,1.0,1.0,0.7080295570533217,0.7165278373535484,1.0,1.0,0.9995570492236638,1.0
441,-119.07079398484387,-119.0721905099858,-119.07173885103168,-119.07138821706124,-119.07213147642648,-119.07224919271351,-118.73370967699634,-119.05875503646172,-119.06395471000846,-119.07221332478287,-119.07218222099294,0.9993019811576129,0.9995276784850381,0.9997029280259365,1.0,1.0,0.9993314777693271,1.0,0.999272660704735,0.9999706590665977,0.9997448617123943,0.9995696048204528,1.0,1.0,0.8499968123063005,0.8477898294770883,0.9974035398753744,1.0,0.9998037065706791,1.0
442,-128.40512922859082,-129.05723331563686,-129.13941017367307,-129.82465399098314,-129.09111688663253,-129.04275704719055,-127.39274959933695,-129.05531033753755,-129.73918825970446,-129.78074135995854,-129.8246091149157,0.7217676231243252,0.6927123311481626,0.4917610352479601,0.6813287538713185,1.0,0.7096425907363243,0.9832009195210015,0.727010826672761,1.0,1.0,1.0,1.0,1.0,0.435491339554245,0.3093693742138615,0.7103915649172776,1.0,1.0,0.7232244325445909
443,-140.58090674393355,-140.58189103241097,-140.58193613390722,-140.58193648138348,-140.58191019401073,-140.58170182995906,-140.43720364425957,-140.57468193857403,-140.58065365436488,-140.580973728077,-140.58193639275413,0.9995079768444057,0.9994854374459096,0.9994852637971942,0.999977275771942,1.0,0.999498400804371,0.9999904192460125,0.9996025359970007,1.0,1.0,1.0,1.0,1.0,0.9335701727524298,0.9307868222935334,0.9970185953449109,1.0,1.0,1.0
444,-146.47269670488132,-146.684607923045,-146.67615404232006,-146.8930995919477,-146.73483115341904,-146.74655174591362,-143.94455489911752,-146.6845542436748,-146.70148470607077,-146.95167939726971,-146.89310213807198,0.8994645752480578,0.9032746050773979,0.810420975461174,0.9010037724250262,1.0,0.8771588060496022,0.9752010587050591,0.8720334283744349,0.9695028046367942,0.9654134229753021,1.0,1.0,1.0,0.2541070428290928,0.25196504699876665,0.9915704979819592,1.0,0.9710876416972246,1.0
445,-156.68957879883527,-156.77047805756092,-156.68957166185697,-156.70010256207485,-156.68955143836024,-156.68957221435898,-156.11221558252493,-156.77050842044494,-156.05314808209232,-156.77046363942233,-156.770502757488,0.960357537114183,1.0,0.9947519378299083,1.0,1.0,1.0,1.0,1.0,1.0,0.9999997237490375,1.0,1.0,1.0,0.7195376550786476,1.0,1.0,0.9999848186732282,1.0,1.0
446,-121.10907825169627,-121.11700880698018,-121.1090743130261,-121.1170060056916,-121.10907001736604,-121.10907394411882,-120.96087331875609,-121.12524931578218,-121.37827271500356,-121.11700172318297,-121.12526567906741,0.9960425736904367,1.0,0.996043968792761,1.0,1.0,1.0,1.0,1.0,1.0,1.0,1.0,1.0,1.0,0.92109877721744,0.8116389357450329,0.8811638402093249,0.9958882222012471,1.0,0.8740642890041956
447,-146.4920681709878,-146.48612178014855,-147.4148831382134,-147.4100336179078,-147.41566444029888,-146.492072758954,-146.9305671552044,-146.48224067690884,-147.3897124056259,-147.41014478346668,-147.40970376229797,1.0,0.6303957491172316,0.6319261623028105,0.6300501126446401,1.0,0.6301495324560317,0.6282787572207538,0.99999770601953,0.9970289329785268,1.0,1.0,0.8031213207243575,1.0,1.0,0.7948732387050615,0.6352505033871279,1.0,0.9996094252514479,1.0
448,-148.86959141970442,-148.90114211513196,-150.10627632344173,-150.52116955799457,-150.10632595867827,-150.10605597346716,-146.89562378261022,-149.2735791763457,-150.35775664371548,-150.52109008489174,-150.51561465164573,0.9843484313433248,0.5388368457924249,0.4378893311473785,0.44485196217542367,1.0,0.5388234733112144,0.5473910011477243,0.5388962154055215,0.5474648998730037,1.0,1.0,1.0,1.0,0.30453242944342973,0.1770954492332407,0.5815323167943205,0.8300921746130308,0.9999751826896865,0.8818658407672262
449,-137.10103928278164,-137.08948589554063,-137.15384030654147,-137.08947680401837,-137.1010057092229,-137.15270694288645,-135.53740967275985,-137.0952735057291,-137.08916121825857,-137.08937780198727,-137.09526080317542,1.0,0.9739449349663446,1.0,1.0,1.0,1.0,0.9942566496191327,0.974497008272164,0.9688838659323437,1.0,0.9688794616277376,1.0,1.0,0.4588958887777037,0.46030048580528715,1.0,0.997110377923811,1.0,1.0
450,-145.99012479064635,-145.99031356704918,-146.37614045981366,-146.3761092102594,-146.37612788574887,-146.37510683726282,-145.67247031673583,-145.98980162380118,-145.9820307971967,-146.37609641265817,-145.24690067950894,0.9999056162530078,0.8244755146914147,0.824488397038226,0.8245662226879665,1.0,0.824480698211976,0.8245585231350039,0.8249017230588714,0.824979587723553,1.0,1.0,1.0,1.0,0.853281602970895,0.8566034037671924,1.0,1.0,1.0,1.0
451,-126.2058305319658,-126.2175270000987,-128.24252710115172,-128.25628135194802,-128.2424672143548,-128.2423997445828,-123.31311184298283,-126.24059698154636,-128.49607408393223,-128.25622119905722,-128.26793575413578,0.9941688335663537,0.36119103254341905,0.3587155982123537,0.36081959733694674,1.0,0.36120184799235105,0.3633204298877707,0.3612140333010512,0.3633326866677949,1.0,1.0,1.0,1.0,0.23136873880112127,0.07490900861373459,0.3237646062380299,0.988531282217657,1.0,0.8809068112135561
452,-135.65336598361765,-135.65361414800967,-136.6067223509208,-136.60649433926076,-136.60672234657886,-136.6067213454526,-134.3338529190588,-135.6537168340753,-136.57793234852477,-135.65377782244985,-136.6064251207536,0.9998759255018678,0.6208422943479996,0.6209130780238739,0.6209901270622341,1.0,0.620842295695826,0.6209193359508148,0.620842606466668,0.6209196467602203,1.0,0.999886503345315,1.0,1.0,0.5168865035408443,0.3256149551907682,0.6299544541407016,0.9999486582852083,1.0,1.0
453,-130.888368887149,-130.91831301498462,-133.7460372760282,-133.75112979262332,-133.74615960131092,-133.71394021130925,-133.95656723951248,-130.89814033577449,-133.89327681861687,-133.9560892036651,-133.75127569314608,0.9851394601555803,0.2395880726018627,0.23897879550162457,0.24258372054641203,1.0,0.239573419210629,0.24318731397968146,0.24346412885381022,0.24713671383680097,1.0,1.0,0.21564986623375781,0.9000859846312781,1.0,1.0,0.22367341909915744,1.0,0.9999388392290375,0.9290816919693335
454,-142.047946093341,-142.0477601524825,-146.73917363955593,-146.7084396717282,-146.73932833477465,-145.45327001570374,-146.68220108229673,-142.04743659354233,-145.3537043976266,-146.72149626348747,-146.7214956437852,1.0,0.09578839174536843,0.0972717385132188,0.09726269553830642,1.0,0.09578098302878915,0.09577207864361163,0.18219787428043013,0.18218093605323918,1.0,1.0,0.09855628285200846,1.0,1.0,1.0,0.19144898512943806,1.0,0.9999226553818865,1.0
455,-134.83031270654303,-134.82688268471352,-134.83030641752708,-134.87912780462693,-134.83030680137188,-134.83031023263106,-127.208349624558,-136.4284030686066,-136.341215195916,-134.8791690797707,-134.9219606674572,1.0,1.0,0.9758879065198952,0.9742156824597685,1.0,1.0,0.998289406406662,1.0,0.9982876937132822,0.9999980924498292,1.0,1.0,1.0,0.009951552378670856,0.01039497476089957,1.0,0.4489875176562219,0.9999998080776222,0.4697971856646078
456,-136.79615491015892,-136.79659458971724,-136.79520480628608,-136.79512347699347,-136.79591087246988,-136.79670898808374,-135.98261823268007,-136.79657700054076,-136.78329342344415,-136.79522538957778,-136.79656024833923,0.9997801843838305,1.0,1.0,1.0,1.0,1.0,1.0,0.9997229994093408,0.9999428024525963,0.9992481918506428,0.999207558602523,1.0,1.0,0.6656579134099694,0.6700937872777131,1.0,1.0,0.9996470292169517,1.0
457,-154.8874968679391,-154.88482582231995,-156.71463617663588,-156.72431025566198,-156.71465838052592,-156.7145959175333,-156.62969721349043,-154.8835140241248,-156.69881243858765,-156.7243099154445,-156.7112239271866,1.0,0.4010899132069708,0.3991545100328598,0.39862178589197067,1.0,0.40108546035352394,0.40055015910571307,0.401097987048211,0.40056266908188015,1.0,1.0,0.41849088361119324,1.0,1.0,0.9660326824783516,0.4034715881607591,1.0,0.9999888981166062,1.0
458,-163.05399698570872,-163.06741459548692,-163.05393476514658,-163.06829383707452,-163.05398729864135,-163.05366216680187,-163.07915358694754,-163.06409803471345,-163.08316456771055,-163.0674049088807,-163.07186801172242,0.9933136489016591,1.0,0.9928770635398709,0.9995604758252634,1.0,1.0,1.0,1.0,1.0,1.0,1.0,0.9875004755677217,0.9874697546282398,1.0,0.9979965192706581,0.9905120310277699,1.0,0.9999737335975846,0.9855172639970776
459,-132.0035166276798,-132.00345462256448,-132.0026452602716,-132.00345353722426,-132.00333891566035,-132.00343783744106,-129.73531408819971,-131.9940401746686,-131.98692010610375,-132.00139188384767,-132.0018486581282,1.0,1.0,1.0,1.0,1.0,1.0,1.0,1.0,1.0,0.9996037899272253,1.0,1.0,1.0,0.32323908018388936,0.32439187316450424,1.0,1.0,0.9996532324434,1.0
460,-133.6161428983337,-134.54971366953276,-137.4372428396924,-138.50613747980344,-137.4348280454074,-136.92403244068586,-138.52933249713251,-134.54971370885843,-137.83295453693546,-137.49585353274043,-138.50642519615428,0.6270146423450184,0.147998969115313,0.08672636986614213,0.13831633905994245,1.0,0.1481777705681771,0.23632266387591216,0.19129380797935233,0.3050866679347687,1.0,1.0,0.08572637000220962,0.5792362643784101,1.0,1.0,0.19366596884040943,0.9999999803371653,1.0,0.8194980619128313
461,-130.89940826123924,-133.0849640567309,-131.2945209491611,-133.419910428089,-131.29455279014417,-131.18712819467967,-133.37962290200682,-133.08496277700579,-133.15635151798625,-133.4199014498318,-133.41990934982783,0.335283814709963,0.8207338959263695,0.28358281461575297,0.8457992965185808,1.0,0.8207208295433388,1.0,0.8660090096506232,1.0,1.0,1.0,0.28935316278017553,0.3525541764710232,1.0,1.0,0.9649351610809457,1.0,0.9999840796351955,0.3941990225202153
462,-135.08497733656048,-135.0702843327556,-135.3515675455885,-135.35943658275966,-135.08508704450406,-135.08508645265266,-133.16330002730328,-135.03656788787416,-134.34941363430084,-135.336976544382,-135.36972066134416,1.0,0.8752067765251582,0.871770024612365,0.86538903215374,1.0,0.9999451475326618,0.9926259667105388,0.9999454434421752,0.9926262604541181,1.0,1.0,1.0,1.0,0.3919449313596619,0.5526354023444835,1.0,1.0,1.0,1.0
463,-127.8742662906524,-128.8564775277162,-128.2486181142788,-129.48479808306985,-128.24861144157296,-128.24859475131674,-128.83394902217398,-128.85663830660008,-129.31460230256536,-129.3204657475847,-129.32056766428468,0.6119494373868215,0.8292978402665914,0.4469690633780533,0.7304019516493451,1.0,0.8293006071014766,1.0,0.82930752775016,1.0,1.0,1.0,0.618881559824934,0.7462717612118515,0.9887194655847347,0.7863709587476756,0.7953428511520313,0.9999196137892111,1.0,0.5868444824269122
464,-137.64408730736045,-137.64410195797038,-138.68387370068731,-137.6440957006787,-138.6838737619444,-138.68387344631,-136.77804407308,-137.6439335887092,-137.64383375171482,-137.64409030530393,-137.6441138678101,0.9999926747218665,0.5945840481393305,0.9999958033496862,1.0,1.0,0.5945840299280887,0.594588385453387,0.5945841237636812,0.594588479289667,1.0,0.5945866190358027,1.0,1.0,0.6485963206935341,0.6486286984552592,1.0,1.0,0.999999969371459,1.0
465,-144.88457395234641,-144.8845187326165,-144.88457092560745,-144.876695400235,-144.88456606458152,-144.88456912048395,-144.13457401349262,-144.88443035841,-144.8677391376235,-144.88451088785737,-144.88442727950894,1.0,1.0,1.0,1.0,1.0,1.0,0.9999763342975265,1.0,0.9999748063836412,1.0,0.996070879149873,1.0,1.0,0.6873386468630152,0.6930989104426427,1.0,1.0,1.0,1.0
466,-142.137815343299,-142.1382398058104,-142.9423289237091,-142.94222184923464,-142.9423286468435,-142.9411354748378,-142.7402425434294,-142.13820487612008,-142.9313080600847,-142.94222160427793,-142.942219056279,0.9997877912637578,0.6688089800422928,0.6688447871858217,0.6689867520190305,1.0,0.6688090726274056,0.6689510298800645,0.6692081938019245,0.6693502357695609,1.0,1.0,0.7399197089680163,1.0,1.0,0.9088885874958516,0.6726355732034437,1.0,1.0,1.0
467,-107.57478398267403,-107.58076824681774,-108.78403487245689,-108.78810392731316,-108.81640164307146,-108.7402493978617,-106.25967347222581,-107.58656074190168,-108.81155422107867,-108.83548004306277,-108.78840187525202,0.9970123398939654,0.5462789999154605,0.5451687101471958,0.5468023697732525,1.0,0.5375095078042047,0.5391202157652029,0.5583704167182433,0.5600436367493977,1.0,1.0,1.0,1.0,0.5150745482875003,0.27916832199719166,0.5419959555861564,0.9971079425367987,0.9839468621114613,1.0
468,-131.16158309629995,-131.1633796991818,-131.2912701407162,-131.29326810835408,-131.29117263388738,-131.1605321414574,-130.2222663077445,-131.16535366591125,-131.30335685479977,-131.2931528944554,-131.2958711925132,0.9991021019110264,0.9372141050977006,0.9362783108712901,0.9371197489029695,1.0,0.9372597985992001,0.9381021186988419,1.0,1.0,1.0,1.0,1.0,1.0,0.6240382096441058,0.5824305817952402,0.9333251919420212,0.9990135035431521,1.0,0.9939264088224629
469,-124.46481366377117,-124.45520235773878,-124.4647728596772,-124.4646373233881,-124.51001682620287,-124.46481513473012,-122.79184976964066,-124.46442516379162,-124.42744941955448,-124.46463878602117,-124.46442640270362,1.0,1.0,1.0,0.9952936270204072,1.0,0.9776519210782726,0.9729649362066662,0.9999992645207958,0.9952051437060411,0.9999788626969361,0.9999110982809856,1.0,1.0,0.43331614209524305,0.44140174803688625,1.0,0.995399213167734,0.9776319751813128,1.0
470,-127.6852978978063,-127.67736327880249,-129.27374783072003,-129.3123972725373,-129.20661008163012,-128.25559687886943,-126.9125589021038,-127.72871630774259,-129.74356718381824,-129.24514833899713,-129.31264536150272,1.0,0.4519313611893815,0.4432817585207519,0.4415266065058925,1.0,0.4673596954827153,0.46550920807730545,0.7519018437111292,0.748924725860916,1.0,1.0,1.0,1.0,0.6649265451692304,0.24280317558729436,0.3651578920277556,0.9746503238956771,1.0,0.7645418212195954
471,-150.51619935950868,-150.54840231338557,-151.244569166632,-152.4016789917961,-150.5161905016114,-151.2445642799319,-151.3680732510105,-151.64113908825743,-151.4336620679813,-150.5490396287572,-152.4016763869625,0.9840274588946938,0.6947627187642325,0.3895590517129418,0.3958822979904575,1.0,1.0,1.0,0.6947644163148339,0.7060416963315497,1.0,1.0,0.6531575251795693,0.9401159669899014,0.87237760231713,0.9677374977562296,1.0,0.5790488777534413,1.0,0.632082229591996
472,-142.48291278988268,-142.4774190335424,-142.48290679653735,-142.4774382475577,-142.48290351453758,-142.4829095436492,-141.44540452831393,-142.47454023774105,-142.4575107869306,-142.47726547742656,-142.47471658323056,1.0,1.0,1.0,0.999990393038492,1.0,1.0,0.9972615160093438,1.0,0.9972585097133723,0.9999986264450113,0.9972680904295302,1.0,1.0,0.5977588574833668,0.602870340568745,1.0,1.0,1.0,1.0
473,-128.91256037976973,-129.37868277149022,-128.91250779561776,-129.30480059532974,-128.9125072161675,-128.9125560937002,-129.24764417990758,-129.3838507320712,-129.245461659704,-129.3786695258285,-129.383840763107,0.7921050984881872,1.0,0.8219135105424302,1.0,1.0,1.0,1.0,1.0,1.0,0.9999758512503621,1.0,0.8457411799327027,0.8457189439336517,0.9341639917983244,1.0,1.0,0.9974193553129124,1.0,0.8466421017258072
474,-141.30787555390054,-141.30821653749894,-141.3086413394667,-141.30740847215358,-141.30863042195205,-141.30858720318645,-139.893282223805,-141.31084179714782,-141.2802892703789,-141.31036599248628,-141.30823636402312,0.9998295227337051,0.9996171805110072,1.0,1.0,1.0,0.9996226371935106,0.9997930791845107,0.9996442386551283,0.9998146843293143,1.0,0.9994108081253087,1.0,1.0,0.4922444744221228,0.49982186037776244,1.0,0.9986882312972687,1.0,1.0
475,-139.69566513238843,-139.67531093283537,-139.95506581818066,-139.69335067827902,-139.69566266458173,-139.95515013669075,-138.73648229574536,-139.65621977598533,-137.99244179170245,-139.6752770288863,-139.65623951094858,1.0,0.8783585978822813,1.0,0.9910206842988137,1.0,1.0,0.9898757330802962,0.8783215677187197,0.8694281329348571,0.9999578416336437,0.8773057381239341,1.0,1.0,0.6313665131609696,1.0,1.0,1.0,1.0,1.0
476,-141.26576763797223,-141.25141230091327,-141.26610018842953,-141.3149596566297,-141.26582728651138,-141.26578145343484,-139.49504714172716,-141.22132664082162,-141.2813198394284,-141.31437537249533,-141.33008665457166,1.0,0.999833738594309,0.9757040077345215,0.9687258013693438,1.0,0.9999701761751643,0.9928184188870338,0.9999930922925541,0.992841171109026,1.0,1.0,1.0,1.0,0.42183554295182824,0.4093698106897733,0.9704488337449578,1.0,1.0,0.9922836486218124
477,-147.13185560607496,-147.1666185925992,-147.1318558041371,-148.28329481357045,-147.13027705732264,-147.1318562461334,-145.3828726430478,-147.29143862502036,-148.1906861045593,-148.2771186102286,-148.27228925105754,0.9827686934763724,0.9999999009689353,0.5623000899321539,0.5721591394442123,1.0,1.0,1.0,0.9999996799708356,1.0,0.9999997790018784,1.0,1.0,1.0,0.3850881572691875,0.24563545539872136,0.6378681108778302,0.9394975985640671,1.0,0.5884845983700009
478,-134.95578547767067,-134.96569038126697,-134.95809950858668,-135.02887228013515,-134.95748556929013,-134.95830125880238,-133.48443827585552,-134.98297810988265,-134.97916792018017,-135.0283253545905,-134.98085838615515,0.9950597913716851,0.9988436536263076,0.964116249155041,0.9689028312821398,1.0,0.9991503153768629,1.0,0.9987429002468649,1.0,0.9998991299798753,1.0,1.0,1.0,0.4727115454458606,0.4736129641486424,1.0,0.9913933864797251,1.0,0.9892173783092921
479,-143.7612024034795,-143.98036599378182,-143.76117340690692,-143.98035521076903,-143.7611841939888,-143.76119401648117,-141.36934834385647,-143.98039180962965,-143.92055604463218,-143.9803492259922,-143.9803808757922,0.8962088558251773,1.0,0.8962136877539774,1.0,1.0,1.0,1.0,1.0,1.0,0.9999896952659691,1.0,1.0,1.0,0.2710310923169967,0.27926228465781205,1.0,0.9999870921593896,0.9999946064735997,0.923406319390381
480,-122.54414214752467,-123.02707704053091,-122.54413621609436,-123.02672379094989,-122.54413273047709,-122.54413338740304,-123.26163736845382,-123.02709153071987,-122.66674678438955,-123.02705499265875,-123.02707146258717,0.7854743733103529,1.0,0.7856131198096667,1.0,1.0,1.0,1.0,1.0,1.0,1.0,1.0,0.6985506359749247,0.6985485642757894,1.0,1.0,1.0,0.9999927549317658,1.0,0.9405344260194253
481,-147.9329559246478,-147.92413982446982,-147.93297424583238,-148.0060318887813,-147.93296507112885,-147.93296419196474,-143.17140542480323,-147.88603710008687,-147.92185895558873,-148.00711755022922,-147.98239067103316,1.0,0.9999908394496734,0.9641214738747034,0.9598809312545855,1.0,0.9999954267699404,0.9955970979887147,0.9999958663500791,0.9955975356354266,1.0,1.0,1.0,1.0,0.0946740028457802,0.09299339913482593,0.9822485195466817,1.0,1.0,1.0
482,-124.2407323537578,-124.24053726925075,-124.9796944679182,-124.81543538288554,-124.91519338714397,-124.81560843753542,-124.39296886797288,-124.22136814590772,-124.79631268864154,-124.81543467722759,-124.80085043729835,1.0,0.6910928753517803,0.7502479593961453,0.750174782088479,1.0,0.7137442909641504,0.7136746741329136,0.750183045255642,0.7501098742795383,1.0,0.9999134764184422,0.9267066104359631,1.0,1.0,0.8173630523259835,0.7501573673209944,1.0,1.0,1.0
483,-127.77062813786858,-127.7715322091783,-127.77086183045029,-127.77153031164224,-127.77086287228931,-127.77083664354564,-126.36431529566892,-127.80615856959042,-127.01424529116423,-127.7699247234577,-127.76957308032308,0.9995480664978642,0.999883160535411,0.9995490148375671,1.0,1.0,0.9998826396768968,1.0,0.9998957525956128,1.0,1.0,1.0,1.0,1.0,0.48630385375391216,0.7225526441694397,1.0,0.9828358317024082,0.9999994790806219,1.0
484,-134.01012173673018,-135.5527165634715,-134.7070442432799,-134.71669749380723,-135.03691581411346,-135.0528678681439,-134.22640434066773,-135.55272039521026,-136.57434097358782,-136.24740679810338,-134.97127954543134,0.4624127384877905,0.7057732608966925,0.7023749655915283,1.0,1.0,0.5984591329978567,1.0,0.5937047923649427,1.0,0.8412117959961168,0.8452818244524622,0.8975007688445403,1.0,0.5152216784856377,0.30913774755169404,0.6000092008168701,0.9999980841324593,0.847948152976932,0.4636095445927606
485,-147.52762718923205,-147.53259777519057,-148.23197389556177,-148.23719806786556,-148.2319728835106,-148.23195131115244,-148.38971970343678,-147.53386209268047,-148.36174285706494,-148.23719746881477,-148.23737215494685,0.9975177928044494,0.703158216708052,0.7013239036024845,0.7030690666988131,1.0,0.7031585725241906,0.7049083009810893,0.7031661569593757,0.7049159042892604,1.0,1.0,0.6498288508798374,0.9241573737445824,1.0,1.0,0.6610403598682717,0.9993680410252925,1.0,0.937175244724394
486,-145.146265504185,-145.1859715377439,-145.43111914520193,-145.47083305021488,-145.4307301692395,-145.1462691461692,-141.71733766928583,-145.40865632906167,-145.57861925901236,-145.43224367644402,-145.55255541236647,0.9803427566531944,0.8672510169586011,0.8501999065141498,0.8672476037020551,1.0,0.8674197032612965,0.8848126814570372,0.9999981790095613,1.0,1.0,1.0,1.0,1.0,0.1579211644130489,0.1450552180574945,0.9185293092070739,0.8946323782394241,1.0,0.9287231948635225
487,-120.42902348020175,-120.42909137391752,-122.3730695499714,-122.3599193472511,-122.37014987037347,-122.36723813285602,-119.95104656165157,-120.42371368846023,-122.360586473643,-122.37300150781817,-122.36705902844662,0.9999660537183052,0.3783169151011399,0.380812582807212,0.3808255104172652,1.0,0.37886960050835067,0.3788824621591403,0.3794215866355434,0.37943446702484573,1.0,0.9963472946155963,1.0,1.0,0.7895172759349407,0.2997609497913614,0.379676238795898,1.0,1.0,1.0
488,-135.60905402261952,-135.59702233446887,-135.6090587994977,-135.59724155539482,-135.60905577281272,-135.60911745211584,-135.35546479023517,-135.5962299935607,-134.94092302441734,-135.59726923205034,-135.59602303135517,1.0,0.9999976115637667,1.0,0.9998903955440364,1.0,0.9999991249037797,0.9940013450356268,0.9999682857547463,0.9939706908531825,0.9999706741209367,0.994079646412012,1.0,1.0,0.8865811643905428,1.0,1.0,1.0,1.0,1.0
489,-149.83389118347273,-149.82476313281774,-151.47032912629436,-151.46149388298292,-151.47034383053935,-151.4685981580436,-151.22052475221096,-149.81632176788145,-151.44473556460846,-151.47008649835664,-151.47008425377913,1.0,0.44121677482758825,0.4431702152103588,0.4411521838000009,1.0,0.4412135309597376,0.4392044095576393,0.44159880623926884,0.4395879304376441,1.0,0.996454163846855,0.4999152052863708,1.0,1.0,0.8939500246601092,0.4429905245853947,1.0,0.999992647904532,1.0
490,-151.78789464752634,-151.77199036703826,-155.55941327410406,-155.55925926255446,-155.55941278338003,-155.07866596182754,-155.5471688122493,-151.7947520336038,-154.7420759111415,-155.55925888635443,-155.54434776355114,1.0,0.15171381736492345,0.15172550065481194,0.1505237428014121,1.0,0.15171385458973627,0.15051218898022495,0.19293814047043809,0.19140995355044088,1.0,1.0,0.15264549344770317,1.0,1.0,1.0,0.22908505188538456,0.9886836834171185,1.0,1.0
491,-148.05480279924376,-148.0365164941876,-148.05478493654599,-148.03645193890912,-148.0547818148974,-148.0547954359517,-148.27140788618115,-148.05864138683847,-146.98455099834842,-148.0574695728668,-148.02694595498576,1.0,1.0,1.0,1.0,1.0,1.0,0.9909089157246678,1.0,0.9909021671355852,0.9999947503109277,0.9908701836690952,0.8973560661407426,0.8973480515764304,1.0,1.0,1.0,0.9889985175237226,1.0,1.0
492,-128.8537404507203,-128.85500028044697,-129.1462985743283,-129.12967673785758,-129.1462953874938,-128.85521924585697,-128.26482089106818,-128.85428307969897,-129.1229234752374,-129.14608490915992,-129.14605945077398,0.9993702834913776,0.8639165834222666,0.8711264422834921,0.8716753506419505,1.0,0.8639179600029521,0.8644623262008427,0.9992608757186835,0.999890523288013,1.0,1.0,1.0,1.0,0.744731823163199,0.6511265306873981,0.874310067645265,1.0,1.0,1.0
493,-129.23359539772116,-129.23358356652693,-129.2341592590218,-129.30390899255326,-129.23275532238603,-129.23359314196864,-124.94679297828273,-129.23281115633807,-128.98496013264364,-129.2226136733778,-129.30388973199615,1.0,0.9997181090883942,0.9654540236926649,0.9654483124725208,1.0,1.0,1.0,1.0,0.9999952122906067,1.0,1.0,1.0,1.0,0.1173013412504758,0.13277708929655047,1.0,1.0,1.0,1.0
494,-135.51746717328942,-135.5174112308781,-136.05375959133042,-136.0530087144649,-136.05357099571742,-135.5176539711076,-132.57244060177408,-135.51697382306165,-136.02318405067828,-136.0535475832404,-136.0534428224696,1.0,0.764795952860764,0.7650831405619603,0.7650617405633865,1.0,0.7648680748419565,0.7648466808589462,0.9999066054524556,0.9998786372503138,1.0,1.0,1.0,1.0,0.22940492381256405,0.17810683280121667,0.776386268617056,1.0,1.0,1.0
495,-135.1075403347864,-135.110800170142,-135.1101703952313,-135.11350503068223,-135.11016591227803,-135.1101702532775,-133.40696699779244,-135.11115438780894,-135.06509952801076,-135.1137651898995,-135.11196861242593,0.998371409916627,0.9986858340508956,0.9970220948339827,0.9986484838515589,1.0,0.9986880725843684,1.0,0.9986859049345324,1.0,1.0,1.0,1.0,1.0,0.42652099158504597,0.43645663090062625,1.0,0.9998229068493744,1.0,1.0
496,-141.91657576663323,-142.00155816759383,-141.91659115932072,-142.17686742721475,-142.17191820310794,-141.91657893349037,-142.1178006464786,-141.92407507223587,-142.17474489723634,-142.25904080496312,-142.1768368429889,0.9583988989338343,0.9999923036858731,0.8779673873451,0.916077207853421,1.0,0.8801427064496743,0.9183469507621349,0.9999984165726832,1.0,1.0,1.0,0.9042834291373903,0.9042903888402848,1.0,0.9719293859319472,0.8822013928282183,1.0,0.8801494803565537,0.9985876512403887
497,-137.24337789106426,-137.2437953348346,-137.86908015564978,-137.869303025916,-137.86906943866745,-137.8690898833902,-137.86302269343503,-137.24381657226175,-137.87451254117204,-137.86930302458214,-137.86927529457108,0.9997912998957246,0.731358780170017,0.7312772856477606,0.731429935151497,1.0,0.7313626991600792,0.7315153664933455,0.7313552229444895,0.7315078887171432,0.999995136141626,1.0,0.7335772271019314,1.0,1.0,0.9942715466509014,0.7295349632663772,0.9999893813428041,1.0,0.9972821488109181
498,-136.1877575886965,-136.44199652526913,-136.22139561247354,-136.23714685006922,-136.18548279068162,-136.18806712524335,-135.5304817086593,-136.24192149470628,-136.32623818159513,-136.2024075110047,-136.26632408600452,0.8806284591395573,0.9833216380569513,0.9756077872254175,1.0,1.0,1.0,1.0,0.999845243702573,1.0,1.0,1.0,1.0,1.0,0.7006688549851126,0.6717438165822163,0.9587179618487385,1.0,1.0,0.9320417254926783
499,-140.6153861666125,-140.59902834623549,-141.76601276438203,-141.7583808513128,-141.85172278046113,-142.42704332085225,-142.35800580824667,-140.59660822714068,-141.10166667134473,-141.12245112075328,-141.11958939827358,1.0,0.5625286016127059,0.5646792871574426,0.560079661585503,1.0,0.5389306896759247,0.5345408006927199,0.40420682978174627,0.4009143412614467,0.7185533831043096,0.7158166395946557,0.41840315701326836,0.7437900149676897,1.0,1.0,0.7768335117994895,1.0,0.958050289586825,1.0
500,-133.55735443488777,-133.54187014927578,-134.7224233821558,-134.72217844891082,-134.72242161903645,-134.70810751526085,-134.18170816080735,-133.55688415885353,-134.69665347718976,-134.7221740334213,-134.72216555542764,1.0,0.5584811156687794,0.5585495151529789,0.5542418418703878,1.0,0.5584816080034256,0.5541744584377222,0.562493027696537,0.5581549410608545,1.0,1.0,0.7318520792564215,1.0,1.0,0.7730027613182456,0.565590670635972,0.9925211023940098,1.0,1.0
501,-116.04728352863347,-116.04648802096435,-116.04728182378886,-116.04648693663935,-116.04726766392503,-116.04727312262605,-113.45770319368839,-116.04448148067644,-115.19321179779828,-116.04648526533151,-116.04448074219636,1.0,1.0,1.0,1.0,1.0,1.0,0.9996102544901814,1.0,0.999607526207144,1.0,0.9996069842575792,1.0,1.0,0.2743394300421921,0.4198934450917975,1.0,1.0,1.0,1.0
502,-155.27209043665923,-155.27176511616636,-156.35587799794945,-156.35556843073013,-156.41110412878123,-156.3279635403956,-155.22860696178878,-155.27148827850553,-156.37918179145726,-156.41078905713943,-156.35555173539598,1.0,0.5816456993389871,0.581735735527757,0.5816411179451264,1.0,0.5658043985766622,0.565712372178479,0.5898207794522301,0.589724846861315,1.0,1.0,1.0,1.0,0.9787875586063479,0.5625431623198988,0.574734688210462,1.0,0.972764690291138,1.0
503,-129.08261347243632,-132.47238462110647,-130.81822450950818,-134.26590139412767,-130.90690814991592,-130.40515350330116,-133.58343305401002,-132.47226155663392,-134.37940874142936,-134.37949884772533,-134.26575850716728,0.18362023869357874,0.41987194017785967,0.07489681139610917,0.4078897398728214,1.0,0.40166079554216194,1.0,0.5161953419691134,1.0,1.0,1.0,0.1053560417792556,0.2509242264072858,1.0,0.6716701926302485,0.38536143518445204,1.0,0.9566269071755945,0.1761797856848715
504,-139.6546018890842,-139.65827899002045,-139.66048452630415,-139.65859248616704,-139.65871940786462,-139.65862343635555,-139.64853378684472,-139.65148692533742,-139.63200867528633,-139.65520448596172,-139.65127770425048,0.998163138630467,0.9970630028296639,0.9980066907434259,0.999843264211043,1.0,0.9979433584013138,0.9997798153221178,0.997991246615316,0.9998277916620054,1.0,0.9999845250254802,1.0,1.0,0.9985245203456677,1.0,1.0,1.0,1.0,1.0
505,-146.89462599033362,-146.8967630918263,-146.8946152242246,-146.89675136393876,-146.89461042069127,-146.89462117421778,-147.1594334270038,-146.89769339608475,-146.93569079280428,-146.89674646281105,-146.89768259463898,0.9989320199507185,1.0,0.9989378776490878,1.0,1.0,1.0,1.0,1.0,1.0,0.9999970250078349,1.0,0.8759872715590138,0.8759825560844692,1.0,1.0,0.9811806393861715,0.9995349560372566,1.0,0.9796693266365449
506,-135.4523526640948,-136.13151805652268,-137.79514893562558,-138.46677758013945,-137.79366401608831,-137.68203242959413,-137.71044156151729,-136.1325308876972,-138.44279221843112,-138.4665978346764,-138.46622912744215,0.7120674091964405,0.3099333093532889,0.2215266328726518,0.31110345735755823,1.0,0.31016350781241503,0.43558166517188435,0.3279677879960832,0.4605853094248351,1.0,1.0,0.3233420787910472,1.0,1.0,0.6933812210922896,0.3150163724841782,0.9994937126194775,1.0,0.7228423711220404
507,-144.95087940723596,-145.41020154937988,-144.95084298371773,-145.41019881531912,-144.95084827669533,-144.95033429037306,-144.83172250678402,-145.41246326904638,-145.3562687201576,-145.410192255465,-145.41246082547747,0.7948029385658362,1.0,0.7948040250863408,1.0,1.0,1.0,1.0,1.0,1.0,1.0,1.0,1.0,1.0,0.7479864761898612,0.7693008937966894,1.0,0.9988697793477638,0.9999973535147068,0.8165148153966624
508,-146.1353434443138,-147.11092800187726,-146.13533956652066,-146.17195667604426,-146.13533667571716,-145.36683918375343,-142.496987641291,-147.11095592102637,-146.96743488347477,-146.17195009320756,-147.11095004528488,0.6139803965536578,1.0,0.981859932366947,1.0,1.0,1.0,1.0,1.0,1.0,1.0,1.0,1.0,1.0,0.09956106147605444,0.1069682068311604,1.0,0.999986040522875,1.0,0.6596478784196314
509,-136.2403687574119,-136.5884165535258,-136.2402990865359,-136.5883780208232,-136.2403123481393,-136.240389915068,-135.7040409693822,-136.58839971565413,-136.28323487073692,-136.5883665184336,-136.25059931330287,0.8402768164352611,1.0,0.8402930056595506,1.0,1.0,1.0,1.0,0.999989421227902,1.0,0.9999545867651719,1.0,1.0,1.0,0.6426343537773023,0.7485652154880404,1.0,1.0,0.9999933692202911,0.9787673929123134
510,-129.14506310194338,-130.04954827997122,-129.92576400144617,-130.78724061210926,-130.1391827179819,-130.2052137734807,-128.28089907923516,-130.04949842244812,-130.7871687163239,-131.02706722340324,-130.78733867146713,0.6361998159175752,0.6768196416563399,0.43995239324987523,0.6915317833208465,1.0,0.6083166005122218,0.9561722359741046,0.5885606283407944,0.9251191427836674,0.8695974409082536,1.0,1.0,1.0,0.4130033099665016,0.2856080625939032,0.6915394034422354,1.0,0.8987868600023565,0.7232553057488394
511,-125.93853233066432,-125.97702944540208,-125.93895389404514,-126.02888417298286,-126.02674326677962,-125.9383740545345,-125.132983652787,-125.97702753432137,-125.69537265741687,-126.02855264549277,-125.94345712717168,0.9809355131886199,0.9997892405224869,0.9558293164401956,0.9744058641869184,1.0,0.9568530347200471,0.9754494784368745,1.0,1.0,1.0,1.0,1.0,1.0,0.655719652243384,0.7548814950019873,1.0,1.0,0.9570547430776496,1.0
512,-131.9080525086555,-131.9067690109005,-131.90833024149177,-132.00772164196798,-131.90807100191182,-131.9081932116258,-129.72336865350667,-131.89987104651186,-131.8092506578297,-131.90665040882462,-131.90266036527717,1.0,0.9998611432233542,0.9513868025825202,0.9507764470383361,1.0,0.9999907534145828,0.9993492163459345,0.9999296509894583,0.9992881531206431,1.0,1.0,1.0,1.0,0.336804984714396,0.3524166980797281,1.0,1.0,1.0,1.0
513,-138.41308677380079,-138.40031171643273,-138.6723861408424,-138.65726874385757,-138.67206182866286,-138.41546836711507,-137.76184312195483,-138.39431596435983,-138.64698930759718,-138.6567142343463,-138.65548391955852,1.0,0.8784030961072601,0.8850678369168267,0.8794324579541137,1.0,0.8785455460678204,0.872951695651402,0.9988099120598574,0.9924503177650529,1.0,1.0,1.0,1.0,0.7288871054294961,0.6423813857843373,0.8813180820448382,1.0,1.0,1.0
514,-126.93685731803777,-126.94308315514672,-127.38130844959193,-127.38723266655003,-127.3813044901051,-127.38099493966865,-126.76050467250099,-126.96021032337285,-127.30063283462113,-127.3872450812525,-127.38822041076907,0.9968919215528956,0.8007347256118504,0.798366371883651,0.8008554935824999,1.0,0.8007363108627208,0.8032328214831794,0.8008602545914331,0.8033571516397717,1.0,1.0,1.0,1.0,0.9049705968885413,0.7633305777369508,0.8434866064835967,0.991472978928701,1.0,1.0
515,-149.48280452078774,-149.4762009339484,-149.48287014557846,-149.47636936256458,-149.48287129817652,-149.48286505500022,-148.29122787447815,-149.47405840541958,-149.45103724323693,-149.4764996059701,-149.49353887468476,1.0,0.9999671881429599,1.0,0.9999157892378365,1.0,0.9999666118630056,0.9966703734278457,0.9999697333518043,0.9966734846271295,1.0,0.9967574223293559,1.0,1.0,0.5535433193593651,0.55995173616913,1.0,1.0,0.9999994237011363,1.0
516,-135.40471916549603,-135.39844206598303,-135.40473683999423,-135.39776522943365,-135.40473222626142,-135.4047362030921,-134.23403736654996,-135.39507174775653,-135.37010419354252,-135.39767231436323,-135.39564853489338,1.0,0.9999911627899505,1.0,1.0,1.0,0.9999934696386314,0.9968598604444819,0.9999914812382446,0.9968578782750056,1.0,0.9965205804288212,1.0,1.0,0.5596088672610311,0.5666386876862226,1.0,1.0,1.0,1.0
517,-133.61202191711362,-133.72003251810025,-134.8986145005999,-134.90848876774325,-134.89953141021698,-134.89963989927907,-133.09331702508916,-133.6264188498646,-134.86669447551077,-134.90849134723695,-134.89935974534876,0.9474270846575599,0.5255571758927301,0.5229688246912509,0.5519884676721837,1.0,0.5253162869008583,0.5544661910216863,0.5252877921380754,0.5544361150789103,0.9994874320682673,1.0,1.0,1.0,0.7660170029787404,0.41201780060631465,0.5378703070612512,1.0,0.9995416502658103,1.0
518,-149.68713324704984,-149.6868285405086,-150.30253364453225,-150.3023334785181,-150.19011098016026,-149.68716399611793,-148.03384920979897,-149.68676249513032,-150.1610951730312,-150.1898190865801,-150.30232759717512,1.0,0.7351356795772053,0.7352092578485271,0.7350972548457313,1.0,0.7776421153971329,0.7775236481021481,0.9999846255841435,0.9998322862608562,1.0,1.0,1.0,1.0,0.43759710537689667,0.34520287834370805,0.7888600589494061,1.0,1.0,1.0
519,-152.49032303332183,-152.49026657591736,-152.49019025001684,-152.49026582141263,-152.49033832195,-152.49033907462646,-151.07792350691983,-152.4902284359946,-152.47824033139392,-152.49026542838612,-152.49022774588545,1.0,1.0,1.0,1.0,1.0,0.9999923557151364,0.9999641276271133,0.9999919793798488,0.999963751302449,0.9999255904637147,0.9999633740638324,1.0,1.0,0.49353945965188495,0.4965066448329877,1.0,1.0,0.9999259667740176,1.0
520,-132.90625657576572,-132.90612806627672,-132.90633296629352,-132.90603010959583,-132.9070113157952,-132.9070928908628,-132.34624611022917,-132.90401008419235,-132.90147347116482,-132.90609091197433,-132.90595254703786,1.0,0.9999618054655324,1.0,1.0,1.0,0.9996227011803761,0.9995584727426272,0.9995819298671452,0.9995177040490625,0.999620109891887,0.9994687505295139,1.0,1.0,0.7566291900409752,0.7575894365859617,1.0,1.0,0.9996608827624187,1.0
521,-151.7566843617771,-151.75637644021998,-153.15074340691174,-153.1504359009113,-153.15055824024662,-152.97207453349483,-152.57525693619456,-151.75621515309544,-152.94067051414783,-153.15043413462968,-153.15042867046458,1.0,0.49806259226949845,0.49813917677475494,0.4980624887828896,1.0,0.49810870669879515,0.4980320233977653,0.5446046905966158,0.5445208492887452,1.0,1.0,0.6641240748760469,1.0,1.0,0.8330123683414278,0.5530937950577381,1.0,1.0,1.0
522,-140.4118693229414,-140.39575429524103,-142.20882044354428,-142.2086811203133,-142.20883037172942,-142.20868795170483,-142.1975420584238,-140.41172261994376,-142.0560356155481,-142.20868111045348,-142.20754771224975,1.0,0.40718992332723725,0.40721828982312736,0.40395030640438856,1.0,0.4071879020037821,0.4039201624515204,0.40721689889171175,0.40394892663539106,1.0,0.999996584310061,0.40949263232091093,1.0,1.0,1.0,0.4394828879851951,0.9920476264143814,0.9999950359197529,1.0
523,-155.8663787703056,-156.64123744201927,-157.06938616971917,-157.80410676100257,-157.47754866672418,-157.55571971026694,-157.8397018159518,-156.641231703812,-158.24217552552386,-158.25265792881302,-158.02699241044968,0.6787995993487559,0.5479870083493833,0.3795139228952203,0.5590956789888031,1.0,0.4468264797511976,0.6582597871004721,0.4296989335806798,0.6330276770830969,0.7841407315020028,1.0,0.372819264321708,0.6803432538386153,1.0,0.8177187280206009,0.44911697092604796,1.0,0.8153961187822759,0.6822811727104363
524,-146.62554844496057,-146.6255297746413,-147.52930928113884,-147.5400821683462,-147.52941186733756,-147.528793887973,-145.86023547509313,-146.60894309579913,-147.29824740329843,-147.52966703710158,-147.52966764726418,1.0,0.636430270722752,0.6330113910293684,0.6330054817945661,1.0,0.6363976270788436,0.6363916862331349,0.6365942977624807,0.6365883550808282,1.0,1.0,1.0,1.0,0.6877335415309538,0.4872363457369592,0.7084667481134181,1.0,0.9999487082161077,1.0
525,-145.26299237729276,-145.26275371468506,-145.26299075958906,-147.96335902205902,-147.986850784377,-147.98685155932304,-143.3870699649274,-145.25967600318222,-147.68381209856864,-145.59948323297607,-145.2621626377528,1.0,1.0,0.2591927404593964,0.25916181249710263,1.0,0.2561661033899538,0.25613553657865923,0.2561660041325188,0.25613543733306793,0.2561657969322559,0.9883224494578322,1.0,1.0,0.3920746517725647,0.1166740573078026,0.297581230462925,1.0,0.2561658961896107,1.0
526,-146.13349480391958,-146.13494562507623,-146.133777752034,-146.13494105776138,-146.13377337113494,-146.13378596799774,-145.208162976686,-146.13359759657195,-146.1137424354945,-146.1348066089138,-146.13525586341183,0.999274852468318,0.9998585359497666,0.9992771344723583,1.0,1.0,0.999860726091831,1.0,0.9998544285574692,1.0,0.9999958920265719,1.0,1.0,1.0,0.6295705806982453,0.6358518205118222,1.0,1.0,1.0,1.0
527,-143.96179161227366,-144.25685893496794,-143.961721994451,-144.23803684206496,-143.96176026361735,-143.9617898010951,-144.1826376105588,-144.23809514058382,-144.23265914914361,-144.2568304410516,-144.23813773192305,0.8628333936981485,1.0,0.87099188861857,1.0,1.0,1.0,1.0,1.0,1.0,0.9999660972526627,1.0,0.8954552783591407,0.89542410907825,0.9726521483195212,0.975299408687259,1.0,1.0,0.9999808655998955,0.8733233146260555
528,-138.10740271054328,-138.35097033193153,-138.1073440408398,-138.35120720074462,-138.10736364783384,-138.10740033607962,-138.27656976262458,-138.35082260344478,-138.19398694968953,-138.35102249634508,-138.35113961806056,0.8853397488004509,1.0,0.8852349003216672,0.9998815726065324,1.0,1.0,1.0,1.0,1.0,0.9999718527762257,1.0,0.9188949005185515,0.9188679452682408,0.9635543147172847,1.0,1.0,1.0,0.9999901965510319,0.9576129026078831
529,-134.4670353992148,-134.46692915293033,-135.22093141728456,-135.22081280497855,-135.22071721394587,-135.2375650680035,-134.69504433313557,-134.4604593689361,-135.20839459460558,-135.22081324744613,-135.22079879567235,1.0,0.6859517362617481,0.6859924186267186,0.6859559775218318,1.0,0.6860252067721273,0.6859887639254776,0.6802704533328283,0.6802343161886442,0.9917176637530196,0.9916588505375249,0.8922539702103717,1.0,1.0,0.7736194981437015,0.6879991938117461,1.0,1.0,1.0
530,-146.66237542731048,-147.26592027784417,-146.66236008166874,-147.26581750912356,-146.66235773778436,-146.66206781294318,-145.86153779891742,-147.2654079254982,-147.1848664162308,-147.26590445850303,-147.26590559432316,0.7395063386990662,1.0,0.7395443387355167,1.0,1.0,1.0,1.0,1.0,1.0,1.0,1.0,1.0,1.0,0.49562530892446355,0.5159918497638154,1.0,1.0,1.0,0.7700850318763512
531,-136.99498504821673,-137.11339241921073,-137.74574745309616,-137.87293346957335,-137.74699365503943,-137.75382157127132,-135.8483533324009,-137.0141537394811,-137.62352739555675,-137.75771748588113,-137.7605571965343,0.942514773014381,0.6870273323715881,0.6446974057242012,0.6840183561922423,1.0,0.6865993783163862,0.7284759857084064,0.6842593534426069,0.7259932396117109,0.9959710788806228,1.0,1.0,1.0,0.5582768997690062,0.41164784858267034,0.7373542569162266,1.0,0.9993770931154591,1.0
532,-135.51444419250203,-135.50448797364172,-136.00712813782567,-136.01883498402586,-135.51457178913506,-136.00684844919445,-135.30294432061905,-135.54914663212043,-134.20630341191244,-135.50449370750596,-135.54914359649055,1.0,0.7816548746167339,0.7770928825775989,0.7732340420050631,1.0,0.9999362037185516,0.9949707813355058,0.7817641922512661,0.777882155173268,1.0,1.0,1.0,1.0,0.8841742187301829,1.0,1.0,0.9779181249817376,1.0,1.0
533,-157.97762086548602,-158.55181881164333,-158.04709859382476,-158.5518235938241,-158.0655523801972,-158.1831807843859,-157.3814795945138,-158.55201477626989,-158.235029614721,-158.64328810580514,-158.55202297197712,0.750437452056459,0.9658576033561126,0.7504356576948238,0.999997608912468,1.0,0.9569867266681746,1.0,0.9023254998381023,1.0,0.9342220806698087,1.0,1.0,1.0,0.5569568053094163,0.6526103664501618,1.0,0.999902022486832,0.9908155439713744,0.9187523990368842
534,-149.69256597454773,-149.70599220415716,-150.00429935394862,-150.0177083852401,-150.0043004562393,-149.6923497905415,-149.56754902050113,-149.7160148382301,-150.12218835805677,-150.01758374162875,-150.0211441422979,0.9933093678128834,0.8556732528256543,0.8499555666902582,0.855680610927622,1.0,0.8556727812254638,0.861436334894863,1.0,1.0,1.0,1.0,1.0,1.0,0.9284554231582498,0.7578122094838533,0.8162074242682179,0.9950012186638785,0.9999994488548181,0.9427596084956191
535,-144.02225574354614,-144.0220550069132,-144.02227335677705,-144.00887522434886,-144.02220189238167,-144.02209863097167,-142.41753248886738,-144.02189944530272,-143.9863059048727,-144.02205777178125,-144.0218550534972,1.0,0.9999911934233234,1.0,1.0,1.0,1.0,0.9999265599626179,1.0,0.9999781882086489,1.0,0.9934101059071003,1.0,1.0,0.4483489344375958,0.456399522145598,1.0,1.0,1.0,1.0
536,-150.85233964386958,-150.8534751856132,-151.5513453361459,-151.5523778806614,-151.55133027564088,-150.8523439907605,-148.39362644682552,-150.85513487964195,-151.56639191997624,-151.5523610265222,-151.5525896359459,0.99943239027957,0.7050385152243854,0.7046746173416094,0.7050748246657202,1.0,0.7050438243624291,0.7054442413710527,0.9999978265569098,1.0,1.0,1.0,1.0,1.0,0.29207220893608093,0.2046646001429781,0.7007328800247761,0.9991704972134354,1.0,0.992497463424454
537,-143.77067429763767,-143.75919270364236,-143.77070057130314,-143.76004935938468,-143.7703585205752,-143.77070400197127,-142.66723624185857,-143.7575330539823,-143.7396138939467,-143.7634631701111,-143.7616658742006,1.0,0.9999868632535532,1.0,0.9995717638481243,1.0,1.0,0.9944326470053284,0.9999851479434934,0.9942608828514944,0.9999982846674061,0.9946868437177694,1.0,1.0,0.5797557376892795,0.5849734449408629,1.0,1.0,1.0,1.0
538,-157.1598481291603,-158.73474132301732,-161.1580332914962,-161.57973411594685,-161.15803065845907,-160.41707303750053,-162.36468264745113,-158.73474016470198,-161.60000936384324,-162.35599993512747,-162.05531542678702,0.45500512474058086,0.13545814475626128,0.1097069023554928,0.24111135543372555,1.0,0.13545832308954076,0.2977072470706164,0.19620162408768782,0.4312075038705362,1.0,1.0,0.07409425654891748,0.5469900439153377,1.0,1.0,0.23867926886642918,1.0,1.0,0.8017252164599932
539,-126.95967124162689,-126.95949806789838,-127.10349175470748,-126.95948776189414,-127.1035953940303,-127.10406869465632,-125.89679130755377,-126.95943317991978,-126.936435107228,-126.95948560534458,-127.10325229616751,1.0,0.9306144086204691,1.0,1.0,1.0,0.9305661857463703,0.9304856144266228,0.9303459930225999,0.9302654407678245,0.9997115716290411,0.9302606471203859,1.0,1.0,0.5878279733706573,0.5946264416061855,1.0,1.0,0.9999481816812074,1.0
540,-162.29654318404087,-162.57029706207186,-165.03065900070345,-165.36834570039713,-165.02960048379518,-165.0111673360261,-161.57714519592918,-162.55131540441178,-165.19468427849816,-165.36740101067488,-165.36852759781243,0.8720775382494294,0.25485566636343565,0.215261597443468,0.246837681286431,1.0,0.25499058658012635,0.29239439774126436,0.2573515896277475,0.2951017293076301,1.0,1.0,1.0,1.0,0.6144147414191335,0.16385563040101692,0.26668570813023507,1.0,1.0,0.9207728591045161
541,-119.87885053713987,-122.22816212763979,-119.8783516958699,-122.2281597391013,-119.87873893444862,-119.87884558875734,-122.7014339949308,-122.2281617874797,-122.13613252925424,-122.22815478706838,-122.22815936929481,0.3089252949437889,1.0,0.30892566388398807,1.0,1.0,1.0,1.0,1.0,1.0,0.9997530840450393,1.0,0.24382811981657146,0.24376731163582208,1.0,1.0,1.0,1.0,0.9998063994536426,0.3234545086298676
542,-131.93489877106475,-131.92907357207042,-131.93485158515765,-131.929385604094,-131.93485162798984,-131.93489349428836,-130.00645245497924,-131.92830194666996,-131.92407380837105,-131.92899995826497,-131.92826906074572,1.0,1.0,1.0,0.999843996158079,1.0,1.0,0.9971151412655961,1.0,0.9970942687239809,0.9999790456541878,0.9972498435309269,1.0,1.0,0.38253897103549434,0.3833485403138267,1.0,1.0,0.9999999785839011,1.0
543,-144.07409612859192,-144.63546482442848,-144.07409342490502,-144.63546264647408,-144.0740886764886,-144.07408614265353,-143.33903393414363,-144.63548497608718,-144.15934723433222,-144.63545848470636,-144.12893814392567,0.7552666993641076,1.0,0.7552675218327709,1.0,1.0,1.0,1.0,1.0,1.0,1.0,1.0,1.0,1.0,0.5229729584325756,0.6635462974043727,1.0,0.9999899242214096,1.0,0.958266573843357
544,-140.07783455899317,-140.0835027942971,-140.93123064534925,-141.0332083756213,-140.9312114812173,-140.93106309900978,-136.45901770947063,-140.09202987107275,-140.75036526947588,-140.93693763129872,-140.94477498231413,0.9971698946681177,0.6526605977967086,0.6202163511694063,0.6219766104910631,1.0,0.6526668516635759,0.65451920996953,0.6527152755339785,0.6545677712735383,1.0,1.0,1.0,1.0,0.16259284593094034,0.11698918550909634,0.7195223433064595,0.9957455375887871,1.0,1.0
545,-145.84833230583598,-146.68892743280884,-148.05990631360876,-149.11930242409284,-148.25737272207527,-148.060374183162,-149.1210866601075,-146.6885582156256,-148.9279048600777,-149.1193037350514,-149.11930381330984,0.6568513357585066,0.3309503205354281,0.19485783080259433,0.2966543876744651,1.0,0.2998358238013235,0.4564744067317523,0.33087290880112386,0.5037257150722614,0.9997660925839896,1.0,0.19468407214100594,0.5882576932575144,1.0,1.0,0.3263864003919516,1.0,0.9059843885820504,0.7151477823805151
546,-131.3008366689161,-131.29688831426316,-132.06384830985195,-132.0608037640219,-132.06372389037836,-132.06380943918282,-127.36149685784969,-131.3162848343211,-132.02878803618182,-132.0602605526766,-132.05777065826715,1.0,0.6828324116423805,0.6838726604985723,0.6825239063759747,1.0,0.6828748917883105,0.6815281054950165,0.6828456828477172,0.6814989541611698,1.0,0.9984982911144503,1.0,1.0,0.13842951660976102,0.09694169252889871,0.7002964028414667,0.9903486164323947,1.0,1.0
547,-147.02121057444998,-147.02087915766464,-148.409275864129,-148.40909509546185,-148.40927884759094,-148.30245579137517,-145.3397360745491,-147.02110166139437,-148.27988345438675,-148.40909189037788,-148.4090772803216,1.0,0.49955746381412414,0.4996026180231594,0.4995198365353354,1.0,0.49955671860934003,0.4994739447268042,0.5269642294965312,0.5268769143356931,1.0,1.0,1.0,1.0,0.43141585493350565,0.22990854262064161,0.5329163033567172,0.9998887543233939,0.9999985082701428,1.0
548,-149.78695452766527,-149.77907665438318,-149.7870441453354,-149.7761187259692,-149.78703736363985,-149.7870776442873,-149.26629916739915,-149.7771243639236,-149.93261138273044,-149.77689089274241,-149.81775033230716,1.0,0.9999551921688442,1.0,1.0,1.0,0.9999585828704225,0.9960275564833202,0.9999384435836565,0.996007496367901,0.9999832506643108,0.9945355256951647,1.0,1.0,0.7745968347114381,0.7166583095671342,0.9252017016492357,1.0,1.0,0.9297988472164118
549,-131.26179270275915,-132.9408841799475,-132.05631948953186,-135.01897218918023,-132.05633716214052,-132.05633669817604,-133.48344987437372,-132.94094190946808,-132.912753125446,-133.7892079775212,-133.78931347990863,0.43190667740758293,0.672156960616786,0.15280544879833505,0.35379274457045556,1.0,0.6721510212595643,1.0,0.672151177186683,1.0,0.9999913957149267,1.0,0.32928600629622357,0.4898945121301186,1.0,1.0,1.0,0.9999711356562875,0.9999911637347082,0.6516758640799318
550,-129.2879186158702,-131.67106533912244,-129.82630532853088,-132.36213300097683,-129.28792779997576,-129.28774622530972,-130.7143806577356,-131.6710474749005,-132.35077483734372,-131.67107387957313,-132.3621329845165,0.30374299035139196,0.763995517995903,0.21500216254562662,0.7078423844346056,1.0,0.9999954079577681,1.0,1.0,1.0,1.0,1.0,0.49005824826476474,0.6414412607423081,0.6198155107176164,0.4412264294651782,0.7118673570371457,1.0,1.0,0.21622764403829517
551,-134.27414689972298,-134.27525116826223,-134.27412930712208,-134.26397246919984,-135.47143328263752,-135.4697127008605,-135.09255084600295,-134.26022861188324,-134.6936650596113,-134.275230406468,-134.2755113183357,0.999448018128451,1.0,1.0,1.0,1.0,0.5495567738005188,0.5498602867106678,0.5500297559076661,0.5503335300395535,0.5500249177019567,0.5472387414041143,0.6641800722396001,0.6641742299378278,1.0,1.0,0.8051568113193068,1.0,0.5495519397552836,1.0
552,-136.75881999732187,-136.7585907223003,-136.75855492429423,-136.88205860220498,-136.75882726445053,-136.75882234081774,-135.77480085781585,-136.75780222815908,-136.72608261944742,-136.8820536169997,-136.88200192354455,1.0,1.0,0.9402407660288667,0.9401329853458912,1.0,0.9999963664422684,0.9998817359186384,0.9999988282527469,0.9998841974469173,0.9998663006767945,1.0,1.0,1.0,0.6117077243284462,0.6214866299482987,1.0,1.0,0.9998638391925742,1.0
553,-142.9815282297377,-142.98126978216132,-142.98146793141166,-142.98126130418282,-142.98151176560563,-142.98152151456318,-140.54999457519332,-142.98119334548431,-142.94920950302208,-142.95918779204484,-142.98118472466922,1.0,1.0,1.0,1.0,1.0,1.0,0.9998790155970474,1.0,0.9998741417198859,0.9999732087831278,0.9998699032731326,1.0,1.0,0.29653222400670926,0.3013124647168869,1.0,1.0,0.9999780831431907,1.0
554,-140.9939069213911,-140.99377825478152,-140.99390615228475,-140.99090240964486,-140.99213981087433,-140.99336065584203,-139.06314154576282,-140.99317899528543,-140.96698777410904,-140.9936031304347,-140.9931768374983,1.0,1.0,1.0,1.0,1.0,1.0,1.0,1.0,1.0,1.0,0.9987716319638268,1.0,1.0,0.3809760659866491,0.3859979910080868,1.0,1.0,1.0,1.0
555,-139.5168748653661,-139.52159622278873,-139.52164391762733,-139.50881801905922,-139.52137561458082,-139.5215927941607,-137.42811682850376,-139.5132688162398,-139.47011389058758,-139.52159056007204,-139.5212683256486,0.99764210549937,0.9976183145934462,1.0,1.0,1.0,0.9977521555872622,1.0,0.9976438157726744,1.0,1.0,0.9936329684455111,1.0,1.0,0.35254535657657565,0.36023505464009986,1.0,1.0,1.0,1.0
556,-124.00557073411375,-124.02703016977264,-124.36793097671114,-124.82845125122151,-124.35197646797792,-124.29243733662167,-120.28388139141279,-124.00241998693002,-124.649102136462,-124.37355896001645,-124.39143190218886,0.9893276402642163,0.8342850726505694,0.6626951101761314,0.6698439255160684,1.0,0.8409669931445724,0.8500389142266138,0.8663785846253356,0.875724632937532,1.0,1.0,1.0,1.0,0.15578642227686784,0.11274683493485214,0.7237269672608273,1.0,1.0,0.861945845755021
557,-148.46931680221337,-148.4695109968988,-148.4693101527604,-148.46950847969094,-148.4693040298474,-148.4693116216808,-147.08701235355807,-148.4695890515558,-148.47347791684751,-148.46950438833386,-148.46958383143524,0.9999029073710772,1.0,0.9999041658535984,1.0,1.0,1.0,1.0,1.0,1.0,0.9999992655400686,1.0,1.0,1.0,0.5009302801297089,0.49995720128944476,0.9980574565386379,0.9999609734330585,1.0,0.9979152326524267
558,-138.445298897792,-139.07604383736296,-138.64327808119478,-139.29030444704193,-138.64326454207526,-138.44718882398442,-139.03654664065374,-139.07604380122422,-139.2058562721386,-138.6699991209549,-139.29030400998272,0.7295171005804928,0.9057521353131722,0.6554044358228022,0.898408598374572,1.0,0.9057582668771347,1.0,0.9990554832408083,1.0,1.0,1.0,0.7440672403406178,0.8214910142975811,0.9804451455603013,0.9188293951100854,0.9371553311990709,1.0,1.0,0.754804982040688
559,-148.68511147028764,-148.69980279965225,-150.2003152036874,-150.21526949341927,-150.20028060828446,-148.6851163520714,-150.3974919777459,-148.7337383938511,-150.44178299328507,-150.21523783410697,-150.2161542011836,0.9926812487731151,0.46878929930244473,0.4652971656642608,0.46872766685110245,1.0,0.46879740834993255,0.4722537158119322,0.9999975591111028,1.0,1.0,1.0,0.4247772973088547,0.906115600208709,1.0,0.9780979038518799,0.42569919390845823,0.9831753452230148,1.0,0.8862544389143215
560,-140.61647192409697,-140.61619624012997,-144.36423208227896,-144.34952639162324,-144.3186850187301,-143.88263604608142,-144.32412908473663,-140.5898580321968,-143.57564775119445,-144.3494992297918,-144.34951317365753,1.0,0.15352680848536032,0.15465982771475026,0.1546385105665627,1.0,0.1570632721779678,0.15704162375706038,0.19532663685127905,0.19529971449578268,1.0,1.0,0.15663632211719902,1.0,1.0,1.0,0.22472117679145495,1.0,1.0,1.0
561,-156.64176559292866,-156.63046765877368,-156.6415491180539,-156.64168561214282,-156.64175970855126,-156.64176245596178,-154.94391319623182,-156.64160347479975,-156.62369505901037,-156.64163028071687,-156.64104313798182,1.0,1.0,1.0,0.9944067242560346,1.0,1.0,0.9943698839550743,1.0,0.9943685179848728,0.9998933367349835,0.9999615788286323,1.0,1.0,0.42790882179517953,0.43175761206400376,1.0,0.9944475640577782,0.9998947102946628,1.0
562,-141.58322769284342,-141.58299017920933,-141.58322900265898,-141.70109342171835,-141.58322450344167,-141.58322994523755,-140.10169190930543,-141.58257145004882,-141.65778856870324,-141.70109950072413,-141.70093144844202,1.0,0.9999993450924349,0.9427700604308755,0.9426581067070589,1.0,1.0,0.9998828447470438,0.9999988738035714,0.9998801241715736,0.9999995287108279,1.0,1.0,1.0,0.4769041410867366,0.4593015423097063,0.9630898596583399,1.0,1.0,0.9634043855563325
563,-154.29521255318576,-154.284448545887,-154.29520955657375,-154.29498643018917,-154.29520687851777,-154.63981312992786,-152.79283532104606,-154.29479085006153,-154.2548061260901,-154.29498375985656,-154.29478785008274,1.0,1.0,1.0,0.9947449143775076,1.0,1.0,0.9946352754931643,0.841726374572272,0.8372083690194183,0.8417251134095347,0.8416312131068571,1.0,1.0,0.4719049152142747,0.48143434965033205,1.0,0.9948421953026446,1.0,1.0
564,-136.56617104080743,-136.5662401795497,-136.5659500021997,-136.56612835374744,-136.97146829315702,-136.56566098489435,-138.89249233159455,-136.5662430321725,-136.57255742385746,-136.9715330313929,-136.97153594854382,0.9999654312263757,1.0,1.0,1.0,1.0,0.8165651106299471,0.816593339260235,1.0,1.0,1.0,1.0,0.31249692639390303,0.3124623913595688,1.0,1.0,0.9968477828593604,0.9999985736896175,0.8164748694091544,1.0
565,-146.82886376589408,-146.82753399774663,-146.82705363328546,-146.82724209883324,-146.82879818117544,-146.82686814914615,-145.32057747225946,-146.8335083099181,-146.77949015356944,-146.82586354531995,-146.83350784945162,1.0,1.0,1.0,1.0,1.0,1.0,0.9993681080134753,1.0,1.0,1.0,1.0,1.0,1.0,0.4693223567420055,0.48217105564684826,1.0,0.997017301025869,0.9991281063753361,1.0
566,-141.19860086017962,-141.23196215240398,-141.1987950292385,-141.1907734721495,-141.19851149456568,-141.19859933688173,-140.0254382712718,-141.23856794178292,-141.77994771831672,-141.23196246982116,-141.24053150157224,0.9834577055321138,0.9999029201831072,1.0,1.0,1.0,1.0,1.0,1.0,1.0,1.0,0.996094713178314,1.0,1.0,0.5452205783649242,0.4159231698982049,0.7628530294023887,0.996702553866876,1.0,0.7477264235125172
567,-137.35389751906555,-137.3480505217971,-137.3538912811418,-137.3483937171835,-137.3538863385278,-137.3538246345165,-136.93371604186922,-137.33477952549765,-137.31201694976212,-137.35364115470855,-137.33397679619748,1.0,1.0,1.0,0.9998284170288316,1.0,1.0,0.9970863445916816,1.0,0.9971171071797462,1.0,0.9972882248564784,1.0,1.0,0.8182955154292686,0.8276619723165597,1.0,1.0,1.0,1.0
568,-143.78058532529482,-143.76321593685367,-144.06496377185698,-144.0476298353818,-144.0910640527568,-144.13857004330944,-142.75660321373837,-143.7513179852337,-144.02167818041363,-144.0736739453068,-144.0421450446524,1.0,0.8674570978768329,0.8750079954199348,0.8674417214833566,1.0,0.8562102072836536,0.8488064795354364,0.8361122881005087,0.8288823488923859,0.9638658674267084,0.9555481692475745,1.0,1.0,0.6081356059713989,0.5312420713685406,0.8735585717267234,1.0,0.9870346434184388,1.0
569,-142.614612544263,-142.61438724794297,-144.41045693483323,-144.41034048010167,-144.4105446606919,-144.28152893371316,-144.1195031920468,-142.59565901908755,-144.2612708756769,-144.41033996529865,-144.41033822968382,1.0,0.40741531034069567,0.40743903375166624,0.4073931390792205,1.0,0.40739744030364855,0.4073515503163647,0.434543947357544,0.43449499953842263,1.0,1.0,0.4712128746570301,1.0,1.0,0.9315700953345576,0.43482747824572987,1.0,0.9999561380326328,1.0
570,-133.4049402147037,-133.4068195821143,-133.40485122535478,-133.406732137939,-133.40484572957394,-133.40493460132544,-133.42941858304766,-133.40690523259616,-133.1175577747868,-133.4067268834401,-133.40681782904167,0.9990607576591628,1.0,0.999104439636107,1.0,1.0,1.0,1.0,1.0,1.0,0.9999583128836016,1.0,0.9878354100085017,0.9877914575713501,1.0,1.0,1.0,0.9999571756760625,1.0,1.0
571,-126.99448525605115,-129.81307763027323,-127.79271464135195,-130.61105795162288,-127.79244401398168,-127.79261059547633,-129.29790924883184,-129.81307626478394,-130.52127431136023,-130.61104316733085,-130.6110566388522,0.24431517482556525,0.6709137480645866,0.16393482350759597,0.6709973034816245,1.0,0.671004538018668,1.0,0.6709486518766683,1.0,1.0,1.0,0.316095152128501,0.47114126523767674,0.7729170788774957,0.5424374329077974,0.7018054688293045,1.0,1.0,0.2555300793962941
572,-137.34450845628658,-137.61852405589102,-139.1588620858186,-139.46575825416758,-139.15828166048462,-139.14622231685672,-137.34370334195432,-137.6175106070979,-139.36508483417452,-139.465847685189,-139.46596706186645,0.8719634249633281,0.4036622301243824,0.34623937809243205,0.3970801620572489,1.0,0.4037793950172981,0.46306918783236795,0.4062214071215947,0.4658697778965658,1.0,1.0,1.0,1.0,0.8720542597092648,0.36396748359809206,0.41736793272408956,1.0,1.0,0.9017647638906603
573,-141.45437549989765,-141.49903001602695,-141.5201735559546,-141.5648263039601,-141.454366003548,-141.45436844226552,-139.5335987825719,-141.53232301940588,-142.26977940084487,-141.49903060874416,-141.5323227358932,0.9779201504231196,0.9676362587972719,0.9462718323204014,0.9676371142480039,1.0,1.0,1.0,1.0,1.0,1.0,1.0,1.0,1.0,0.3681141795514165,0.25459268894068143,0.6916133718373138,0.9834912857010165,1.0,0.6651739466317474
574,-138.17608453344855,-140.4486151138217,-138.1761483744671,-140.44861102108686,-138.17614426598072,-138.1761479830356,-140.0900228455201,-140.44861145101098,-139.97124052817668,-140.44860707596723,-140.44860641947668,0.3210156862618981,0.9999680800001818,0.3210163431786099,1.0,1.0,0.9999701341799029,1.0,0.9999682757096959,1.0,1.0,1.0,0.38405513497549243,0.38406739440665205,0.835859867341101,1.0,1.0,1.0,1.0,0.40756773832473503
575,-135.7453083559374,-135.74784879075523,-136.83919847033974,-136.83365094666516,-136.89164639196525,-136.98775962618106,-135.29935589375202,-135.7489959882771,-136.95161647958105,-136.89439370575158,-136.84250452178125,0.9987305889757532,0.5787150540353199,0.5803225000724967,0.5810601041744858,1.0,0.5637361150937995,0.5644526374945001,0.5372855178784228,0.5379684209226387,0.9284111656193954,0.9258395423429252,1.0,1.0,0.7986599268687951,0.43773993838883685,0.5480930289128545,0.999426565715383,0.9741169011639254,0.9704600478268717
576,-147.65745835617312,-147.65745694325503,-150.64865571782929,-150.6484627268406,-150.6486555215638,-150.611450175453,-150.6328429532196,-147.65740472345453,-150.50129639118802,-150.64846261042223,-150.6484623483105,1.0,0.22411439156959104,0.2241360186420366,0.2241358602991741,1.0,0.2241144135625525,0.22411425523495326,0.22832256076327373,0.2283223994627919,1.0,1.0,0.2258933489208116,1.0,1.0,1.0,0.2412441388774305,1.0,1.0,1.0
577,-144.19997215902688,-144.18335233506755,-145.6046602295178,-145.60457732355655,-145.60640124198716,-145.62480387625425,-143.55010900786561,-144.1815874015333,-145.4899143654726,-145.8784923733293,-145.58602042931383,1.0,0.4954226535159054,0.49544319068722376,0.4913431604208166,1.0,0.49499157266372684,0.4908952797532872,0.4904578881464293,0.48639911365200306,0.9899787275889735,0.9899376908705126,1.0,1.0,0.7292496159773869,0.3791199327135273,0.5198767670318301,1.0,0.9991298725459578,1.0
578,-133.62585946774317,-133.60286930795652,-134.96286748482316,-134.9626385262461,-135.39047756938646,-134.9634745610307,-134.79651636158871,-133.62548487134436,-134.94027269225515,-134.96264007145066,-134.9626363224006,1.0,0.5124746623340174,0.5125333334269978,0.5066754547065463,1.0,0.41382626176025006,0.4090965322097433,0.5123191303529204,0.5064636998159284,0.9996965079592647,0.9995820699648056,0.5569229121524739,1.0,1.0,0.9306442736393626,0.5182000520266246,0.988755910969205,0.8075057991657922,1.0
579,-130.4958475739491,-130.49619925973334,-130.49632153868004,-130.49621584509572,-130.4963352157735,-130.49592648499404,-129.76628520120232,-130.49315963206809,-130.4823089530725,-130.4959845226966,-130.48143743294008,0.9998241725673359,0.9997630457126381,0.9998158813786079,0.9999917073531971,1.0,0.9997562088096996,0.9999320242903692,0.9999605452558902,1.0,1.0,1.0,1.0,1.0,0.6952823788490026,0.6990647729093606,1.0,1.0,0.9999931614766442,1.0
580,-144.30722358741468,-144.30713746645142,-144.30722240971917,-144.3071389112556,-144.30525962071601,-144.30722217239475,-142.6498836950438,-144.30680391652643,-144.28819869421795,-144.30713754538198,-144.30623700650807,1.0,1.0,1.0,0.999999277598169,1.0,1.0,1.0,1.0,0.9999576479252131,1.0,0.9999583702969708,1.0,1.0,0.43672127119215265,0.44080287471141455,1.0,1.0,1.0,1.0
581,-139.39270825188657,-139.8805988103725,-140.94595089664978,-141.34982630930352,-140.9459249794518,-140.94568950518783,-141.05028969103273,-139.42035050585494,-141.34941298678643,-141.3497620036253,-140.96353443688525,0.7835305084723809,0.45995743684327806,0.3758523012051166,0.47969070398790403,1.0,0.45996339728587243,0.5870395502309735,0.4600175552452266,0.5871086706529209,1.0,1.0,0.43657691114754693,0.9491680668189789,1.0,0.86108535229965,0.381161831110914,1.0,1.0,0.8173041280233296
582,-138.3756887681592,-138.3774445182738,-138.37569130976584,-138.37746352709354,-138.37567283488326,-138.3756927838992,-137.25100701020216,-138.3781742894461,-138.3471998144435,-138.37732944823793,-138.37799249690715,0.9991225101622764,0.9999987291974836,0.9991130141375523,0.9999904956352925,1.0,1.0,1.0,0.9999979921320068,1.0,0.9999992629335867,1.0,1.0,1.0,0.5691657199061351,0.5780491368217759,1.0,0.999635180976498,1.0,1.0
583,-127.13905431895176,-127.14014272401016,-127.14029174060718,-127.17429170704509,-127.14029303248566,-127.14027898835005,-125.59167926784218,-127.1255724176068,-127.15028773095304,-127.14014540395294,-127.14000787934015,0.9994559455221401,0.9993814805343673,0.9825356076164263,0.9830704514976153,1.0,0.9993808349948636,0.9999248485862604,0.9993878527394899,0.9999318701510004,1.0,1.0,1.0,1.0,0.46442900467153925,0.4587250667241668,0.9877183856089983,1.0,0.9999993540609705,0.9950151167417356
584,-140.429422225997,-142.09177471038805,-141.06769269010496,-142.79812326445438,-141.06769264023288,-141.06769264332578,-140.63990099041004,-142.0917647077849,-142.63516795420298,-142.79814286941328,-142.79846685697692,0.43553668828045833,0.7267772590789616,0.3059448202628943,0.7024547609773002,1.0,0.7267772772019107,1.0,0.7267772760779833,1.0,1.0,1.0,0.9001090267094333,1.0,0.4838734571171317,0.368751065479455,0.7620816146362648,1.0,1.0,0.4566958448737618
585,-151.0621864658495,-151.06210592514202,-152.01380741091631,-152.01374613506636,-152.01376272179564,-151.78551553104614,-151.10294248383627,-151.06205830967144,-152.00618525670848,-152.01373062608263,-152.01361936498932,1.0,0.6213812399001388,0.6214002780235932,0.6213752545184417,1.0,0.6213951245458676,0.6213701012482441,0.696515987062168,0.6964879386817491,1.0,1.0,0.9798282194147989,1.0,1.0,0.6365951476610667,0.6237139223440896,1.0,1.0,1.0
586,-150.1197666943243,-150.11047626786785,-150.3393386623601,-150.34711613404198,-150.46489842518963,-150.5747883789372,-148.67724145319335,-150.10051491559602,-149.7348055102708,-150.47287081741783,-150.3501888490291,1.0,0.8960258786361393,0.8925482368850164,0.8884117748204028,1.0,0.8415028610363797,0.8376029657499482,0.7965137854041263,0.7928223893303807,0.8889406036090359,0.8924041889141485,1.0,1.0,0.4908401662340146,0.5893223104950289,1.0,1.0,0.9391501753467767,1.0
587,-143.51473786314523,-143.51465252448872,-143.84323042870565,-143.84302715946117,-143.84331064948432,-143.84330914665634,-143.32633260509533,-143.51461652257166,-143.81465639723092,-143.82403888233767,-143.84301684880944,1.0,0.8485330170735742,0.8486192617888729,0.8485830525475482,1.0,0.8484989827664647,0.8484627786572555,0.8484996203407125,0.848463416204299,0.9999606417992114,0.9998590163415473,1.0,1.0,0.9101535488201716,0.7833608009628932,0.860690816377479,1.0,0.9999598904150756,1.0
588,-146.72647433350608,-147.22331465626436,-147.6316280822903,-148.1545952325845,-147.65397231631147,-147.64776825230985,-146.10539758203768,-147.2233557312859,-148.17919353997678,-148.1734117178612,-148.1546425576412,0.7800321350390411,0.6359871791641676,0.48965194845642657,0.6277330464493225,1.0,0.6289213993343219,0.8062762687371129,0.6308753627026495,0.8087812467765494,0.9919623907069383,1.0,1.0,1.0,0.5717925234607234,0.3545528081402193,0.6200724801267423,0.9999794627001292,0.988890059326146,0.7690412945968119
589,-115.45520051452095,-115.45370500678831,-115.45514460377606,-115.45370475770909,-115.4551568879836,-115.45519674009887,-116.65786799642581,-115.45315179910304,-115.44700715870894,-115.45368729244166,-115.45322555611784,1.0,1.0,1.0,1.0,1.0,1.0,0.9992743228334797,1.0,0.9992544114341109,0.9999739321783678,0.9992542869873634,0.5480801514537443,0.5480648298831415,1.0,1.0,1.0,1.0,0.9999938579150913,1.0
590,-144.86962307904503,-145.56431668242013,-145.51046580355774,-146.23397569167327,-145.51044881983162,-145.51038590952646,-145.5636554174773,-144.9161683815999,-146.1163758669991,-145.53747592389865,-146.2339794561317,0.7065602494764641,0.7258431297304102,0.5055156374837526,0.7154600585842772,1.0,0.7258492935170393,1.0,0.7258721255764083,1.0,1.0,1.0,0.7067938998620275,0.9737557206397228,1.0,0.7585396367812692,0.5487547038465285,1.0,1.0,0.7386260383099393
591,-129.54357152953207,-129.55043182610729,-131.42685772058329,-131.43322231447618,-131.42685239482876,-131.4266770659884,-129.24214785111877,-129.5591135470193,-131.53294756031215,-131.43321922376953,-131.433329593956,0.9965757279503222,0.38998652352265284,0.3887474432061263,0.39008319418502296,1.0,0.38998756201028245,0.39132757408448815,0.3900217515423637,0.3913618810931,1.0,1.0,1.0,1.0,0.853437601869588,0.31809669993013207,0.3727240271969408,0.9956685474609968,1.0,0.9483348870347376
592,-122.7984165760906,-123.49640937621675,-125.06170466766969,-125.88133415924011,-124.97310336766208,-124.88214824138495,-121.3467597670807,-123.54507863551876,-125.79348131065478,-125.78422787664485,-125.88131275662249,0.7053956696453036,0.3225026112791291,0.21406859208085047,0.3034730737551753,1.0,0.33711087534382084,0.4779032390620309,0.35279580953786716,0.5001388932756912,1.0,1.0,1.0,1.0,0.3331510013686361,0.10824471106803642,0.3249118586567362,0.9759590702662462,1.0,0.6635248510042998
593,-130.78876100898992,-130.77107834168064,-131.7453320918705,-131.745129484072,-131.7453364777896,-132.12299943671147,-131.41893441247487,-130.7629847542391,-131.72296264985977,-131.74513198629023,-131.74512350971497,1.0,0.619845180224871,0.6199079761392363,0.6144513204887819,1.0,0.6198438209309501,0.6143877299979914,0.513184826121685,0.5086675864845629,0.8279242018716816,0.827840334169889,0.7297256030449225,1.0,1.0,0.8589761530353841,0.6187902307553463,1.0,0.9999978070428484,1.0
594,-135.12976501760386,-135.13010860657255,-135.57121171128276,-135.3614154040451,-135.36093402168464,-135.57114578924245,-134.79221633893712,-135.1293929466183,-135.35592004431032,-135.57124186142863,-135.57117309567087,0.9998282202714825,0.8019385084269766,0.89063089800948,0.8907839166288462,1.0,0.8908452908116591,0.8909983462656901,0.8019649415739439,0.802102726562556,1.0,0.9004459011766822,1.0,1.0,0.8448566560374469,0.7543854364306881,0.8929153023057337,1.0,1.0,1.0
595,-127.72543808172784,-127.73115824536086,-129.69280713893932,-129.84180551191216,-129.69606266409238,-129.67424563386504,-129.66842456496812,-127.74159086233595,-129.67395798646615,-129.84494862593843,-129.706918345293,0.9971440043210003,0.37393079881067437,0.34708564459568425,0.3480797588830013,1.0,0.3733226233670565,0.37439188497279136,0.3774173117271494,0.37849830123999945,1.0,1.0,0.3785173979572227,1.0,1.0,0.9972371130678918,0.3805325492157251,0.9947972728245384,0.9983735615104397,1.0
596,-136.0315854795745,-136.01462766430402,-136.03159973207482,-136.8564808726462,-136.78329970395495,-137.03750345728207,-136.30100985999468,-136.0067464570721,-136.75870214471598,-136.7831419455729,-136.78312670556886,1.0,0.999992873775224,0.6620278221337721,0.6564382794727677,1.0,0.6867004471553394,0.6809025919650027,0.6047385949085036,0.5996327488065947,0.6047429044423724,0.9134640187165842,0.8739674118713853,0.8739736400039924,1.0,0.7954509102898253,0.6866175456943728,1.0,0.6867053407719527,1.0
597,-152.6830344548561,-152.6653510591912,-152.7483567179936,-152.73109287968464,-152.68312168895335,-152.68303353230118,-150.99633327854423,-152.65310420677636,-152.50021993321994,-152.66535530299225,-152.72082463718004,1.0,0.9678664834212786,0.9762571905118772,0.9676634669649413,1.0,0.9999563839025915,0.9911540428742537,1.0,0.9911977322482253,1.0,1.0,1.0,1.0,0.4367538721779839,0.4714494812792175,1.0,1.0,1.0,1.0
598,-129.52081620638808,-129.52183103830572,-130.03380377338772,-130.03332847871067,-130.2282189696125,-130.3200394799238,-126.46513354866715,-129.5228259007148,-129.74826763709314,-130.0340176182452,-130.03365153582834,0.9994927127548844,0.7737598046224858,0.77394370843197,0.7743365194717252,1.0,0.7020845914238178,0.7024409307484337,0.6705804242526776,0.6709207738037111,0.8666519251149921,0.8664459920622531,1.0,1.0,0.21678565555413168,0.1936763050351941,0.8934000016750778,0.999502692493854,0.9073676187746171,1.0
599,-138.06368695212024,-138.06367956692065,-139.15637781129067,-138.06348107736255,-138.0633525354615,-139.15638214086383,-138.9173352741915,-138.06367890418818,-138.06193740434324,-139.15633252099747,-139.15633128270895,1.0,0.5790621716237336,1.0,1.0,1.0,1.0,1.0,0.5790609180790727,0.5790587798427959,0.9999978352157638,0.5790013141337659,0.6525782908306792,1.0,1.0,1.0,1.0,1.0,1.0,1.0
600,-157.74200241529127,-158.89888396174257,-160.71896044886682,-161.84233412467094,-160.7191113836326,-160.66762723719276,-161.40240041351407,-158.8989090162311,-161.81234129008573,-161.84171203931766,-161.84221651479183,0.5607720560524767,0.22571570438464145,0.1287135540708062,0.22952918691576393,1.0,0.22569867085390158,0.40247845522598735,0.2315840484815766,0.4129735887907815,1.0,1.0,0.16038164879375838,0.7105471426146424,1.0,0.814671399138496,0.2330001604180212,0.9999874728341996,0.9999245354647062,0.5789061217091847
601,-130.16460740584117,-130.16449417745253,-132.20099874029984,-132.1869846169643,-132.20085310477327,-132.20083129235243,-127.71171447253349,-130.16358006134507,-131.9165064824922,-132.18787995268997,-132.19996485249374,1.0,0.3612461607732263,0.36378632404609385,0.36376572915944005,1.0,0.36127246686841197,0.3612520142977282,0.36127640700344055,0.3612559542096956,1.0,0.9931005733950147,1.0,1.0,0.29348381254436584,0.12216337326194118,0.41625250879373066,1.0,1.0,1.0
602,-138.79338017447114,-139.33439390852604,-138.79437128487035,-139.334597016183,-138.7946274496859,-138.7944764306297,-138.46126844444336,-138.81747745564257,-139.3323550339229,-139.33353256885755,-139.33459698803622,0.7629926604866861,0.9995045675675915,0.7629151795952142,0.9998984513279294,1.0,0.9993765568141385,1.0,0.9994520221154788,1.0,0.9999474285022621,1.0,1.0,1.0,0.8368549628891064,0.6469131070981615,0.7730289426315864,1.0,0.9998719257944317,0.7642473450709453
603,-109.95866488104332,-124.9201545628759,-110.29228475571679,-125.32062227356323,-110.29221155062436,-109.958668367672,-126.19877328724425,-124.92003233618556,-125.32055566748045,-125.32061057987889,-125.32049015583718,0.0005638372900450021,0.8463604575739191,0.0004615229868543484,0.8185393109021091,1.0,0.8463914370886448,1.0,0.9999982566871769,1.0,1.0,1.0,0.0002975125339027659,0.0003515198887665209,1.0,1.0,0.8185165473917508,1.0,1.0,0.0005453013074151449
604,-90.77594624985926,-133.9595007360293,-90.77584709756803,-133.95949460751672,-90.77594457029267,-90.7758006474379,-133.9605435476682,-133.95954986028704,-133.95951873511456,-133.95949604733096,-133.95951872334268,4.195756623622968e-10,1.0,4.195769480516296e-10,1.0,1.0,1.0,1.0,1.0,1.0,1.0,1.0,4.193569501940927e-10,4.193361606082043e-10,1.0,1.0,1.0,0.9999754381727753,0.9999512648252807,4.195715340409148e-10
605,-61.76458258364977,-144.22767582831278,-62.57652329378212,-144.87502503905307,-62.57648049289571,-62.57638894708941,-142.9913684168298,-144.22752194572186,-142.96255581414758,-142.96300850863238,-142.82478728877132,1.239843363105043e-18,0.6663299204384945,8.97008847257351e-19,0.7234856224183783,1.0,0.6663441803466945,1.0,0.6663746815523848,1.0,1.0,1.0,2.300528219692096e-18,3.4525362723891632e-18,0.5389800269850782,1.0,1.0,1.0,1.0,3.5025595921745594e-18
606,-124.17955779050104,-151.14183662934,-124.1795365461681,-151.14254630419563,-124.17953660782834,-124.17954636354622,-152.44450334936704,-151.14202619148688,-151.14194445232852,-151.1416649195431,-151.14318118652977,1.397061550759052e-06,1.0,1.3965659089731988e-06,0.9996452255195335,1.0,1.0,1.0,1.0,1.0,0.9999950913229835,1.0,7.283582709116604e-07,7.283505342099467e-07,1.0,1.0,1.0,0.9999052234181409,0.999999969169878,1.3969714392407445e-06
607,-96.79380369056042,-140.06523712497872,-96.79379718397254,-140.0528582002294,-96.7937926828173,-96.79375574707132,-140.0744263000512,-140.06523620383217,-140.06523766810284,-140.06523844786776,-140.065237594226,4.015388933147085e-10,1.0,4.040319104458744e-10,1.0,1.0,1.0,1.0,1.0,1.0,1.0,1.0,3.996982195266811e-10,3.9969691919300084e-10,1.0,1.0,0.9999992678649343,1.0,1.0,4.0153657426018e-10
608,-109.71248848057508,-120.08820458184667,-109.7125409215572,-120.08820430909554,-109.71244669358873,-109.71252496819329,-119.56686831413305,-120.08818749464987,-118.99624417330847,-120.08820128175535,-120.08818629611426,0.005583954562541792,0.9999737798526885,0.005583955324056784,1.0,1.0,1.0,1.0,0.9999817563573086,1.0,1.0,1.0,0.00724683891602511,0.007247028934191336,0.7705431753785503,1.0,1.0,1.0,1.0,0.009639377570113418
609,-67.88987682160709,-161.67282004838685,-67.88973116372406,-161.67261024164816,-67.88980299063167,-67.88987608018098,-161.8083301909988,-161.67267792452623,-161.67268014877533,-161.6726116274686,-161.6731051009568,4.3180993470634925e-21,1.0,4.318552353994747e-21,1.0,1.0,1.0,1.0,1.0,1.0,0.999927544396575,1.0,4.03521776053062e-21,4.034923890593588e-21,1.0,1.0,0.9999988878760677,1.0,0.9999640871910802,4.318241994886833e-21
610,-100.75741050608045,-123.40257186872356,-100.75740594481181,-123.92157902579865,-100.75740300462962,-101.13687572944741,-123.35802848551401,-123.40256704868787,-124.0599689632977,-124.06014014374045,-123.40256963795082,1.2096665990291858e-05,1.0,9.331784843384316e-06,0.7714344473819073,1.0,1.0,1.0,0.8271802827189985,1.0,0.8271783962254085,1.0,1.2369101746014242e-05,1.2369073536648485e-05,0.9779768484324921,0.704004705504028,0.7198582529150986,1.0,1.0,8.707873171149688e-06
611,-130.23018434548527,-130.24136094516118,-130.7445405582898,-130.75579662737186,-130.74453896540837,-130.74451921991715,-130.93068822344463,-130.2466099564361,-130.97804813130682,-130.75581673199707,-130.75688411558536,0.9944272856639188,0.7732304842008924,0.7688909393363274,0.7731997607275884,1.0,0.773231100033378,0.7775642434400204,0.7732387339850086,0.7775719201718847,1.0,1.0,0.7045105736829395,0.9111262270149983,1.0,0.9765982161670032,0.693697642225588,0.9973789353664945,1.0,0.8898035393297691
612,-150.93544638905666,-153.11623488982104,-150.93495453614187,-153.1162393001353,-150.93545281797824,-150.935409958686,-153.14344807044023,-153.11623595219643,-152.90561580764214,-153.1162410227194,-153.1162403451089,0.33608396635178783,1.0,0.33608322523465,0.9999977948453007,1.0,0.9999967855443764,1.0,1.0,1.0,0.9997723146521834,1.0,0.3315419800601445,0.33146045514048855,1.0,1.0,1.0,0.9999994688124464,0.9997508901148355,0.3734087948096673
613,-100.66382770212738,-155.98689622452594,-100.66382655108748,-155.9868956559868,-100.66374823015141,-100.66189683759436,-155.97845441448436,-155.98684927240782,-152.76867260819424,-155.98689557188138,-155.98684870671667,9.699476817585378e-13,1.0,9.699479574851773e-13,1.0,1.0,1.0,1.0,1.0,1.0,1.0,1.0,9.74050391280814e-13,9.740498306955458e-13,0.9958113679307984,1.0,1.0,1.0,1.0,4.847964503753261e-12
614,-81.88327303316953,-142.10452969926652,-81.88327072695861,-142.10452991215135,-81.88309789450744,-81.8832695691114,-142.1104526494779,-142.10454044105398,-142.10454055774795,-142.10453006924627,-142.10454067920716,8.377612495825995e-14,1.0,8.377611604092725e-14,0.9999998935575917,1.0,1.0,1.0,1.0,1.0,1.0,1.0,8.352839105969037e-14,8.352829474270223e-14,1.0,1.0,0.9999999416530175,0.9999946291206917,1.0,8.376833426055871e-14
615,-137.48291419627432,-148.1146072851829,-137.57918985689167,-148.40618169464076,-137.5792083618769,-137.48358893207208,-148.40619521744452,-148.11460793984276,-148.40424247793368,-148.4061917608493,-148.11463178056505,0.004913117821742748,0.9530024254064404,0.004246612175161318,0.8643416114240446,1.0,0.9529936077993275,1.0,0.999662689003271,1.0,1.0,1.0,0.0042465834622068535,0.004456004884138413,1.0,1.0,0.8651803739027459,0.9999996726701251,0.9999907475501868,0.004460398986796537
616,-144.43915274827253,-150.36491698783055,-144.76474283474874,-150.64397667604447,-144.74915678071852,-144.5113944744776,-150.0359011893569,-150.3711155781528,-150.63538662878966,-150.6299182014036,-150.64951707842687,0.05166978385988349,0.849765335719226,0.04494067627744234,0.8697670653957268,1.0,0.856413450761381,1.0,0.9645237111098139,1.0,1.0,1.0,0.060909006784759696,0.07167744343584856,0.845685959632641,0.7410088431242943,0.876222236734523,0.9969055026961883,1.0,0.05270131221467713
617,-112.48590002441992,-142.16806766488338,-114.83974366282834,-143.32219331926348,-114.83974205347732,-114.83960668171514,-143.32209846789064,-142.1680927326619,-143.31740933845197,-143.3221933153842,-143.32219331909317,3.5859083987494783e-07,0.3082260553713915,2.0136500158225932e-07,0.5615453023074479,1.0,0.30822630339344925,1.0,0.30824716666843677,1.0,1.0,1.0,2.0137455168213805e-07,6.533339676280624e-07,1.0,1.0,0.5628971762851622,0.9999874661892872,1.0,6.548670215301231e-07
618,-126.25223135955224,-132.0581721916538,-126.86911807587856,-132.54135022655066,-126.8405966655663,-126.84052744593967,-131.63257039382978,-132.0582006605612,-132.54026503784112,-132.5403175789511,-132.54047355186228,0.05486002070536946,0.7345895595227763,0.043085902071091885,0.7853788882524944,1.0,0.7451403768823051,1.0,0.7451661664979248,1.0,1.0,1.0,0.06786943336440239,0.09239095830397255,0.8083055521320482,0.6351797038063196,0.78581633162227,0.9999857656476083,1.0,0.05785391306034805
619,-131.1486424641327,-140.07585479400558,-130.1398025085295,-140.38748403340406,-129.66297166870862,-131.14852221075446,-140.18695266223122,-140.07467495723762,-140.38285502100516,-140.3845435032516,-140.46832735892434,0.011520742589054977,1.0,0.009858504605126,0.8557178088929657,1.0,1.0,1.0,1.0,1.0,0.6038920325316062,1.0,0.010898227702705737,0.00658095717531699,1.0,0.9066931679897021,0.8571948426708116,1.0,1.0,0.004701180290529731
620,-61.27169531852138,-137.59031369854665,-61.271688448191526,-137.60433276593008,-61.27168048695302,-61.27168805222158,-137.43429099303745,-137.40806726557372,-137.3988884280041,-137.60433371536968,-137.40806475307033,2.676841061451831e-17,1.0,2.6581432618298133e-17,0.9930149757894593,1.0,1.0,1.0,1.0,1.0,1.0,1.0,2.8940263801788555e-17,2.894016438737994e-17,1.0,1.0,1.0,1.0,1.0,2.94568860167129e-17
621,-129.06228136162866,-129.64351860235053,-129.45492131461634,-130.06181488895373,-128.23055888053233,-130.33855779949752,-130.04454520150563,-129.6418430003036,-130.82920976641347,-130.06181793161304,-129.4768322363661,0.7478008196477217,0.8217492521617966,0.6066721412009357,0.8112750417774752,1.0,1.0,1.0,0.5282750415196257,0.7064381686135197,0.6428664706781042,0.8707751776336403,0.6119333424675242,0.7446716146777078,1.0,0.6754796266381793,0.5522892407595784,1.0,1.0,0.27271569329755974
622,-144.7686990933394,-146.55409847233193,-149.36340675360475,-150.54301269998686,-149.36343379975767,-148.1688041703452,-150.55575805094867,-146.55425053919492,-150.0455986792804,-149.4382604719288,-150.54338111800206,0.40954860488023603,0.10052449698080539,0.05573445156008867,0.1360875141459389,1.0,0.10052313758953806,0.24544861438103052,0.1826739263860017,0.4460372327221601,1.0,1.0,0.055380403302701275,0.5509145030914793,1.0,1.0,0.1745273056794791,0.9999239694589706,0.9999864770149751,0.7110002910959241
623,-73.94776987692762,-140.74799268057362,-73.9477492556957,-140.48902500467716,-73.94774192528834,-73.94776396851546,-139.9436774278729,-141.09255081877498,-140.67879443147496,-140.73382798442773,-141.07697708887937,3.1225968928971474e-15,1.0,3.5542669200553826e-15,1.0,1.0,1.0,1.0,1.0,1.0,0.9999926436171771,1.0,4.668429032318938e-15,4.668380898188183e-15,0.5630219323125496,0.6924228176418203,1.0,0.841744235581286,1.0,3.2324816076235176e-15
624,-139.08457085487976,-139.55231488070933,-139.08456385387043,-139.55663648869626,-139.0844870352784,-139.08434170248663,-138.88109123419292,-139.58546192299892,-139.55007622431606,-139.55194562679574,-139.1223043393266,0.7914631064695533,1.0,0.7897547561981616,0.9978415288629028,1.0,1.0,1.0,1.0,1.0,1.0,1.0,1.0,1.0,0.7031497850209791,0.715701216101309,1.0,0.9835630640499072,1.0,0.7923163029224338
625,-70.12437812188779,-144.4081183838461,-70.12428890351407,-144.48206165371488,-70.12428042774204,-70.12426817853947,-144.47302183555107,-144.482043921313,-144.48204598294637,-144.48206230011152,-144.40809069205753,7.404415044395339e-17,1.0,7.135660475110272e-17,0.9637034704735399,1.0,1.0,1.0,1.0,1.0,1.0,1.0,7.167986010905496e-17,7.167666260010102e-17,0.9954991165906283,0.9954980904140522,0.9999989691838406,0.963712014900037,1.0,7.135367835625638e-17
626,-144.84693985425542,-144.83458625557944,-144.846825753691,-144.959752936871,-144.84687084620475,-144.84679786767234,-143.31276372317652,-144.81998952858262,-144.9293200281233,-144.8340022812065,-144.81907900419037,1.0,1.0,0.9451548133003184,0.9393347747844928,1.0,1.0,0.9938765300198926,1.0,0.9939127965068388,1.0,1.0,1.0,1.0,0.4706630175522579,0.4456247038110682,0.9468020371105331,1.0,0.9999774539972928,0.9596135852083706
627,-119.96338323797255,-148.94257359450066,-120.72040212008895,-149.61023075380444,-120.72713061818803,-120.73756355771502,-147.43600759101935,-148.94254523502144,-149.6089123808745,-149.60224325481664,-149.60912526192482,5.096227054404863e-07,0.6848815050184047,3.6497982534608795e-07,0.7161765389370195,1.0,0.6825812645265861,1.0,0.679029870920977,1.0,0.9914559904822215,1.0,1.082419032619639e-06,1.5804471644924206e-06,0.4708249914781991,0.3374113752760161,0.7166386266299962,1.0,0.9966414036954366,5.350578947906394e-07
628,-101.59928708964918,-140.0699722752667,-101.72851486394359,-140.0699737009684,-101.72850364277093,-101.72842722574688,-140.34271738365612,-140.06999738309128,-140.07000107810518,-140.06997597074673,-140.06999880987644,4.42789031666016e-09,0.9374293470284196,4.4278871602359105e-09,0.9999992871494056,1.0,0.9374346065714521,1.0,0.9374704252371732,1.0,1.0,1.0,3.863411841929807e-09,4.1212832243587455e-09,1.0,1.0,0.9999981524947557,0.9999874461665152,1.0,4.723344453229393e-09
629,-68.86554793807326,-124.92408770242827,-68.86554763739241,-124.9240858528056,-68.86515132042132,-68.86554646584747,-124.69279044949067,-124.92429747904885,-125.20986811763976,-124.9240856322698,-124.93168358293616,6.714949615998833e-13,1.0,6.714955826063202e-13,1.0,1.0,1.0,1.0,1.0,1.0,1.0,1.0,7.538211506952368e-13,7.53821037365453e-13,0.8906947393322227,0.7721790436083817,0.8669401642444916,0.9998951171902969,1.0,5.819694740683277e-13
630,-137.40227564061956,-137.82651311607034,-138.6957379853098,-139.17542500253725,-138.69569969598717,-138.43942455755857,-138.76131974558908,-137.45137339236746,-139.13871888868292,-139.17583970915763,-138.71428580891896,0.8088686486408181,0.523755046565417,0.4120647915476505,0.5094335059716597,1.0,0.523765073774376,0.6475279696579711,0.5953686660722226,0.7360511092532144,1.0,1.0,0.50685918657172,0.9677409122747482,1.0,0.828035234675031,0.430127867526805,1.0,1.0,0.8013082324784873
631,-137.68027101019553,-137.68103713254996,-138.35844720294187,-137.68083304209063,-138.35844631907676,-138.3584448957634,-137.0209285964591,-137.68146808862116,-137.69369402499893,-138.35934111935768,-138.3598493776874,0.9996170121813482,0.712419684734173,0.9997190235337329,1.0,1.0,0.712419999575695,0.712692952294863,0.7124205065743285,0.7126934594877452,1.0,0.7126207362305833,1.0,1.0,0.7187298327254275,0.7143496616846725,0.993905677987311,0.9997845451781251,1.0,1.0
632,-112.04399570139475,-141.43900912104283,-112.10947288327674,-141.4390105885179,-112.04487021564935,-112.04486537569593,-141.69839906151967,-141.43898092153756,-141.43898478487662,-141.43901300719608,-141.43898255880123,4.1395576782805436e-07,0.9677915159945536,4.1395546409328077e-07,0.9999992662627327,1.0,0.9995628384556634,1.0,0.9995652573773792,1.0,1.0,1.0,3.636035613269572e-07,3.757044314996903e-07,1.0,1.0,0.9999980683323355,1.0,1.0,4.141418517983909e-07
633,-149.0017249152999,-149.92986321091502,-149.0009716791959,-149.92985007980204,-149.00171744099848,-149.0017111600261,-149.08686603771548,-149.92985046284628,-149.8368210398182,-149.92985954664843,-149.9298484280668,0.6287200783489875,1.0,0.628724206259729,1.0,1.0,1.0,1.0,1.0,1.0,0.9996303279304681,1.0,0.9583228427179608,0.9579619889920401,0.6560670974532795,0.6873047422511105,1.0,1.0,0.9996271886101619,0.6586573729011538
634,-78.53561644891658,-126.65532432771204,-78.53549581395737,-128.21003497362182,-78.75818822705699,-78.75818812035834,-126.62480659259504,-126.655292035679,-128.21000239669166,-128.21003490976517,-128.21000345017427,3.5558071487170835e-11,1.0,1.634319909923846e-11,0.45961995169324577,1.0,0.8946829322915438,1.0,0.8946829800222756,1.0,0.8946290166273566,1.0,3.6104808073052146e-11,3.61026303877043e-11,0.9848728607300289,0.45266728115452026,0.45962001716544854,1.0,0.8946289688995037,1.8267326576996243e-11
635,-126.4915555320494,-139.14019565849281,-126.85548103057661,-139.998834856584,-126.86862745329049,-126.92788189862176,-139.14019780644736,-140.5219009981973,-140.98250865304698,-140.76285141154744,-141.10327390426926,0.001792184408451949,0.8336323932578932,0.0011666257604193249,0.6509518523414851,1.0,0.8281707213701,1.0,0.8039942325403471,1.0,0.9644469661240994,1.0,0.0017921824836876579,0.002149847460561945,0.5011491107784143,0.39805884880866327,0.7942922380733649,0.5011485725559479,0.9934483449396098,0.0008614094629324055
636,-62.74727114416942,-135.22383995134123,-64.94551599814051,-136.2561427774674,-64.9455967511523,-64.94539448024045,-136.25504753812484,-135.22368636275962,-136.25442485114195,-136.2559238014684,-134.40026093218404,1.8277342487514702e-16,0.33316333059366404,1.090815597751354e-16,0.5968130205452405,1.0,0.333149878894051,1.0,0.33318357386279235,1.0,1.0,1.0,1.0914131134211567e-16,3.27591008132967e-16,1.0,1.0,0.5972800117214411,1.0,0.9999596243092268,3.2770624870649594e-16
637,-78.4078152701299,-136.1393632375902,-78.68407690068369,-136.3932215278531,-78.68408222236025,-78.40790023844784,-136.2175432725999,-136.13945862709954,-136.39293683232586,-136.3932259380326,-136.39322681611614,2.9090664588404596e-13,0.8709847461823073,2.562294330720035e-13,0.8807960790766391,1.0,0.8709824286358394,1.0,0.9999575167434714,1.0,1.0,1.0,2.797544890398182e-13,3.2119332774315004e-13,1.0,0.916038595964748,0.8809634836880946,0.9999523063827066,0.9999973391652632,2.9422626786655456e-13
638,-126.36344378361053,-128.096930173867,-126.36195933446987,-128.0968377513349,-126.36343154802833,-126.36342968459311,-126.23381548581165,-128.09687707635499,-128.03509722319188,-128.0965494820932,-128.09658521131794,0.4203182169713171,1.0,0.42033764085706593,1.0,1.0,1.0,1.0,1.0,1.0,0.999265095113352,1.0,1.0,1.0,0.39395019146714116,0.4063091854491435,1.0,1.0,0.9992641640809016,0.43351328488898544
639,-126.23922395554337,-134.37754064236384,-126.24036984484295,-134.37753876607627,-126.2379826404935,-126.24035863849929,-133.96392593521986,-134.37752949140966,-133.29782243743387,-134.37753636370715,-134.37752885580198,0.017091767854445283,0.9994272194516545,0.01709178388898859,1.0,1.0,1.0,1.0,0.9994328194297842,1.0,1.0,1.0,0.02101852704768079,0.021030572950787575,0.8131808242650844,1.0,1.0,1.0,1.0,0.029307263329649263
640,-129.77559180173756,-129.7787827485068,-130.33210077082106,-130.43409757481626,-130.33266930036172,-130.33280337455648,-129.80633502526973,-129.78925156315086,-130.20083424881668,-130.34201668492298,-130.3428500924853,0.9984057987064158,0.7571041256998385,0.7194610517242246,0.7206098488774746,1.0,0.7568889382559851,0.7580974982683876,0.7568382003192058,0.7580466793159686,0.9996487598315662,1.0,0.9847459284266373,1.0,1.0,0.8209856800427568,0.8140029061045906,0.9947792683162935,0.9997157756290728,1.0
641,-131.09306744120886,-148.42152123777203,-131.0924618721324,-148.4867328798145,-131.09268292709152,-131.093081756259,-148.79824212788958,-148.42152141249866,-148.541371504613,-148.48692724583123,-148.79700041962704,0.0001726529757945761,1.0,0.0001671142714607485,0.9679200181268957,1.0,1.0,1.0,0.9999928425005393,1.0,0.9996901059637687,1.0,0.00014301123800561293,0.00014296794296881558,1.0,1.0,0.9418351251947814,0.9999999126366854,0.9998894786283734,0.00016257936283154822
642,-128.82352172306386,-141.25773063726115,-128.8236329641189,-141.25773165783406,-128.82352458213114,-128.82352234696975,-141.14193643187627,-141.25773705117624,-141.25773931519495,-141.25773278520572,-141.2577380047765,0.001995013509271367,0.9999443810192741,0.0019950124912432544,0.9999994897136754,1.0,0.9999985704673818,1.0,0.9999996880471034,1.0,1.0,1.0,0.002113928203707561,0.0021140457847793185,0.9437440249195851,0.943742956593121,0.9999988679912816,0.9999967930475984,1.0,0.001995007704921145
643,-118.15191505842591,-130.2207609099609,-118.15116076211683,-118.40261293875292,-118.15191336137599,-118.15191366276287,-127.63423555493867,-130.2207323324349,-129.81260293675143,-130.22076072407813,-130.22073230515016,0.0023948781511322114,1.0,0.8821890176909414,1.0,1.0,1.0,1.0,1.0,1.0,0.999623620525515,1.0,0.008728513066077297,0.008725221744179536,0.2743780473366818,0.3364910623391595,1.0,1.0,0.9996237711622467,0.0029370641420722885
644,-117.30430636036206,-135.6862329683846,-117.30456320386259,-135.68623887411135,-117.377361326048,-117.37753319930249,-135.85534089916706,-135.68623113939117,-135.68623881689987,-135.8553546366179,-135.686237029623,0.00010195660218303946,0.9998715864954585,0.00010195630111956674,0.9999970471409766,1.0,0.964131596454945,1.0,0.9640487457973306,1.0,0.9641725585745599,1.0,9.369017132156682e-05,9.370220394995929e-05,1.0,1.0,0.9999961612530154,1.0,0.9642554198726839,0.00010574936493212076
645,-82.36205821166635,-134.53643778118834,-82.36205629628574,-134.53643703159946,-82.36168980389243,-82.36205389182885,-130.4267696317377,-134.1911730721589,-132.1420498873647,-134.53644013185954,-133.0763657310423,4.682496140832347e-12,1.0,4.682497895806186e-12,1.0,1.0,1.0,1.0,1.0,1.0,1.0,1.0,3.654942323447925e-11,3.654938823146783e-11,0.15225451461157136,0.42416186996774274,1.0,1.0,1.0,1.5500016279150413e-11
646,-155.41818163067737,-155.41786532264487,-155.41818103508206,-155.4143264666002,-155.4181806247975,-155.4181812231118,-153.57458951223435,-155.38005708701638,-154.02956930624273,-155.4178643005605,-155.41765024155504,1.0,1.0,1.0,1.0,1.0,1.0,0.9998423613499706,1.0,0.9998420622400235,0.9999999059851392,0.9980744779449451,1.0,1.0,0.40545970261590814,0.7965304688008294,1.0,1.0,1.0,1.0
647,-114.31759086700629,-140.50279480306494,-114.5679514689295,-140.74545794916204,-114.56793962562352,-114.56801549263986,-137.59708556675002,-140.50222442263467,-140.50173569357892,-140.7473328682708,-140.7406717557323,2.0604174129789167e-06,0.8823378018878834,1.8249945794878415e-06,0.8857402233119823,1.0,0.8823430268016317,1.0,0.8823095570700341,1.0,0.9999679886571913,1.0,8.808905585333433e-06,9.983597627218918e-06,0.23396835029020102,0.23402553084182165,1.0,1.0,1.0,2.3364028990128916e-06
648,-130.0149127040151,-130.39177844675578,-130.48214900647628,-130.85631338615707,-130.4260879262771,-130.42296052409296,-130.99377613876268,-130.38595954191013,-131.10113005776174,-130.78038171520896,-130.85632595678763,0.8282561012696052,0.7916640541321209,0.6565868240373507,0.7927340626056256,1.0,0.8141687611964121,0.9829915649862414,0.8154428736833479,0.9845298723829303,1.0,1.0,0.612974638061689,0.7742863085196865,1.0,0.9477382148836879,0.6993630701561055,1.0,1.0,0.7135369433627934
649,-122.8664962666262,-127.3328133383553,-127.30420201754407,-130.9868050191416,-127.3042020148884,-126.25431947769164,-130.9902566425682,-127.33281513190195,-130.3478313632884,-130.98669828869112,-130.98665645572288,0.1071893335390459,0.10873376848548225,0.017246356481855254,0.1608962003255007,1.0,0.10873376862986264,1.0,0.18379916619830663,1.0,1.0,1.0,0.017216618186557404,0.15833736314267552,1.0,1.0,0.22146114650558393,0.9999991032270727,1.0,0.21831535602976224
650,-94.88693461485084,-155.5542087658637,-96.77219425175002,-155.55421167366836,-95.09753941258833,-94.95499328904887,-155.9818645487421,-155.55419192456614,-155.5541974425119,-155.55421426794038,-155.55419474067114,6.702993558650599e-14,0.3896019046671755,6.702983813159734e-14,0.9999985460987286,1.0,0.9000523066301058,1.0,0.9665431486495143,1.0,1.0,1.0,5.412582496018199e-14,1.3892597626395105e-13,1.0,1.0,0.9999972410309229,1.0,1.0,7.447379957318249e-14
651,-119.97135406660175,-122.15160257781417,-119.97135135050598,-122.15159980276164,-119.97134822000072,-119.97135092610611,-121.61291508538253,-122.15160491232515,-121.94844143820157,-122.151594810099,-122.15160177123681,0.3361747195178813,1.0,0.33617518596945883,1.0,1.0,1.0,1.0,1.0,1.0,1.0,1.0,0.44008802758329746,0.4400874299230897,0.7638797377933529,0.8455540581228936,1.0,0.9999988327451907,1.0,0.37211712984257045
652,-127.56156650712512,-130.7787379229863,-128.03368834016646,-130.77873481191727,-128.77491899360635,-127.56156201957535,-130.84356747497176,-130.7786848837509,-130.75753613306827,-130.77845107233756,-130.778680551814,0.2001705135465892,0.7897325647073917,0.20017082491897312,1.0,1.0,0.5451598398223176,1.0,1.0,1.0,1.0,1.0,0.19378606542868118,0.24538188506951333,1.0,1.0,1.0,1.0,0.6903094340858391,0.37109077500827564
653,-102.8350671726767,-134.41521675148135,-102.8350673673736,-134.49532664205782,-102.83506759830982,-102.82664469091972,-134.4952133862959,-134.41521022195448,-134.41537240704878,-134.41521878556517,-134.41521121412572,1.3882179323734627e-07,0.9999999026515572,1.3337118454712647e-07,0.9607366497499354,1.0,0.9999997871834636,1.0,1.0,1.0,1.0,1.0,1.3337873728853502e-07,1.3337875027274872e-07,1.0,1.0,0.9999189107407633,1.0,0.9999998845318951,1.3881101900655024e-07
654,-146.47608138796167,-139.70054983024755,-146.7196476352736,-146.7350035254484,-146.7196898470841,-146.7196656341155,-146.48044967644586,-146.49997152303374,-146.93908024394102,-146.7349577749152,-146.7382444927805,1.0,0.8853403570628577,0.8785687915375495,0.0296816328332027,1.0,0.8853216713503474,0.029909772622711318,0.8853323895481469,0.02991013472709607,0.9999910006195387,1.0,0.9978182392653178,1.0,0.9902865598989835,0.7950778188696936,0.8028765117753365,0.03338292135701028,0.9999788943174663,0.8961072285663254
655,-106.31285363281117,-129.8175796143094,-106.7395744028914,-130.69082171258452,-106.31164486591902,-106.31284869582629,-132.51936534573395,-129.82630510774544,-130.69081918857376,-129.81341375491044,-130.69082148984324,7.870704434189216e-06,0.8078649423088514,5.086177255669788e-06,0.6462162692294925,1.0,1.0,1.0,1.0,1.0,1.0,1.0,2.0385824757615215e-06,2.523419904737194e-06,1.0,1.0,0.6490425250828106,0.9956467562367625,1.0,5.0831105979921965e-06
656,-133.14722458672819,-133.14901537420238,-133.24630215714086,-133.24809688920712,-133.1472279599719,-133.14680396347725,-130.00929306673535,-133.15180701157533,-132.69523724199186,-133.24809436851413,-133.249742487161,0.9991050070082589,0.9516682467713437,0.9508146350702383,0.9516663698016866,1.0,0.999998313379565,1.0,1.0,1.0,1.0,1.0,1.0,1.0,0.20778383958542399,0.2610685956446656,1.0,0.9986051550153374,1.0,1.0
657,-122.12115615384056,-147.52460736028615,-122.12114572030737,-147.49144379402017,-122.11967890311584,-122.12115115506961,-147.52460703731055,-147.52460735280582,-146.48879666399594,-147.49144352730198,-147.49144327009267,3.045865066006665e-06,1.0,3.096792002812847e-06,1.0,1.0,1.0,1.0,1.0,1.0,0.9999972826225701,1.0,3.045865557876767e-06,3.045849668348514e-06,0.999999842252377,1.0,1.0,1.0,1.0,5.108734273390602e-06
658,-139.76960049730866,-139.7772298889355,-139.76963040638643,-139.77722742319892,-139.7696290091525,-139.7696314839302,-139.09668407243385,-139.78127848084293,-139.26510251181838,-139.77721429830615,-139.781275989123,0.9961925708956253,0.9999850455729349,0.9961937990706095,1.0,1.0,0.9999857441796896,1.0,0.9999845068092513,1.0,0.9999994612282593,1.0,1.0,1.0,0.7101371176055902,0.9192389130923353,1.0,0.9979777515515185,1.0,1.0
659,-46.489717298457975,-132.1041905557535,-46.48970305777266,-132.10419561486205,-46.48962409594657,-46.48971198199433,-132.11808899158962,-132.10419404866286,-132.1041989185056,-132.10419786398984,-132.10419863898224,2.5647990647867835e-19,1.0,2.56479257699653e-19,0.9999974704489195,1.0,1.0,1.0,1.0,1.0,0.9999955378991179,1.0,2.5470375031286326e-19,2.547019367413418e-19,1.0,1.0,0.9999975650815941,0.9999982535468392,1.0,2.564668820847425e-19
660,-128.50164023832966,-131.91214796376815,-128.50162835466364,-131.91157945245885,-128.50162534797394,-128.50163751341398,-130.15927397246716,-131.9112289492642,-131.69692829302704,-131.91131688162093,-131.9113731139112,0.1817262467999106,1.0,0.18177791085571365,1.0,1.0,1.0,1.0,1.0,1.0,0.9999954206353129,1.0,0.4365654959038915,0.43656290191232394,0.4164547409780208,0.46355642700269306,1.0,1.0,1.0,0.20237123473842225
661,-119.71865472705497,-153.56029019646837,-119.86616103736282,-153.5775484600398,-119.86607452533252,-119.8659447177842,-153.54413888275934,-153.51655663965585,-153.51615886618652,-153.55988032973258,-154.11161482120045,4.481075162422429e-08,0.9289009599580246,4.44257373017784e-08,0.991407992312323,1.0,0.9289411413810561,1.0,0.9290014351237285,1.0,1.0,1.0,4.517409301327974e-08,4.8631764806574305e-08,1.0,1.0,1.0,1.0,1.0,4.93147717763033e-08
662,-105.99262445626158,-136.86585130252422,-107.64247440171818,-137.40869585320206,-107.64247471237752,-107.64225933885658,-137.40882960163185,-136.53297685104417,-137.39453766162845,-137.40870586836888,-137.40871134224753,1.976805638107989e-07,0.438267873274262,1.5069081252961862e-07,0.7622945302495473,1.0,0.4382678051982618,1.0,0.438315003379687,1.0,1.0,1.0,1.5068073553678811e-07,3.4380967605739664e-07,1.0,1.0,0.6500016320222533,1.0,0.9999998446703394,3.4627538272404353e-07
663,-110.42965332422546,-147.8509476659579,-110.42965602949798,-147.85095012315995,-110.56299102927318,-110.42965574326618,-148.11347399842674,-147.8509203206437,-147.8509250270908,-147.8509523680475,-147.8509227302818,7.482886895174846e-09,0.999998647364654,7.482877701698007e-09,0.9999987713997329,1.0,0.9355049401491788,1.0,0.9999987904803684,1.0,1.0,1.0,6.562394160381173e-09,6.562403036919465e-09,1.0,1.0,0.9999976467792185,1.0,0.9355062055479388,7.998858452315566e-09
664,-138.05889698858408,-138.04528002132793,-138.0588530730254,-138.04540846363898,-138.05888384872475,-138.05888416128008,-137.74890761971926,-138.05986736011124,-137.99386265085124,-138.0592858479572,-138.0598640667654,1.0,1.0,1.0,0.9999357809066083,1.0,1.0,0.9932211669560475,1.0,0.9932210117377752,0.999984455993473,0.9932847995870845,1.0,1.0,0.8560043079544511,0.8847257972786547,1.0,0.9927328648650504,0.9999846122687206,1.0
665,-107.92560913311524,-147.34523244079904,-107.92547603919888,-147.34523347580796,-107.92526995374433,-107.92526864239804,-147.37090012799172,-147.34522468502846,-147.34522597833805,-147.34523374941122,-147.34522567888206,2.755101221935957e-09,1.0,2.755099796159154e-09,0.9999994824956733,1.0,1.0,1.0,1.0,1.0,1.0,1.0,2.7199686092058668e-09,2.7197876095911346e-09,1.0,1.0,0.9999993533454118,1.0,1.0,2.7546429256752015e-09
666,-125.53965609513895,-135.18456865188355,-126.86963201855335,-136.8214986633826,-126.96427171918148,-127.01595954192499,-135.67672714859427,-135.18299523526588,-136.8419801246129,-136.84662638952022,-136.81544223930823,0.00804699717909118,0.5142797187192039,0.003549596712283002,0.4411082337031328,1.0,0.49051088331288895,1.0,0.47799656945299396,1.0,0.9294486094910145,1.0,0.006291627317369407,0.012233862406704456,1.0,0.5584297297419638,0.43627066163477957,1.0,0.9537822812349859,0.007162800789956365
667,-122.46885083490326,-123.32635350765281,-122.4688506431836,-123.32635338339867,-122.46885026262538,-122.46852841549878,-122.24395087928946,-122.52681633030463,-123.20966444773345,-122.4890624511466,-122.52646996969713,0.6513218691030744,1.0,0.6513219095677962,1.0,1.0,1.0,1.0,1.0,1.0,1.0,1.0,1.0,1.0,0.8681135755206087,0.6170181837853286,0.7107574414042563,1.0,1.0,0.6904531950625199
668,-80.69112536719464,-137.22436184762245,-80.69112195904972,-137.22436651972296,-80.69112126339826,-80.69111859266513,-137.46688338908257,-137.22469741133614,-137.22469621791768,-137.22436688906166,-137.2246959519435,5.296191454252341e-13,1.0,5.296179082097392e-13,0.9999976639524705,1.0,1.0,1.0,1.0,1.0,1.0,1.0,4.691381950352898e-13,4.691373955904934e-13,1.0,1.0,1.0,0.9998322322177433,1.0,5.295295218296892e-13
669,-105.99255784838235,-136.70930174428167,-105.99270973889253,-136.70930204162198,-105.99270893190894,-105.99270962174035,-133.97490277334623,-136.7093177092501,-133.54291368000918,-136.7093020717859,-136.7092720353151,2.1376855028209474e-07,0.999924057628677,2.137685185010942e-07,0.9999998513298576,1.0,0.9999244610899126,1.0,0.9999241162003218,1.0,1.0,1.0,8.389015642246496e-07,8.389652772372615e-07,0.2548175530968307,1.0,1.0,0.9999920175476539,1.0,1.0412357031267694e-06
670,-138.52226757092464,-141.75835850437252,-138.52226779937425,-141.7583588015475,-138.52226878554245,-138.52226841023634,-139.44639550431282,-141.75835843503944,-141.64300962493505,-141.75835971724757,-139.09526665613407,0.1982858769289955,0.9999998857752027,0.19828584746619707,0.999999851412522,1.0,0.999999392691279,1.0,0.9999995803442402,1.0,0.9999996945690026,1.0,0.6299820407845399,0.6299821127441189,0.31474847053726873,0.3334350916479699,1.0,1.0,0.99999950691602,0.21005824707577356
671,-150.61256363193598,-150.78331281550314,-152.6777019813193,-152.87663327524024,-152.70985584793976,-152.72467803497125,-151.88152535961066,-150.62571372290495,-152.9023022669648,-152.9035965657932,-152.87656813712115,0.9181682816809251,0.3560909245534511,0.3223766096638192,0.351108414542084,1.0,0.35041184789636987,0.3816422924726366,0.34782451225806255,0.3788243606294994,0.9767856698236416,1.0,0.5302106684152211,1.0,1.0,0.6002623593970166,0.3203650115898121,1.0,0.984051610795184,0.9082612608878256
672,-142.1999870837242,-143.0765865435647,-142.20034156910157,-143.0765868990315,-142.2003424411319,-142.20034212731596,-142.30101014096908,-143.0765865216441,-142.62489369901556,-143.076587784799,-143.07658688526166,0.6451323883963673,0.9998227730178786,0.6451322737348062,0.999999822266618,1.0,0.9998223370800766,1.0,0.9998224939601851,1.0,0.9999997208928412,1.0,0.9507429678524347,0.9509114950269629,0.6785560527725589,0.850490719499231,1.0,1.0,0.9999995639849244,0.8087417542091682
673,-110.68141682550817,-152.4593071068726,-110.68142443563914,-152.45931601416365,-110.71160230631534,-110.83521036662631,-153.22376853407422,-152.43505643490565,-152.4350701871149,-152.4593145092153,-152.43506482127611,8.473179223146649e-10,0.9999961949417498,8.473141486693892e-10,0.9999955463643869,1.0,0.98502058416044,1.0,0.9259854376319001,1.0,0.925988961073836,1.0,5.781568864264496e-10,5.781590863554501e-10,1.0,1.0,0.9999931239190195,1.0,0.9850243322354019,8.706910228630218e-10
674,-138.51014722416858,-150.19077843977084,-138.51132570435064,-150.19048268839947,-138.509305291252,-138.5113254447896,-151.04674434340163,-150.19054591842723,-149.78427163899116,-150.1905727334397,-150.1903838113074,0.002907924717244788,0.9994109334768185,0.002908354760401949,1.0,1.0,1.0,1.0,0.9994110631808946,1.0,1.0,1.0,0.0018954508377958758,0.0018965680425386709,1.0,1.0,1.0,1.0,1.0,0.0035618216203796293
675,-124.890143028079,-139.0080197936889,-124.8899853319044,-139.0079216602547,-124.89014080941487,-124.89014320183179,-139.5069874264199,-139.00797372097477,-138.48324640389438,-139.0079238453377,-139.00790394699143,0.000859690271671723,1.0,0.0008597324548859608,1.0,1.0,1.0,1.0,0.9999999131236061,1.0,0.9999210681515862,1.0,0.0006698731451044978,0.0006698203289705264,1.0,1.0,1.0,1.0,0.9999222642663412,0.0011176211818296298
676,-93.87643938412572,-147.14486360428236,-95.77830912474377,-148.1920816522087,-95.778306502558,-95.77823651982993,-148.1920216122827,-147.14483619093454,-148.18586316257333,-148.19207437568204,-148.1920816524204,2.709621631714063e-12,0.38637963970418043,1.6051223462775195e-12,0.5923787762434367,1.0,0.38638014628411,1.0,0.38639366648900714,1.0,1.0,1.0,1.605170532714248e-12,4.154386949434494e-12,1.0,1.0,0.5942153484639892,1.0,1.0,4.167193492805765e-12
677,-58.060489247287364,-129.4542983901707,-61.0764656395973,-130.86394760805507,-61.07519825919832,-61.0109696736078,-130.86423889873555,-129.45431975123142,-130.8536621325855,-130.86403735347514,-130.86381664874943,3.140735212004018e-16,0.22135485285290613,1.5521364046932163e-16,0.4941952440819878,1.0,0.2214951677071477,1.0,0.22872377798421595,1.0,1.0,1.0,1.5519103597200524e-16,7.010961538536149e-16,1.0,1.0,0.49674861251618685,0.9999893195266708,1.0,7.043671479566718e-16
678,-128.08444844753302,-138.90454598308744,-128.08424633852314,-139.7688450845782,-128.08413408662852,-128.08444879218547,-139.0077227131506,-138.9046898591248,-139.81073354071486,-139.00682870316936,-139.81086928249223,0.004471422144712087,1.0,0.0029024550866841195,0.649112294198517,1.0,1.0,1.0,0.9999998276737905,1.0,0.9998987782921002,1.0,0.004246597806240093,0.004246168690083538,1.0,0.6693116961822138,0.635704249188584,0.9999280645687992,1.0,0.0028418508621876953
679,-120.00118713065535,-142.79791742103814,-120.04650211979205,-142.7969090671123,-120.04892941428142,-120.04663806949401,-143.04632330049847,-142.7973203087474,-142.79709050160443,-143.27551218452064,-142.79804010787757,1.1213802804344531e-05,0.9775972588099792,1.1219457970867772e-05,1.0,1.0,0.9764115202701145,1.0,0.9775308090404771,1.0,0.9999320274592597,1.0,9.904037210392989e-06,1.0130999367212944e-05,1.0,1.0,1.0,1.0,0.9987870889272868,1.1489459091592194e-05
680,-129.59095603399072,-145.75274097204934,-129.81698357269386,-146.1391878300755,-129.81628764429394,-129.81696394124808,-146.1391435381102,-145.7527344861457,-145.89519725932615,-146.13915578140413,-145.69044900230287,0.00030939478690020087,0.8931383620952414,0.00025503343645663895,0.8242977815230711,1.0,0.8934491963473215,1.0,0.893147128936933,1.0,1.0,1.0,0.00025503908448523937,0.0002855538350037223,1.0,1.0,0.9312463892696432,1.0,1.0,0.0003224847184455462
681,-60.622919172992965,-132.6530408974374,-61.65510545547977,-133.1192673031705,-61.65510356680258,-61.655037760539415,-133.11944838464507,-132.65302894896274,-133.11771772696014,-133.11945171385344,-133.11946770773343,2.2848505689399133e-16,0.5968477989392482,1.8097476629353362e-16,0.7920639045445333,1.0,0.596848362565926,1.0,0.596868001069217,1.0,1.0,1.0,1.8095838144652288e-16,3.0319016299990083e-16,1.0,1.0,0.7926730884030642,1.0,1.0,3.0345234917703383e-16
682,-119.10000621559175,-128.11421662049824,-122.88825041005447,-129.17025617872724,-122.88821680851024,-123.68986330301118,-126.24791011829907,-128.1145965256605,-128.1144557344535,-129.17222649405107,-129.16919833904706,0.011030344618579657,0.15045035787203767,0.006505385012745199,0.5897716923356541,1.0,0.15045288557544859,1.0,0.10076859356092055,1.0,0.6697796867098658,1.0,0.028044802694812975,0.1864056895010239,0.39323683946523735,0.393264522584244,1.0,0.9998100654587253,1.0,0.0733055128890442
683,-81.70067647570522,-135.87151372429224,-81.70067167937987,-135.87151448486117,-81.70048107786113,-81.70067166298904,-135.8743519255386,-135.87151740981278,-135.87151819855995,-135.86836885142225,-135.87151816694777,1.7256477575765268e-12,1.0,1.72564710133962e-12,0.9999996197156106,1.0,1.0,1.0,1.0,1.0,1.0,1.0,1.723200626541626e-12,1.7231964940311489e-12,1.0,1.0,0.9999996056264915,0.9999981572414282,1.0,1.725475311762674e-12
684,-93.92813725075513,-122.2502845642488,-93.928137461424,-122.24980838524186,-93.92780362688308,-93.92813817502605,-120.82485698727828,-122.24579802133536,-121.31072150900945,-122.24808767668804,-122.24802778219069,7.078216677092432e-07,0.9999998946655693,7.07990212682252e-07,1.0,1.0,1.0,1.0,0.9999995378646462,1.0,0.9999996431990393,1.0,1.4436154407072045e-06,1.4436155927696313e-06,0.4914129249071809,0.7843246414444354,1.0,1.0,1.0,1.1320743036584593e-06
685,-132.99921931977192,-140.41342189677428,-134.02805405642653,-141.45496335726182,-134.02801422024584,-134.02616117909537,-141.37921013269403,-140.4134194021497,-141.45482374994464,-141.45488251141214,-141.45491368993413,0.024548579485801084,0.5978488188224933,0.014583390734929095,0.5940625095380422,1.0,0.5978607269478724,1.0,0.5984149139056789,1.0,1.0,1.0,0.015146354448256273,0.02533475683382318,1.0,0.9628989466944667,0.5941032376892443,1.0,1.0,0.024394324776844965
686,-82.00126661906194,-132.70405727021114,-82.33043509121194,-132.70406883294038,-82.35626352619138,-82.41523115365996,-134.28991145009144,-131.90640403693214,-133.2670031008257,-133.2129406638781,-133.20176885616888,9.773022565856164e-12,0.8482463009957674,9.772966064612584e-12,0.9999942186520913,1.0,0.8373622942613437,1.0,0.8130340671497494,1.0,0.9584881964063009,1.0,4.422471489835314e-12,5.213664338581513e-12,1.0,1.0,0.5064652671160123,1.0,0.9871688132071464,8.807920104676827e-12
687,-134.60135098908768,-136.18311711678297,-134.60134864959844,-136.1831069249116,-134.60134422425344,-134.60134655259856,-135.60606629823997,-136.18311707448555,-136.182596700551,-136.18311037422205,-136.18311460963974,0.4534441982536094,1.0,0.4534465089819645,1.0,1.0,1.0,1.0,1.0,1.0,1.0,1.0,0.6051023543141765,0.6051016464993663,0.7493677798647838,0.7495627809620773,1.0,1.0,1.0,0.4535606693324671
688,-70.58334619047875,-132.35166046712018,-70.94513135706435,-132.5614481518363,-70.94512738530454,-70.94510795932251,-132.5614008760855,-132.3516420381547,-132.56143190207794,-132.35166590413004,-132.56145558214382,3.865280151368795e-14,0.8345249958085653,3.480375955837587e-14,0.9004201039878293,1.0,0.8345266530766303,1.0,0.8345347588658798,1.0,1.0,1.0,3.48045822550312e-14,4.170585953666878e-14,1.0,0.9999844871240978,0.9004191228874023,1.0,1.0,4.170512973738408e-14
689,-135.29581968120996,-140.70739985452366,-135.29580083627437,-140.70809671143985,-135.29585070284062,-135.29576233808848,-140.25615899136244,-140.70795385347935,-140.7078946186209,-140.70771397578045,-140.70814755334513,0.06681751136195055,1.0,0.06679423429492468,0.9996516322360495,1.0,0.9999844893049613,1.0,1.0,1.0,1.0,1.0,0.08372901933398963,0.08372823040371806,0.7977999269633078,0.7978235560960919,1.0,0.9997230388829658,0.9999750670277029,0.06680202009924376
690,-102.41760320219822,-132.90588679252002,-103.6919180710295,-133.85731172248916,-103.69072856312835,-102.41760799438748,-133.8583345266394,-132.90586188900573,-133.85627044142228,-133.85731207148024,-133.8573118505327,2.396367036713752e-07,0.5287934196690881,1.4892034665584747e-07,0.6214421429367882,1.0,0.5291080151886673,1.0,0.9999976039082412,1.0,1.0,1.0,1.4884420795194525e-07,2.81478933767916e-07,1.0,1.0,0.6217580331180689,1.0,1.0,2.8160204822942904e-07
691,-147.31973859398013,-148.59669399195786,-148.43042052314433,-148.9716644813074,-148.13715454736072,-147.6533700637558,-147.76322229490995,-148.57385385177471,-148.93588557985376,-148.97163148998632,-148.9715707295757,0.5280957331173087,0.5738765562539248,0.4378131999695677,0.8290413508649083,1.0,0.6645082558913475,1.0,0.8463555507701436,1.0,1.0,1.0,0.8011221469528795,1.0,0.6667662272173426,0.5563644897160775,0.8344221212852796,1.0,1.0,0.6707454881682697
692,-111.2071161901049,-140.32174196218202,-113.4162004888345,-144.69221244914957,-113.4162162802489,-113.41621943892412,-138.67995901488945,-140.32171426258213,-144.69200273238374,-144.69203223825951,-142.28142210813834,4.7625477417631017e-07,0.33136256207550374,5.3555457586986655e-08,0.11245127711236427,1.0,0.33135994574406635,1.0,0.33135942241525534,1.0,0.9999905250000825,1.0,1.0823008000938565e-06,3.2662132780324272e-06,0.44004529074914267,0.04948815857427023,0.11246151160945396,1.0,0.9999921043239719,1.6164015689896802e-07
693,-80.28381603483157,-131.3241625640111,-80.28383350912941,-131.32414406616584,-80.28222963091127,-80.28327268731155,-132.1728191630854,-131.32406696835457,-131.32412373469538,-131.32415162973246,-131.32411638889317,8.25523753251247e-12,0.9999912628892516,8.255313884918714e-12,1.0,1.0,1.0,1.0,1.0,1.0,1.0,1.0,5.40065126971981e-12,5.4006984562203494e-12,1.0,1.0,0.9999716172323959,1.0,1.0,8.248852205293538e-12
694,-100.980183058851,-141.38466211602676,-100.98014131385969,-141.384663974696,-100.97872647725973,-100.98017944603913,-141.4015112467592,-141.38465967751108,-141.38466170590735,-141.38466413629672,-141.38466153423903,1.683754814885482e-09,1.0,1.6837532501145719e-09,0.9999990706658137,1.0,1.0,1.0,1.0,1.0,0.9999809340920364,1.0,1.6696294957671714e-09,1.6695946467964757e-09,1.0,1.0,0.9999989858023808,1.0,1.0,1.682529343200322e-09
695,-130.86444429446635,-134.06556443773076,-133.5810463477905,-134.06579736157462,-133.58104209784108,-133.58104550576982,-133.66283553522587,-134.06555801213813,-134.0044463248171,-134.06561384983095,-133.62626966144575,0.20178347314184883,0.25709720740736286,0.20175997441913202,0.9998835448594926,1.0,0.2570977537330083,1.0,0.25709731564796895,1.0,1.0,1.0,0.24679540131260388,0.9599303073003188,0.8176170234894244,0.8429856068965413,1.0,1.0,1.0,0.8092057131344372
696,-118.51989154687908,-124.80744164166524,-122.19319721511854,-126.84276919817393,-122.19319904754036,-122.02741407339198,-125.96299338536988,-124.80745030911788,-126.70929924537589,-126.84276840267808,-126.84276923706884,0.04311971131206265,0.15934990502727842,0.015585117513141752,0.3614383547317919,1.0,0.1593497590292241,1.0,0.17312156156114042,1.0,1.0,1.0,0.02419641204909854,0.1518445338574658,1.0,0.6885599233205278,0.3863836589156544,0.999995666283067,0.9999990837895117,0.10455415638315264
697,-126.95118913010478,-131.40427599801464,-126.95116788511748,-131.4042662980561,-126.95014501575332,-126.95051616820157,-131.3971468685362,-131.40427626546915,-129.6352621571876,-131.40426622538848,-131.40426656164786,0.10790075236376345,1.0,0.1079012756814454,1.0,1.0,1.0,1.0,1.0,1.0,1.0,1.0,0.10828605789625409,0.10828490763440134,0.9964416475283431,1.0,1.0,0.999999866272754,1.0,0.26117657424787494
698,-117.84413765967778,-129.56572072566962,-117.84458177069638,-129.56572171487505,-117.84460312723752,-117.8446062363347,-129.56802352007156,-129.56571295941018,-129.58785832856415,-129.56572208582065,-129.56571394878395,0.0028489877221767597,0.9997779691432023,0.0028489863130600427,0.9999995053974062,1.0,0.9997672933005377,1.0,0.9997657391149102,1.0,0.9999877672556612,1.0,0.002845709293436872,0.0028463412690275733,1.0,0.9901316110385742,0.9889883919599538,1.0,0.9999893217864425,0.0028182825604908973
699,-94.82910338110594,-134.88031546131967,-95.53321782381562,-138.34650952568506,-95.53357923832698,-95.5337773022442,-136.63444690433337,-136.46946797892943,-138.38003365433514,-138.34929711556302,-138.29492471658523,2.009045626930674e-09,0.7032398804862763,3.550710973465997e-10,0.17673620379098134,1.0,0.7031128114188858,1.0,0.7030431842277611,1.0,0.9997202999090734,1.0,8.357665722632756e-10,1.188451615806201e-09,1.0,0.4177828934702197,0.38470332056047263,0.45177262904269455,0.9998193090708926,4.966044867269783e-10
700,-146.35813015688984,-147.15800023009203,-146.35811562745516,-147.15854331302893,-146.3581132843038,-146.35806608102004,-146.19482908448265,-147.15885343925422,-147.13595469719343,-147.1588517365561,-147.15837763004996,0.6703635937186727,1.0,0.6701815869163543,0.9997284953955976,1.0,1.0,1.0,1.0,1.0,1.0,1.0,1.0,1.0,0.6175395417016568,0.6246506120004565,1.0,0.9995734864017023,1.0,0.677788012104389
701,-94.35503441995496,-146.2372216500604,-95.43404644495575,-146.63461681846127,-95.43389286132376,-95.43404263307639,-146.63470071974547,-146.2359422236649,-146.6260965662541,-146.63462293497696,-146.6346226631518,5.419087811768989e-12,0.5830361938399651,4.442556134135264e-12,0.8197977756490796,1.0,0.5830809679672049,1.0,0.5830373050728428,1.0,1.0,1.0,4.44236976996195e-12,7.61937220518646e-12,1.0,1.0,0.8227711612903104,1.0,1.0,7.651634334084193e-12
702,-123.28589145755348,-141.0444195075498,-123.28588538788958,-141.36635371890992,-123.28588815987106,-123.28567720485796,-138.63096391916224,-141.0445391607201,-139.17666781051338,-141.04442029917118,-141.04443020940246,0.00013924660988286902,1.0,0.0001185434342633573,0.8513200742414718,1.0,1.0,1.0,1.0,1.0,1.0,1.0,0.00046543587268860643,0.00046543446017109353,0.29915674242852053,0.761205479049456,1.0,0.9999401752044308,0.9999986140102178,0.0003542917522654107
703,-97.85620983320254,-138.16540658195174,-97.85273360730531,-138.16541216151927,-97.85610199158577,-97.85621357017857,-138.19846449828702,-138.1654047371255,-138.66489351368028,-138.6666204478632,-138.16541032228852,1.7659123386245716e-09,1.0,1.7659074121178744e-09,0.9999972102201274,1.0,1.0,1.0,0.9999981315137324,1.0,0.9982615314534772,1.0,1.736963553163598e-09,1.733947136516379e-09,1.0,0.7919836687094769,0.7789998791256927,1.0,0.9983172253154833,1.3755725932631934e-09
704,-83.86910712475265,-128.59166743867468,-83.92728290538832,-128.59166837258937,-83.86914814340938,-83.86911747151305,-126.37749493651052,-128.59175547785867,-128.59175834789528,-128.59167035472433,-128.59175637129084,1.9436560725606456e-10,0.9713310901166327,1.943655164956378e-10,0.9999995330427633,1.0,0.9999794908819495,1.0,0.9999948266331795,1.0,1.0,1.0,5.880589571003134e-10,6.05415561268303e-10,0.33050606440553126,0.3305055901236192,0.9999985649827245,0.9999559813768516,1.0,1.9436075881166604e-10
705,-124.00300944291808,-135.67374719294045,-124.00300747193455,-135.3897890687399,-124.00300260312142,-124.00299705370344,-132.659873442726,-135.38976416815717,-134.61383476281605,-135.3897881184385,-135.3897635675475,0.0029223450812322564,1.0,0.003368156176740694,1.0,1.0,1.0,1.0,1.0,1.0,1.0,1.0,0.013188210401298734,0.013188197404432368,0.2553946296758974,0.37644600311641374,1.0,1.0,1.0,0.004964632115261087
706,-129.738233512118,-133.80134550693455,-129.73823546836198,-133.80270412725375,-129.73808677033423,-129.7382351011489,-133.92675326228982,-133.80031679154348,-133.34878914439702,-133.80146400152182,-133.802704204252,0.13113132232559033,0.9999990218784897,0.13104227373532357,0.9993209205193119,1.0,1.0,1.0,0.999999205484872,1.0,1.0,1.0,0.12316136472380652,0.12316148519070444,1.0,1.0,1.0,1.0,1.0,0.16441670542233175
707,-136.03631704194555,-140.0905339508813,-136.54207002103507,-140.7093804167514,-136.54002292106946,-136.53890912307276,-142.84974589195252,-140.09397307734932,-140.71024937259298,-140.7066614898332,-140.7128214227572,0.13171583336794468,0.776563789647988,0.09666231263385039,0.7338701062903106,1.0,0.777359048425653,1.0,0.7777920794671681,1.0,1.0,1.0,0.033149938253103244,0.04268797836701855,1.0,1.0,0.7348137982181578,0.9982819143677885,1.0,0.12429304619418963
708,-137.19622802000532,-141.7109071094177,-140.03752409397714,-144.3303223808398,-140.0375204042916,-137.1962330102277,-144.2535610061872,-141.71090696115562,-144.30846941527258,-144.33044739659974,-144.33054896294158,0.10462847417959362,0.24155742801724728,0.02823911570478721,0.2698989536664282,1.0,0.24155787365313322,1.0,0.9999975048919231,1.0,1.0,1.0,0.02934402024200126,0.12147844296432109,1.0,0.9729192368146279,0.27286414990170355,1.0,1.0,0.11818849597888303
709,-168.7705290221669,-168.74232195286382,-168.77052848777146,-168.74197955535794,-168.7705231934843,-168.77052290634572,-163.65679077943082,-168.76969394181782,-168.54130358400607,-168.74239756897083,-168.76969379731815,1.0,1.0,1.0,1.0,1.0,1.0,0.985998327813705,1.0,0.9859984693728001,1.0,0.9858296821129415,1.0,1.0,0.07757953729694522,0.0869644032338157,1.0,0.986407232957412,1.0,1.0
710,-128.77631833113298,-133.92512749053842,-129.34201302217824,-134.6968143972743,-129.34192561308922,-129.34190121483275,-131.99875648906666,-133.92495588239066,-133.90984510355207,-133.926055550153,-134.69663274376748,0.07619917983232966,0.7536348248093534,0.05180606596141001,0.6798769497966413,1.0,0.7536677627958629,1.0,0.7536769569416283,1.0,1.0,1.0,0.19964408376059598,0.26490825156746156,0.3817078717157371,0.38460274550949586,1.0,1.0,1.0,0.10187998814518813
711,-118.06317374668458,-132.62077483389032,-118.06317338708635,-132.6216056155451,-118.0631721822204,-118.0631725400477,-132.76234618487388,-132.6236555909058,-132.62355756028495,-132.62424121131022,-132.61658005778713,0.0006900127076883857,1.0,0.0006897261422612785,0.9995846954354402,1.0,1.0,1.0,1.0,1.0,1.0,1.0,0.0006428583078223955,0.000642858192237051,1.0,1.0,1.0,0.9985606583395078,1.0,0.0006890527779870522
712,-121.82660895984304,-129.06140763401604,-121.82663093611399,-129.0614086524845,-121.8260774919224,-121.82663152344071,-129.04004939958355,-129.06140163573468,-129.06140319868234,-129.06140920050075,-129.06140272174395,0.02685241985629781,0.9999890119248976,0.026852406182130053,0.9999994907659033,1.0,1.0,1.0,0.9999887182648054,1.0,0.999999706336681,1.0,0.027140716633159225,0.027141014860668868,0.9893806694034061,0.9893798962286076,0.9999992185264757,1.0,1.0,0.026845344738391886
713,-136.68962692939738,-143.40157982176717,-137.24311591015055,-143.92529865751703,-137.28856016736495,-137.39355506079986,-143.92538945219366,-143.40157824462358,-143.92504547999226,-143.9250912235606,-143.92529515180075,0.034875299670155374,0.7582482120765572,0.02684070060880124,0.7696192108069609,1.0,0.7412134644554875,1.0,0.7033053943084259,1.0,0.9275397991145095,1.0,0.02683948214009302,0.035396696902970266,1.0,1.0,0.7697160351404929,1.0,0.9775340747927148,0.036216420562003
714,-132.47507797471306,-135.43870391296187,-133.92133167267548,-136.92014533006778,-133.92132054766435,-133.9211087631134,-137.23381913005272,-135.43870390117434,-136.7316768115159,-136.92013634859035,-136.92014737824817,0.22722536216351327,0.4852326322194309,0.10833427666544809,0.4767701793230714,1.0,0.48523533133615404,1.0,0.48528671673013846,1.0,1.0,1.0,0.09260884924734067,0.19085453676879122,1.0,1.0,0.5238832341046576,1.0,1.0,0.24532335263927527
715,-134.73058361503575,-136.96892821179983,-134.7305828594795,-136.96892755769227,-134.73045498251878,-134.73058185996567,-135.65149310412636,-136.96892760129862,-136.82615806676614,-134.79935812875544,-134.9958297938303,0.32654996873330633,1.0,0.3265500755327266,1.0,1.0,1.0,1.0,1.0,1.0,1.0,1.0,0.630996637975094,0.6309963995984142,0.5175147516804798,0.5558079370773379,1.0,1.0,1.0,0.3506903838369517
716,-133.69778002234028,-139.46786774736955,-133.69780949217386,-139.46857987001314,-133.6978041119446,-133.69764764341568,-136.15967846342176,-139.46741082433473,-139.4673639009111,-139.46877218138957,-139.46877422904706,0.05585233965869041,0.9999852651917694,0.05583245634085646,0.9996440020605138,1.0,0.9999879552703764,1.0,1.0,1.0,1.0,1.0,0.29201525920124083,0.2920195620534873,0.1913088424881544,0.19131333097373907,1.0,1.0,1.0,0.0558670848368809
717,-131.63695350908668,-136.3261995603938,-132.12931703392965,-136.5852950716383,-132.12929643719374,-132.12925300086636,-136.52098076723203,-136.3261990811281,-135.90204300016524,-136.58528152301778,-136.92471471330353,0.09588334087814218,0.7817801137640867,0.08423280872810601,0.8784926344520808,1.0,0.781788164864814,1.0,0.7818051440525303,1.0,1.0,1.0,0.08698551842457262,0.11126596455077103,1.0,1.0,1.0,1.0,1.0,0.1516206984949705
718,-88.73688748540147,-129.20344740122778,-88.73685296531136,-129.20345205584275,-88.73721299272867,-88.73721847129349,-129.2722068677203,-129.20344661616798,-129.20345190776806,-129.2034526948603,-129.20345126002854,1.6322931702350672e-09,1.0,1.632289371391376e-09,0.9999976726952237,1.0,0.9998372595800569,1.0,0.999834520747192,1.0,0.999817263707245,1.0,1.5771290635012622e-09,1.5771018424174868e-09,1.0,1.0,0.9999973542034624,1.0,0.9998200024928379,1.6325551749565003e-09
719,-134.35595745091848,-137.11819198603104,-134.35523002305447,-137.11818858892744,-134.3559498149688,-134.35554326661008,-137.0446383877389,-134.47795070606406,-136.71916747070554,-137.1181885729186,-137.1181882709712,0.25129762946719825,1.0,0.2512980563096014,1.0,1.0,1.0,1.0,1.0,1.0,0.9998433904867455,1.0,0.2607115987051945,0.2606167915069052,1.0,1.0,0.3260813521349478,1.0,0.999640168797621,0.3067847774588813
720,-130.51431973899838,-150.1480901531245,-130.61202610430803,-150.14129659817394,-130.61211879529858,-130.61210806140096,-150.28368891793065,-150.14808656025383,-150.28353379116902,-150.14810049668557,-150.283718877227,5.4523148297750056e-05,0.9523209366668868,5.4708666202913485e-05,1.0,1.0,0.952276801904145,1.0,0.9522819127387109,1.0,0.9999590222931437,1.0,5.094904259885371e-05,5.349986610309628e-05,1.0,1.0,0.9345187244173163,1.0,0.9999536555786579,5.3506495622095765e-05
721,-132.7510487803828,-138.0697768162382,-132.75104740595833,-138.06977622938723,-132.75096169008137,-132.75104454012978,-137.59142650639836,-138.06976695684722,-137.59998723199044,-138.06977219672063,-138.0697650197714,0.06999272170876399,1.0,0.06999274224641541,1.0,1.0,1.0,1.0,1.0,1.0,1.0,1.0,0.08890482504103948,0.0889047639445769,0.7872808559052851,0.9957287849003208,1.0,1.0,1.0,0.08852123865528361
722,-116.08799504233471,-136.39003086909733,-117.01387453450661,-137.41969794377107,-117.08054625901914,-117.3994835356718,-137.9908403166433,-136.3885007676577,-137.51894335752763,-137.5228171162173,-137.41602869423,3.903632584670912e-05,0.6294305570202838,2.3328110841385516e-05,0.5976000644372156,1.0,0.6087938292907533,1.0,0.5190556133870673,1.0,0.8246431756415986,1.0,1.753305437556274e-05,2.785542293746272e-05,1.0,1.0,0.5682343854515064,1.0,0.9672136544701219,3.646350905954613e-05
723,-110.1873386724244,-136.67785893063893,-110.93675664325067,-137.3393621064235,-110.90314414212105,-110.85203923590484,-136.57802958387092,-136.34792129179058,-137.48978013095885,-137.01052286118752,-137.3342428039205,1.7687099319830339e-06,0.6874893191024081,1.270612211940684e-06,0.718383602061931,1.0,0.6991410737621,1.0,0.7172360441581478,1.0,1.0,1.0,1.8592349803693646e-06,2.704383804532114e-06,1.0,0.6338928953824624,0.5650000724621383,1.0,1.0,1.6857196481975308e-06
724,-121.72460499627752,-122.23921945566303,-122.01882534131076,-122.83949531834455,-122.00404079020493,-121.83351359210877,-121.50898321993367,-122.24085089640855,-122.40381419437378,-122.81279086708008,-122.84548618638229,0.7731306485821542,0.8631988713853769,0.5726702768102498,0.7407160456780117,1.0,0.8696035185925822,1.0,0.9470017878244573,1.0,1.0,1.0,1.0,1.0,0.6935486860953207,0.6392782411487179,0.9217496247420703,0.999184612236662,1.0,0.8188235188207043
725,-128.73194672798013,-136.45468497794343,-128.73191646408463,-136.45342748656495,-128.72955420354225,-128.73194181779482,-136.08371784806417,-136.45505927976265,-136.453800203301,-136.45502055506412,-136.45399383759278,0.021039174535588973,1.0,0.021052406985370357,1.0,1.0,1.0,1.0,1.0,1.0,0.9999873232252582,1.0,0.02532696703888381,0.025326583795441577,0.830547035934969,0.8310700616616603,1.0,0.9998128666020285,1.0,0.021023319607104924
726,-127.09246562854466,-147.24992874332426,-127.09203943762876,-147.2499296966352,-127.09227676650397,-127.09246449322498,-147.255106603437,-147.2499284582726,-147.24992950243222,-147.2499297876738,-147.24992938848143,4.19626107084804e-05,1.0,4.196259070677714e-05,0.9999995233446412,1.0,1.0,1.0,1.0,1.0,0.9997874947843205,1.0,4.185411295152627e-05,4.184519498038302e-05,1.0,1.0,0.9999994779203205,1.0,0.9998813426027382,4.195863239785489e-05
727,-111.6795091568749,-139.73051397681698,-111.98364413355125,-140.25242005203407,-111.98363471930918,-111.67976416000923,-140.25238968494213,-139.7305022330027,-139.73050846504202,-140.2524188250237,-140.2524200447979,8.105908506320472e-07,0.8589303110057063,6.244119890481323e-07,0.7703170946985843,1.0,0.8589343541041574,1.0,0.9998725065608156,1.0,1.0,1.0,6.24421469908248e-07,7.269757067684852e-07,1.0,1.0,0.9999968839851991,1.0,1.0,9.437194829373488e-07
728,-131.8444507943414,-143.9040305550164,-135.5095193343379,-144.61353909750534,-135.50950621789923,-134.57647045944836,-144.1593449419136,-143.9040321192043,-144.66467000207538,-144.6135374984346,-144.66293692550425,0.0024059994733077977,0.16000755117819268,0.00168743753604122,0.7013457628572595,1.0,0.16000860054625035,1.0,0.2551229144378438,1.0,1.0,1.0,0.0021176525875755453,0.01323470406229278,1.0,0.7767299605963665,0.6836433322515244,0.9999992179063572,1.0,0.010279723747905081
729,-130.2458463219704,-131.0461509575117,-130.50003201818197,-131.3097491709442,-130.50001544631675,-130.24604857901477,-131.68895180085403,-131.04615113442145,-131.66280141269826,-131.30974622008034,-131.3097620512912,0.6702179521561507,0.8806519019401354,0.5874574715195584,0.876517063784483,1.0,0.8806591989926779,1.0,0.9998988765911274,1.0,1.0,1.0,0.4859970430099504,0.5518605500530531,1.0,1.0,0.7346764071175169,0.9999999115451356,1.0,0.5591189805141075
730,-128.81359965835836,-129.34768987444227,-128.8135946375658,-128.83317934473422,-128.81337542893056,-128.81359462084893,-131.12895255647246,-129.3476392959679,-129.3007771126162,-129.34737184345548,-129.347541369049,0.7656385342313015,1.0,0.9902579213307632,1.0,1.0,1.0,1.0,1.0,1.0,1.0,1.0,0.31421542888814835,0.3142146400838974,1.0,1.0,1.0,1.0,1.0,0.7837220560425446
731,-97.853380608852,-129.94105321277405,-97.85337558836841,-129.9408080857475,-97.85336736262798,-97.85337099757606,-131.37215909961685,-129.94070719355483,-129.94068138298644,-129.9409736751568,-129.9406602645512,1.0770861104786761e-07,1.0,1.0772181300266991e-07,1.0,1.0,1.0,1.0,1.0,1.0,1.0,1.0,5.2661076249528047e-08,5.266094405765912e-08,1.0,1.0,1.0,1.0,1.0,1.0772792404793596e-07
732,-142.93174873475516,-142.91866645434243,-145.95746770424364,-145.95714113153397,-145.957466561993,-145.91926625695032,-145.87069648440368,-142.9307366058955,-145.8826415519807,-145.95714007658327,-145.95714016729858,1.0,0.22027919153943537,0.22031516306241708,0.2188787536903612,1.0,0.2202793173464965,0.21884314168110702,0.2245271236410345,0.22306325315570005,1.0,1.0,0.23004648660117885,1.0,1.0,0.9940452663365059,0.22856092521664337,0.9939830987134216,1.0,1.0
733,-139.36923450927998,-140.6219966907882,-143.8167545020907,-143.82055670722417,-143.81627587569545,-142.76663236804646,-144.01871986993086,-139.49658686805827,-144.39057084709017,-144.80973538568352,-144.809711083994,0.5345226941560535,0.10820150573946435,0.10799599898578208,0.20204193417137264,1.0,0.10822740288643164,0.20247485105811938,0.18292136290706731,0.3422143997007984,1.0,1.0,0.09780860889291601,0.9039486855980254,1.0,0.8303354621516457,0.08655354930166954,1.0,1.0,0.7504010472535391
734,-147.33085439698112,-151.11210706214266,-148.79355058766782,-152.82671117868347,-147.33085374229148,-147.32532633957817,-147.52223307487415,-151.11210902813548,-151.05165793000955,-151.11210675497128,-151.17519695504893,0.15097721726644478,0.4812597685293474,0.06406043201889075,0.42430529041899645,1.0,1.0,1.0,1.0,1.0,1.0,1.0,0.9087462842995953,1.0,0.1661377564507112,0.1712360221645805,1.0,0.9999990170040718,1.0,0.155610047942154
735,-134.7711484112225,-138.31687451135627,-136.37483823595784,-139.73628163906028,-136.3748345398822,-136.37462586464366,-139.69591952360025,-138.25763310168858,-139.37017059546858,-139.73649472144203,-139.73651480781734,0.16984601439908778,0.4485007557749907,0.08352856465748963,0.4917899601766471,1.0,0.4485015846221181,1.0,0.44854838265104824,1.0,1.0,1.0,0.08523138399805595,0.19003621042015792,1.0,1.0,0.5733443706524823,1.0,1.0,0.2236511006537085
736,-148.76627988800215,-151.84881309538133,-148.76616785706142,-151.84880570113577,-148.76625407172378,-148.76622495899045,-151.80298044754687,-151.8488131626873,-150.93371795655673,-151.84880531682353,-151.848805769892,0.2141097374245337,1.0,0.21411052901598437,1.0,1.0,1.0,1.0,1.0,1.0,0.9999714494430596,1.0,0.21907299816047737,0.21906072702713142,0.9773442278005491,1.0,1.0,0.9999999663470197,0.9999568935979275,0.3383305365996425
737,-136.81758202723944,-136.80291410242396,-136.9484335690904,-136.9485772428104,-136.94876032725855,-136.94854780364642,-132.65075449215402,-136.7846971848538,-136.9135614922181,-136.9485438792752,-136.8174022102517,1.0,0.9366685722204325,0.9366012873081524,0.9297574157004574,1.0,0.9365155526674622,0.9296723075343207,0.9366150737890522,0.9297711014416865,0.9999428843531565,1.0,1.0,1.0,0.12656853405296573,0.118670622695527,0.9375997247931015,1.0,0.9998366342615643,1.0
738,-142.42914678755625,-142.47604673026336,-142.43166237148395,-142.43857542039822,-142.42918960605815,-142.43167863324868,-142.24231674982678,-142.43920632644873,-142.42508724179072,-142.43900391406297,-142.43796263027045,0.9768228425710646,0.9987429987249185,0.9952967785267927,1.0,1.0,0.9999785909782283,1.0,0.9987348780960981,1.0,0.9999918691506917,1.0,1.0,1.0,0.9062457265902684,0.9126660422384949,1.0,1.0,1.0,1.0
739,-122.52930008609525,-136.04063959962642,-122.52925390501323,-136.04064231539218,-122.52929706094176,-122.52929568776725,-136.07916961737777,-136.04064246913882,-136.04064621415412,-136.04064335753878,-136.04064517478287,0.0011642598022534381,1.0,0.001164258221326058,0.999998642118042,1.0,1.0,1.0,1.0,1.0,0.9999791088412181,1.0,0.0011420449980927626,0.0011420186279603541,1.0,1.0,0.9999981274941002,0.9999985652448292,0.999978422268541,0.0011642541907203002
740,-134.02694137852322,-134.02690873466145,-134.2297445357524,-134.2298933364697,-134.22992070376813,-134.22991176325496,-133.0592030616973,-134.02685755782733,-134.01928185368666,-134.22988965726137,-134.22988050403632,1.0,0.9035701055876385,0.9035028821484667,0.9034881353572175,1.0,0.9034905190165496,0.9034757724270889,0.9034945578600186,0.9034798112046367,0.999916389744246,0.999990786649813,1.0,1.0,0.6164196804073969,0.6187590146991124,1.0,1.0,0.9999119198714116,1.0
741,-88.37889965352059,-142.60075679876053,-88.38203689283924,-142.60071117264891,-88.38198890201772,-88.38204193698039,-142.60948563528214,-142.6006903734465,-142.60067852607267,-142.60075322599675,-142.60061561381366,1.6821833173055965e-12,0.9984326099814639,1.682221693485232e-12,1.0,1.0,0.9984565680694946,1.0,0.9984300918671338,1.0,0.9999974779326067,1.0,1.6748575636724891e-12,1.6774868398014184e-12,1.0,1.0,1.0,1.0,1.0,1.684849603775299e-12
742,-101.69664098192624,-146.4109693025088,-102.36867340443786,-146.86937805221604,-102.36846591005056,-102.36821803662423,-146.32128110193952,-146.41336088441977,-146.41104871083482,-146.8696177201143,-146.87325657182024,1.9516726412497606e-10,0.7146115209719839,1.551903737135071e-10,0.7951660049614161,1.0,0.71468566375782,1.0,0.7147742450390562,1.0,1.0,1.0,2.0411857110910003e-10,2.8563571271768337e-10,0.9550038651423435,0.9561085709424517,1.0,0.9988049237176174,1.0,2.7307042133710533e-10
743,-145.60465504656318,-151.0945929263416,-145.6076141715527,-151.09459663440427,-145.6076093317838,-145.60761436025126,-151.50371317117356,-151.09445344181933,-150.8429576151418,-151.09459395691974,-151.0945348857309,0.0642502965348403,0.9985215315182027,0.06425017741288741,0.9999981459703796,1.0,0.9985239478278563,1.0,0.9985214373084245,1.0,0.9999999056507294,1.0,0.05236436049382058,0.05244189418149366,1.0,1.0,1.0,1.0,1.0,0.0729723890422912
744,-81.53257273369405,-126.39443403725443,-81.53255262497825,-126.39445523156115,-81.53256451232329,-81.53256006789064,-126.6562897835887,-126.39445107595122,-126.39445456095234,-126.39445895416429,-126.39446162176947,1.81288641255901e-10,1.0,1.812867201225459e-10,0.9999894029027868,1.0,1.0,1.0,1.0,1.0,0.9999962785507289,1.0,1.5904108912125235e-10,1.5903949007326e-10,1.0,1.0,0.99999825750096,0.9999914806878912,0.999994056345144,1.8128603569740344e-10
745,-135.64485298585544,-141.60772611558073,-137.91059955700672,-144.0268783287031,-137.91214401028847,-137.90781523960618,-144.02364706096205,-141.60792303451245,-144.19709534524205,-144.02742041449758,-144.02321947384482,0.05071991905046372,0.3221064217940509,0.015130954426841302,0.2983237100947812,1.0,0.32185777865073006,1.0,0.3225551573346331,1.0,1.0,1.0,0.015155420267905602,0.047050972108825924,1.0,0.9169300030967171,0.27401123895131363,0.9999015453811138,0.9992280714493801,0.04317577661611446
746,-74.5900467305757,-147.5811989687965,-74.59000450459172,-147.58119977795732,-74.5900370154178,-74.59004251141576,-147.58155639896418,-147.58118620587524,-147.58118602981676,-147.58119979984036,-147.58118624868862,1.4130992880631016e-16,1.0,1.4130987163509354e-16,0.9999995954196771,1.0,1.0,1.0,1.0,1.0,0.9999809967685428,1.0,1.412846768470565e-16,1.412816939362962e-16,1.0,1.0,1.0,1.0,0.9999837447190745,1.4131015658551227e-16
747,-116.5930152665332,-124.35592593390024,-116.63143326273763,-124.42149664663273,-116.62876322916884,-116.62461474271214,-124.15528388339465,-124.12298434699989,-124.42270842570042,-124.13376378051566,-124.13358598122744,0.020620793198811944,0.9809743190457306,0.019955695452482387,0.9677462578710176,1.0,0.9822848107963214,1.0,0.9843244230080525,1.0,1.0,1.0,0.022796818130719848,0.023238955075700726,1.0,0.8748417456005234,0.86082672844808,1.0,1.0,0.020303284697488783
748,-55.95617027507811,-124.55232858908636,-58.02393813860951,-125.15215050929655,-58.02399464667727,-58.023950293612074,-125.15210624616313,-124.55235470373697,-125.1508466452853,-125.1521504210501,-125.1521505090848,1.2721358224924941e-15,0.35562305912347975,9.425053133223803e-16,0.74088418599496,1.0,0.35561301147946317,1.0,0.3556208978304494,1.0,0.9999939225171853,1.0,9.425261726724216e-16,2.6503516813434607e-15,1.0,1.0,0.741377029923916,0.9999869427599419,0.9999717463652628,2.6520963310961776e-15
749,-126.82939796958448,-151.0668477008363,-126.82968217587882,-151.06680364250866,-126.82939632142205,-126.82939698044339,-151.3097945713448,-151.0678228552252,-151.06739240560168,-151.06680592030403,-151.0668767815004,5.456380688206044e-06,0.9998579069490047,5.456500889034033e-06,1.0,1.0,1.0,1.0,1.0,1.0,1.0,1.0,4.83225028693603e-06,4.832937013701577e-06,1.0,1.0,1.0,0.9995125416519955,1.0,5.45489033699763e-06
750,-115.78138788440316,-125.886731172185,-115.78138524351562,-125.88611606910828,-115.7813837963462,-115.78138643728443,-125.17171857773448,-125.88538439708014,-125.8868686562169,-125.88671295562875,-125.88665463549583,0.006392232843242176,1.0,0.006394199086631736,1.0,1.0,1.0,1.0,1.0,1.0,0.9999994031157732,1.0,0.00913935608089615,0.009139344012898298,0.6998894327192811,0.6993702167632503,0.9992581457416588,1.0,1.0,0.006391780378378403
751,-134.90286993601228,-142.28260983167218,-134.90363208171803,-142.7664189609649,-135.26076269321385,-134.90360050981275,-138.40979724950023,-142.28769723111606,-142.7637337346867,-142.76609062747679,-142.76640633271592,0.024975249916524275,0.9996189997461626,0.019608845520679978,0.7851311032409832,1.0,0.8361507337672838,1.0,0.9996347798089031,1.0,1.0,1.0,0.1731730913327284,0.17323909547207783,0.1438549194918319,0.11338476517726112,0.7881883051187493,0.9974595327408118,0.8364694288319959,0.02348283569317137
752,-81.34416717001758,-129.7374387765555,-82.07100417759665,-130.3074129390415,-82.07092252105201,-82.07097817253387,-130.30739834007758,-129.79220817803903,-130.306677769639,-130.3074112199684,-130.30741293550508,3.101234381033049e-11,0.6952953888466216,2.3322025894861072e-11,0.7520239694715465,1.0,0.6953237771356175,1.0,0.6953044295055154,1.0,1.0,1.0,2.3322196134189822e-11,3.354286035590924e-11,1.0,1.0,0.7731866514728787,0.9729868607496172,1.0,3.355357756742386e-11
753,-100.14896364151704,-138.61499376464508,-100.22650617573117,-138.66583471542896,-100.14896644000882,-100.14896553552333,-138.33564910780504,-138.61498662960236,-138.61498877045167,-138.61499591900056,-138.6149872981487,4.438208372861497e-09,0.9619707183290603,4.326808918480552e-09,0.9748999044159066,1.0,0.9999986007550901,1.0,0.9999990529973041,1.0,1.0,1.0,5.103482265067184e-09,5.305236602140989e-09,0.8696462485374167,0.8696453176471257,0.9999989295759137,1.0,1.0,4.438225665675502e-09
754,-127.15823667417538,-141.61428051836145,-127.86338347221317,-142.17033290688778,-127.86343034898738,-127.85670366628955,-142.1453283636817,-141.6142956829842,-142.17048916710934,-142.1704965049223,-142.17045607378844,0.000725955440247247,0.7028769774367796,0.0005497493469926079,0.7572769849419041,1.0,0.7028605033271604,1.0,0.7052284429830082,1.0,1.0,1.0,0.0005566656070350985,0.0007919815627837497,1.0,0.9874984007381727,0.7572235626015087,0.9999924177173767,0.9999765618875737,0.0007820988575840238
755,-86.75664651922358,-149.44641847028097,-86.84578258294061,-149.44637576082073,-86.75864909713127,-86.75915225414965,-149.87654728875953,-149.44639974978716,-149.44633758729324,-149.44633965089926,-149.4463405395215,2.4383103657654025e-14,0.9564105314943137,2.4383624357811924e-14,1.0,1.0,0.99899921216867,1.0,0.998747917047739,1.0,1.0,1.0,1.9664716909789727e-14,2.0560958147402615e-14,1.0,1.0,1.0,1.0,1.0,2.440851751403959e-14
756,-95.02797834854431,-136.00385588627617,-95.02796695190412,-136.00385734537508,-95.02796671543672,-95.02797438303392,-136.0132587246831,-135.83569968658517,-135.8357019756752,-136.00385947760208,-135.83569924503163,1.265322547679119e-09,1.0,1.2653216245640804e-09,0.9999992704508106,1.0,1.0,1.0,1.0,1.0,0.9999962844420016,1.0,1.2593876979946793e-09,1.259380521620895e-09,1.0,1.0,0.9999988554556452,1.0,1.0,1.3762992675661258e-09
757,-122.61099544673584,-124.98013838944675,-123.5566194081614,-126.02007613285343,-123.55658180527902,-123.55653925858974,-124.11928516755688,-124.98007787701266,-125.69556915268251,-126.02003624894505,-126.02007605282222,0.3058772285717227,0.6232472426643927,0.1818559583201791,0.5945390546702211,1.0,0.6232589607209278,1.0,0.6232722196646316,1.0,1.0,1.0,0.47041271131452067,0.7547770437033917,0.650251313457874,0.45468882615232264,0.6992509153644011,1.0,1.0,0.3431822356269394
758,-143.90075416117978,-144.72151765986862,-143.90065185261338,-144.72259723991488,-143.90070256095754,-143.9006626324792,-141.28290516205982,-144.7234986451084,-144.58408603881853,-144.72332468422647,-144.72335100577232,0.6633969504399757,1.0,0.6630389520154376,0.9994603556372988,1.0,1.0,1.0,1.0,1.0,0.9999946100816168,1.0,1.0,1.0,0.17901301943291525,0.19193654845334315,1.0,0.9990099977560057,0.9999746461493334,0.7105672111603306
759,-113.43545392333922,-143.04482123441846,-113.77584161527358,-143.04482987638463,-113.70576057015663,-113.49499051013555,-142.4091871753424,-143.040218466076,-143.0402281290079,-143.04483091693578,-143.04022739953467,3.7188407575987435e-07,0.8435012914238973,3.7188246885854696e-07,0.9999956790262547,1.0,0.8735819608553793,1.0,0.9706704182379817,1.0,1.0,1.0,5.110151364228873e-07,6.058261458737711e-07,0.7294126590224572,0.7294091348985496,0.9999951685457278,1.0,1.0,4.266790356033799e-07
760,-34.20281837242027,-132.76118001961834,-34.202670982680445,-132.76117831845426,-34.202181189412926,-34.202813806346114,-132.7427644216937,-132.76117035998686,-132.76116846203882,-132.76117812688494,-132.76116712737004,3.9657350490061153e-22,1.0,3.965738422190555e-22,1.0,1.0,1.0,1.0,1.0,1.0,0.9999285907169296,1.0,4.0024193718247025e-22,4.0021244249179523e-22,0.9908392485652763,0.9908401888464267,1.0,1.0,1.0,3.964494710669671e-22
761,-119.8532960606255,-145.5308239539732,-119.85333396069251,-145.53082486672707,-119.8532716682227,-119.85186362492044,-145.5309929842519,-145.53082352497344,-145.5308248743119,-145.53082486839952,-145.49143328230647,2.6558018158144577e-06,0.9999810501460439,2.6558006037680355e-06,0.9999995436231661,1.0,1.0,1.0,1.0,1.0,1.0,1.0,2.6555773698385846e-06,2.655627693595543e-06,1.0,1.0,0.999999325331004,1.0,1.0,2.6557682032147656e-06
762,-113.30626306791748,-136.24197535051675,-113.30236977994377,-136.24197700151757,-113.30626444223012,-113.30626378041836,-136.38162322258916,-136.24196121558256,-136.2419647628841,-136.2419785398183,-136.24196321256346,1.0461003769130526e-05,1.0,1.0460995133571214e-05,0.9999991744999331,1.0,0.9999993128439203,1.0,0.9999996437496246,1.0,0.9980548939381485,1.0,9.755492703870357e-06,9.736520704514858e-06,1.0,1.0,0.9999982263508072,1.0,0.9980545636759732,1.0461066336295024e-05
763,-100.0926728348972,-151.6321658817606,-100.09265238139224,-151.63216561193852,-100.09265714250012,-100.0926598912531,-152.0804771738657,-151.63212361785207,-151.63212331320943,-151.63216558608272,-151.63212335161256,6.431929638293828e-12,1.0,6.4319305060322675e-12,1.0,1.0,1.0,1.0,1.0,1.0,0.9999962450766173,1.0,5.1403385674130456e-12,5.140285998711673e-12,1.0,1.0,1.0,1.0,0.9999976194488964,6.432016071640633e-12
764,-135.4782481358826,-135.7434061108301,-137.536792354763,-137.86358199669837,-137.31888867990338,-137.1460528624544,-136.16438034218163,-135.7433468199327,-137.62137236946492,-137.62153377663972,-137.86347897021747,0.8758337514785047,0.3572669171640268,0.3034110080552846,0.3464253433292484,1.0,0.39839142702674524,0.4548710601232441,0.434350979456144,0.4959285694607124,1.0,1.0,0.7095913037898043,1.0,1.0,0.4826343199436456,0.3910136634329153,1.0,1.0,0.8596397741247725
765,-130.54335389844047,-130.55281881963924,-130.98503343215745,-130.99457683604564,-130.98502103660638,-130.5432639118104,-131.0711422086924,-130.5618231883983,-131.24670660423965,-130.994564141861,-130.9967433324963,0.9952787198483146,0.8018451521649308,0.7980281002530769,0.8018136873002775,1.0,0.8018501218365971,0.8056538393172951,1.0,1.0,1.0,1.0,0.7680548300212796,0.9578592923428925,1.0,0.9159603532035295,0.7100345075670798,0.9955079352600372,1.0,0.8773556980631481
766,-84.11577884958564,-158.10019279548584,-84.11577033762444,-157.14557768469973,-84.11576303691592,-84.11577072921557,-158.42439313340788,-158.4760597380738,-158.47699841817357,-158.10024271567391,-158.4769992207804,8.599805682522547e-17,1.0,1.3860556761560792e-16,1.0,1.0,1.0,1.0,1.0,1.0,0.9999998042044546,1.0,7.312896541518498e-17,7.312865418038883e-17,0.9744975225333253,0.9740402591318901,0.9995307700729228,0.8286698357307407,1.0,7.122999325264884e-17
767,-112.2801323336733,-148.26117897649348,-114.37112798050333,-148.2611814322009,-114.37112694375548,-114.37100469012825,-148.33461549378092,-148.26117289029082,-148.26117617118513,-148.26118225799217,-148.26117535131732,1.5374995415848124e-08,0.35151678252784596,1.537497653761444e-08,0.9999987721470383,1.0,0.35151696474502697,1.0,0.3515384525137479,1.0,1.0,1.0,1.4820691176822537e-08,4.216211547637415e-08,1.0,1.0,0.9999983595541931,1.0,1.0,4.373904682756085e-08
768,-128.18537436322043,-129.28888164305593,-128.6210743232831,-129.7582861668655,-128.5938240330225,-128.5865919208545,-125.84038655879888,-129.28889569595415,-129.50337700275264,-129.73155616443233,-129.75830668260875,0.5759389347774287,0.8042460855893963,0.4554561194530926,0.7908062677323653,1.0,0.81527904739533,1.0,0.8182324788234534,1.0,1.0,1.0,1.0,1.0,0.17830591707914328,0.16017389311131114,0.8983094657493388,0.999992973575574,1.0,0.6345897925207726
769,-83.27118108716093,-138.55230561535524,-83.2711788283589,-138.55230382101087,-83.27117552184154,-83.27117585083113,-137.68868484103288,-138.5510435764262,-136.4257861171964,-137.91888650054773,-138.5510403272765,9.90504224169519e-13,1.0,9.905051128227567e-13,1.0,1.0,1.0,1.0,1.0,1.0,1.0,1.0,1.5254191717207441e-12,1.5254174489117558e-12,0.6497423575320276,1.0,1.0,1.0,1.0,2.8682893829319025e-12
770,-125.62661318175267,-147.70294469471168,-125.63659742021935,-147.82751430377215,-125.62659768670378,-125.62657302174972,-147.8223069074033,-147.70294416891463,-147.83258678766586,-147.7029467135966,-147.82750116283265,1.6076278517469985e-05,0.9950203206847573,1.5105516329685264e-05,0.9396152420020727,1.0,1.0,1.0,1.0,1.0,1.0,1.0,1.5144897781587114e-05,1.5220691946436458e-05,1.0,0.9948732467580423,0.9372349235088555,1.0,1.0,1.5067136894322565e-05
771,-82.03999803422175,-132.6123584949047,-82.03999765311337,-132.6123592992427,-82.03999691013212,-82.039997526478,-132.67681166332306,-132.61230525967008,-132.6123068081171,-132.6123600055559,-132.6123060705159,1.0431612775548648e-11,1.0,1.0431608580278136e-11,0.9999995978310734,1.0,1.0,1.0,1.0,1.0,1.0,1.0,1.0100796694480072e-11,1.010079476973113e-11,1.0,1.0,0.9999992257767913,1.0,1.0,1.0431876504125367e-11
772,-137.34193496327913,-137.796701019769,-137.34193356876634,-137.79670167707098,-137.34193767437137,-137.34193729761603,-136.3685086694406,-137.79659091017888,-137.5746794892223,-137.79670443515687,-137.38985461753953,0.7966155975724656,1.0,0.7966153357639976,0.999999671349056,1.0,0.9999986444548007,1.0,0.9999988328322321,1.0,0.9999981355768924,1.0,1.0,1.0,0.4896614131136864,0.5471209368351685,1.0,1.0,0.9999979471995923,0.8901450006697592
773,-40.688755529278296,-138.81032250115635,-40.688747116187244,-139.47284287701078,-40.688750413875084,-40.68874413892465,-138.91846578386202,-138.80995466635005,-138.8103233301594,-138.81017742435995,-138.81008334618588,4.933696774671698e-22,1.0,3.542484694378659e-22,0.7180183250346549,1.0,1.0,1.0,1.0,1.0,1.0,1.0,4.674007863826896e-22,4.673988202441382e-22,1.0,1.0,0.9998156850834047,1.0,0.9999983511574393,4.933682110744467e-22
774,-156.065956150455,-157.28551539318266,-156.7156110691692,-158.0591702740657,-156.71574940752816,-156.44485052323301,-157.8608934860669,-157.2854286214603,-158.30025368756242,-158.05739260048801,-158.0591894106998,0.54347062519335,0.7226520297317227,0.36912975329483,0.6792082886973057,1.0,0.7226020462124543,1.0,0.8274164145921821,1.0,1.0,1.0,0.4076001262857555,0.5640337389449702,1.0,0.8027755641933346,0.6020513531647999,1.0,0.9999308332126498,0.45282382337472304
775,-132.67314685829115,-134.6541172458072,-132.67329136209014,-134.65416819821104,-132.67392121730762,-132.67310069784574,-134.522038693714,-134.6542051473951,-134.4986916095002,-134.65418850104103,-134.654144975862,0.37139644806084704,0.9999277507106094,0.3713869864104706,0.9999745241226031,1.0,0.9996128954360757,1.0,1.0,1.0,1.0,1.0,0.396751190991407,0.3967798580541959,0.9360529563195074,1.0,1.0,0.9999560501718844,0.9996851219757528,0.40156526892843086
776,-160.0297102419433,-160.04103092996382,-160.0296964385268,-160.04202368551378,-160.02969098975427,-160.02970157850513,-159.79396507169034,-160.03503375679418,-159.93296499423676,-160.03357421891712,-160.03505646123216,0.9943556455538547,1.0,0.9938621919907993,0.9995037454000871,1.0,1.0,1.0,1.0,1.0,0.9999974300141388,1.0,1.0,1.0,0.8864466439827344,0.9328601695112361,1.0,1.0,1.0,1.0
777,-132.7497048982395,-137.22825665653494,-136.57132600484562,-140.5876813428264,-136.57148150887758,-135.86888447556623,-140.6241462170772,-137.22814673365536,-140.44387067567573,-140.5877105595162,-140.58768088401592,0.10653562111972593,0.14796040818000758,0.019861179680738212,0.18642759550270974,1.0,0.14794890440721245,1.0,0.21022228908197255,1.0,1.0,1.0,0.01950234314364103,0.13180784902887413,1.0,1.0,0.2003154367744391,1.0,0.9999222510066267,0.14425184499740698
778,-86.53772016129304,-140.64381424748885,-86.5351995128128,-140.64381419989095,-86.53771106088789,-86.53766238916504,-140.4705724572019,-140.64380276984951,-140.6438028360096,-140.64381430397805,-140.64380281120538,1.782423709784755e-12,1.0,1.782423752204566e-12,1.0,1.0,1.0,1.0,1.0,1.0,0.9987693197327329,1.0,1.9437030998778734e-12,1.9412549468028892e-12,0.9170299409073037,0.9170299105719153,0.9999999669199587,1.0,0.998745014116722,1.7824257694425835e-12
779,-138.76847228332207,-148.68631210518024,-138.76846294783215,-148.6863048470898,-138.76845509586593,-138.76846044638307,-148.557191927681,-148.68936950626724,-148.6893546752793,-148.68629725887362,-148.68936224878593,0.0070205065113798275,1.0,0.007020531989161687,1.0,1.0,1.0,1.0,1.0,1.0,1.0,1.0,0.007488701790478368,0.007488666835209907,0.9360477495838146,0.936054690865992,1.0,0.9984724673239908,1.0,0.007009774199121697
780,-145.422477710117,-145.4221924202427,-145.71802922698697,-145.71774598039747,-145.717894802545,-145.71798521720717,-144.32955641576928,-145.42191754152944,-145.36956358246263,-145.71773531043095,-145.71765538993282,1.0,0.8626245295299588,0.8627467059092712,0.8626236482366227,1.0,0.8626825103889527,0.8625594618728172,0.8626435116966054,0.862520468743039,1.0,0.9998803887491438,1.0,1.0,0.5791576475662228,0.5945184176007805,1.0,1.0,1.0,1.0
781,-141.94627308258856,-141.94609547015125,-141.94631975120265,-141.94609790914643,-142.0993509132328,-141.9463015834733,-140.46960841260977,-141.9292175912325,-141.95397468050706,-142.09912982475538,-142.5030529428954,1.0,0.999976665965198,1.0,0.9999987805031527,1.0,0.9263168656681942,0.9262346066226881,0.9999857496591608,0.9998969486491228,1.0,0.9998981680217863,1.0,1.0,0.4820031694593474,0.4760734480878238,0.9876977543982234,1.0,0.9263384808825454,1.0
782,-117.66342009292961,-136.45764691676658,-117.66341032869454,-136.56566414720913,-117.66340855734919,-117.66341477277777,-135.95024150893516,-136.4562352060002,-136.45650084743255,-136.4565999936906,-136.56464356173643,8.296320083479724e-05,1.0,7.860132295833671e-05,0.947423944199715,1.0,1.0,1.0,1.0,1.0,0.9999977779608531,1.0,0.00010692202708243359,0.00010692150507780428,0.7764703288408736,0.7763672043443949,0.999867188104106,1.0,1.0,8.301027646158364e-05
783,-85.47552399806284,-137.44431870294733,-85.47545598464524,-137.63984281498773,-85.47547257105273,-85.4755083707451,-137.69839812076242,-137.44233584480475,-137.44212801803042,-137.44334970074564,-137.44311311999252,5.189429475501664e-12,1.0,4.70611020244965e-12,0.9068646610704196,1.0,1.0,1.0,1.0,1.0,0.9999738072931015,1.0,4.5703237944742134e-12,4.570168375446465e-12,1.0,1.0,1.0,1.0,0.9999917068306399,5.194983209207981e-12
784,-99.5514050106409,-125.85021543829745,-100.33434827972644,-127.28804348393808,-100.56383992159564,-100.6817713889659,-126.38845822163546,-125.84517559904975,-127.4454806567503,-127.46114362577731,-127.27144372554113,1.9466410408452084e-06,0.676061227008544,9.48561475152341e-07,0.4872811449308023,1.0,0.6027712813344941,1.0,0.5682560388742687,1.0,0.8405393123766393,1.0,1.4873320618494456e-06,2.199996098623548e-06,1.0,0.5894819270602232,0.44926043371349367,1.0,0.8915927393169024,1.4545407141103185e-06
785,-119.14115366089916,-132.9336322146924,-119.14114632680833,-132.92020325279105,-119.14103267353704,-119.14113008099935,-132.93363098087926,-132.93362841279355,-132.1668776018759,-132.92020289004256,-132.920203156088,0.0010115825665108168,1.0,0.001018397672729653,1.0,1.0,1.0,1.0,1.0,1.0,1.0,1.0,0.0010115831905629466,0.001011579481048243,1.0,1.0,1.0,1.0,1.0,0.0014841360446157046
786,-110.5935184223195,-127.90138548929232,-110.59351679594005,-127.90138397175457,-110.59351185356414,-110.59351348664379,-127.89570018789553,-127.90138566833343,-124.5734588684995,-127.90138391449446,-127.90138415059994,0.00017443933390270738,1.0,0.00017443946626189495,1.0,1.0,1.0,1.0,1.0,1.0,1.0,1.0,0.00017493590945809022,0.00017493576720206333,0.9971612965409649,1.0,1.0,0.9999999104794495,1.0,0.0009210709328476089
787,-72.67363150897575,-147.07832189317776,-73.4816587776229,-148.3248688975571,-73.43281161758296,-73.08736696185457,-146.48696486511838,-145.94954818107806,-148.20855871541062,-148.2629372649336,-148.53950726078014,6.969903563923729e-17,0.6676350184550015,3.7371671825629755e-17,0.5361863544147949,1.0,0.6841418127251726,1.0,0.8131271981042318,1.0,1.0,1.0,9.367815232374312e-17,1.4031341935976826e-16,1.0,0.42282498815071556,0.3231931111200117,1.0,1.0,5.789656897082402e-17
788,-146.85902956257053,-146.85893659652038,-147.69976298981857,-147.69967265845537,-147.84113038746784,-147.90686594080373,-144.4172644770424,-146.85876635666767,-147.77227866065493,-147.82504061103674,-147.6996530469462,1.0,0.6568059159686725,0.6568355817254772,0.6568050507302547,1.0,0.6119832216509442,0.6119547754806448,0.5921956616759739,0.5921681352699442,0.9016296097190142,0.9015888879227627,1.0,1.0,0.29500855005865906,0.18683916885194982,0.6333347586529239,1.0,0.9317565612185101,1.0
789,-108.30600725068706,-144.1667039575664,-109.62717827779818,-145.54830102731643,-109.62717164873737,-109.62591650963682,-145.54777478125925,-144.16669244152203,-145.54380035345565,-145.54836756126974,-145.54853237610084,1.6328588765625714e-08,0.5165487996069262,8.18349195290593e-09,0.5011757029568589,1.0,0.5165505117264646,1.0,0.5168747848401264,1.0,1.0,1.0,8.18564550140469e-09,1.584679996862571e-08,1.0,1.0,0.502301894809434,1.0,1.0,1.5878269631122265e-08
790,-106.40047755357398,-127.8675421667792,-106.4004368844025,-127.83115772126172,-106.4004236711499,-106.4003864883415,-128.00102513180946,-127.83114966242044,-127.83115767919557,-127.83115772937987,-127.83115768898867,2.180148858897331e-05,1.0,2.2201735780231494e-05,1.0,1.0,1.0,1.0,1.0,1.0,1.0,1.0,2.039391901363921e-05,2.0393504315960774e-05,1.0,1.0,0.9999959916204704,1.0,1.0,2.2201138113575562e-05
791,-147.71182452154426,-147.69760487395223,-147.71181258223692,-147.69448774300236,-147.7118062456794,-147.7118149033996,-144.99812987448115,-147.66881539746996,-147.64793169509483,-147.6944446478047,-148.97160495483706,1.0,1.0,1.0,1.0,1.0,1.0,0.992924464442926,1.0,0.9929201662211322,0.9999988394193251,0.9913738404686747,1.0,1.0,0.26306799042340645,0.2658292987275563,1.0,1.0,1.0,1.0
792,-101.31471473176526,-143.34223441731174,-101.31467129398544,-143.34220491607417,-101.3145082676279,-101.31473241341777,-143.22918337845445,-143.34221437243946,-143.34222181675534,-143.34233308335448,-143.34223918712019,7.478940123049217e-10,1.0,7.479050442857561e-10,1.0,1.0,1.0,1.0,0.9999911592128258,1.0,0.9999694407507778,1.0,7.913867549497025e-10,7.913695670945449e-10,0.945051838920403,0.9450483212947418,0.9999962778489854,1.0,1.0,7.478215211126263e-10
793,-143.3976097895895,-149.30268624884917,-143.49868553432452,-149.3026860702749,-143.3976298250061,-143.39760462775172,-149.21909442898934,-149.30268417401675,-148.1293746632159,-149.3026868669267,-149.30268468436088,0.05220702421556467,0.9507179220519575,0.052207028876980824,1.0,1.0,0.9999899823418715,1.0,1.0,1.0,1.0,1.0,0.05443530646714049,0.05725705301699945,0.9590664912949557,1.0,1.0,1.0,1.0,0.0938673729466658
794,-73.59940317991448,-135.2843984221116,-73.5994031619731,-135.28439749246414,-73.59926577812914,-73.59938363652975,-135.3703571954805,-135.2842975149568,-135.2842990834618,-135.28439732022167,-135.28429793790852,4.029707049231909e-14,1.0,4.0297089223358136e-14,1.0,1.0,1.0,1.0,1.0,1.0,1.0,1.0,3.860181851419138e-14,3.860181816790649e-14,1.0,1.0,0.999999215747801,1.0,1.0,4.029630358318881e-14
795,-118.62683352748525,-125.968483169423,-118.6263087898497,-125.96764775318005,-118.6247691371471,-118.62683130601397,-123.48629568649741,-125.9691970864917,-125.56455655541288,-125.9678666757024,-125.96813168299684,0.025455465083872583,1.0,0.025466100259419,1.0,1.0,1.0,1.0,1.0,1.0,0.9997387760427874,1.0,0.08806051067449285,0.08803740937307787,0.2889647126166694,0.35376216764106644,1.0,0.9996431051677636,1.0,0.03112033829301415
796,-149.5551723413416,-149.53632408429152,-149.94790684609268,-149.94760234171116,-149.84276662105825,-149.67528656518604,-148.17418032202812,-149.51990191127192,-149.80633223578,-149.84246215647823,-149.94753356093003,1.0,0.8217104041596598,0.8218355208932691,0.8141268182734884,1.0,0.8660634199882677,0.8579398658404702,0.9417107491373388,0.9328776335875747,1.0,1.0,1.0,1.0,0.510246776592695,0.44216332265970537,0.8665675961979917,1.0,1.0,1.0
797,-132.98666589278508,-136.59724288391772,-134.21874026573545,-138.3303594701385,-133.90693867451944,-133.61051774632978,-137.4484575997953,-136.59947572809492,-137.7082914657232,-138.03783785556521,-138.3560072176931,0.16442701326958112,0.540080440583045,0.06912444910794557,0.4203959418432952,1.0,0.6311975500545308,1.0,0.7320357504708748,1.0,1.0,1.0,0.10743214355053655,0.19891878223650905,1.0,0.8781683747349472,0.5744122879455147,0.9988842008786867,1.0,0.14946748587334616
798,-123.4549270352334,-128.64384541170443,-123.4549249265387,-128.6438475345624,-123.45491584806285,-123.4549219588618,-126.34523389245263,-128.67715567200497,-127.82307518927436,-128.64384521788116,-128.67715500481538,0.07468625636046937,1.0,0.07468617708635383,0.9999989385715742,1.0,1.0,1.0,1.0,1.0,1.0,1.0,0.23570990913774476,0.23570966061775744,0.31162308269015704,0.47762916720278725,1.0,0.9834827997216168,1.0,0.11258129786805482
799,-140.46412599931173,-150.39500742081177,-140.7050759647135,-150.63161299725914,-140.70508198752051,-140.4641290902361,-147.19469635792618,-150.3955901098589,-150.3953174357049,-150.63217299056248,-150.63109036701456,0.006974876128759668,0.8864992648852419,0.006196668320824858,0.8884270066494789,1.0,0.8864965952822662,1.0,0.9999984545390112,1.0,1.0,1.0,0.034552161151474456,0.0389759614250185,0.20180631544924865,0.20183383100806898,1.0,0.9997086979131338,0.9999969886010273,0.007866691301380305
800,-138.88363629697392,-138.8834794265107,-138.88356781320022,-138.88241125477253,-138.88357370148597,-138.88236155990683,-139.64277439968131,-138.88359661719147,-138.87961470952746,-138.87666715675357,-138.88353884085828,1.0,1.0,1.0,1.0,1.0,1.0,0.9999528636233127,1.0,1.0,1.0,1.0,0.6841561818722914,0.6841327554748073,1.0,1.0,1.0,0.9999414063762821,0.999997055861456,1.0
801,-137.6104837037405,-138.1039904066113,-138.56634584127994,-139.05254831332314,-138.7520979216916,-139.05676133762486,-139.4596864174054,-138.10384044522965,-139.11535079412675,-139.2469886841548,-139.05234755740904,0.7813333845246869,0.6200649373478886,0.4862500385392813,0.6223336262984394,1.0,0.5650691821911942,0.7232113632709369,0.4852268250089762,0.6210240527533033,0.7825419496937929,0.9978957049887772,0.39668952512777933,0.6397548083019826,1.0,1.0,0.6030499954797379,1.0,0.9113064586558955,0.8339128018572228
802,-145.84990601456724,-145.8288162611637,-147.32878005784778,-147.30754923457965,-147.32567784148858,-146.89243906566935,-143.66402115930657,-145.7714893562523,-146.1469658747469,-147.30431527337882,-147.3036240023216,1.0,0.4773825959541369,0.48247720154363727,0.47741626929077896,1.0,0.47812364257668205,0.4731083768691441,0.5937680491356524,0.5875397343863271,1.0,1.0,1.0,1.0,0.3486334837397703,0.2889584543667296,0.8288316178557773,1.0,1.0,1.0
803,-149.20848058796273,-149.2083093766921,-149.2084814476808,-149.27376679672474,-149.20848319331674,-149.20848288097562,-144.3987395205841,-149.20734712632714,-149.19982801624354,-149.20831066308807,-149.2731395421092,1.0,0.9999995701410498,0.9678839314893474,0.9678010787168727,1.0,0.9999986973238422,0.9999130954641059,0.9999988534942084,0.9999132516211036,0.9999992833528505,1.0,1.0,1.0,0.09032836006911711,0.09066859367336769,1.0,1.0,0.9999991271824172,1.0
804,-141.04162845616295,-141.04917394958778,-141.20530398403807,-141.21301447452268,-141.20530317879698,-141.20516661091614,-141.49661029970576,-141.04986246786007,-141.24868568142858,-141.21301435486376,-141.21334619090646,0.9962343611549265,0.9214214343562102,0.9178759674687544,0.9213454215779792,1.0,0.9214218053394831,0.924904662263693,0.9214847257993466,0.924967820554871,1.0,1.0,0.7965296525429375,0.8644574814991866,1.0,1.0,0.905369974895138,0.999655800114235,1.0,0.9785423120671538
805,-145.2194855915485,-145.65673339009686,-145.55854147573746,-145.99727707980406,-145.33784789066698,-145.21948525779192,-144.0646671002444,-145.65672585836413,-145.30733098506235,-145.78621479567693,-145.61424998223558,0.8036239048576501,0.8440631692580348,0.6778049314747971,0.843435501828259,1.0,0.9425360137079817,1.0,1.0,1.0,1.0,1.0,1.0,1.0,0.45111662582600087,0.5372284035484859,1.0,1.0,1.0,1.0
806,-138.57696626461887,-138.5777116716606,-140.04067489969663,-140.04050168100673,-140.0406711197047,-140.0404881187884,-140.01752697160794,-138.57566250343427,-139.996697775338,-140.04050166566344,-140.0405011818002,0.9996273659244626,0.48101620580633375,0.48105786810897433,0.48123719348568283,1.0,0.4810171149258773,0.4811964251109003,0.48106113022595254,0.4812404568186902,1.0,1.0,0.4866158123911519,1.0,1.0,1.0,0.4913897706047613,1.0,1.0,1.0
807,-133.48966021130266,-133.48945262843452,-134.2232557407256,-134.2227611007075,-134.2232308860887,-133.48953962500278,-133.1725539766634,-133.48906866183452,-134.1985788712319,-134.22302494018777,-134.22300299653241,1.0,0.6929497697714624,0.6931211713094363,0.6930492350023316,1.0,0.6929583813324324,0.6928864619206561,1.0,0.9999565026619083,1.0,1.0,1.0,1.0,0.8536300783286765,0.5986893395029702,0.7013451783179252,1.0,1.0,1.0
808,-146.19300638989193,-146.2695873374342,-146.8921026132425,-146.20060000847798,-146.8921034736085,-146.88804028446754,-146.34674094461258,-146.26958974013013,-146.2641708486992,-146.90214355524657,-146.97681960041146,0.9624333386432716,0.70500660199959,0.996210389473719,1.0,1.0,0.7050062987178051,0.7325248101979116,0.7064400415854155,0.734014516352139,1.0,0.7091273580860924,0.9260127483071918,1.0,1.0,1.0,1.0,0.9999987986527512,0.9999995698170993,1.0
809,-130.2725414047369,-131.62810527284753,-130.27229587159388,-131.628165256893,-130.2725310017452,-130.27253691684766,-131.3944751257689,-130.33790087500586,-131.54576606952796,-131.6281597033406,-130.33767100897006,0.5077419494165998,1.0,0.5077267214368708,0.9999700084270242,1.0,1.0,1.0,1.0,1.0,0.9998794846356734,1.0,0.5706570512611863,0.5705869979516865,1.0,0.9271448472198547,0.5466576191736575,1.0,0.9998824418348476,0.5290789925971424
810,-144.5786943640817,-144.56181216281402,-145.41713934641874,-145.4168611683804,-145.4171377923052,-145.41712928759148,-145.07673425985553,-144.55691550661624,-145.3895034268375,-145.40017732650801,-145.39995135990102,1.0,0.6575578781706113,0.6576493436117063,0.6521214230105363,1.0,0.6575583891306102,0.6520312330541139,0.6575611853094819,0.6520340057294958,1.0,0.9998659493800446,0.7795644225666596,1.0,1.0,0.8552302196932376,0.6594863792986265,1.0,1.0,1.0
811,-144.52061876962648,-144.52034248485432,-144.52061872335761,-144.52034243911865,-144.52045583927884,-144.52061875499192,-143.32061163028837,-144.5202670895215,-144.4866734045386,-144.52034242523484,-144.52026704519014,1.0,1.0,1.0,1.0,1.0,1.0,0.9999433243938661,1.0,0.9998618744714143,0.9999999841828499,0.9998618516067358,1.0,1.0,0.548906188229043,0.558203946909281,1.0,1.0,1.0,1.0
812,-134.68169172535087,-134.67426315787225,-134.68157025934863,-134.67511196471727,-134.68153472644886,-134.68148018285274,-133.07157282382605,-134.66859758901555,-134.64620748499388,-134.67407156953337,-134.66842245295393,1.0,1.0,1.0,0.9995756866238796,1.0,1.0,0.99637081717247,1.0,0.9963979903667187,1.0,0.9968209548314508,1.0,1.0,0.44999789113530064,0.45506394539150763,1.0,1.0,1.0,1.0
813,-125.50462230996305,-125.49175561772776,-125.5046108268352,-125.49170398914274,-125.5046084575969,-125.50461913034655,-125.95373549762206,-125.4784743820922,-125.47261510904264,-125.49947711744758,-125.47847249152977,1.0,1.0,1.0,1.0,1.0,1.0,0.9935941853390093,1.0,0.9935888831621582,0.9999958482529433,0.9935632346991401,0.7988703642873696,0.798865777535273,1.0,1.0,1.0,1.0,1.0,1.0
814,-138.5756656601773,-138.61408066353385,-139.06419020057996,-139.1091660071212,-139.0792026358066,-139.14762103839348,-137.7578068218179,-138.61417886610155,-138.70597940308105,-139.12397753806758,-139.10929321853092,0.9809757870002788,0.7832821757472838,0.7658643808065202,0.7807169055094146,1.0,0.7774247005277493,0.7925014162735173,0.751279377472885,0.7658490529824581,0.9591426956143017,0.9809561539886787,1.0,1.0,0.651690174720301,0.622453538341253,0.9551372147177205,0.9999508999215988,0.9925218836826635,1.0
815,-124.98142991523471,-124.9923529027457,-126.78379135786247,-126.79489444423493,-126.78378902730859,-126.7835691850907,-126.68620408686053,-124.9602927235357,-126.6406570972193,-126.7754848675088,-126.77719234508027,0.9945533930877333,0.4060898975662163,0.40384171816889536,0.40605333104853336,1.0,0.4060903707736858,0.40831429825292753,0.4061350111309864,0.4083591830802391,1.0,1.0,0.4263958726033986,1.0,1.0,1.0,0.43163187861648633,1.0,1.0,1.0
816,-138.41597325387957,-138.41567444892397,-141.09249231801147,-141.09236742458916,-141.09235656016614,-141.0911109122523,-137.9623066261849,-138.41585271446215,-141.0789379964402,-138.41587307142817,-141.09235810200136,1.0,0.26230179939554565,0.2623181797916936,0.26227899173312946,1.0,0.26231960476339916,0.26228041649195666,0.2624830345863363,0.2624438218998971,1.0,1.0,1.0,1.0,0.7971016686585664,0.21049030474737598,0.26406958236784,0.9999108712031164,1.0,1.0
817,-144.12018404704793,-144.12038172215256,-146.7317175300649,-146.7318674710684,-146.73347496294002,-146.73230582895658,-145.85752104669393,-144.12043793488326,-146.51843552368362,-146.71562995923293,-146.7143308734626,0.999901167331955,0.2709646954968042,0.27094438189909814,0.2709711627020713,1.0,0.27072669894592877,0.2707534582325884,0.2708850031030942,0.2709117780369224,0.9997058938118712,0.9997808450738571,0.4195097548525768,1.0,1.0,0.7185950889663201,0.3014959202546391,0.9999718940296313,0.9991216695206765,1.0
818,-147.44456411880168,-147.44463934971273,-147.8812740258036,-147.88099898892972,-147.8812526950138,-147.88126733912605,-147.24970899655085,-147.4446061100382,-147.8532975130899,-147.8809982345183,-147.88098868212566,0.9999623852519269,0.8038400651765149,0.8039506156070176,0.8039808571444147,1.0,0.8038486384939622,0.8038788761953715,0.8038427526906669,0.8038729901706748,1.0,0.9998658339029078,1.0,1.0,0.9071490070543768,0.7394901932314466,0.8151805133234518,1.0,1.0,1.0
819,-133.47121946034844,-133.4722364440091,-133.75582158031264,-133.75669720926658,-133.75570081436675,-133.7556183852206,-132.3451863080232,-133.4755467310935,-133.78921080925917,-133.756576427732,-133.73410212159388,0.9994916374297296,0.8673600897613619,0.8669804300736388,0.8674213946433273,1.0,0.8674124651234714,0.867853649435317,0.8674482158946215,0.8678894183900647,1.0,1.0,1.0,1.0,0.5682577309315089,0.4857737732385057,0.8548476277519491,0.9983462254524798,1.0,0.9833845868580093
820,-139.39597870989004,-139.39602356518063,-141.1756888483323,-141.17643164515556,-141.17570631798688,-141.17149425857482,-138.94537134244172,-139.4322945587202,-140.9079964139505,-141.17229589491828,-141.1782749994029,0.9999775726062066,0.41071527372354655,0.41056276304611816,0.41057197110539456,1.0,0.410711686212234,0.4107208976115434,0.41157756869107853,0.4115867995103114,1.0,1.0,1.0,1.0,0.7839095712016689,0.37481881275735845,0.4781403704291963,0.9820279617265294,0.9999912652108586,1.0
821,-146.14023954474692,-146.7576996904878,-146.14037651173675,-146.15661786331535,-146.140362462484,-146.14043002162816,-146.69475753993208,-146.15818112067095,-146.43620808285576,-146.75766273290085,-146.15809823572147,0.7343789720829428,0.999931518850027,0.991844280537077,1.0,1.0,0.9999385430200138,1.0,0.9999047660944145,1.0,0.9999732454122026,1.0,0.7578581882435697,0.7579100907981638,1.0,1.0,0.8702162969128635,1.0,1.0,0.862497688408867
822,-136.84759585318517,-136.83458409745097,-137.0574343914336,-137.05742029434015,-137.05744840140636,-137.05735532485494,-135.66631467201057,-136.81286669521086,-137.0535414176875,-137.05745999630403,-137.0574101719544,1.0,0.9003972095074693,0.9004035560216344,0.8945646546396719,1.0,0.9003909022593654,0.8945520829340203,0.9004328058744762,0.8945937148142244,1.0,1.0,1.0,1.0,0.5636758021717723,0.4997669581861054,0.8866212746060163,1.0,0.9999929950381483,1.0
823,-140.4863712733183,-141.80547211215207,-140.87341422961038,-141.80620236707108,-140.48629689390546,-140.87341329130788,-140.58637591493607,-140.54318840393117,-142.22718095747643,-142.22707179694137,-142.22785066953512,0.5170837530575645,0.8240521368928977,0.5168949860445675,0.9996349391914157,1.0,1.0,1.0,0.824052523498075,1.0,1.0,1.0,0.9512272168815745,1.0,1.0,0.44025440707232344,0.4308495693758634,1.0,1.0,0.41876640027017376
824,-153.06427834849106,-153.06298823873595,-153.0642778164059,-153.06396486403762,-153.06392160526786,-153.06427688588627,-150.63547351846535,-153.06310810834904,-152.96142212970597,-153.0639633901228,-153.06310757566746,1.0,1.0,1.0,0.9995118065543882,1.0,1.0,0.999533425613742,1.0,0.9993558839567008,1.0,0.9998440012447428,1.0,1.0,0.2970611423282769,0.31255516242598486,1.0,0.9999400669895111,1.0,1.0
825,-138.51229216128633,-138.49654232196966,-139.21300461285222,-139.19727147813924,-139.2223891348412,-139.126110685443,-137.30294253789083,-138.4844624598611,-139.2002523874188,-139.20680186241313,-139.19352317025653,1.0,0.704437106358247,0.7100004618695754,0.7044312227114731,1.0,0.7011394463920932,0.6956397129836742,0.7357173553423848,0.729946393033601,1.0,1.0,1.0,1.0,0.5539061776578524,0.3872615692360385,0.6991465068570688,1.0,0.9953187304638144,1.0
826,-135.4166485195711,-135.41823806040878,-138.23048543830865,-138.22144703905576,-138.08826194398716,-137.56672608367566,-135.41460316763232,-135.41877453204103,-138.14269040025738,-138.0901878377415,-138.23248604007176,0.9992055453275198,0.24489678097112605,0.2460060229673634,0.24620161899394533,1.0,0.2629459681498672,0.26315503289533765,0.341284519330267,0.3415558699870915,1.0,1.0,1.0,1.0,0.9979164913194202,0.25562503473242093,0.25615874369852326,0.9997318001558878,1.0,0.9731527424947551
827,-147.1307203456475,-147.13023916264666,-147.12817264285067,-147.1304271702636,-147.12969912600823,-147.13010892324428,-144.5172879155907,-147.12992031933607,-147.05733468567246,-147.1304001556528,-147.12845221103407,1.0,1.0,1.0,0.9999060006097489,1.0,1.0,1.0,1.0,1.0,0.9990323282997142,1.0,1.0,1.0,0.27081585203207253,0.28082505459621343,1.0,1.0,0.999237049615984,1.0
828,-126.75448624193567,-126.75437547908206,-128.8886469445543,-128.8802748663667,-128.39949827727048,-127.96625318031323,-125.59714266582466,-126.72825277256771,-128.3876835190881,-128.39098952866422,-128.87907359643992,1.0,0.34401144517339294,0.345454508784724,0.3454353775508939,1.0,0.43932930682680826,0.4393049768166808,0.5455921997566535,0.5455619849188554,1.0,1.0,1.0,1.0,0.5680447640770491,0.2477660247752416,0.43617341527266484,1.0,1.0,1.0
829,-128.2216837126814,-128.21976226993604,-128.54467746366345,-128.54476528951812,-128.54496531068733,-128.54516588685624,-126.88263294192961,-128.21352597044682,-128.4239844088333,-128.5448062258726,-128.54445184796288,1.0,0.8508691900096408,0.8508318266730978,0.8500148068796883,1.0,0.8507467387396311,0.849929800652763,0.8506614232569822,0.8498445670951619,0.9997558182208287,0.9997997213893821,1.0,1.0,0.5140439485026965,0.4627003005780431,0.9001181745759155,1.0,0.9998560868445497,1.0
830,-134.97925798599303,-135.31288005586356,-136.0393705886895,-136.32104387933606,-136.03937003995736,-136.03936854573283,-136.24248180182536,-135.31289380353815,-136.3121252600095,-136.32107999834827,-136.3210772714449,0.8463595286104368,0.588571831357857,0.5112518532608925,0.6040599012340203,1.0,0.5885719928420212,0.6954160412281831,0.5885724325715413,0.6954165607822324,1.0,1.0,0.5317340035977165,0.9034309412514471,1.0,0.9657775709564533,0.6067637771067018,0.9999931261863316,1.0,0.872513100580699
831,-139.70985506566055,-139.70972664729118,-140.88788084149758,-140.88787316442145,-141.95563986742695,-140.2623578924812,-139.36591235911106,-140.1560920426562,-141.93381639702588,-141.95544256283455,-141.95541885537426,1.0,0.5548747380488034,0.5548768679606937,0.5548412409132049,1.0,0.3253374261675635,0.32531653718732106,0.7586221789943036,0.7585734700465037,1.0,1.0,1.0,1.0,0.6736195173587316,0.27694066016984975,0.4111232721636936,0.7999686835183211,0.5863258927800548,1.0
832,-147.86695898269338,-147.86061787834169,-151.22824925473654,-151.2248473740285,-151.14776300267795,-151.11778472259707,-147.23392853863007,-147.82795955093226,-150.55890009887048,-151.14084065253422,-151.233884231143,1.0,0.1862537782501122,0.18657085440499174,0.18598025852887082,1.0,0.19390207604824122,0.1932882729606658,0.19683039307096467,0.19620732030424717,1.0,1.0,1.0,1.0,0.7430324906985404,0.1896669233624105,0.2552606053392101,1.0,1.0,1.0
833,-130.19177351995006,-130.18455276438405,-130.19131436313185,-130.22385450799976,-130.19189388993982,-130.19187072396892,-129.04290022651267,-130.23992402534424,-130.917543655673,-130.223838194679,-130.23992431539872,1.0,1.0,0.9840874695859899,0.9805409480429134,1.0,0.9999398168162011,0.996336165502959,0.9999513991716299,0.9963477061171053,0.9997218582700519,1.0,1.0,1.0,0.5496289309679917,0.3916754504744586,0.7126179653328115,0.9726941041200104,0.9997102785733766,0.695708253267421
834,-138.59949345970523,-138.59924472190644,-139.4118666954667,-139.41161742386623,-139.4118485119801,-139.3217591469265,-138.3254122668351,-138.5673744387393,-139.29393478672438,-139.41159852598952,-139.41157924169778,1.0,0.6661858336353443,0.6662688694143315,0.6661860114409273,1.0,0.6661918904534636,0.6661090420532527,0.6968864154098506,0.6967997498027295,1.0,1.0,1.0,1.0,0.8860507182401061,0.6161522049912129,0.6953915755692048,1.0,1.0,1.0
835,-133.98152145668297,-133.98735390277577,-134.30866932898286,-134.3145207849812,-134.30866652850221,-134.30865427144275,-134.0060236182949,-133.9918681991153,-134.42007728505993,-134.3145157066062,-134.31599648311803,0.9970880250016082,0.8491037172209359,0.8466231012745102,0.8490956465685613,1.0,0.8491049061710307,0.8515846995250607,0.8491101099516407,0.8515899185032046,1.0,1.0,0.9878236581621018,1.0,1.0,0.8129978342130083,0.8072639868345074,0.9977453972736612,1.0,0.9458177532993738
836,-138.6868874478894,-138.70163870217647,-139.95319516693635,-139.9669557546054,-139.95292045497644,-139.95305612235404,-139.80782838014355,-138.7046520781386,-139.7904907778937,-139.94784303693513,-139.96707535852957,0.9926515060452731,0.5309147273007371,0.5272744155436458,0.5311777721914802,1.0,0.530987656621905,0.5349185020001244,0.5309516389920654,0.5348822177355863,1.0,1.0,0.5709403925381289,1.0,1.0,1.0,0.5810494871862423,0.99849444650343,1.0,1.0
837,-134.74297764393052,-134.72811417935833,-134.74295262976892,-134.72807419727744,-134.74295741547047,-134.74297493529204,-134.34508490837993,-134.74273682662317,-134.7195947214568,-134.7427534215894,-134.74271858350295,1.0,1.0,1.0,1.0,1.0,1.0,0.9926058541464705,1.0,0.9925971590458285,0.9999888473006331,0.9925773161942155,1.0,1.0,0.8196925409291334,0.829232332698977,1.0,0.9927153390747421,0.9999976071520884,1.0
838,-141.7981233604794,-141.79797311232872,-141.7981077226456,-141.79796273571623,-141.79810488613083,-141.79811957926535,-141.16014179053192,-141.76856793665578,-141.7763206784532,-141.7979597814176,-141.79789155533297,1.0,1.0,1.0,1.0,1.0,1.0,0.9999341152694392,1.0,0.9999267692131915,0.9999940717076974,0.9999215813003466,1.0,1.0,0.7377036649247978,0.7348495872119465,0.9961311325284764,1.0,1.0,1.0
839,-145.27782258312033,-145.27772371456288,-145.40305796091363,-145.48667951156597,-145.65475876269977,-145.65475875195182,-144.57599898590377,-145.27768315774006,-145.64061614115593,-145.46340644361567,-145.48665982826606,1.0,0.9393025108321115,0.900839237336932,0.9007947060996837,1.0,0.8282269319125255,0.8281859901235005,0.8282269363633978,0.8281859945741528,0.8817467501813512,0.9193948287730103,1.0,1.0,0.7040949315817847,0.5872476967025693,0.8340461922986546,1.0,0.8817467454428647,1.0
840,-136.88770627916423,-136.8874811452981,-136.88770733479916,-136.8874808069176,-136.88715561878703,-136.8877072456205,-134.761424160633,-136.88719216294845,-135.55897047949986,-136.88748042095898,-136.88719184186175,1.0,0.9999994721826767,1.0,1.0,1.0,1.0,1.0,0.999999516771982,0.9998869562287248,1.0,0.999886787057621,1.0,1.0,0.3454580708044928,0.6711429265290725,1.0,1.0,1.0,1.0
841,-148.5958168467242,-148.59432620888265,-149.0537467205433,-149.05345385726258,-149.05374028556136,-149.05368545757483,-148.09220263365322,-148.59431061789903,-149.0220342560588,-149.05344691698525,-149.0270539446912,1.0,0.7953564206703051,0.7954728945431767,0.79488023443174,1.0,0.7953589797265239,0.7947664044863235,0.7953807839911075,0.7947881925058309,1.0,0.9998842065484556,1.0,1.0,0.7779803656134543,0.6281879893547304,0.8074599528734772,1.0,1.0,1.0
842,-146.5263260353036,-146.81298037548555,-146.52631384976365,-146.81326097911605,-146.5263159257473,-146.52627517096207,-145.65274698983131,-146.56062300026252,-146.7830285416368,-146.5442206921494,-146.56059779373757,0.8664705392716554,1.0,0.8663489804097987,0.9998597080265893,1.0,1.0,1.0,1.0,1.0,1.0,1.0,1.0,1.0,0.6351221062834977,0.56828014097637,0.8947572999808454,1.0,0.9999989620087164,0.8795399362398488
843,-135.96878804683413,-135.95657627782958,-135.96570597781852,-135.9682154354785,-135.9687802133084,-135.96878336110814,-134.77050935959778,-135.9683690353941,-135.92855315321006,-135.9684812928966,-135.96836588836715,1.0,1.0,1.0,0.9941973221230306,1.0,1.0,0.9939166114566418,1.0,0.9939150471326517,0.998462491534251,0.9997160774988046,1.0,1.0,0.5493992678825792,0.5604462728567424,1.0,0.9941209707425795,0.9984640630154689,1.0
844,-151.8699583829854,-151.890862829031,-154.10367886293517,-154.12672038822836,-154.1036856060312,-154.10364772107835,-149.40517810299625,-151.83429973453246,-154.11957600092094,-154.1266762227665,-154.0872010311358,0.9896022116407716,0.32730584481197555,0.32355667000585625,0.3269562923362869,1.0,0.3273047412864633,0.33074374474546553,0.32731094130753224,0.3307500099103933,1.0,1.0,1.0,1.0,0.29684035327308456,0.09468506981174205,0.3189764085903596,1.0,0.9999966284576651,0.9920862822104873
845,-156.08477036618797,-156.08583093314576,-156.0860864299714,-156.0646608144986,-156.08465953263018,-156.08608490907534,-153.67178044914962,-156.08531934988594,-156.01524817615314,-156.08582627604804,-156.08531773025652,0.9994698570965397,0.9993421845637871,1.0,1.0,1.0,1.0,1.0,0.9993429445118733,0.9998730200978396,1.0,0.9893451223733876,1.0,1.0,0.2991621782788004,0.30982927360973345,1.0,1.0,1.0,1.0
846,-140.19837260321546,-142.07670821311854,-140.1991936178597,-142.07682509511608,-140.1991894746558,-140.19920245822857,-134.52330734528564,-142.0768151019293,-142.0641945938886,-142.0768221716651,-142.07682632497017,0.390953049210808,0.9995895769244869,0.3909302021917473,0.999941560708871,1.0,0.9995916476783393,1.0,0.9995851585639587,1.0,0.99999557982533,1.0,1.0,1.0,0.02289689703353875,0.02304183909976884,1.0,0.9999465570227456,1.0,0.3935675506659306
847,-136.0979194708674,-136.89521287840068,-137.79287265654173,-138.61413446241932,-137.7906558946953,-137.7926906582233,-138.37920636719093,-136.8952128724462,-138.58544297984875,-138.61414934436294,-138.61412231710358,0.6712278017217181,0.42849483579502645,0.2841913512273732,0.42339031622113177,1.0,0.42897003459871264,0.6390826385593571,0.4285338302390145,0.6384327781713053,1.0,1.0,0.3196133010470409,0.7458976733150882,1.0,0.9020202524640842,0.42950793888975836,1.0,1.0,0.6720694856250842
848,-145.0257483190276,-145.02097175859421,-145.24272605507934,-145.2426871983445,-145.24273675959,-145.24274461257392,-145.02603609481218,-145.02567675290274,-145.2370984086364,-145.23513840764704,-145.24248222088943,1.0,0.8971888822448053,0.8972063133293857,0.8950660899848047,1.0,0.8971840802736801,0.8950439099645092,0.8971805574945215,0.8950403955886956,0.9999907212957623,0.9999712932973368,0.9998561224590737,1.0,1.0,0.8998464359736987,0.8996847742288389,0.9976502677985615,0.9999946477589946,1.0
849,-135.67232409514986,-135.67215190378633,-135.6717697018706,-135.67215001953642,-135.67231880659006,-135.6709967530827,-133.3782170092955,-135.65554337452042,-135.62618259758278,-135.67214661563915,-135.65492025129424,1.0,1.0,1.0,1.0,1.0,1.0,0.9999165520801079,1.0,1.0,1.0,1.0,1.0,1.0,0.32024684734412245,0.3249828737666046,1.0,1.0,0.9997254853263231,1.0
850,-144.2690961088483,-144.2618518163465,-149.74931126006902,-149.72378290978992,-149.7493558513369,-149.74936581899425,-141.94626202441054,-144.26789608569666,-146.1700493868898,-149.72424364538057,-149.74802442945068,1.0,0.06456340107229704,0.06539278154954369,0.06515634778834929,1.0,0.06456196160638779,0.06432853175295476,0.06456163984143408,0.06432821115137255,0.999972720909467,0.9872900083401419,1.0,1.0,0.31323015767029555,0.1210085976150746,0.38632486257101595,0.9969824273770501,0.9999777046146059,1.0
851,-145.87640622853488,-145.87568515526198,-148.22699950893337,-148.22675051024027,-148.2269989035006,-148.22699314009773,-148.20710965139534,-145.8764873184453,-148.07686722058867,-148.22675225885746,-148.22675151417656,1.0,0.30872738515033576,0.30876582390080054,0.3086545225745093,1.0,0.3087274786071885,0.3086161911032887,0.3087283682688882,0.30861708044429054,1.0,0.9998786924296246,0.31181297455736123,1.0,1.0,1.0,0.33280786048384714,0.9995989988308077,1.0,1.0
852,-144.3946269832959,-144.39061989578653,-144.6326937022525,-144.6288973942175,-144.63035977481655,-144.62960693925456,-142.99429183723078,-144.38315597769773,-144.2808101824706,-144.63728788697378,-144.6493754032557,1.0,0.8877781844508736,0.8894649245181226,0.8876846266714489,1.0,0.888814794107031,0.8870357975210804,0.8891494227756865,0.8873697564177396,1.0,0.9996452904057942,1.0,1.0,0.499357967721887,0.5255766844763775,1.0,1.0,1.0,1.0
853,-137.1457256259368,-137.14932054135795,-137.146471032744,-137.14932460776157,-137.16457709517374,-137.22452142806986,-136.709296595411,-137.1501413898056,-137.22732043212963,-137.14921135108568,-137.15013227449361,0.9982041567490778,0.9996273660416868,0.9982021272006432,0.9999979668002573,1.0,0.9906185483756067,0.9924007445549259,0.9613681036380733,0.9630976760996759,0.9617264755814839,0.9630996342736045,1.0,1.0,0.802179887853809,0.7718138242344008,0.9621455684950527,0.9995896599886706,0.9909878240911381,0.9691153165175264
854,-135.1061325653827,-135.10589849189614,-137.14795619826765,-136.26326382189035,-137.35944489693867,-137.67647765026663,-136.1737846051316,-135.0727272716673,-136.24060011493702,-136.24192243275184,-136.2630891755935,1.0,0.3602662936329836,0.5607020452123117,0.5606364263109779,1.0,0.3241152340486802,0.3240773028769546,0.2766028537825321,0.2765704829796679,0.7677733350883982,0.4933152217730814,0.5863572580028481,1.0,1.0,0.9671441214203109,0.5576987027644102,1.0,0.899654615979335,1.0
855,-134.17569128858287,-135.42890769314985,-137.20714659336275,-137.20451326405066,-137.20654172177944,-137.20714507798803,-129.46771647529886,-137.3211366951901,-137.16548386725188,-137.20709250158131,-137.3211363114802,0.5344013116736956,0.21964829907441577,0.2199376927019401,0.4115590435455998,1.0,0.21971473862797467,0.41114184008989096,0.2196484654992187,0.4110178263060392,1.0,0.9986849584572418,1.0,1.0,0.019708404498135483,0.021303504357425788,1.0,0.3882466284257127,1.0,1.0
856,-136.09889388522276,-136.47767069346577,-139.0056818251261,-139.3443674494642,-139.00567986719153,-138.93249496788695,-139.1468066383809,-136.4777323904374,-139.17370649887954,-139.34418357961314,-139.3441803891747,0.8274650534347365,0.2337755130686511,0.1973578339149013,0.23850896553961504,1.0,0.23377574192734102,0.2825203807181439,0.2424886093811088,0.2930499703577322,1.0,1.0,0.21784828984927387,0.9318695828732927,1.0,0.9866401159056216,0.2597626228012545,0.9999691519899887,1.0,0.9194190131734588
857,-146.85783887210704,-147.41321641343995,-149.00136217721314,-149.564663981605,-148.86354178777356,-148.60403249670628,-147.89257150579166,-147.4132804651316,-149.3581152653566,-149.4284857160696,-149.5645524489276,0.7575325511804794,0.34240478752556747,0.2583570968427871,0.34105081879344157,1.0,0.3668319426159509,0.4842457819724165,0.4176561417891317,0.5513375512884415,1.0,1.0,0.5960883904181564,1.0,1.0,0.4805750459241104,0.3781677494795875,0.9999679746669959,1.0,0.7809167423021963
858,-129.75724730907643,-132.77185074244377,-133.6138113585548,-132.97589906950725,-133.61378239609434,-133.61381183154515,-132.25410939962532,-132.79017801821357,-132.95091472233324,-133.61348482756517,-132.7913049926095,0.22150686058438585,0.14539777381851143,0.20002240769890714,0.9030077315492717,1.0,0.14539987937239568,0.656412532726063,0.14539773943264453,0.6564028718977457,0.9999997635048596,0.7269072555686418,0.2869546627324282,1.0,0.7648815381070171,0.7058146147192594,0.9227763771969961,0.9908782202894522,1.0,1.0
859,-145.06602376514005,-145.06414596713154,-145.06601962727484,-145.064142345104,-145.06601618341392,-145.06601999383489,-143.58483989341403,-145.03336735828915,-145.02717295496706,-145.04868448083,-145.0333655293622,1.0,1.0,1.0,1.0,1.0,1.0,0.9990653289361769,1.0,0.9990634255082534,0.9999998167199945,0.9990616161922665,1.0,1.0,0.48468129273113303,0.4861847755289025,1.0,1.0,1.0,1.0
860,-157.70654427088954,-157.67877019604285,-157.7065236582591,-159.10021198118866,-157.70651837567894,-157.70653232121282,-157.17605503469326,-157.69859676699548,-157.65676760001267,-157.70620999273922,-159.08910731068158,1.0,1.0,0.4981600564257779,0.4912899025301377,1.0,1.0,0.9862217118008992,1.0,0.9862148351307266,0.9999956685325219,1.0,1.0,1.0,0.7700723048417271,0.7863476491203083,1.0,0.9901356891713277,1.0,1.0
861,-143.6047605535046,-143.58992410570545,-146.1234806055055,-146.1097824204889,-146.14339258301231,-146.15091662340075,-139.09380252869718,-143.5405614050441,-145.99945831257088,-146.12844339385515,-146.06346071158612,1.0,0.28383561580161576,0.2857863047904889,0.283674122002656,1.0,0.2810237721708528,0.2789467881985582,0.2799685412095229,0.2778993562137236,0.9863756541575256,0.9796429588001742,1.0,1.0,0.10824269054929075,0.03165598996385189,0.2924538350184172,1.0,0.9900934080354156,1.0
862,-144.4353619557753,-144.4250434059499,-144.48664332531652,-144.48687175180999,-144.55396549597586,-144.5727717091726,-140.14063305345803,-144.43728709469843,-144.5540965535609,-144.55415443842958,-144.48724187626397,1.0,0.9746852459494629,0.9745739303399606,0.9695587838946809,1.0,0.9424223313604096,0.9375726366805758,0.9336021671785998,0.9287978609640902,0.957849901861556,0.9579593072563836,1.0,1.0,0.1166791964698934,0.11005976417459076,0.9432681018075855,0.99389685593542,0.9668991454183496,0.999934473354446
863,-126.72293477914985,-126.72195435342618,-130.50916486884904,-130.50941214160957,-130.855255945313,-129.8684072093489,-130.12580581716495,-126.71431281241343,-130.50239782127238,-130.51614334281302,-130.5093641768122,1.0,0.1506019455788397,0.1505833268504271,0.15050952705710907,1.0,0.12667119278164057,0.12660911215132017,0.20747670408176902,0.20737502125804752,1.0,1.0,0.18242146652087757,1.0,1.0,0.8283694718744741,0.15046233311413001,1.0,0.841099311796929,1.0
864,-143.5251580231907,-144.9787885994984,-144.22616084731268,-145.6537064330933,-144.22615505019184,-144.22520522191328,-145.53254336834794,-144.97878853548428,-145.6427880841503,-145.6535146284367,-145.65358995140804,0.4834461778104534,0.7043348391807318,0.3449781473569319,0.7135812903089881,1.0,0.7043368807407809,1.0,0.7046714597261146,1.0,1.0,1.0,0.3665234879332551,0.5203824481543293,1.0,0.9463693451021206,0.7174874847676636,1.0,1.0,0.4924725691988828
865,-152.54495029204767,-152.81300435692597,-153.59073245567578,-153.87890527083889,-153.58599710430855,-153.5866098553789,-151.30206748976315,-152.81355033566635,-153.8400873481017,-153.87584209787374,-153.87954769080548,0.8745664226201835,0.5928042226398235,0.5132575621208122,0.5868708754940566,1.0,0.5942094536921444,0.6794331892046632,0.5940274303379388,0.679225059382276,1.0,1.0,1.0,1.0,0.46966226722565585,0.28110980266211427,0.5985360593744511,0.9997270478880194,1.0,0.8806939331200417
866,-144.52202280643348,-144.52182620163506,-145.24647939055126,-145.246281643428,-145.24622954013574,-145.24595424317266,-141.67131992051551,-144.52047246213465,-145.21064973179932,-145.2460380355475,-145.24611073173318,1.0,0.6961234302492347,0.6961922618548718,0.6961238278488893,1.0,0.6962103990455677,0.6961419632567434,0.6963062379457177,0.6962377927361625,1.0,1.0,1.0,1.0,0.24061039525901723,0.17039007601322564,0.7081575832573677,1.0,1.0,1.0
867,-123.02277176418977,-123.02260736346867,-123.16742032011561,-123.16739791368849,-123.16755030608945,-123.16655966969594,-121.54552232559098,-123.0043179000208,-123.14151439080874,-123.16738922842472,-123.1672917660552,1.0,0.9302291940681349,0.9302396156828338,0.9301631527937064,1.0,0.9301687376589336,0.9300922805957659,0.9306295812834434,0.9305530863403204,1.0,1.0,1.0,1.0,0.4821992892474448,0.45023030753897075,0.9337017237035601,1.0,0.9999350091250773,1.0
868,-151.25800618333028,-151.2388991061489,-153.83551070388086,-153.8356059082716,-153.8356564753745,-153.83585700636553,-151.84433543260144,-151.24722985616654,-153.8208048997098,-153.83560738581565,-153.8142713695443,1.0,0.2756144637482827,0.27560134420699556,0.27298091325413565,1.0,0.2755943761143187,0.27297401141442196,0.2755667448928876,0.27294664291198495,0.999826863747475,0.9998744588339815,0.7458993371826941,1.0,1.0,0.37223320217482747,0.2761565064090514,0.995843288133072,0.999927116909284,1.0
869,-148.75261036070825,-149.07873595979981,-150.7297839028563,-151.30649818770127,-150.72922258295176,-150.7298027121946,-151.30771964381955,-149.07879462663493,-151.18449346851347,-151.30651364652533,-151.3065285152802,0.849537836149122,0.3721021851843306,0.27888830620583127,0.32828238406661986,1.0,0.37220663402248044,0.43812837778910396,0.3720986857028421,0.43800131067679293,0.9999905953750665,1.0,0.2787180332923798,0.749036271190693,1.0,1.0,0.34894204842028775,0.9999706670126625,1.0,0.7964145455913851
870,-139.07929916340487,-139.71416763600695,-139.0793304140014,-139.7141655660393,-139.07931674330672,-139.07914160978842,-139.32791095948681,-139.71416776474828,-139.6409264423243,-139.7141657428026,-139.71416623491592,0.7280145561301723,0.9999843748238137,0.7280153096138521,1.0,1.0,0.9999912100877062,1.0,1.0,1.0,1.0,1.0,0.8831096580462969,0.883123457005907,0.8243761152810594,0.855124897797381,1.0,0.9999999356293351,1.0,0.7551756940088366
871,-152.3008230981358,-152.29222181375584,-152.3003271592732,-152.29232144202874,-152.29516255660172,-152.30091386287552,-150.4575045257037,-152.28194585792562,-152.256327694017,-152.29226909763452,-152.2837338553838,1.0,1.0,1.0,0.9999501871042575,1.0,1.0,0.9985307090434937,0.9999546186599021,0.9956634057385182,0.9997066912222708,0.99571300508663,1.0,1.0,0.40163134389174837,0.4068089621675859,1.0,1.0,1.0,1.0
872,-143.30884010971974,-143.32198688777336,-148.27091420087527,-148.31408561546866,-148.2709128311968,-143.30781412728726,-148.1104398450181,-143.33761721129582,-147.1240422791119,-148.26405217275857,-148.27302019216614,0.9934481684337819,0.08365642506625785,0.08186999203563128,0.082409928003293,1.0,0.08365648235747969,0.0842082003023551,1.0,1.0,1.0,1.0,0.09064541994578082,1.0,1.0,1.0,0.15058726425261088,0.9922152972165195,1.0,1.0
873,-146.0012590753446,-146.00105885801068,-152.4276182630415,-152.42743060841033,-152.42764082852688,-152.4287062475364,-144.90792033411992,-146.00101220822242,-152.40222043333824,-152.42743150482278,-152.42738213669588,1.0,0.040228499415675786,0.04023227412486848,0.040228246727129297,1.0,0.04022804553042861,0.0402240185559872,0.04020662137514855,0.0402025965453434,0.999456155689498,0.9993623838006198,1.0,1.0,0.5789460769743368,0.023584865863919214,0.04073758645568071,1.0,0.9999887173209595,1.0
874,-138.9145751174305,-138.91452352979388,-138.91347122504234,-138.90722996261934,-138.91431439524007,-138.91371150701997,-139.29138980671846,-138.91451834861425,-138.90876803589475,-138.91447178070297,-138.91447131888302,1.0,1.0,1.0,1.0,1.0,1.0,1.0,1.0,1.0,0.9998798662278271,0.9967644734337479,0.8282772442063131,0.8278202058756174,1.0,1.0,1.0,1.0,0.9995785037556478,1.0
875,-130.2855642976288,-130.28546138192442,-130.50537008149854,-130.50526715728762,-130.50520822653792,-130.28556727731436,-126.40465676600866,-130.28374442252712,-130.47857161870644,-130.50510519741934,-130.50510519057343,1.0,0.8959211322400724,0.8959672394142401,0.8959211360506635,1.0,0.8959936398137507,0.8959475350917012,0.9999985101583362,0.9999470537067364,1.0,1.0,1.0,1.0,0.1437695184127704,0.13042493527332172,0.9071807203169754,1.0,1.0,1.0
876,-125.04151971305495,-125.03656436825793,-125.04079957666039,-125.04145908123624,-125.04151081085936,-125.04151500790715,-124.0912029638099,-125.04140124980864,-125.02888523463207,-125.04145440752069,-125.0413974171895,1.0,1.0,1.0,0.9975556358461345,1.0,1.0,0.9975298345912647,1.0,0.9975277412532688,0.999642348349225,0.9999720370555152,1.0,1.0,0.6218234039715165,0.6257269811203235,1.0,0.9975844812964401,0.999644446124779,1.0
877,-136.11540576907103,-136.12188204039714,-137.86213544052362,-137.86803195066068,-137.80983386072796,-137.7140805597701,-135.12460014399022,-136.14834555503592,-137.53737050997557,-137.81609650388373,-137.82128326923282,0.9967671014438865,0.41754421515898876,0.4163150012188067,0.41766527066929204,1.0,0.42860735060197563,0.4299974888628527,0.4496267902380221,0.4510851026149504,1.0,1.0,1.0,1.0,0.5993720797451776,0.29927715863407534,0.49931781734196357,0.9868553975539589,1.0,1.0
878,-125.72676088365415,-125.70452561600462,-127.47509897616976,-127.46367542188159,-127.47492955525277,-127.47290957261447,-127.1877517959519,-125.71509123550874,-127.30179036501323,-127.47498735692216,-127.47498726691063,1.0,0.4172085566919135,0.419598377555234,0.41495927216100825,1.0,0.41724390011699664,0.4126308259697167,0.4176655257173406,0.413047790051567,1.0,0.9953935669409515,0.48167028445683513,1.0,1.0,0.9445758534888669,0.45232715588773853,0.9947311197476176,1.0,1.0
879,-136.88202288510405,-138.77688549691572,-137.27316506897404,-139.19615180113718,-137.07516382468168,-137.0750971558076,-134.95208682213186,-138.77688547429506,-138.9407328999993,-139.19608794159154,-139.1961703217515,0.3877357198258337,0.8223648779755448,0.31440778476944486,0.8108816616397199,1.0,0.9079459125885551,1.0,0.9079761789588625,1.0,1.0,1.0,1.0,1.0,0.14772551935308653,0.13610576128815327,0.9213422425873472,1.0,1.0,0.39345658890356366
880,-137.15558991959307,-137.1553382247186,-137.15558560786374,-137.1449534868735,-137.15558288165187,-137.15558718377096,-135.51068937483137,-137.1542389913502,-137.1270978336419,-137.1554039315517,-137.1551692833939,1.0,1.0,1.0,1.0,1.0,1.0,0.9998776790151909,1.0,0.9998755282210764,0.9999992120467005,0.9946972609730235,1.0,1.0,0.4396506660252808,0.445657646974023,1.0,1.0,1.0,1.0
881,-158.78782757248828,-158.9253398186454,-158.89637062880087,-158.90066198969015,-158.89634021962053,-158.8962236235034,-157.20700000886256,-158.9252577928703,-158.36322072840545,-158.90056616456621,-159.03886416840498,0.9335543246731427,0.9471748869314662,0.9451447311106376,1.0,1.0,0.9471892884469256,1.0,0.947244509353153,1.0,1.0,1.0,1.0,1.0,0.4235308627918063,0.5609573732985099,1.0,1.0,1.0,1.0
882,-129.9817522162466,-130.07408010521345,-130.44608064373273,-130.54830156995968,-130.41044746125777,-130.41041981394517,-129.47371627774783,-129.98678884702497,-130.1868672286705,-130.41599070041173,-130.45655717991127,0.9548854011635833,0.7928159213464976,0.7533128418359932,0.7889039259769159,1.0,0.8070677813291053,0.8451985760235168,0.8070789380338408,0.845210259838896,1.0,1.0,1.0,1.0,0.7737269196484994,0.7000696313971813,0.904801957407944,1.0,1.0,1.0
883,-134.43320846884342,-134.43219229117705,-134.4332048434269,-134.42012938902678,-134.43319857374274,-134.4331975037681,-131.06082932613316,-134.40054072688596,-132.99162968339186,-134.43218674387867,-134.42983496110566,1.0,1.0,1.0,1.0,1.0,1.0,0.9994969852715008,1.0,0.9994975199898594,1.0,0.9934872431639817,1.0,1.0,0.18827423157943218,0.38083076890647466,1.0,1.0,1.0,1.0
884,-137.817442481263,-137.92589688327726,-138.12393399857282,-138.12504556986528,-138.21778196874064,-138.26368820052065,-136.32820457332818,-137.92582451508673,-137.99974024924146,-138.2274923568058,-138.12803251471365,0.9472168734245188,0.8579188549174592,0.8574421684122975,0.9052226501332746,1.0,0.8185917904532141,0.8642073567521235,0.800016553519563,0.8445970252063021,0.9325084172401514,0.9330268360849713,1.0,1.0,0.4498639969584953,0.43354146400580196,0.963716738696475,1.0,0.9541599252203999,1.0
885,-141.73335778988695,-141.75117451625954,-141.93457287913964,-141.95250520144648,-141.93457287642286,-141.93457228740795,-140.81418035783003,-141.7536708719004,-141.8701027389027,-141.75118087670938,-141.94472137040134,0.9911311987166106,0.9042878558835887,0.8962161056207795,0.9042355913942229,1.0,0.9042878571119617,0.9123795702152248,0.9042881234315194,0.9123798389178527,1.0,1.0,1.0,1.0,0.6251615034947027,0.5898062472328045,0.943446203798123,0.9987526008295086,1.0,1.0
886,-153.7356876283355,-153.73546244674304,-153.73568743898812,-153.73546222413086,-153.73549638646605,-153.7333640548495,-151.65156570859958,-153.7349541624005,-153.66762322815018,-153.7354617205148,-153.7349539407174,1.0,1.0,1.0,1.0,1.0,1.0,0.9999830302824819,1.0,1.0,1.0,1.0,1.0,1.0,0.3528563565211574,0.3649376507787329,1.0,1.0,1.0,1.0
887,-133.60663147427476,-133.6069483907047,-134.14223768047964,-134.14211127930653,-134.14211076868315,-134.14190304972942,-130.5301164236939,-133.60653607207269,-134.12163502254157,-134.1279155511872,-134.14199740847445,0.9998415543388709,0.7650584038999787,0.7651067575678261,0.7652280046249335,1.0,0.7651069529085505,0.7652281999966135,0.7651864206430932,0.7653076803244694,1.0,1.0,1.0,1.0,0.21476522501079326,0.16600135974506086,0.7729433838123388,1.0,1.0,1.0
888,-129.21866655348936,-130.0041362447712,-129.82185055796563,-130.65448969786377,-129.82185004739122,-129.79461764463034,-130.2060868095202,-130.00412241882324,-130.6545305514135,-130.65456488625603,-130.65455032447582,0.6752077581327272,0.7396397747095464,0.48776986514105614,0.7223996751606847,1.0,0.7396399635301414,1.0,0.7497799274552361,1.0,1.0,1.0,0.610357683043157,0.8252093842341588,1.0,0.7991378092362059,0.7223799252049843,1.0,1.0,0.6594558511273818
889,-140.33724885055133,-140.33507412388462,-142.63544961146482,-142.63191319483565,-142.62916155192462,-142.6316497328394,-139.62881738003313,-140.32564433734987,-142.6206442865957,-142.63466746338307,-142.63457613922395,1.0,0.3169217501728259,0.317482629576232,0.3171375982270686,1.0,0.31791972960660664,0.31757422322920836,0.31752445463467965,0.3171793778311987,1.0,1.0,1.0,1.0,0.7058069797490072,0.22404385763440965,0.3174293596729267,1.0,1.0,1.0
890,-159.90707654424466,-159.90504346254218,-159.9066828777516,-159.90492341878894,-159.9070908252972,-159.90709195899782,-158.984366846939,-159.90218961915917,-159.6168494364241,-159.9048410880619,-159.9044247910115,1.0,1.0,1.0,1.0,1.0,0.999992859499229,0.9989768424055333,0.9999922926531195,0.9989762761353532,0.999795480293891,0.9989163175039927,1.0,1.0,0.6319712438485465,0.7288835531776521,1.0,1.0,0.9997960470284373,1.0
891,-142.0101441391526,-142.00882032666811,-142.56386557800414,-142.56222474052055,-142.60953417459842,-142.64349270821975,-142.03765652791026,-142.00838587304284,-142.59217648708815,-142.60809793780572,-142.56216748723662,1.0,0.7581600867292844,0.7587823506973266,0.7582802741050421,1.0,0.7410441915663765,0.7405538520874839,0.728568022356024,0.7280859381989853,0.9609685805264148,0.9601805072119359,0.9863379896969598,1.0,1.0,0.757857444029949,0.7468467214874404,1.0,0.977424431248094,1.0
892,-143.5562511057247,-143.54764582898042,-144.38429582947134,-144.37345840773017,-144.2657085072482,-143.61892087496494,-142.19011138093708,-143.54275906215656,-143.5320291320237,-144.25476476404936,-144.37242898232034,1.0,0.6609861702116413,0.6645775847883616,0.6617242905193389,1.0,0.7013636968362584,0.6983524652472172,0.9691509649731829,0.9649900167897494,1.0,1.0,1.0,1.0,0.5084828246264725,0.5112181481140892,1.0,1.0,1.0,1.0
893,-146.14243294603943,-146.1579938704923,-146.14242889524274,-146.15798956320464,-146.14242405043228,-146.14242822080615,-146.74263442002598,-146.17504102558442,-146.62321313173473,-146.15788893668548,-146.1750372361268,0.9922497272230975,1.0,0.9922518641779053,1.0,1.0,1.0,1.0,1.0,1.0,1.0,1.0,0.740743596640369,0.7407420963410336,1.0,1.0,0.799246353803467,0.9915126451523156,1.0,0.7863175656140877
894,-128.45013361994347,-128.449691141311,-128.4501277449353,-128.4499191989665,-128.45012538177787,-128.4501281329744,-127.18358747007,-128.4498359214732,-128.4213336018213,-128.4499167340836,-128.44983014832968,1.0,1.0,1.0,0.9998859776732871,1.0,1.0,0.9997829033354625,1.0,0.9997815280367728,0.9999998059804558,0.999895538452537,1.0,1.0,0.5309304605663101,0.5385510072562367,1.0,0.9999276125389976,1.0,1.0
895,-142.92482440662377,-142.90259706868295,-145.82637397209973,-145.8261345025061,-145.8260568362194,-145.80814806698388,-145.80700269483057,-142.9244753315292,-145.6782333502438,-145.82613445843862,-145.80439736249957,1.0,0.23438861747045892,0.23441668362416077,0.2318258775483691,1.0,0.23442578693759356,0.23183488025070462,0.23653435196037184,0.23392014111702203,1.0,1.0,0.2366698506858028,1.0,1.0,1.0,0.2523649539062693,0.9891204832992407,1.0,1.0
896,-130.28809949152406,-130.99258074317376,-131.63992777794118,-132.33929495022613,-131.63982949532186,-131.63976406336423,-132.79038744946357,-130.98068867932255,-132.30503315236206,-132.3332065023131,-132.3331855710529,0.7031109149754947,0.5086911913990153,0.3585820663102307,0.5099935994063302,1.0,0.5087161897645942,0.723521963504612,0.5087328331849346,0.7235456346210545,1.0,1.0,0.28617722879905966,0.5625755539662638,1.0,1.0,0.5157298296754891,1.0,1.0,0.7170556484307603
897,-141.87582523830093,-141.90878339285928,-141.87582391018424,-141.90878206590094,-141.87429667050571,-141.87582468268414,-140.6229188474967,-141.87101864778793,-142.38407653654818,-141.9087815123458,-141.9221982190743,0.9836559599344118,1.0,0.9836566125698685,1.0,1.0,1.0,1.0,1.0,1.0,0.9999996137501235,1.0,1.0,1.0,0.5357702219883076,0.41454288633916225,0.7737325990249027,1.0,1.0,0.7750017953729369
898,-148.5951127847744,-148.79610682539825,-148.5950944527316,-148.61307381349556,-148.59509188467877,-148.59510919455488,-147.70617702803617,-148.61660446566214,-148.30164289962264,-148.6130711567509,-148.58295171110933,0.9043878072023116,1.0,0.9910596900164933,1.0,1.0,1.0,1.0,1.0,1.0,0.9999926291155187,1.0,1.0,1.0,0.6343123889700228,0.7424996083402986,1.0,1.0,1.0,1.0
899,-143.20634824824015,-143.20634804771788,-143.20634464483197,-143.20634449778777,-143.20634044122423,-143.20634406420086,-141.80269313178383,-143.20634777426713,-143.20326454991445,-143.20634029193357,-143.17979949107607,1.0,1.0,1.0,1.0,1.0,1.0,1.0,1.0,1.0,1.0,1.0,1.0,1.0,0.4956787114874539,0.49644344513453253,1.0,1.0,1.0,1.0
900,-154.1367503328831,-154.1368914441977,-154.73849744987092,-154.7382654722945,-154.73849088252945,-154.1371212866622,-153.76995409370716,-154.13672590871454,-154.71302613149544,-154.73825953843993,-154.73823766654363,0.9999294468317037,0.7401713552111506,0.7402572117688118,0.7403094429455315,1.0,0.7401737856941599,0.7402260109844904,0.9998145403102335,0.9998850853709388,1.0,1.0,1.0,1.0,0.8324468462588138,0.6240429899131936,0.7496490529308513,1.0,1.0,1.0
901,-139.25414116506877,-139.2541840855568,-139.25414166440345,-139.25418447269345,-139.25391907095099,-139.2541420125188,-137.72848118576042,-139.25394845894527,-139.25288560652538,-139.2541854640052,-139.2538279207492,0.9999785399862555,0.9999997503326937,0.9999783464221025,0.999999806431693,1.0,1.0,1.0,0.9999995762750774,1.0,0.9999998259423402,1.0,1.0,1.0,0.46638974274243006,0.46663766034489473,1.0,1.0,1.0,1.0
902,-149.90489821683926,-149.90460799317637,-149.90489550874088,-149.90460776301757,-149.90482154107087,-149.90482425190368,-145.72111615597325,-149.90304768453336,-149.75296861675025,-149.90460302473207,-149.90304744730525,1.0,1.0,1.0,1.0,1.0,1.0,0.9998932317528832,1.0,0.9998918764821159,1.0,0.9998917614151632,1.0,1.0,0.12356774086275103,0.13319697512726142,1.0,1.0,1.0,1.0
903,-140.99083770739495,-140.99040411847164,-142.58528614949893,-142.4995900581918,-142.58540946033497,-142.58537961714728,-142.50726586380736,-140.9904487540818,-142.20800252537362,-142.5016173073589,-142.56999533834488,1.0,0.45057793462763585,0.4703039103880158,0.4702019621562564,1.0,0.4505501549131189,0.45045248872196497,0.45055687788969556,0.45045921024119584,0.9999532672678305,0.9580121873066538,0.4685023889332468,1.0,1.0,1.0,0.544015855916346,0.9999776824439643,0.9999383464826336,1.0
904,-133.75625808681787,-133.7561547882088,-133.75630680545612,-133.75554488392538,-133.75625578957397,-133.7549194565791,-132.89708055121199,-133.75594345368052,-133.7374961307356,-133.75615998420471,-133.75593009754482,1.0,0.9999756409775586,1.0,1.0,1.0,1.0,0.9999495005925476,1.0,1.0,1.0,1.0,1.0,1.0,0.6508790460239329,0.6569103063964099,1.0,1.0,1.0,1.0
905,-167.5510382217234,-167.54193705562918,-169.25468054036497,-167.55102938515103,-169.2549387409201,-169.25506989813522,-166.42137295279346,-167.53406006704813,-169.25300801456024,-167.5506124708944,-169.24000354494245,1.0,0.4266372496182147,1.0,0.9954641534041443,1.0,0.42658217418607414,0.42464538667445084,0.4265542004383306,0.4246175399343707,0.9998053400635817,0.42655231580396435,1.0,1.0,0.5733014802283798,0.24272709541575044,0.4233847352339958,1.0,0.9998709080555206,1.0
906,-130.30059980555905,-130.29542573644218,-132.0595041636668,-132.0519584750106,-132.05873365290208,-132.05946217186207,-132.0338326535655,-130.29502013883945,-131.90245376472936,-132.05204593912694,-132.0521497156807,1.0,0.41501020069985517,0.4165789270009149,0.4155026157479429,1.0,0.41517011641562407,0.4140974450939784,0.4150189143049824,0.4139466336428794,1.0,0.9962551809637529,0.42037150456213745,1.0,1.0,1.0,0.4476619922372377,1.0,1.0,1.0
907,-149.91696286022363,-153.00029158823622,-149.91695681787536,-153.0003474836735,-149.91695379216324,-149.916934695789,-151.17200806511244,-153.00042781345417,-152.84024732565024,-153.00039978202147,-153.00035435851993,0.21402459000282212,1.0,0.21401860858738356,0.9999720526718985,1.0,1.0,1.0,1.0,1.0,1.0,1.0,0.5339128783740881,0.5339112653327449,0.40083320967605474,0.4342566195802883,1.0,0.9999318897106394,1.0,0.23185415047701038
908,-135.31444185479748,-135.2939439932897,-140.66630374345777,-140.66601411297478,-140.66481725092441,-139.97323739443453,-139.18856670932504,-135.30879111835705,-140.21797054251905,-140.666013945207,-140.66601095910158,1.0,0.06884270982350099,0.06885268001905016,0.06815061750974705,1.0,0.06889389593015043,0.06819141315912386,0.09735435917217011,0.09636167674247974,1.0,1.0,0.14412671122489482,1.0,1.0,0.5976787261764844,0.08589843130087234,0.9926039240484952,1.0,1.0
909,-128.4216368050983,-128.42398952183737,-129.50867158030843,-129.51137146297978,-129.50859157382038,-129.4042059571651,-128.23269921889323,-128.43440370594953,-129.37090872783207,-129.51087189140173,-129.51176985326387,0.9988243332687413,0.580702101556562,0.5799187166667458,0.580601310311404,1.0,0.580725331989079,0.5814088750607465,0.6118399342429657,0.6125601007743424,1.0,1.0,1.0,1.0,0.9040666047093978,0.566031949512903,0.6260954077546619,0.9948064413476756,1.0,1.0
910,-131.121496644347,-132.07966082322025,-136.54742266998284,-137.74343739655788,-136.55136946819727,-136.54923542136015,-134.58259142403685,-132.0795686161373,-137.74907034784627,-137.74535289482063,-137.74311900792728,0.6193516403787024,0.06633994909370923,0.036480756518066274,0.058901525627283596,1.0,0.06620916298643215,0.10690076310437892,0.06627984741812729,0.107014889599066,0.9990940349457146,1.0,0.17718739283971446,1.0,1.0,0.20530892931786637,0.05873315644604847,1.0,0.9980285467645994,0.5494428908578819
911,-148.05757983040294,-148.04739217461622,-149.0054218853983,-149.00498475630135,-149.00269723161247,-149.0010690906691,-145.85976072311294,-148.05369561437888,-147.01193262259937,-148.0472233411878,-148.98078043606776,1.0,0.6225564154643665,0.6226924990972004,0.6195286755037435,1.0,0.6234051187859294,0.6202376744599478,0.6239128211097307,0.6207427972110182,1.0,1.0,1.0,1.0,0.3338820655104798,0.5620941312743212,1.0,0.9968532415740335,1.0,1.0
912,-140.18586104475344,-140.1875323970415,-146.32916397973128,-146.32898070340718,-146.32891606870686,-144.88309877378896,-145.00663122699535,-140.19158862987155,-144.88155919375316,-146.32389822839627,-146.32378788940827,0.9991646729360274,0.046344555097801964,0.04634880222224837,0.04638755099902927,1.0,0.04635030011692321,0.04638905014598213,0.0955009709513054,0.09558081219052467,1.0,1.0,0.08978071415851414,1.0,1.0,1.0,0.09584861282567433,0.9979739388234216,1.0,1.0
913,-146.6810304266595,-147.53148264313762,-147.0842278198037,-147.9376090413435,-147.10656350795523,-147.20051167082875,-146.5069536283205,-147.5317781875793,-147.96238062361658,-147.96644733523414,-147.9363014321318,0.6536219791056912,0.8174228967408468,0.5335036816419612,0.8162266550031254,1.0,0.8083448308499984,1.0,0.7712516054957657,1.0,0.9435160289378105,1.0,1.0,1.0,0.5990487613257235,0.48301213682266086,0.8062985319487714,0.9998522386969347,0.988894284797938,0.6518710205736902
914,-149.22261390540268,-149.76896788393907,-149.4241085285772,-150.01283656395103,-149.42410653360827,-149.42409747376365,-150.0100272701426,-149.76896788994065,-149.9284509956279,-150.01283941878603,-150.0128399645071,0.7609580942934131,0.9041614751503122,0.6736050431137839,0.8852064892472942,1.0,0.9041623770377856,1.0,0.9041664728323837,1.0,1.0,1.0,0.674551885185974,0.7460524516086391,1.0,1.0,0.9233549540137623,0.9999999969992075,1.0,0.7771108839500751
915,-138.44821391027983,-138.44170768210017,-139.957365467014,-139.94116576460397,-140.1182985164996,-139.95753802412116,-139.8256667381061,-138.43920956997948,-139.10911096505643,-139.9416766981489,-139.94104648158918,1.0,0.47021004569948177,0.47403414350891304,0.4724945619326133,1.0,0.43385612758134073,0.4324470373081286,0.47016947840692824,0.46864244859988624,0.9999137251683058,0.9918472853592828,0.5022152763254604,1.0,1.0,1.0,0.7153733551504524,1.0,0.9226857902109238,1.0
916,-141.31474686619737,-141.3148715604455,-141.31455689939474,-141.29707149035937,-141.31434839279007,-141.3150378528767,-141.54081339793524,-141.31461011136903,-141.30073117253207,-141.31477537716586,-141.31398088074405,0.9999376548194701,1.0,1.0,1.0,1.0,1.0,1.0,0.9998545172439697,0.9999168572409494,0.9997595521712296,0.9910570469648295,0.8931209491773993,0.8930361215405366,1.0,1.0,1.0,1.0,1.0,1.0
917,-129.30448137786536,-129.30091367892842,-129.30437079232823,-129.3925276007466,-129.3038078376606,-129.30383913947622,-128.5827339029214,-129.30437613511026,-129.29342416174995,-129.3992581619097,-129.30437953713232,1.0,1.0,0.9569318411440506,0.9552263404184071,1.0,1.0,0.9985539671484008,1.0,0.998538338994613,1.0,1.0,1.0,1.0,0.6971036879443581,0.7009314893839054,1.0,0.9982702696200155,1.0,1.0
918,-124.32076026783022,-124.31111650548888,-124.32075607076985,-124.31111814465226,-124.32076099271575,-124.32075995997653,-123.10308828566417,-124.30823907031683,-124.30592962629325,-124.32064658899714,-124.30824262152444,1.0,1.0,1.0,0.9999991804186498,1.0,0.9999996375573037,0.995189364736375,1.0,0.995189878622052,0.9999980553985501,0.995190694261785,1.0,1.0,0.5474000492929503,0.5480325092665743,1.0,1.0,0.9999975390300775,1.0
919,-128.41871060493133,-129.03406523669372,-129.24930437241846,-129.91577377111042,-129.24938145891016,-129.24936029763086,-129.67453467276772,-129.03403464425278,-129.77980336543004,-129.91580279095166,-129.27588677117998,0.7351525017765175,0.6601442655087228,0.47306069329412814,0.6434864768207457,1.0,0.6601188218963435,0.8979345378015406,0.6601258064126767,0.8979440385735794,0.9999720377847533,1.0,0.5337049963755103,0.8084672158202033,1.0,0.948726854521484,0.6887448742908704,1.0,0.9999614574969313,0.7670441224492865
920,-148.23787152058173,-149.578663419154,-148.55375333164622,-149.90506555137165,-148.5533647387477,-148.5534449842777,-148.27162103407366,-149.57890677009402,-149.9332938572214,-149.90432684131656,-149.90484594772641,0.5115060072469374,0.8539002412578094,0.4344836278625751,0.8494203815925498,1.0,0.8540661671615978,1.0,0.8540319003529223,1.0,1.0,1.0,0.9832668244602142,1.0,0.520147492599589,0.43568472213578413,0.8376176533281414,0.9998783319321474,1.0,0.5015938456197236
921,-155.5244445334905,-155.52423745774666,-155.52437287278053,-155.5241689213,-155.52177587784402,-155.52450141920113,-155.0507061652006,-155.5239985743997,-154.45276397414654,-155.52416731579348,-155.50480560717753,1.0,1.0,1.0,1.0,1.0,1.0,1.0,0.9999715575491841,0.9998680279818406,0.9999357288551797,0.9998337648680277,1.0,1.0,0.7892704788916153,1.0,1.0,1.0,1.0,1.0
922,-147.71677346167746,-147.71977977685157,-147.71660499430098,-147.71913624381742,-147.71676627020616,-147.71677084514184,-145.81966309354124,-147.7206072092152,-147.6844462590901,-147.71892885638226,-147.72030646246276,0.9984979715884663,1.0,0.9988193064977258,1.0,1.0,1.0,1.0,1.0,1.0,0.9999170780177885,1.0,1.0,1.0,0.38655850240713435,0.3936112299734551,1.0,0.999586369386928,0.9999193652985597,1.0
923,-140.3260101094877,-140.39626982402916,-141.58623223899568,-141.58687799666166,-141.58608617862942,-141.58549714854234,-136.62990791063993,-140.9048438914258,-143.7269499345689,-141.58673054178578,-141.6737846280728,0.9654800335147137,0.5325326521142806,0.5323607363485119,0.5513948687374888,1.0,0.5325715444915295,0.5516132141570727,0.5327284179227996,0.5517756964724232,1.0,1.0,1.0,1.0,0.11795312368001598,0.02876715448432537,0.24388633032190904,0.7754691843107037,1.0,0.34286041158072716
924,-129.39282135961201,-129.39260626967072,-129.39224332805136,-129.39260319631822,-129.39281577476552,-129.39281918202195,-128.09087324878243,-129.3924701127499,-129.35907422927335,-129.39250637368013,-129.39246669932692,1.0,1.0,1.0,1.0,1.0,1.0,0.9998952529389558,1.0,0.9998935494906424,0.9997121144617024,0.9998920129791518,1.0,1.0,0.5216291250720304,0.5304123849130021,1.0,1.0,0.9997138176009177,1.0
925,-136.7891608100049,-136.77310586480223,-136.78784801386564,-136.77204783968472,-136.789137386247,-136.78915906311258,-135.62368799475863,-136.78902097395996,-136.77505964298467,-136.7890479928648,-136.78901558721654,1.0,1.0,1.0,1.0,1.0,1.0,0.992016279820662,1.0,0.9920055279771572,0.9993446901858575,0.9914808833785264,1.0,1.0,0.5584073921108859,0.5623190845446084,1.0,0.9920740229431063,0.9993555215748097,1.0
926,-143.65295250122784,-143.65564134597983,-143.88381923775452,-143.65655040372468,-143.8838099262537,-143.88377516223193,-142.4428884725784,-143.65687911173933,-143.65227662721352,-143.88495906627466,-143.88569108704428,0.9986564809549044,0.8909799377998264,0.9982026658945136,0.9995455744101746,1.0,0.8909840859896991,0.8921827505067107,0.8909995732193762,0.8921982585717684,1.0,0.892603880616698,1.0,1.0,0.5449859199643258,0.546241508748919,1.0,0.9993813085887594,1.0,1.0
927,-138.97617708540807,-138.9769708625443,-139.57530544231508,-139.57618302245783,-139.575305210983,-139.57530383269133,-138.50399440859204,-138.97710025361306,-139.60237033867014,-138.9769657298723,-138.97709617422885,0.9996031901817302,0.7411411555902088,0.740816021547663,0.7411101013122827,1.0,0.7411412413150766,0.7414354501813218,0.7411417520696526,0.7414359611386507,1.0,1.0,1.0,1.0,0.789344107124748,0.5774185040693034,0.7315168363929371,0.9999353065583342,1.0,0.9865585896550667
928,-152.72570505011987,-152.7095050574427,-152.7985689009169,-152.79827224140087,-152.72623866452642,-152.72586424805672,-150.56978726005494,-152.68794220494084,-152.56626005381608,-152.79626508523523,-152.79800120061773,1.0,0.9642237308084103,0.964366764488891,0.9565869480060512,1.0,0.9997332283866018,0.9916681007452869,0.9999204041994875,0.9918537665585253,1.0,1.0,1.0,1.0,0.3467755728345697,0.3685288069449078,1.0,1.0,1.0,1.0
929,-149.71144851212966,-149.67767495267185,-149.99209936325275,-149.99198117679657,-149.9922803999752,-150.10486553371624,-150.14372927090318,-149.67814987646534,-149.9782978099715,-149.99198086852158,-149.99198099231126,1.0,0.8690753700351761,0.8691267280216833,0.8545732033345638,1.0,0.8689967063172137,0.8544453588431804,0.8214300364089374,0.8076751926926127,0.9451769831835067,0.9451211312747064,0.8056222011846019,0.9269877262221736,1.0,1.0,0.8606443150051317,0.9997625662950995,0.9999094857354442,1.0
930,-145.2209730753395,-145.20897422339237,-146.4581956748727,-146.4831308151736,-146.45819035255687,-146.45812005068152,-145.25357769928675,-145.25846193768828,-146.6545011158438,-146.48312474002438,-146.48497172854434,1.0,0.5386920001106932,0.5320175135811349,0.5288352692562985,1.0,0.5386934336570839,0.5354712575476115,0.5387123695692028,0.5354900801952285,1.0,1.0,0.9838298515492648,1.0,0.997560860346367,0.4963560791671806,0.4975697212046183,0.9755597626881931,1.0,0.9065080381014612
931,-136.217424625989,-136.20797582626298,-136.2173999858152,-136.21719660405773,-136.21740460861918,-136.2174216937068,-135.6845195833426,-136.20750013241596,-136.18419157787648,-136.20893560256405,-136.21718447098095,1.0,1.0,1.0,0.9954002226314946,1.0,1.0,0.9952967041212839,1.0,0.9952882017919008,0.9999891461131084,0.9998874615083994,1.0,1.0,0.7699033630548453,0.778928519002571,1.0,1.0,0.9999976886006859,1.0
932,-135.89808817389286,-135.90381642910268,-136.4589472556479,-136.46465540819463,-136.64286518027006,-136.9391217127585,-135.0405764897903,-135.90682150925093,-136.17921217941523,-136.63862911418676,-136.46520572293014,0.9971399700955141,0.7554591711573008,0.7533061070275551,0.7554667645660593,1.0,0.6890864782199357,0.6910629388910461,0.5942133972936976,0.5959177398502833,0.7865592476472449,0.7888073543414962,1.0,1.0,0.6484810417008398,0.5659113464207441,0.8726721523523164,0.9984985881740591,0.9121425810005226,1.0
933,-145.80786838474106,-145.8100591584598,-147.02288668645065,-147.01695229907054,-147.02287889930426,-146.98165166176972,-146.6915975429146,-145.81129527632268,-146.97875348836425,-147.02470269911262,-147.02408612370397,0.9989052128578159,0.5447059610865503,0.5463246094111885,0.5469233740889011,1.0,0.5447080819432075,0.5453050749278064,0.5560530150241274,0.5566624419080651,1.0,1.0,0.642836683092046,1.0,1.0,0.8662532534273162,0.5578143343991512,0.9993821320276411,1.0,1.0
934,-139.99474796410522,-139.99451623637145,-140.7429521771444,-140.7427282032371,-140.7429603991042,-140.74295542995281,-138.59902280488737,-139.99440509726696,-140.0212150656498,-140.74272664919752,-140.72467372351412,1.0,0.6879066684871691,0.687983709373069,0.6879040015378678,1.0,0.6879038405224939,0.6878241419406707,0.6879055496737752,0.6878258508939343,0.9999983735971095,0.999886393095899,1.0,1.0,0.49773317128135175,0.4911055865671875,0.9866844624859898,1.0,0.9999958890285486,1.0
935,-138.406140732491,-138.40734827151317,-138.49510819223693,-138.49637150904806,-138.49511212320292,-138.40608470694656,-137.2302865351549,-138.4081489045602,-138.3414551268766,-138.4962577621862,-138.4967118072772,0.9993964127210464,0.9564911621997384,0.9558871772934381,0.9564644870906169,1.0,0.9564892822344725,0.9570669556740242,1.0,1.0,1.0,1.0,1.0,1.0,0.5549200749513667,0.5737369311259142,1.0,0.9995997635924581,0.9999980345189374,1.0
936,-135.02816263665534,-135.03587566126936,-135.29286174101313,-135.24779654616043,-135.27167301911405,-135.24967252626186,-134.75460357165983,-135.0374018237718,-135.05689450280556,-135.2576060480711,-135.2478643476105,0.9961509144863363,0.8760347217074698,0.8959981284861306,0.8994602278191459,1.0,0.8853650871127852,0.8887861008181901,0.895158085193867,0.8986169386346985,1.0,0.9990624497244397,1.0,1.0,0.8681427441506931,0.8597226295179893,0.9903010021227082,0.9992372098212341,1.0,1.0
937,-149.0485600885392,-149.03338358682885,-149.04855087847903,-149.04811169556854,-149.04854562925647,-149.04855376536884,-148.0307044884271,-149.02705229716952,-149.01560105957606,-149.04810779021827,-149.04801019242757,1.0,1.0,1.0,0.9926629938429753,1.0,1.0,0.9924476422490031,1.0,0.9924436049244455,0.9999985565561403,0.9997789895262637,1.0,1.0,0.607639254591128,0.6111283443961191,1.0,1.0,1.0,1.0
938,-139.2042513866046,-139.23532872202162,-139.5592798925014,-140.1797110239323,-139.55923623065434,-139.20449075130446,-137.16300893656805,-139.82118426169401,-140.1447697428299,-140.17966898722085,-140.17971126360698,0.9845814345077387,0.8373490645576924,0.6140187470392745,0.6236342932327029,1.0,0.8373673448606254,0.8504805346845525,0.999880324811714,1.0,1.0,1.0,1.0,1.0,0.2647186639101222,0.22517432406651133,0.8506174847685197,0.7460760279447636,1.0,0.746196166114311
939,-156.9006873463308,-156.8745487028444,-157.53779207506528,-157.53744727535616,-157.54183420176813,-157.78767066285837,-157.744189883689,-156.87377917830764,-157.38405401641376,-157.43541688529544,-157.51120333107352,1.0,0.7272009975384714,0.7273263776921346,0.717882561806147,1.0,0.7257327624510672,0.716309638525926,0.6417915873680766,0.6334583799192945,0.8825504771589971,0.8823983386997916,0.6558971612731461,0.9019475543808602,1.0,1.0,0.7748100169861581,1.0,0.9979809776219039,1.0
940,-149.7130555971542,-149.71278404088724,-149.71143069589033,-149.71276579671638,-149.7130320754379,-149.71301623308898,-144.14595699324593,-149.73984018344964,-149.65497924390883,-149.71276161256523,-149.71270351184455,1.0,1.0,1.0,1.0,1.0,1.0,0.9998759904144988,1.0,0.9998839106380236,0.9992075455586772,0.9998747896531718,1.0,1.0,0.060996329112583784,0.06364012410964645,1.0,0.9865630218410166,0.9991996306927369,1.0
941,-139.7586227082764,-139.7415693400375,-140.2805150677309,-140.26347685482742,-140.2225830171904,-140.20576870021316,-138.85312796662635,-139.72005026381134,-140.18708584151165,-140.20569039583842,-140.25710225026455,1.0,0.7703223774598887,0.7769128684841435,0.7703165402350051,1.0,0.7929618599092163,0.7862292687407701,0.7996565180351876,0.7928670863067429,1.0,1.0,1.0,1.0,0.6482614779972267,0.5132568189002547,0.7917435114082936,1.0,1.0,1.0
942,-135.26916891467036,-135.29440220049335,-135.76999788795771,-135.79536633652012,-135.77443930014692,-135.70424740917144,-133.55595219643362,-135.29439354022273,-135.39976514299806,-135.77660286904,-135.77208284084858,0.9874626132619206,0.7784780474381614,0.7686660178326117,0.7784254386031383,1.0,0.7767511946196586,0.7866132693913226,0.8044960300429671,0.81471036901888,1.0,1.0,1.0,1.0,0.41927817722343774,0.3977599989569024,0.9486780389834886,1.0,0.9977817578489392,1.0
943,-134.69737969595155,-135.46949989248424,-135.5886487030734,-136.36259946706826,-135.58864928497155,-135.58859021064245,-134.37695614585922,-135.47148845602948,-136.3576836352969,-136.36332966351932,-136.36365805901397,0.6797296738777913,0.6404177997162213,0.43491273137074726,0.6398319038944007,1.0,0.6404176133872825,0.9421651547647796,0.6404365297870772,0.942192984062987,1.0,1.0,1.0,1.0,0.5785292596867386,0.3714415565417612,0.6420445471381844,0.9990062123617187,0.9999997090509677,0.6807792539983561
944,-141.53837920021078,-141.53858515343651,-141.62706531795516,-141.62690828876885,-141.6376139974968,-141.64101282756627,-139.60236520618133,-141.53349708021454,-141.51224778457762,-141.6352128316846,-141.6268108220134,0.9998970286890441,0.9566257222328862,0.9567008342609263,0.9567993571450533,1.0,0.9515934358005069,0.951691432714959,0.9499776569370639,0.9500754874555143,0.9930505053948322,0.9929725394991882,1.0,1.0,0.38076764824393794,0.38483473784577704,1.0,1.0,0.9947395451372212,1.0
945,-134.9315563928221,-134.93144754944527,-135.18381245456294,-135.18375637945655,-135.18435509786377,-135.18380786579544,-135.11954005271622,-134.93135256270875,-135.18083966313378,-135.18370990845867,-135.20704781849528,1.0,0.8815019800925729,0.8815266955977089,0.8814787227319429,1.0,0.8812628419636319,0.8812148834568356,0.8815040025987099,0.8814560309679017,1.0,0.9999742571619075,0.9102901993295076,1.0,1.0,0.9698151378253634,0.8827232477495642,1.0,0.9997287151539741,1.0
946,-162.69102457258919,-162.70083092979937,-167.14985053355295,-167.14329556479743,-167.14277313209257,-166.08229551568581,-167.1335936335446,-162.71213970328046,-166.18199063418524,-167.1432954907644,-167.14329549794274,0.9951088223528346,0.10759156995337675,0.10794477814406402,0.10847535035297892,1.0,0.10797297876834616,0.10850368958950134,0.18348259400442277,0.1843844511101776,1.0,1.0,0.1084696866796843,1.0,1.0,1.0,0.1764133486854652,0.9943615692162784,1.0,1.0
947,-144.41341882983903,-144.42375223371408,-145.72948728007498,-145.74037646121667,-145.72946439726155,-145.72908859609058,-143.32652213746692,-144.4479357725383,-145.7586976796982,-145.74026938102034,-145.74091223419475,0.9948466225092378,0.5178683471442478,0.5150564278453698,0.5177244574106067,1.0,0.5178742723205273,0.5205568985240421,0.5179715903422756,0.5206547206601847,1.0,1.0,1.0,1.0,0.5708054659177926,0.2963874371876122,0.5192442169611213,0.9879810422621771,1.0,0.9854896633132673
948,-140.7241477415771,-140.71115124479223,-141.84020861127044,-141.84016068038025,-142.03935563108436,-142.0779856748173,-139.0767048283019,-140.6948714765253,-140.94839175239258,-141.8401719270143,-141.84015811941242,1.0,0.5723352059573215,0.5723489223896353,0.5686417151469749,1.0,0.5180912236715958,0.5147354533335735,0.508180303299796,0.5048887277813086,0.887906768638815,0.887885489812881,1.0,1.0,0.4452660438490229,0.3922548738634829,0.8809449525337835,1.0,0.9052234045344214,1.0
949,-144.8397433659641,-144.90256697833945,-144.83985491459072,-144.8402205496644,-144.8397453515302,-144.83974235946158,-143.33774413466747,-144.85234979599653,-144.4676851599654,-144.84032806138072,-144.84063878264303,0.9690764192288845,0.999944227242048,0.9997614366106231,1.0,1.0,0.9999990072174353,1.0,1.0,1.0,1.0,1.0,1.0,1.0,0.4689295051581832,0.5683769064397979,1.0,1.0,1.0,1.0
950,-133.49749366773594,-133.91558702989778,-133.49746263768048,-133.52660843425343,-133.49743008995057,-133.49731955214264,-130.96739908713485,-134.10825751205527,-133.4139259312818,-134.10814759905003,-133.58720553837327,0.8113573597208094,1.0,0.9855480631502104,1.0,1.0,1.0,1.0,1.0,1.0,1.0,1.0,1.0,1.0,0.2079559059331131,0.2942682766611487,1.0,0.9081595126558337,1.0,1.0
951,-150.73371652214186,-150.73533658617853,-150.7334182755562,-150.73315730490242,-150.7338231963019,-150.73358837817875,-149.2301863975659,-150.73630537641816,-150.73796866942638,-150.7353288294477,-150.7363009746537,0.9991902959690333,1.0,1.0,1.0,1.0,0.9999466643423783,1.0,1.0,1.0,0.9999149523054864,0.9997844865881867,1.0,1.0,0.4709235608025232,0.4705320816781643,0.9991686992179972,0.9995157221805628,0.999797560120871,0.9979294100727951
952,-142.34405063834257,-142.343780143111,-142.34514624352622,-142.3437720814892,-142.3440394605563,-142.3440466499099,-141.3148159671857,-142.3196478228841,-142.30265835720886,-142.34376869836285,-142.3436092961843,1.0,0.9994523474246203,1.0,1.0,1.0,1.0,0.9998703496826726,1.0,0.9998667554783857,1.0,0.9998627252126925,1.0,1.0,0.6050670940468331,0.6102288702749553,1.0,1.0,1.0,1.0
953,-135.83596323438695,-135.83571965891832,-135.83595449957164,-135.8357109667063,-135.84653818035383,-132.57687760645354,-135.22283468780645,-135.8355855001904,-135.79974722007177,-135.84629429340833,-135.83557680697862,1.0,1.0,1.0,1.0,1.0,0.9947264810970613,0.9946053429893827,1.0,1.0,1.0,1.0,1.0,1.0,0.7361102272423887,0.7494195794472969,1.0,1.0,0.9947221367304998,1.0
954,-151.02438003582097,-154.5674913906121,-151.02435725757002,-154.5674785407933,-151.02434608647735,-151.02384845042562,-154.56313642452702,-154.56749132528847,-152.9505003009517,-154.56747849681196,-154.56747847295364,0.17006821165230535,1.0,0.1700693043286673,1.0,1.0,1.0,1.0,1.0,1.0,1.0,1.0,0.17043893577551966,0.1704369946361482,0.9978249185446346,1.0,1.0,1.0,1.0,0.38171649437440236
955,-138.9466771118279,-139.71857913080186,-139.31038461250432,-140.1780299398865,-138.94653367584712,-138.94667084076212,-138.63368628666234,-139.02611817401612,-140.02722466419607,-140.17800730120138,-140.1780190091074,0.6798038288028764,0.8337232632452111,0.5402753218763566,0.794751807779272,1.0,1.0,1.0,1.0,1.0,1.0,1.0,1.0,1.0,0.8218347454983044,0.4981922716762426,0.606195192409604,1.0,1.0,0.5825469510238339
956,-151.44741350538592,-151.4365043518273,-155.12648652593862,-155.11398973532087,-155.12552711311943,-154.3771924549064,-154.34878434730342,-151.44687499975493,-155.11195087243516,-155.12539580116024,-155.11469641226657,1.0,0.15889105341329024,0.15988697574400132,0.15901723415134875,1.0,0.1589672927548279,0.1581025539871022,0.23110353283919777,0.22984639257630965,1.0,1.0,0.234409563790234,1.0,1.0,0.6827795337153921,0.16000696453688393,0.9948280966217752,1.0,1.0
957,-139.4888445045481,-139.53306159820335,-140.06536662932496,-140.98394589550895,-140.0653617206194,-139.49036209695416,-140.0827990681944,-140.40496976158957,-140.9556266012683,-140.98347201022187,-140.9844229493736,0.9781340559398479,0.7495658832342607,0.4735249403163939,0.48411047283432307,1.0,0.7495677229356288,0.7663241233487169,0.9992414916100071,1.0,1.0,1.0,0.7430608931589726,0.9913216566805041,0.8512194192405405,0.6463502325019754,0.7593227056293553,0.6466474182083229,1.0,0.6407394106772029
958,-144.90743718725548,-144.90721282216498,-145.56597507911806,-145.56577437526283,-145.56597807939056,-145.6286416147438,-145.07609589179242,-144.907101004573,-145.54501274828394,-145.56577729889173,-145.56576014351526,1.0,0.7194494977099856,0.7195216994766342,0.7194409862284168,1.0,0.7194484184385237,0.7193677134106984,0.6972563022832399,0.6971780866838517,0.9691525319047594,0.9690552804597974,0.9191284891864494,1.0,1.0,0.7909991164287544,0.7269076256833673,1.0,0.9999984998648753,1.0
959,-139.1813228321765,-139.181101137941,-141.30546311543014,-141.2939719791836,-141.30546142495314,-141.30544450661205,-139.33703781520586,-139.1808329222864,-140.54659238669853,-141.29395071081757,-141.29296177947097,1.0,0.34573933958906145,0.34773152615896374,0.3476929832577614,1.0,0.34573963182138673,0.3457013097036936,0.3457425565042664,0.34570423406239864,1.0,0.9942801572331751,0.9250962512157871,1.0,1.0,0.5461960587421816,0.5051601697328321,1.0,1.0,1.0
960,-126.55670370982551,-126.55647227468714,-127.52623167667576,-127.52599696024862,-127.52620218357512,-127.52600872203527,-126.5320843476963,-126.55552278662995,-127.49985626106746,-127.5259674694941,-127.52596120747026,1.0,0.6158425286575184,0.6159148070776737,0.6158435390369339,1.0,0.6158516102773179,0.6157803495491352,0.6159111849590462,0.6158399173374247,1.0,0.9999941191239663,1.0,1.0,0.9883491831165818,0.616383492320554,0.6236495186619159,1.0,1.0,1.0
961,-143.11905747829866,-145.38865607673318,-145.30676825067567,-147.5906352795305,-145.30676094611152,-145.30637780858007,-147.4734728096912,-145.38867969415676,-147.55423605403362,-147.59044229318835,-147.59068293132682,0.32148663747973594,0.3349227448338392,0.10690775698125643,0.33254183694647355,1.0,0.3349239680684105,1.0,0.3349881351855979,1.0,1.0,1.0,0.11335762149448703,0.33845901254250643,1.0,0.9604228505540952,0.3386533775029259,0.9999881913579328,1.0,0.3250625823993871
962,-130.61714029509682,-130.62427282728947,-130.61713813341447,-130.67651125081767,-130.61701012817514,-130.64245073167953,-129.42388260723686,-130.61744875051346,-130.2674830701138,-130.62427250246495,-130.61741686617384,0.9964400854778953,1.0,0.9707508081593555,0.9742189443269746,1.0,1.0,1.0,0.9874245222512078,0.9909522274765135,0.9874234550027057,1.0,1.0,1.0,0.5505799665826769,0.6558650475244564,1.0,1.0,1.0,1.0
963,-131.59730832556335,-131.60422866018115,-131.59730652427805,-131.60418551491176,-131.59722819464423,-131.5972798924477,-131.58726802298796,-131.65203110386636,-132.09011298127592,-131.60442979493882,-131.6222155395562,0.9965458121713459,1.0,0.9965673105219945,1.0,1.0,1.0,1.0,1.0,1.0,1.0,1.0,1.0,1.0,0.968137128137791,0.7776937427577169,0.8032888318761295,0.9763821502244358,1.0,0.7815763842640979
964,-139.17921365592363,-139.17909194175633,-141.4422982947614,-139.17908793223816,-141.4422972415959,-141.44229595458404,-137.3300789266888,-139.17791130532117,-139.13141053905585,-141.44202417842456,-141.44176582005727,1.0,0.32253541996802865,1.0,1.0,1.0,0.32253558980966274,0.32251596183154907,0.3225357973632934,0.3225161693725492,1.0,0.3225155228059777,1.0,1.0,0.3969614170395563,0.4062990532428463,1.0,1.0,1.0,1.0
965,-148.12914360255445,-148.12900177792784,-148.5618839621276,-148.56174151633036,-148.56193673461632,-148.556293795974,-147.19786691339434,-148.10301295307085,-148.46514712911863,-148.56179266458338,-148.5616903290491,1.0,0.8054370901507737,0.8054944577579145,0.8054373403077498,1.0,0.8054158379712824,0.8053587260960309,0.8076915028986305,0.8076342296564363,1.0,1.0,1.0,1.0,0.6359896306157238,0.5306566336504991,0.8343793799542796,1.0,0.9999736141037564,1.0
966,-135.72488414767184,-135.7231717367727,-137.37987429360936,-137.37987744271405,-137.37987492731997,-137.3798749653639,-135.63192853436348,-135.7238272387822,-137.37978967020564,-137.37987706214304,-137.37987764287539,1.0,0.43714292713916725,0.437142238835289,0.4367681154542573,1.0,0.43714278862813294,0.43676866477656695,0.43714278031281695,0.4367686564683674,0.999999664122782,1.0,1.0,1.0,0.9550903341810227,0.41730806375924967,0.4369304649251693,0.9996723026997464,0.9999996831447437,1.0
967,-154.2767605164641,-154.30190957054745,-155.00880354652182,-155.83425266942177,-155.00874316286888,-155.0068169048685,-155.11084489830495,-154.35369612688442,-155.44901219317737,-155.44954654144095,-155.04121040227452,0.9875042019845568,0.6934878806374806,0.4589811779171499,0.46478908848666123,1.0,0.693508818619307,0.7022844229174758,0.6941770788331504,0.702961139241822,1.0,1.0,0.6589931158314726,0.9502590228767962,1.0,0.8444382653357966,0.578302591178127,0.9744390779828408,1.0,0.802410854282781
968,-125.05503598526047,-125.05803116603516,-125.49223192977831,-125.49212939968902,-125.49188142811889,-125.058142138346,-124.82134829181373,-125.05676405084384,-125.4805084576781,-125.4921231857,-125.49211501635403,0.9985035304415553,0.8036447406969977,0.803685940636559,0.8048904346699259,1.0,0.8037855924464319,0.8049902358291955,0.9984481288565046,0.9999445153839104,1.0,1.0,1.0,1.0,0.8889556968583332,0.7192256851709611,0.809068087096785,1.0,1.0,1.0
969,-144.87499727111395,-144.8747132550184,-145.31344779285286,-145.31315111970324,-145.77386808417313,-145.85480594054184,-144.0177517372049,-144.87415297304443,-145.2793751166695,-145.77358163006693,-145.31308133853457,1.0,0.8031407815846765,0.8032599255737942,0.8031458642989092,1.0,0.6379882539588783,0.6378976609250528,0.6126850040670839,0.6125980040432537,0.7628612792618942,0.7627481274251587,1.0,1.0,0.6516806628646412,0.532159677109497,0.8165957767877337,1.0,0.7943666522574835,1.0
970,-140.80268890912743,-140.80246861635197,-141.85007391994753,-141.842550636988,-141.8500733568561,-141.84952146211657,-141.5622933883119,-140.80249033590403,-141.8351330502658,-141.84131926429333,-141.8411309637292,1.0,0.5923293256702268,0.5945616522051226,0.5944961669933975,1.0,0.5923294924380391,0.5922642530771092,0.5924929667576243,0.5924277093915803,1.0,0.9965206544353712,0.6839966632970054,1.0,1.0,0.872476263025606,0.5967116043007634,0.9999891402829412,1.0,1.0
971,-126.19070716264028,-126.18093499600383,-129.91115466395473,-129.91067047386682,-129.91110540855533,-129.48819724003397,-129.46285255582387,-126.18960877741253,-129.64593483633513,-129.9109996471275,-129.91099898353957,1.0,0.1556378024111747,0.15567548611312573,0.15491669797799262,1.0,0.15564163545943419,0.15488301231800058,0.1922910751200081,0.19135381653205666,1.0,1.0,0.19474335867853235,1.0,1.0,0.9125237739184416,0.17761037551084793,0.9956725000257111,1.0,1.0
972,-127.78684615793475,-127.78463470145431,-128.9214342375872,-128.92515472664064,-128.92165544595522,-128.92192018581358,-126.70556035442883,-127.7989249887369,-128.96464062523856,-128.92520301158984,-128.92561037231243,1.0,0.5670578003336688,0.5660039147106575,0.565378414078674,1.0,0.5669950848367352,0.5663684888456486,0.5669200367046796,0.5662935236505708,0.9997570554026273,1.0,1.0,1.0,0.5788671256326687,0.3231818421419696,0.5583005629983743,0.9928803222090485,0.9998894019324013,0.9787367302321591
973,-140.45060561128759,-140.4911744528261,-141.5917990754923,-142.69572986789052,-141.59179764833735,-141.59179800680675,-144.69393486555742,-140.51998323525348,-141.3773079679829,-141.6345169718159,-142.69572662261345,0.9799199240889804,0.5651880721842902,0.32544489394509235,0.33211376352782535,1.0,0.5651884754899135,0.5767700621204963,0.5651883741885337,0.5767699587432944,1.0,1.0,0.11983198681617996,0.21202143625052744,1.0,1.0,0.651379819794225,0.9856988556986321,1.0,1.0
974,-143.28106171872685,-143.28804259028914,-144.85746329651653,-144.8656126532761,-144.85745648856664,-144.8574070401109,-143.84806307685824,-143.29583141462132,-145.02801609008011,-144.86560585946683,-144.86667380489442,0.9965156487085933,0.4546620929030474,0.452813260359999,0.45439653752232545,1.0,0.4546636405640535,0.4562533876445011,0.45467488191047345,0.456264668296676,1.0,1.0,0.7531426107065795,1.0,1.0,0.5543403079140538,0.4205918732386421,0.9961131612224806,1.0,0.918255319920314
975,-153.96952061313328,-155.95490125631625,-154.6225523005597,-156.60528315178004,-154.62254390639345,-153.96952487685687,-154.76443153919837,-155.9549012467543,-156.60949200301414,-156.6106966451365,-156.60528832167952,0.3705783737267226,0.7214329447813866,0.267701889736427,0.7223894018538701,1.0,0.7214359727017821,1.0,0.9999978681404813,1.0,1.0,1.0,0.6720278720645698,0.9315181361286627,0.551433044525334,0.39751197008972317,0.7208707821126243,1.0,1.0,0.37028805533380027
976,-132.64509626220837,-132.64488112761086,-132.64508648620742,-132.62624935459812,-132.64509452727032,-132.64508769906234,-130.92335156496864,-132.64470624122518,-132.3651758618497,-132.64488383204127,-132.64470406698172,1.0,1.0,1.0,1.0,1.0,1.0,0.9998933058624954,1.0,0.9998967196080442,0.9999993935727209,0.9906250492185876,1.0,1.0,0.42287555555366285,0.48630846807975303,1.0,1.0,0.9999959794766332,1.0
977,-133.8052496377985,-133.79011501832912,-133.83216367675442,-133.79037875552427,-133.80518037056916,-133.8052452070712,-132.14915850058225,-133.77634913719697,-133.79361732055116,-133.81724458536354,-133.80866551635862,1.0,0.9866331214130556,1.0,0.9998681400967038,1.0,1.0,0.992495623383164,1.0,0.9924634489324273,1.0,0.9925943323251001,1.0,1.0,0.4432615316180929,0.4394508454969108,0.9914030750485577,1.0,1.0,1.0
978,-139.41096198974023,-139.40798926035978,-139.41095817376905,-139.41062231722802,-139.4108965243909,-139.41095976916273,-137.46951911779155,-139.40552102092022,-139.0311325722579,-139.40705971949203,-139.40655893491757,1.0,1.0,1.0,0.9986843378092556,1.0,1.0,0.9985474239957182,1.0,0.9985158480429746,0.9999992023034763,0.9998312882660696,1.0,1.0,0.379841601407486,0.45803635181929014,1.0,1.0,1.0,1.0
979,-128.93607779464847,-130.2375227569428,-128.93662418994433,-130.23750415862114,-128.93632822496056,-128.93661486104702,-130.10574247659116,-130.2375216805914,-129.91910242425146,-130.237501713435,-130.23750253726712,0.5216687447450085,0.999726839667151,0.521673595849125,1.0,1.0,0.999874792683044,1.0,0.9997315028525373,1.0,1.0,1.0,0.557199273470258,0.5573515197969197,0.9362342169715161,1.0,1.0,1.0,1.0,0.611777209418349
980,-154.57177679155217,-154.64703540415957,-154.57175236126983,-154.64701612493633,-154.57175266648554,-154.57176812511165,-153.66356903319237,-154.64690270401394,-154.57621178530948,-154.64701187389687,-154.58073088052222,0.9630698786629383,1.0,0.9630791623272761,1.0,1.0,1.0,1.0,1.0,1.0,0.9999921181101543,1.0,1.0,1.0,0.6116060973866531,0.6336101772331806,1.0,1.0,0.9999998473921582,0.9977729242094765
981,-143.48488182462646,-143.48465011916892,-145.33783551361583,-145.3371333829002,-145.33783210767524,-145.33770296847172,-145.12827675976197,-143.48439022584026,-145.3159242454287,-145.3376128432787,-145.33761159976027,1.0,0.39594623605028634,0.3960852634597481,0.39603937855914806,1.0,0.39594691033553864,0.39590104146259714,0.39597247729527296,0.395926605460501,1.0,0.9997152477638529,0.4396846702268178,1.0,1.0,0.910443220241797,0.40020954369851414,1.0,1.0,1.0
982,-144.75589778080766,-144.73871387859498,-144.82333831936998,-144.80579506242407,-144.8111174141029,-144.75614065174273,-143.54737774269265,-144.73618804563446,-144.77948349093683,-144.7957160862378,-144.8027980688062,1.0,0.9668419221995939,0.9753600044435061,0.9670156574177856,1.0,0.9727678505833276,0.9644456798117643,0.9998785719054538,0.9913244649607865,1.0,1.0,1.0,1.0,0.5518907596519556,0.5400719680582484,0.978584907634329,1.0,1.0,1.0
983,-141.83446554924043,-141.83426989631982,-141.85614786836726,-141.80673207161888,-141.83446743226455,-141.8344665806551,-140.25236182218316,-141.7906330838117,-141.79300363315,-141.8341153511604,-141.83403423108066,1.0,0.9892173940196576,1.0,1.0,1.0,0.9999990584883873,0.9999012369050349,0.9999994842928055,0.9999016626678001,1.0,0.9862284529451476,1.0,1.0,0.46341345555633395,0.46286450871678286,0.9988154274914353,1.0,1.0,1.0
984,-148.8535376324087,-148.85341842744853,-151.01922349711722,-151.01911694078854,-151.01922263694507,-150.778444697074,-150.67524589783574,-148.85239326961937,-151.0082936033632,-151.01911573559474,-151.0191159510978,1.0,0.33863144958855135,0.3386494917311963,0.3386293079831186,1.0,0.3386315952292536,0.33861141254781996,0.3819545974307612,0.38193183266790187,1.0,1.0,0.40218056171341104,1.0,1.0,0.8466026228822606,0.34029235375022787,1.0,1.0,1.0
985,-155.0951427344656,-155.0907710487998,-155.76550402240755,-155.76150886901928,-155.76369467607296,-155.76250636355087,-154.77671271032318,-155.0846473521551,-154.76488968478648,-155.75965199841687,-155.75572122515172,1.0,0.7152088765108947,0.7166389889981903,0.7150742395714902,1.0,0.7158561995542322,0.714293159313541,0.7162816563786065,0.7147176871718222,1.0,0.9995013770879485,1.0,1.0,0.8573000363336382,1.0,1.0,1.0,1.0,1.0
986,-152.76196923494902,-152.7627651706489,-154.18535906748974,-153.88303549656,-153.882631696256,-153.88248757251216,-152.36049158786608,-152.76320430223598,-154.19802142749182,-153.88298473700263,-153.8830787122478,0.9996021113287661,0.49081160749591735,0.5709046158630098,0.5711318627609829,1.0,0.571019893228601,0.5712471860123896,0.571061043473674,0.5712883526371962,1.0,1.0,1.0,1.0,0.8176210145095789,0.3990115481365949,0.4880152797637276,0.9997804583092617,1.0,0.8541103606478334
987,-142.84565002408516,-142.82163684972704,-144.52419391342437,-143.49283126978517,-144.7768026630915,-145.05354840954763,-143.1350383700314,-142.7962529592969,-144.74939301486674,-143.492849097366,-143.49282459559538,1.0,0.43202494702184746,0.7235463851156994,0.7149110068140039,1.0,0.38076369494946827,0.3762193580319197,0.3315591039694538,0.32760201379383297,0.7674536071471052,0.45824167018184403,0.8652868807637955,1.0,1.0,0.4461155309876822,0.37660061573177517,1.0,0.881346546245194,1.0
988,-137.1417651183148,-137.12002716207547,-137.99842268891803,-137.99928384753193,-139.36428550579808,-139.57205237289347,-137.56051757300708,-137.14085116872474,-139.33697493528783,-139.36401560288812,-137.99963322136253,1.0,0.651597144012593,0.651316640159824,0.6442758263879291,1.0,0.3291439145094097,0.3255858279147779,0.2966674016992122,0.29346039024155396,0.4552926672948687,0.45548874910736836,0.8110900239853203,1.0,1.0,0.4113837996432451,0.33351685229580125,0.989642013943439,0.5051340656321974,1.0
989,-140.04957678381683,-140.06033849925706,-140.11244838462048,-140.12341400345994,-140.0495811725588,-140.04957850533657,-139.57338509114794,-140.06765677543746,-140.19058440375622,-140.0608417966478,-140.0677005551978,0.994633593163788,0.9690531672807147,0.9637545723136286,0.9689543756993592,1.0,0.9999978056314294,1.0,0.9999991392405018,1.0,1.0,1.0,1.0,1.0,0.7810345889111125,0.734474753512457,0.9403869738169119,0.9963475483975018,1.0,0.9319262339057578
990,-137.00711226353098,-136.99469839820063,-137.25551932583627,-136.99465846293086,-137.3590910469463,-137.37608813650547,-134.72064718944515,-136.98564001861644,-136.42228459537944,-137.34522491391795,-137.23151896527554,1.0,0.8832000638612454,1.0,1.0,1.0,0.8386268796889906,0.8334377002191855,0.831529971011311,0.8263847051504077,0.9414967288113194,0.8263682043670828,1.0,1.0,0.3222278372376586,0.4270651492793297,1.0,1.0,0.9495321773671684,1.0
991,-139.51804597975456,-139.51778267488035,-140.9366583422182,-140.92307781097747,-140.9365975818731,-140.62516218694213,-137.37573889331648,-139.51696563717158,-140.20797917274126,-140.92350602070297,-140.9383975451891,1.0,0.49198542779474463,0.4953375074065778,0.49527229930903505,1.0,0.49200037462398105,0.49193560583918294,0.5749006109805341,0.5748249288959804,1.0,1.0,1.0,1.0,0.3427981901342317,0.2426536551660338,0.7078615411330393,1.0,1.0,1.0
992,-123.96708669390125,-123.96530829616808,-124.36748917997289,-124.36754760070363,-124.36762753973798,-123.96709041622506,-120.54654299866388,-123.96592103026629,-124.34576840951334,-124.36748196289102,-124.36746877908334,1.0,0.8185660057933906,0.8185420955304981,0.817814572331236,1.0,0.8185093794519794,0.8177818853308874,0.9999981388398265,0.9991093368476048,1.0,1.0,1.0,1.0,0.18092204776750695,0.14962655755636764,0.8270222419140676,0.9996936798764862,0.9999308225103286,1.0
993,-135.9365423877132,-135.9367249878104,-136.4705937882534,-136.46873552905447,-136.47055437529286,-135.93591567620416,-135.64491074474577,-135.9099659501256,-136.458298143352,-136.47047227749138,-136.47047298044467,0.9999087041191133,0.7656533937134837,0.7663651155342213,0.7664350879007137,1.0,0.765668482195653,0.7657383909565842,1.0,1.0,1.0,1.0,1.0,1.0,0.8758787571627898,0.6658481088094816,0.760205797165746,1.0,1.0,1.0
994,-126.96012445800551,-126.96065751784886,-128.18955990424848,-128.191870402464,-128.18949201688926,-128.18941985012646,-125.10594468792584,-126.96544922709302,-127.8837018236749,-128.1917837696898,-128.19342146628318,0.9997335055942698,0.540793527274865,0.5401691367677321,0.540313127193472,1.0,0.5408118841086382,0.540956045868608,0.540831398782195,0.5409755657441025,1.0,1.0,1.0,1.0,0.3946514654345196,0.24935478235830494,0.6318354401237558,0.9976070131468957,1.0,1.0
995,-147.7294981877974,-152.0584426143073,-147.72997410139612,-152.05844104050027,-147.72997000503312,-147.72959993846519,-152.11223922720995,-152.05843998705825,-151.80485176777643,-152.05838766942856,-152.05843824046406,0.1148105140768711,0.9997620715101065,0.11481060442170352,1.0,1.0,0.9997641192063828,1.0,0.9999491259602301,1.0,1.0,1.0,0.11176346956785702,0.11179006760982849,1.0,1.0,1.0,1.0,1.0,0.1303618959228438
996,-150.2934818225772,-152.6687858462595,-152.676873819658,-152.66966997758647,-152.67734031174098,-152.67749702231768,-151.20074186485886,-152.66919232267398,-152.63922273552805,-152.66892593415838,-152.66651704724376,0.3049364112423991,0.30370574253234534,0.30480163911670416,0.999558032033151,1.0,0.30363491263084036,0.9957319015913637,0.3036111221617741,0.995653883787687,0.9996884472128112,0.996094125483117,0.635317743902863,1.0,0.4798771098967787,0.48712211622301504,1.0,0.9997967824442511,0.999766781158254,1.0
997,-148.56344986215456,-148.89603867047288,-148.6600510508057,-165.7753113828948,-148.75343370649958,-149.0339925553559,-161.16658883782318,-163.3868061310457,-163.37164586698242,-165.5553182693457,-163.3867318677768,0.846796896959813,0.9528473235264184,0.00018301713779216835,0.0002161287298633709,1.0,0.9093802802555881,1.0,0.7903563600179302,0.933348200560823,0.8294679960823933,1.0,0.0018334249795159973,0.001924153990096361,0.3295231575558612,0.3320304775001893,1.0,0.0007134603239111457,0.9543819432582736,0.0006694151881525039
998,-131.7670499761485,-131.7668701544003,-131.76704706291434,-131.7532732264096,-131.76704239450277,-131.76704530762177,-130.55139862790446,-131.76658315314052,-131.72266432793464,-131.75358529092603,-131.74431780477954,1.0,1.0,1.0,1.0,1.0,1.0,0.9999138836569891,1.0,0.999912427223981,1.0,0.9931376138452107,1.0,1.0,0.5446606914949256,0.5567534088958004,1.0,1.0,1.0,1.0
999,-135.64496467794538,-135.70259375105996,-140.65637911638765,-141.44721860181897,-140.6563675509957,-139.01304334514032,-140.7703652697042,-137.10450601045227,-140.95472488294246,-141.4473364444056,-141.44733637068137,0.9715966434161961,0.08161785585308,0.05496124590957511,0.056567966019651764,1.0,0.08161832782569148,0.08400433284610395,0.18562266779016887,0.1910491036048742,1.0,1.0,0.07709627635525054,0.9446006091366974,1.0,0.9119411617453486,0.14585979363464024,0.49611073074862533,1.0,0.8614151955648935
1000,-151.27340853306296,-152.3588398878021,-153.03671865258798,-154.13347801548272,-153.03597137228496,-153.03675634177378,-153.00845008123872,-152.35848538915639,-154.12087721751413,-154.1293785444895,-154.13250223576736,0.5811678430450653,0.4140969889524103,0.23930060850667614,0.4117581717062072,1.0,0.4142517411231138,0.7127919173101795,0.4140891855367581,0.7125122122502718,0.9999811555846569,1.0,0.41999151340481644,1.0,1.0,0.5733760079523335,0.4142871634116245,1.0,1.0,0.5813205677229587
1001,-137.20585957094082,-137.20564631043865,-137.2058593429563,-137.20564608667408,-137.20454811447036,-137.20585924322125,-135.29407872322065,-137.20534081504607,-137.15678899123628,-137.2054467479351,-137.20534059163808,1.0,1.0,1.0,1.0,1.0,1.0,1.0,1.0,0.9998935392760439,1.0,0.9998934274056746,1.0,1.0,0.38456938702562554,0.39401939933406216,1.0,1.0,1.0,1.0
1002,-155.9406652880241,-156.3807186124965,-157.302171985642,-157.7142886168402,-157.30237221268678,-157.30234507003703,-157.66190467929863,-156.38085392509487,-157.65881115541865,-157.71426269079157,-157.71447099000875,0.8024974013019686,0.5062354767829962,0.4119671505821537,0.513356367153065,1.0,0.506184798303098,0.6307619158415538,0.5061916679480554,0.6307704761745174,0.9999134615471459,1.0,0.4228999318566169,0.8353818553848568,1.0,1.0,0.5278312676667256,0.9999323459894559,0.9998998914887984,0.836758758747189
1003,-161.99193981171487,-161.99166233702869,-161.99185535672459,-161.99159795925618,-161.99188042887636,-161.99194261245069,-161.79580441459208,-161.99166030462197,-161.96206251386795,-161.99159749877722,-161.99159593112992,1.0,1.0,1.0,1.0,1.0,1.0,0.999890960021455,0.9999985996330736,0.9998598721078303,0.9999563730886312,0.9998276882501237,1.0,1.0,0.9067142346808124,0.9202323839011517,1.0,1.0,0.9999874640026905,1.0
1004,-144.2719392815332,-144.27167389233517,-144.27251814724033,-144.28303132864878,-144.36857239893138,-144.2724798247714,-143.73162987902703,-144.2859371650053,-143.87611637237754,-144.36757846760156,-144.27197401405624,1.0,0.9997106090280844,0.9944693272391298,0.9943373752853663,1.0,0.9528321120372618,0.952705684750519,0.9997297649009829,0.9995971149618637,1.0,1.0,1.0,1.0,0.7579380362985685,0.9303045747916099,1.0,0.9928937334381901,0.9531079328682951,1.0
1005,-156.9240380037888,-157.26586634942947,-156.92403129865755,-157.26586747887694,-157.05540690647967,-156.9240083640349,-155.70369316062857,-157.26605365739547,-156.57091439040292,-157.265860152816,-157.1365999291441,0.8428939135745634,1.0,0.8428934375724992,0.999999435276425,1.0,0.9364263057369685,1.0,1.0,1.0,1.0,1.0,1.0,1.0,0.45786529750247995,0.6481645919969075,1.0,0.9999063504023966,0.9364231663115855,1.0
1006,-152.89706713742135,-152.88462882178376,-152.89705981416867,-152.8838132296755,-152.89706172716396,-153.05890465924844,-151.64823332183872,-152.90558648418232,-152.18024867987526,-152.88375257622533,-153.0693237682586,1.0,1.0,1.0,1.0,1.0,1.0,0.9938028294756799,0.9222686126608575,0.9165506774080799,0.922265235663998,0.9161769878581599,1.0,1.0,0.5332971096305075,0.7664332420235513,1.0,0.9895758804807894,0.9999990435028137,1.0
1007,-143.01350000623626,-143.03314207174253,-143.64677938637846,-143.63725435428174,-143.64677917687675,-143.64676834498545,-140.26732668420226,-143.03508059432093,-143.86976660000536,-143.666180016581,-143.66648512964002,0.990227036098406,0.7285932272111069,0.7320714400964968,0.7392965586770202,1.0,0.7285933035318732,0.7357840949310008,0.7285972495642926,0.7357880799084611,1.0,0.9952543012308384,1.0,1.0,0.25060508258562586,0.16509735349372007,0.6587949126582864,0.9990312082927957,1.0,0.8944970163725465
1008,-144.62018945466667,-144.62004570924523,-145.7000929660211,-145.68956234272818,-145.69707317262495,-145.69704595394128,-145.6438622483558,-144.6200310577761,-145.66904299332072,-145.68956180690734,-145.67954508140824,1.0,0.582776367346972,0.5858529590404571,0.5858108537133377,1.0,0.5836569640975059,0.5836150165968239,0.5836649073386959,0.5836229592671318,1.0,0.9962651862246371,0.599393842548284,1.0,1.0,0.9874885546691687,0.5918476839829834,1.0,1.0,1.0
1009,-142.66096611318753,-142.63898242236644,-144.00307329232757,-144.0028216517079,-144.00283578432868,-144.00191166904992,-141.38999515347382,-142.66067633992975,-143.97371385568377,-144.00261851066193,-143.97586350041922,1.0,0.511169730877683,0.5112340504578692,0.5056454157792851,1.0,0.5112304379321513,0.5056418427444547,0.5114667104430379,0.505875532405575,1.0,1.0,1.0,1.0,0.5297550266127506,0.27475943359149363,0.5186537546388247,0.9892116573487336,1.0,1.0
1010,-145.10047731769998,-145.10089479048207,-145.4926792402693,-145.49318871907687,-145.50520352190077,-145.55748651698002,-144.25004124302814,-145.10093693601522,-145.09176883415185,-145.50574840646505,-145.49324270982186,0.99979128539288,0.8219292474562887,0.8217198963559565,0.8218914371043471,1.0,0.8167982929153408,0.8169688062387642,0.7957226371583817,0.7958887507663092,0.9681157345610812,0.9683623832003292,1.0,1.0,0.653477062176361,0.6564795107429721,1.0,0.9999789274554575,0.9937574255243657,1.0
1011,-160.70528172343353,-160.70494684712224,-162.60590661185893,-162.60556249186993,-162.60589544917002,-162.60571071334817,-161.11276345444873,-160.70455088598243,-162.5706376880213,-162.60555121974943,-162.58323936062152,1.0,0.38662020733504115,0.38668673492899247,0.3866219942354668,1.0,0.3866223652016127,0.38655763528513326,0.38665807835115173,0.3865933424554291,1.0,0.9999258920070123,0.8156737129967169,1.0,1.0,0.4824214753740639,0.3933547505903715,1.0,1.0,1.0
1012,-130.0181897705155,-130.00863207302763,-130.91003320739756,-130.8998513885816,-130.91000881059102,-130.01475268427487,-127.66538710362258,-130.0127912099467,-130.21742416315232,-130.9097798135961,-130.89795879789114,1.0,0.640233888606928,0.643501572016378,0.6404337115961757,1.0,0.6402416984857212,0.6371893793437604,1.0,0.9969443723384201,1.0,1.0,1.0,1.0,0.3092200705471993,0.279146504355097,0.9027438091619225,0.9979225923448469,1.0,1.0
1013,-126.94649238161861,-130.17661579948327,-127.78883631486059,-131.49239828858643,-130.66702863649104,-130.15607456575225,-129.4304504335832,-131.00236548409072,-131.4793555653256,-131.4927101465616,-131.49257817507527,0.19887839748857555,0.6562772339263792,0.10300755401565705,0.5179423975475983,1.0,0.15563089586006137,0.7825429902159259,0.20093152671591505,1.0,0.3061686682528673,1.0,0.2888120853722243,0.44007634341407464,0.4556831646834434,0.3589929366090216,0.7878125953115009,0.6617451001373846,0.23714200007967962,0.6662012583232674
1014,-132.3733469286111,-136.7835083521278,-132.3733477829566,-136.7835093276789,-132.37324705683082,-132.37334811651124,-136.5046104107985,-136.78350618746413,-136.4438624523209,-136.7835106510485,-136.78350696287796,0.11024162714982748,0.9999995728273408,0.11024157337667012,0.9999995122245675,1.0,1.0,1.0,0.999999406050114,1.0,0.9999998332227019,1.0,0.12673819954347035,0.12673825368258723,0.8698383507499842,1.0,1.0,1.0,1.0,0.1306402785998803
1015,-126.41396751711548,-126.41527907869744,-126.4136267930129,-126.41641066140701,-126.41395441148126,-126.41396299845314,-124.27512125299802,-126.41621476849195,-126.25438400555723,-126.41665399897596,-126.41632905142171,0.9993444341862491,1.0,0.9987791736697671,0.9994343686749582,1.0,1.0,1.0,1.0,1.0,0.9998319114083463,1.0,1.0,1.0,0.3428210261153641,0.37171368825296586,1.0,0.9995322645251007,0.9998362041818194,1.0
1016,-128.7841169164226,-128.78407395731398,-129.01253937593478,-129.01252373218728,-129.0124915320793,-128.78411994466833,-125.35343973679767,-128.78393785690082,-128.32721108462397,-129.0124402500066,-128.99700421707118,1.0,0.8920695043559999,0.8920764820383297,0.8920573208388763,1.0,0.8920908446334667,0.8920716831255147,0.9999984858782748,0.9999770065871751,1.0,1.0,1.0,1.0,0.17991890452074283,0.2260756335630631,1.0,1.0,1.0,1.0
1017,-144.0909211211515,-144.10975109690168,-144.15157536299307,-144.64339747882235,-144.09092403715127,-144.0908403125863,-143.85500651087608,-144.58264727863164,-144.34480387718605,-144.5827061443177,-144.58270444395623,0.9906291943561433,0.9701281324291029,0.7586322191027858,0.7658084613545604,1.0,0.9999985420011768,1.0,1.0,1.0,1.0,1.0,1.0,1.0,0.6950160196146196,0.782783843413668,1.0,0.7894268597038558,1.0,0.8807865886504705
1018,-159.59474930832266,-165.21522025951043,-165.21508352189792,-165.21491133049926,-165.2152500428569,-165.21462010833915,-164.28522677427839,-165.21509435554267,-165.21092323367037,-165.21517509562972,-165.21523662986687,0.06019081725505006,0.06019493257005121,0.06020011531796994,1.0,1.0,0.06018992091974196,0.999985108437649,0.06020888176001103,1.0,1.0,1.0,0.09582432297362764,1.0,0.6281766949946852,0.6294881628684911,1.0,1.0,0.9999167429865724,1.0
1019,-150.2134008022432,-150.21794803131252,-150.2889188672238,-150.29348137438035,-150.21352878138188,-150.21352688651297,-149.35147653788323,-150.22183191041418,-150.27627185847336,-150.29348911918382,-150.29593552566715,0.9977289681691393,0.962944951383495,0.9607507335027463,0.9629375954331075,1.0,0.9999360124779477,1.0,0.9999369598522305,1.0,1.0,1.0,1.0,1.0,0.6471496672538142,0.6297718548795945,0.9731471508778446,0.9980599447938189,1.0,0.9691154424368232
1020,-152.56479662913372,-152.5645190938248,-152.8497103657316,-152.84943080812855,-152.56462501468852,-152.56479665071384,-150.6870432794671,-152.5635178965231,-152.51944067520708,-152.56037678360758,-153.9003193710917,1.0,0.8672249583732581,0.8673461865109571,0.867225835265671,1.0,1.0,0.9999470409705202,0.9999999892099397,0.9998612311847601,1.0,1.0,1.0,1.0,0.3913169989255632,0.4000368152957708,1.0,1.0,1.0,1.0
1021,-142.45929317572936,-142.44830494243172,-142.70018708257487,-142.6893148504064,-142.7001756554222,-142.45975753150685,-140.70973000176508,-142.4427068164647,-142.38505170060006,-142.44871709519708,-142.68379741020215,1.0,0.8865241131679347,0.891356483922532,0.8864726957599921,1.0,0.8865291784055928,0.8816718392990319,0.9997678490624524,0.9942900694371196,1.0,1.0,1.0,1.0,0.42042532256007126,0.43272154135202423,1.0,1.0,1.0,1.0
1022,-157.87518862753615,-157.8649210016069,-158.14087408836988,-158.13029629465893,-158.09470082048452,-157.9842809197943,-156.0678136068579,-157.86065625275833,-158.01052205745546,-158.08442384445502,-158.12899050686343,1.0,0.8756027869661759,0.8802460277801212,0.8757385893833254,1.0,0.8960526590489453,0.8914642803076814,0.9469148113964935,0.9420659849949169,1.0,1.0,1.0,1.0,0.4080272478139414,0.3785700217111513,0.9278057378260616,1.0,1.0,1.0
1023,-138.28521407480656,-138.5071273879271,-138.2852065866064,-138.5071251685653,-138.28513005859855,-138.28520084213298,-135.99375268274224,-138.507126252578,-138.3142442438991,-138.5071161536468,-138.50712395037678,0.8949775394934039,1.0,0.8949785326334444,1.0,1.0,1.0,1.0,1.0,1.0,1.0,1.0,1.0,1.0,0.2845953919103682,0.3134091415355119,1.0,1.0,1.0,0.9855483495588656
1024,-137.04585045503663,-137.0261021295305,-137.0453047408356,-137.03071648829308,-137.04581960725173,-137.52473215168314,-136.30947398915498,-137.0248122820213,-137.02047340672178,-137.025887537019,-137.02480878552316,1.0,1.0,1.0,0.9976954801113563,1.0,1.0,0.9901896991952751,0.7870678283468011,0.7793344357337776,0.7868531005975797,0.7811345758996455,1.0,1.0,0.6993044040927947,0.7008231482103485,1.0,1.0,0.9997425999250223,1.0
1025,-137.71646663027028,-137.7119738629734,-139.04516357671417,-137.71202872205492,-137.71586068184274,-137.71646731986777,-136.77281482135928,-137.7113719887973,-138.70289907377668,-137.71202877497737,-139.0410516072312,1.0,0.5146086998561346,1.0,0.9999725708354215,1.0,1.0,0.9980584777627115,0.9999996552013098,0.9977557935580604,1.0,0.9977831619166223,1.0,1.0,0.6254533177723519,0.3809671506995984,0.6091056516519437,1.0,1.0,0.6104742310118875
1026,-134.23188910792942,-134.22118830248303,-134.23207531758635,-134.2214487631258,-134.23190082284123,-134.23189581702783,-132.31624618697617,-134.20727425319552,-134.2012959186539,-134.23179888353948,-134.2316773314794,1.0,0.9999068995056545,1.0,0.9998697781582112,1.0,0.9999941425612514,0.9946580590052881,0.9999966454564192,0.9946605485447199,1.0,0.994790091942686,1.0,1.0,0.3884798280748669,0.3896427965500318,1.0,1.0,1.0,1.0
1027,-152.79271749797894,-152.7921221261992,-152.79271622014082,-152.79242242776678,-152.78737425621293,-152.79271268810146,-150.48720489116045,-152.79126451272998,-152.66861276290433,-152.79027377539475,-152.79126336213093,1.0,1.0,1.0,0.999849860488269,1.0,1.0,1.0,1.0,0.9997047626399937,1.0,0.9998548803635334,1.0,1.0,0.3159947085012086,0.33597990213849005,1.0,1.0,1.0,1.0
1028,-141.16929490673988,-141.17402024837762,-142.42277298218218,-141.68293390453914,-142.3932895969462,-142.33163471359626,-139.02555774043526,-141.44394450532798,-143.06839596208292,-142.3966825194688,-142.47110595613967,0.9976401180909729,0.5343313976179151,0.7735078201782006,0.7753375251772564,1.0,0.5422666929742002,0.5435494053826253,0.5592437225567204,0.560566593519572,1.0,0.7229968566159833,1.0,1.0,0.29843790762433997,0.13246734578642022,0.4438690340677637,0.8737490012684416,1.0,0.7135140271889138
1029,-125.32918061577936,-126.22745395140214,-128.94680069411646,-130.08955742403478,-128.94680062229455,-128.59661250252648,-130.0928073373947,-126.22745425287337,-129.79516761221527,-130.08955747576823,-130.0894128200623,0.6381788742235017,0.16384899472906092,0.09253314224200844,0.14499562110168132,1.0,0.16384900061303534,0.25674463262732894,0.19520286197107564,0.30587484145191557,1.0,1.0,0.09238290199441034,0.5638295318636148,1.0,1.0,0.1679890165035873,0.9999998492643953,1.0,0.6543038094412723
1030,-145.89142478962935,-146.99237177604704,-146.34624247254152,-147.47221029985468,-146.29044431351093,-146.29041168597576,-147.4701280273569,-146.99236681460698,-147.21322696777048,-147.5007729390246,-147.4722092603318,0.5766766932280905,0.7965950346312369,0.45366658041834385,0.7866913744663977,1.0,0.8191322244536209,1.0,0.819145587695357,1.0,1.0,1.0,0.454139155104756,0.5701004090679372,1.0,1.0,0.8954489408512976,1.0,1.0,0.6304059341777302
1031,-146.13983324473222,-146.15451156550463,-146.1374810003118,-146.34579907488774,-146.1398266858524,-146.13954093306444,-146.49613341559046,-146.19423887170848,-146.15972911384378,-146.15241661658706,-146.19378041840048,0.9926877054868838,1.0,0.9021423863823727,0.9087877097660826,1.0,1.0,1.0,1.0,1.0,0.9989705638569897,1.0,0.8368168200518455,0.8358331997461322,1.0,1.0,1.0,0.9803323294669554,0.9988278447409729,0.9900981355028382
1032,-124.3748069886775,-124.3745985860312,-125.53036986791423,-125.52994008008315,-125.53033927241358,-124.3743479332332,-125.25998921596988,-124.37450523330648,-125.2353682593405,-125.53017637939658,-125.51555254390294,1.0,0.5611419138314934,0.5612625127720556,0.5612040315225526,1.0,0.5611504981060469,0.5610920285280125,1.0,1.0,1.0,1.0,0.6423698096461006,1.0,1.0,1.0,0.6502284521360779,1.0,1.0,1.0
1033,-140.52436490723022,-141.03045572288121,-140.5209037176754,-141.030461404137,-140.52437624596033,-140.52429028819816,-140.7915642906786,-141.03045920490254,-141.02967947297248,-141.03036225517997,-140.55679413316832,0.7764326249061326,1.0,0.7764304193530994,0.9999971593761487,1.0,0.9999943306510187,1.0,1.0,1.0,0.9983081475372798,1.0,0.8749402403285839,0.8734273827673984,0.8874106337116703,0.8877566723647268,1.0,0.9999982589908519,0.9982652422921385,0.7767384398733808
1034,-138.0944169314025,-138.08542593667877,-138.09410194393217,-138.09432582497467,-138.0944187476957,-138.0927378060836,-136.71689982129027,-138.09424495523388,-137.6995852836297,-138.09432701472994,-138.0918034955332,1.0,1.0,1.0,0.9955599421835324,1.0,0.9999990918538091,0.9955136881886676,1.0,0.9963507400901865,1.0,1.0,1.0,1.0,0.502242319810076,0.6118043536427938,1.0,0.9956001983346401,0.9998416106631532,1.0
1035,-133.9915483557885,-133.97470196743365,-134.73275046318676,-134.715956110102,-134.70435199528694,-134.67713128536522,-133.38990856888668,-133.99019751664753,-133.78199429493299,-134.68736913734722,-134.71493668477387,1.0,0.6903192869570718,0.6961404262421307,0.6903013267154376,1.0,0.7001912130439216,0.6943181362528645,0.7097862115459102,0.7038326536491742,1.0,1.0,1.0,1.0,0.7407111995297551,0.821977001503846,1.0,0.9922821620347302,1.0,1.0
1036,-140.95530747770079,-140.95089514872427,-141.97023934699655,-141.96319022384654,-141.97042693818887,-141.9704121712646,-141.43212240926368,-140.95712705962094,-141.94280186007728,-141.96419916798683,-141.96383985240803,1.0,0.6020192035195961,0.6041448009708453,0.602813427319814,1.0,0.6019627394175873,0.6006361744469455,0.6019671840030875,0.6006406092377675,0.9999135915993966,0.9963955380162861,0.7878815908914184,1.0,1.0,0.7746532838513678,0.6108905916615679,0.9968888941025389,0.9999062088025119,1.0
1037,-134.19314791766018,-134.1910532515996,-135.3508857914287,-135.36194675862842,-135.36250731319046,-135.36250672294173,-133.19534595220836,-134.20793635652802,-135.06453609271432,-135.3597960141389,-135.36261298958468,1.0,0.5605320052314964,0.5574405486739327,0.556857028398254,1.0,0.5572843326455438,0.5567009758944244,0.5572844971137533,0.5567011401904712,0.9942063823520625,0.9997200570346908,1.0,1.0,0.6027244196887779,0.3927448674168548,0.6516159866554807,0.9915939773937879,0.9942060889375777,1.0
1038,-135.47295912216183,-135.46386277828665,-135.49079748842885,-135.4841497351345,-135.47343073704292,-135.58024484150505,-134.3690016714921,-135.45584072364406,-135.47562033843698,-135.5158845199392,-135.47737666783567,1.0,0.9911204747873678,0.9944203180859899,0.9899077931495365,1.0,0.9997642203598429,0.995227445624959,0.9477705331447437,0.9434696976860684,0.9562616828676409,0.9530884636075866,1.0,1.0,0.5807589327329106,0.5750436468660789,0.9901589359289975,1.0,1.0,0.9989057983786079
1039,-138.3971077909108,-138.39684411908672,-140.9462463977659,-140.9409450692609,-141.45881586475923,-140.94066535580998,-140.76385316156657,-138.39497616329754,-140.92247395386676,-140.91770561970048,-140.94599883878058,1.0,0.2795513441025382,0.2802933237921783,0.28025637350193766,1.0,0.21635081680652637,0.21632229587935387,0.2803325274399935,0.2802955719816448,1.0,1.0,0.30624412979357707,1.0,1.0,0.9237531505190717,0.2825926280363063,1.0,0.773921576020646,1.0
1040,-137.62469485551674,-137.6244883386448,-137.62466378585472,-137.60756749373562,-137.6242062217001,-137.62452330110585,-138.84547451302154,-137.62445528700968,-137.60151132501272,-137.62445227905042,-137.60538096619035,1.0,1.0,1.0,1.0,1.0,1.0,1.0,1.0,0.9999825189222669,1.0,0.991557932397203,0.5431390965632801,0.5431306590547393,1.0,1.0,1.0,1.0,1.0,1.0
1041,-140.47148999948766,-140.47048460076056,-140.47134448431981,-140.47381040883363,-140.4713038965283,-140.47148070680623,-138.5192061518771,-140.4705901524978,-140.0430814128138,-140.4701788007972,-140.4738830909562,1.0,1.0,0.9988404681042452,0.9983384778223091,1.0,1.0,0.9995904360103679,1.0,0.9995020709849805,0.999931891076309,1.0,1.0,1.0,0.3769314266286034,0.4667611396313547,1.0,0.9999472255239971,1.0,1.0
1042,-130.27669010326207,-130.27716892130775,-130.53577057987997,-130.53554245241102,-130.5356800237418,-130.53576167683244,-130.08597360579148,-130.254866023491,-130.5126250382001,-130.53554250349927,-130.5355334219983,0.9997606196332139,0.8784992383812736,0.8785994490002242,0.8788098188169877,1.0,0.8785390160309973,0.8787493713778307,0.8785031490502149,0.8787134958091415,1.0,0.9998903937964917,1.0,1.0,0.9190210892487574,0.8078929505313958,0.8790798818249078,1.0,1.0,1.0
1043,-133.50823424176622,-134.8323638125479,-133.8273624387734,-135.17996375059332,-133.50823500388458,-133.50823463169007,-132.8973614594689,-134.8323638253852,-135.1249811035534,-135.17995881061142,-135.17996214481178,0.5157852484052503,0.8525153206887086,0.43349944873920454,0.8404649998803493,1.0,0.999999618940892,1.0,0.9999998050380915,1.0,1.0,1.0,1.0,1.0,0.3800314817593616,0.3283057887785702,0.8638910314973737,0.9999999935813548,1.0,0.44558241720914504
1044,-142.5462187429387,-142.94708807363213,-143.7321588332195,-144.28831036925988,-143.73221197567705,-143.73315762533002,-144.28853667544234,-142.94708806798909,-144.19273270736167,-144.28830952823031,-144.288307625389,0.8183749565231435,0.5526833501646797,0.4185136332328646,0.5113959437504232,1.0,0.5526686648840474,0.6753245080128716,0.5524074111869521,0.6750052732965445,0.9995007286221936,1.0,0.41846627980068474,0.7571537656706988,1.0,1.0,0.5364283268992306,1.0,0.9999734291242391,0.7943267600211998
1045,-124.2449784706871,-124.52992584965142,-124.80667635762705,-125.08480109681491,-124.80667478656628,-124.24498258215456,-124.76510419863058,-124.53008737474065,-125.00359638919952,-125.08494169217167,-125.08486771425149,0.8672103707460286,0.7551423960552155,0.6571050938684118,0.7577228271649115,1.0,0.7551429892427487,0.8707725538304247,0.9999979442683822,1.0,1.0,1.0,0.7710031159619857,1.0,1.0,0.8875893423305671,0.7891850034517535,0.9999192407165937,1.0,0.9062312149885169
1046,-148.40164849767143,-148.50044275328682,-148.8171199149212,-148.56084741533485,-148.55350646028376,-148.40164876514785,-148.0752696619267,-148.40750899374098,-148.62085947019273,-148.56082635201568,-148.82955384348443,0.9518030671684805,0.8124217243953549,0.9234861665456413,0.9702492021725889,1.0,0.9268820301731251,0.973817023862412,0.9999998662617974,1.0,1.0,1.0,1.0,1.0,0.8469448776979817,0.7612489006225922,0.8988175271709379,1.0,1.0,0.966884236311239
1047,-140.2303412885819,-140.2196871182736,-142.01999921548824,-142.0094074166803,-142.01761015704568,-142.02088405839058,-139.03120227895056,-140.2168457809849,-141.99654084616446,-142.0096296368918,-142.00652563564353,1.0,0.4086774914504727,0.4108475474611505,0.40866474673505027,1.0,0.40916596034318975,0.40699209375727063,0.40849672375234736,0.4063264127678321,0.9995576764027702,0.9942781118608834,1.0,1.0,0.5527653159348899,0.22703086908059714,0.4107183691448165,1.0,1.0,1.0
1048,-110.64320746676128,-110.64304324374822,-114.06837032411525,-114.055328451023,-114.06810310232109,-113.83321989931281,-114.02626396197388,-110.64206837959733,-113.94742053951927,-114.05516477409324,-114.05524855535114,1.0,0.18039950257954993,0.18157972016866966,0.18156481099640717,1.0,0.1804236075292284,0.18040879328321915,0.2029072671710967,0.20289060683371546,1.0,1.0,0.1842377478388396,1.0,1.0,1.0,0.19153665476926313,1.0,1.0,1.0
1049,-116.78760639267185,-118.0222825615144,-116.78760230507302,-118.02257083693667,-116.77619693201984,-116.78758320597996,-117.9690419114066,-118.02230272099953,-118.02037944953605,-118.0226260670874,-118.02261842830646,0.5393783078477016,1.0,0.5393005686956803,0.9998558726762088,1.0,1.0,1.0,1.0,1.0,1.0,1.0,0.5539295538878906,0.5539284217681507,0.9737210576595752,0.9746578729867229,1.0,0.9999899203082345,1.0,0.5368206320718198
1050,-131.40799777610022,-133.76388596008945,-131.80184738194444,-134.1659231287905,-131.80186817193504,-131.69366599027546,-130.83534196031857,-133.7639823151426,-134.0558950698628,-134.2223343508966,-134.16527814159434,0.3079111252613581,0.8212523867704827,0.25183965684505427,0.8178972313237793,1.0,0.8212438499001524,1.0,0.8668978691796869,1.0,1.0,1.0,1.0,1.0,0.23123513692498185,0.1998323418448375,0.8641954008471813,0.9999518236339386,0.9999896050587277,0.32399945380966144
1051,-132.68558867344632,-132.68576014291295,-135.15217783844514,-135.15203873340744,-135.15219656017214,-134.84227567731716,-134.6700945181189,-132.68543537330768,-134.8264169437409,-135.1520353646235,-135.15203650125528,0.9999142689417991,0.2913311802409203,0.2913514437630075,0.2913764237721523,1.0,0.2913284531422724,0.291353431180238,0.3401585311559393,0.3401876958070878,1.0,1.0,0.37074049988572605,1.0,1.0,0.9248153224473322,0.34284021521268315,1.0,0.9999906391803115,1.0
1052,-126.22315168954799,-127.01779546262117,-126.6185544181021,-127.40809404603087,-126.61856020954318,-126.6185238161348,-126.14997670757242,-127.0175159381929,-127.39851568266627,-127.40569954100744,-127.40685927880631,0.6721176451885603,0.8206148814672931,0.5529591343777742,0.8227118248363251,1.0,0.8206125051993646,1.0,0.8206274377782375,1.0,1.0,1.0,1.0,1.0,0.6480615417452964,0.5356525865136718,0.8265458633312885,1.0,0.9999971042836511,0.6770719482800152
1053,-140.67709808926307,-140.68188007721596,-140.67707606343617,-140.68186003300227,-140.67706839871528,-140.67709110965453,-142.8190628751765,-140.68301619932362,-140.69673586291415,-140.6818543305634,-140.68299719984265,0.997611862172851,1.0,0.9976218603956294,1.0,1.0,1.0,1.0,1.0,1.0,0.9999924769191229,1.0,0.34267171373097133,0.3426679399378277,1.0,1.0,0.9931636431421501,0.9994321002623069,1.0,0.9902144609422074
1054,-127.42248621711266,-127.42337598731052,-128.4314496890373,-127.20104464588564,-128.36846958413065,-127.57627510732243,-127.17685555432013,-127.4234754563328,-127.20494175944197,-128.36285345586998,-128.42538407127046,0.9995552138477726,0.6038184317274087,1.0,1.0,1.0,0.6231352534548398,0.6234125387191867,0.9259875909711198,0.9263996407027328,1.0,0.8289335940633058,1.0,1.0,0.8839896266197973,0.9860550418493763,1.0,0.9999502667256033,1.0,1.0
1055,-138.53653207950583,-138.5363485099902,-138.53647783225756,-138.5257013001763,-138.53651926977628,-138.53656618920328,-138.03159793810198,-138.5363414554219,-138.51420531358505,-138.5252540423152,-138.52416028489318,1.0,1.0,1.0,1.0,1.0,1.0,0.9999146237517229,0.999982945296707,0.9998911663162753,0.9999558225029922,0.9945822845295683,1.0,1.0,0.7769558443093652,0.7856030121535662,1.0,1.0,0.9999792814552732,1.0
1056,-120.08809350919171,-120.0833808870731,-120.08802012259025,-120.08505877457105,-120.53734066268555,-120.53730205161241,-119.40257822993271,-120.07779063014979,-119.85952928035951,-120.5347187505298,-120.52773645924026,1.0,1.0,1.0,0.9991614080659418,1.0,0.7988168554118418,0.7969368102765162,0.7988322771487175,0.7969521957177614,0.798802965893507,0.7976210743171186,1.0,1.0,0.7134761994330832,0.7957457726741306,1.0,1.0,0.7987875447224955,1.0
1057,-147.89955676502416,-147.89944270545772,-150.74616421319456,-150.7460008052924,-150.7461743495456,-147.89961124481732,-150.73486984704198,-147.89936112066223,-150.4969038612864,-150.7460007792721,-150.7460005761838,1.0,0.24091677813126694,0.24093646278806835,0.24092272262562847,1.0,0.24091555712584242,0.24090181815561387,0.9999727604744206,0.9999157338707866,1.0,1.0,0.24228112802450325,1.0,1.0,1.0,0.2728668394676865,1.0,0.9999949318373177,1.0
1058,-145.58621284827524,-145.58610402149822,-145.98783363916215,-145.98773624087568,-146.03185721444825,-146.2387536210684,-145.47507996938754,-145.5860781111282,-145.73409789885005,-146.0317622837519,-145.9877225505505,1.0,0.8180675261805965,0.818107366338313,0.8180628515554556,1.0,0.8002571358976033,0.8002135923798446,0.7216100475108274,0.7215707833312166,0.882091055343425,0.8820480993107438,1.0,1.0,0.9460129026386863,0.8785267126250627,0.9286625057381497,1.0,0.9782287039724623,1.0
1059,-138.11190479146475,-138.10656654275817,-138.11192839327225,-138.10403496065794,-138.11192788628,-138.11151005155529,-136.48721418995095,-138.10174485153718,-138.07112247924644,-138.1060640523066,-138.10361791192588,1.0,0.9999881991658811,1.0,1.0,1.0,0.9999884526590471,0.9973229180312303,1.0,0.9975312978710092,1.0,0.9962694304806611,1.0,1.0,0.4460762708121778,0.45295878288488933,1.0,1.0,1.0,1.0
1060,-143.80117279901413,-143.80106028114454,-144.8378282534624,-144.83519847377372,-144.83782805318205,-144.83781129266674,-144.79751007563547,-143.80108041889764,-144.8351594347817,-144.83780674453104,-144.8378067950169,1.0,0.5955155802480698,0.5962991326663487,0.596265586455974,1.0,0.5955156398831041,0.5954821377499591,0.5955206304785146,0.5954871280646118,1.0,0.9986944435348193,0.6076424544646548,1.0,1.0,0.9813513981077056,0.5962832292452978,0.9999899311741425,1.0,1.0
1061,-137.6966612299031,-139.00842575482437,-137.85182902006713,-139.16277686245576,-137.98005645237538,-138.09009364235902,-136.49489946115168,-139.00839073650423,-139.1852217137089,-139.28761609380743,-139.16272815347054,0.5189839804587987,0.9253493888771914,0.4804376516243969,0.9257273243765145,1.0,0.867883655076355,1.0,0.8214237151720744,1.0,0.887690341665196,1.0,1.0,1.0,0.2845786431793858,0.2604977314482599,0.9153804675498917,1.0,0.9378983392742446,0.5473960870393819
1062,-130.80114163713606,-130.9490124105345,-130.80107662159944,-130.94900825367364,-130.8482197750258,-130.80058142932555,-129.10536399967697,-130.94901069572057,-130.86377869109373,-130.81451517471066,-130.9490185553031,0.9287317003233557,1.0,0.9287336306295861,1.0,1.0,0.9767358138857319,1.0,1.0,1.0,1.0,1.0,1.0,1.0,0.39779306423466004,0.41511182147527503,1.0,1.0,0.9767040629002737,0.9922507236333018
1063,-136.95497155495377,-136.9354754574411,-138.4287429665446,-138.42848128313807,-138.5168770458062,-138.42908318361648,-137.76761196024043,-136.9540057772457,-138.40173937333827,-138.42850615285124,-138.42846498362826,1.0,0.4786021047498057,0.47866472996128395,0.47402135154476577,1.0,0.45796947506157704,0.4535268549084329,0.47852069737071035,0.4738787161697806,0.9998299059316966,0.9996990950417731,0.6660968473026562,1.0,1.0,0.7282843571647619,0.4848737175925222,0.9907776294397075,0.9568898057834184,1.0
1064,-132.78218528724102,-132.78586040461082,-132.78182802877893,-132.78695229089388,-132.78217691874897,-132.7821865575487,-133.2404868538202,-132.78929029019594,-132.88638029813458,-132.78696848504904,-132.78928054598848,0.9981641285924141,1.0,0.9976193364585819,0.9994542058583087,1.0,1.0,1.0,0.9999993648463629,1.0,0.9998207516820167,1.0,0.7952086202931943,0.7950665854749944,1.0,1.0,0.9526144669088823,0.9982865268815749,0.9998255702296209,0.9492323347902903
1065,-134.82448873436124,-135.09514009210562,-135.1661286416392,-135.0744882904754,-135.16627265194478,-135.1677066415068,-135.0083944038224,-135.0756986163263,-134.92725112207717,-135.0818425176759,-135.4548287667879,0.8734314072063636,0.842973334090474,0.8824970984485622,1.0,1.0,0.842912637852004,0.965058768092651,0.8423084905009426,0.9643670739927175,0.9992113112447991,0.9544603511804498,0.9121481702447441,1.0,0.966907827319901,1.0,1.0,1.0,0.999927997439521,1.0
1066,-134.2221096000954,-134.2134826131847,-134.22211002998583,-134.22192525160324,-134.2221109314325,-134.22164967888352,-132.54637823999752,-134.22156880634725,-134.17100954455873,-134.2219261275186,-134.22156926285408,1.0,0.9999997850548059,1.0,0.9957875780348966,1.0,0.9999993343316702,0.9956951334925014,1.0,0.9959247934334536,1.0,1.0,1.0,1.0,0.43274991420773423,0.4438291214263177,1.0,0.9959650657296699,0.9999995492767674,1.0
1067,-164.39059967639741,-164.3904652713353,-164.6017781889409,-164.60169769370435,-164.601831998756,-164.60180481375212,-163.8752630672234,-164.39042382998633,-164.5862303858784,-164.5998956990644,-164.60168043162176,1.0,0.8997941569907018,0.8998303722912413,0.8997699034445545,1.0,0.8997699484377535,0.8997094836515661,0.8997821786456458,0.8997217130375851,0.9999866876829963,0.9999464414104262,1.0,1.0,0.7729194954796216,0.7008343961308164,0.9067366009391782,1.0,0.9999730954543768,1.0
1068,-134.05286429342797,-134.03977672712898,-134.05278829822007,-134.03975430417182,-134.0528564063735,-134.0528614247726,-132.39384841273178,-134.0279578765376,-134.00865447179663,-134.0397305174608,-134.02793309577822,1.0,1.0,1.0,1.0,1.0,1.0,0.9934814985873832,1.0,0.9934790057471847,0.9999634373921604,0.9934678674410313,1.0,1.0,0.4417307559689103,0.4460148509008708,1.0,1.0,0.9999659465031123,1.0
1069,-135.70095433164587,-135.70091532926537,-137.33410278062763,-137.33416551191078,-137.33355499593088,-137.3395459878217,-136.88295739834308,-135.68073592162557,-137.18218416631674,-137.31418725796738,-137.3341653793138,1.0,0.4419430618744732,0.441929200264188,0.44192058220280717,1.0,0.4420641232756768,0.4420555025831623,0.4407419033277278,0.4407333084198246,0.9972820966084394,0.9973133774918013,0.5537723853942855,1.0,1.0,0.8610408042455417,0.4720246253784295,1.0,1.0,1.0
1070,-142.21913527342636,-142.47412659334242,-143.87191716417243,-144.15408607468248,-143.8718725939873,-143.8713933266655,-142.65659795927687,-142.47132402723742,-144.0735989989725,-144.14866925896135,-144.15263828970149,0.880297236352883,0.43762585526637177,0.3800412799827765,0.43171926968362095,1.0,0.43763560790773615,0.4971452707506876,0.4377404926970587,0.4972644177671628,1.0,1.0,0.8035375652096277,1.0,1.0,0.49238196116977795,0.4488181493480289,1.0,1.0,0.9040566971299028
1071,-151.85698556537648,-153.33036689907024,-153.89840849450684,-153.33013569479434,-152.909022871871,-153.15692211327558,-153.29147480015328,-153.31416458495823,-153.83946733326349,-153.89957198043857,-153.88210899199404,0.4786954599047315,0.36033848089242476,0.4787508013220564,1.0,1.0,0.5909530813848048,1.0,0.5220623394743982,1.0,1.0,1.0,0.4880952941044643,1.0,0.988719218217606,0.7603349139240883,0.7690099473283901,1.0,1.0,0.6279955297974236
1072,-124.74153219617384,-124.72263177513389,-126.17005570258584,-126.17282242055518,-126.17304343426727,-126.1731775934507,-125.75816591897575,-124.69632431245304,-126.1515575452853,-126.29743778566913,-126.1724436220357,1.0,0.489553389644212,0.4888766297730224,0.4842784040249365,1.0,0.48882260853858506,0.4842248908978948,0.4887898196173287,0.4841924103793167,0.9984402722092511,0.9998224293197776,0.6015071471655797,1.0,1.0,0.8214404666968212,0.48305893390034715,1.0,0.9985072494214405,1.0
1073,-125.03768928253919,-125.03933280515193,-125.03768569204561,-125.0383576729827,-125.7392634712001,-125.03768280653628,-122.86801177406309,-125.051292384063,-125.23171305563508,-125.23612529386924,-125.03900228038816,0.999178576246984,1.0,0.9996658606152489,1.0,1.0,0.7041336519445933,0.7047125195471973,1.0,1.0,1.0,1.0,1.0,1.0,0.3356654481759618,0.3067106019054268,0.9137389730522506,0.9940380539012071,0.7041323878520508,1.0
1074,-135.1333167944542,-135.50098860683988,-135.13335981547493,-135.14821101005214,-135.133245582885,-135.1333592543291,-135.09009028447528,-135.16143966281436,-135.49782789183055,-135.15075812238263,-135.17969612202282,0.8320723305413221,0.9999784897209845,0.99258055320091,1.0,1.0,1.0,1.0,0.9999787702879082,1.0,1.0,1.0,1.0,1.0,0.9649541524661871,0.8155693638697881,0.8451897551664938,1.0,1.0,0.8333586689861092
1075,-160.95850322315897,-160.94283069580703,-160.95850011940595,-160.9423090536379,-160.95850027369858,-160.95850133088763,-158.3794176594904,-161.00991681804737,-159.99109140001525,-160.94254414215777,-161.00991594025095,1.0,1.0,1.0,1.0,1.0,1.0,0.9921958230148875,1.0,0.9921952985457451,0.9999993942593464,0.991936546837294,1.0,1.0,0.268407325972263,0.4467139284846907,1.0,0.967013269660232,0.9999999228536923,1.0
1076,-145.64581887767343,-145.64033294633776,-146.08576438143538,-146.0801453154592,-145.6462616775062,-145.64572059827344,-141.19534401408805,-145.64050523847777,-145.60573804079638,-146.07926079884993,-146.07362049480994,1.0,0.8025406653881278,0.8047986002478147,0.8025940901477746,1.0,0.9997786245907686,0.9970400238091124,1.0,0.9973097991254796,1.0,1.0,1.0,1.0,0.10832919216776433,0.11022880661820239,1.0,0.9999138576404625,1.0,1.0
1077,-158.8152337843366,-158.81762691730208,-160.94012769162507,-160.93977627282248,-160.9401170355446,-158.81824315151175,-160.61701750978986,-158.8172152874829,-160.9055651857543,-160.93977165978222,-160.93977114205177,0.9988041491174914,0.3456090853932282,0.3456698174941472,0.3460836819706538,1.0,0.34561092681724503,0.3460247207849655,0.998496447881208,0.9996919303583638,1.0,1.0,0.40620721706388185,1.0,1.0,0.8656506675677456,0.3519821027504161,1.0,1.0,1.0
1078,-138.9858169794072,-139.65355778240905,-139.8583539755586,-140.55971877758375,-139.85835316135314,-139.85835301832222,-139.00318946545505,-139.65465054758909,-140.52663517670098,-140.56041281427065,-140.56039536717697,0.7161465877362352,0.6464441336259525,0.4552307257085414,0.6356669619100498,1.0,0.646444396795179,0.9026704977239545,0.646444443025948,0.9026705622788512,1.0,1.0,0.9913513733911042,1.0,0.7219997104941542,0.46686139894915046,0.6466226954988932,0.9994537666497689,1.0,0.7159528202673473
1079,-154.2850454895983,-154.28486252995128,-156.82287900477291,-156.82277238369943,-156.91019193041828,-156.82291810774183,-157.04384000591187,-154.25894343101268,-156.52166080498404,-156.82277240437233,-156.82277233375197,1.0,0.2811359953273216,0.2811509832376333,0.28112526477168537,1.0,0.26912664244464324,0.2691020239129571,0.28113049875501206,0.2811047821628952,0.9999804487066727,0.9999271406331739,0.25173023568868247,0.8954037898832466,1.0,1.0,0.322594653370413,1.0,0.957282763209684,1.0
1080,-138.13276850288554,-138.5668537121222,-139.04010234823238,-139.51794044866392,-139.03957241007163,-139.04029351124848,-136.78469743499443,-138.56685372827798,-139.50084620312927,-139.5179260258135,-139.51799798042953,0.8048956763014038,0.6352943001369857,0.5002806825886212,0.6215472356460822,1.0,0.6354626557869973,0.7894969180441219,0.6352335806516001,0.7892123157756019,0.999904423059718,1.0,1.0,1.0,0.4102132442189992,0.25715548318916615,0.6268824490997649,0.9999999919221096,1.0,0.7940277279218503
1081,-162.01303693307952,-162.00186838157302,-165.92228742306298,-165.90539183382245,-165.92229003709826,-165.14002065606212,-165.8266926267861,-161.99897745184433,-164.74419774334805,-165.90538473662002,-165.90539115139353,1.0,0.1416175386327606,0.14281896205795172,0.1420236442946517,1.0,0.14161735353626032,0.14082872718555753,0.20940358476067514,0.2082374763654097,1.0,1.0,0.14855086608174004,1.0,1.0,1.0,0.2534445681968614,1.0,0.9999986929832133,1.0
1082,-151.59552552972335,-151.65795930042023,-151.59552299947157,-153.224598510979,-151.59550754903836,-151.5955110503412,-144.44060090717136,-151.86826112783257,-152.48118242240358,-153.22454844098505,-153.2245564712166,0.9692653308286088,1.0,0.44284454239394555,0.4568868072639769,1.0,1.0,1.0,1.0,1.0,1.0,1.0,1.0,1.0,0.02438395096741698,0.017947745737013153,0.7360474830758891,0.9001886615277135,1.0,0.6422115986503896
1083,-143.2444526876941,-144.10783121742546,-147.39985508204515,-147.40464575408413,-147.3998293386369,-146.48401853059812,-147.44520062462212,-144.02616345233815,-146.716061360534,-147.40468494031762,-147.40465471949733,0.6494111401938942,0.12521773247283902,0.12491815286811683,0.19235603631748616,1.0,0.12521934424881628,0.19281982783884735,0.19794166330899715,0.30480176741331816,1.0,1.0,0.1224106419724458,0.9775823244443267,1.0,1.0,0.26055300768383616,1.0,1.0,1.0
1084,-117.41666527488204,-117.41050985105989,-118.31005033415931,-118.30434063941465,-118.31004253654484,-118.27980722569035,-118.08848455774239,-117.40882094926332,-118.26292195473496,-118.3043340463094,-118.30424096624094,1.0,0.6397405793050912,0.6415695504914887,0.6395980197023,1.0,0.6397430735351533,0.6377771554742379,0.6494879632315649,0.6474920993135571,1.0,1.0,0.7146876810552802,1.0,1.0,0.9164766416510481,0.6524306018655361,1.0,1.0,1.0
1085,-149.31431058190142,-149.3112343936662,-150.43458205136142,-150.4242423674039,-150.3535187974636,-149.49217853935653,-148.50176157344572,-149.31116926270573,-150.3352915662821,-150.35024607244728,-150.43127425967225,1.0,0.5711315362024778,0.5740918415557685,0.5732095129974347,1.0,0.5947559606250613,0.5938418731371139,0.914905974837174,0.9134998449963432,1.0,1.0,1.0,1.0,0.6671743688751612,0.39981033916064485,0.5992591409569807,1.0,1.0,1.0
1086,-142.5759713287193,-142.59406711793244,-143.74461834696586,-143.7303423025626,-143.7446183697901,-143.7446183647233,-143.39879500644034,-142.5754740818368,-142.14969120135342,-143.7443466909359,-142.5504220720154,0.9909929144205023,0.5574828663507448,0.5614764275355515,0.5665796590118742,1.0,0.5574828599886879,0.5625497941271198,0.5574828614010136,0.562549795552282,0.9999999911212853,0.9928873841559713,0.662713944035582,1.0,1.0,1.0,1.0,1.0,0.999999988587888,1.0
1087,-135.50982536878473,-136.2344830991384,-135.60752446900264,-136.3450897215041,-135.51011448944854,-135.50940877031513,-136.01167901393748,-135.55657963598242,-136.32338268356034,-135.53259086644385,-135.556947831971,0.6960534224658879,0.9523243960226547,0.6586044341580963,0.9461981119565188,1.0,0.9998554501164372,1.0,1.0,1.0,1.0,1.0,0.7780793073148113,0.817031791440426,1.0,0.8556859638512698,0.6815391901413501,1.0,1.0,0.6658877960357855
1088,-151.1929739073584,-151.216740654953,-152.38113450352233,-152.40528376682047,-152.38111843181534,-152.38110145257312,-151.9136071383744,-151.19539634779275,-152.5588222003304,-152.75408011845622,-152.4053166710644,0.988186954633768,0.5520700723591498,0.5454441131030106,0.5519644947196833,1.0,0.5520745087311967,0.558674151831726,0.5520791956544949,0.5586788947837313,1.0,1.0,0.6974554658923582,1.0,1.0,0.7242580474433308,0.5057499376235565,1.0,1.0,0.9149810866413829
1089,-152.00075654530204,-152.02905609205615,-152.0003344170358,-152.0290545825173,-152.00075153816948,-152.0007527773068,-149.44898095911282,-152.10931289139074,-150.96095303228134,-152.0004440259587,-152.10931175554487,0.9859498641631004,1.0,0.9859506083281991,1.0,1.0,1.0,1.0,1.0,1.0,0.9997908417411399,1.0,1.0,1.0,0.2644333706722022,0.46954739548251634,1.0,0.960666082027671,0.9997914611803962,1.0
1090,-143.34654107968979,-143.34376174257685,-143.84926696353887,-143.8528228400487,-143.84919118960676,-143.84902710551742,-141.07805707188157,-143.33563252450207,-143.93394032122782,-143.85274710014238,-143.85437995629607,1.0,0.7777400458591037,0.7763585005942074,0.7752803688937505,1.0,0.7777695126280206,0.7766894214503349,0.7778333250467314,0.7767531452525219,1.0,1.0,1.0,1.0,0.3234250986019225,0.23980201713788435,0.7414452934372824,1.0,1.0,0.9585106879920287
1091,-126.11964998685369,-126.45254710494186,-130.03543080966952,-130.03518311006997,-130.03542398800533,-129.3427762857511,-129.80171853945012,-126.13465398358582,-129.51616627276638,-130.03575735219675,-130.03521150389813,0.8466663691426164,0.14115588789506672,0.14117337110614364,0.16674026068745826,1.0,0.14115636935492037,0.1667201798718703,0.19957540394052037,0.23571906386528854,1.0,1.0,0.15865324992375732,1.0,1.0,1.0,0.18438005328977478,1.0,1.0,1.0
1092,-142.74788213601505,-142.75014630081122,-148.26646103000942,-148.27156079143043,-148.26645170668553,-148.26638602263674,-142.62732896350542,-142.75207081042197,-148.2575318473275,-148.27138977484302,-148.272543178202,0.998868558165445,0.06333675649703728,0.06317546105284429,0.06324702137874322,1.0,0.06333705175227305,0.06340879511574575,0.0633391319034299,0.06341087762313857,1.0,1.0,1.0,1.0,0.9395343268288767,0.059898642199176066,0.06375354309974644,0.9990382080133208,1.0,1.0
1093,-136.02827358719995,-136.02801338331875,-137.26706781347974,-137.2516514607435,-137.26679205482998,-137.2665981287792,-136.86977121876836,-136.0278237572334,-137.24171721328722,-137.26654327095906,-137.2665380146501,1.0,0.5382688550112384,0.5424339583318393,0.5423633912117729,1.0,0.5383430762742435,0.5382730413512508,0.5383952781784004,0.5383252364642808,1.0,0.9925545219074059,0.6565549969507589,1.0,1.0,0.8302960149471218,0.5450124023202443,1.0,1.0,1.0
1094,-131.19092709082898,-133.5226643665168,-131.79808650594572,-133.78119035574434,-131.79813105788372,-131.79829548299807,-126.51120902872947,-133.52265237352995,-133.52789187821554,-134.21874939166153,-133.5413383393327,0.31165183184773376,0.7381710489748541,0.2738618128552339,0.8787428305219678,1.0,0.7381546056825948,1.0,0.7380939225993615,1.0,0.9998955169325596,1.0,1.0,1.0,0.030025097239598304,0.02994654186350528,0.9973836762137303,1.0,0.9999777242791057,0.42110190912364587
1095,-141.8132270334139,-141.80730045515432,-142.03591534938272,-142.03085052022038,-142.035913769935,-141.81323002276503,-141.15464125632977,-141.80635107133085,-142.0089490173163,-142.03082813619926,-142.03026244488387,1.0,0.894630801607338,0.8968992488061527,0.8942454109979725,1.0,0.8946315081189034,0.8919843803352694,0.9999985053255586,0.99703960682599,1.0,1.0,1.0,1.0,0.7219099235485109,0.6523631585391596,0.903662821716735,1.0,1.0,1.0
1096,-151.40915703159575,-151.38629561960778,-152.17415061053316,-152.15608419165056,-152.18652709483564,-152.28685595891264,-151.95369436643375,-151.38653320814805,-152.08838148718348,-152.18647213416816,-152.14197977178694,1.0,0.6821560810563839,0.6883460553843052,0.6805225731508904,1.0,0.6779477684999777,0.6702424692823022,0.6447778348208226,0.6374495325871385,0.9452057274375133,0.9367059341407015,0.7616496031655465,1.0,1.0,0.934873960508802,0.7040371604284074,0.9998812127856235,0.9938308655844729,1.0
1097,-138.25811540909052,-139.1788591698848,-138.25878505829522,-139.17885509360173,-138.2586572367512,-138.25886438845913,-137.84245805084382,-139.18021059361752,-138.9994666197563,-139.18020950641488,-139.1801118276476,0.6310489271404158,0.9996652314451538,0.631050213308753,1.0,1.0,0.9997291228635036,1.0,0.9996255804282049,1.0,0.9999603357046922,1.0,1.0,1.0,0.5122839225621452,0.5607364418600774,1.0,0.9993245163754875,1.0,0.6904548528781727
1098,-128.79697538018914,-128.80500803676915,-131.75718497500765,-131.97941005863152,-131.75718332800557,-131.75405527758068,-130.3695315950963,-128.80941345351334,-131.93712370365216,-131.7658398479689,-131.97939357739355,0.9959917263694661,0.22761383379379302,0.20367751612773874,0.20449719684938827,1.0,0.22761402123409893,0.22853003213569353,0.22797029383905815,0.2288877385257434,1.0,1.0,0.4555371041855375,1.0,1.0,0.45666917585146083,0.2093275298800266,0.997799715809742,1.0,0.913958431955357
1099,-146.37406027957357,-146.3917513629836,-147.22671174811512,-147.50208395882467,-147.22690148858396,-147.18327067735896,-145.15554298321194,-146.40874227336516,-147.31781325977576,-147.50207067203962,-147.50208249829166,0.9911934650024656,0.6529036343902226,0.5689220553151446,0.5739768021107052,1.0,0.6528416962074655,0.6586420504758286,0.6672401860289309,0.673168467698958,1.0,1.0,1.0,1.0,0.5344058846758442,0.3392102564716781,0.6347427417971523,0.9915405292152629,0.999905134265618,0.9555617556796012
1100,-145.14806713275675,-145.12815854224576,-145.1480452823829,-145.12813373333856,-145.14803979164446,-145.1480646350089,-145.14172051413234,-145.12380198824786,-145.1176191772634,-145.12814148346376,-145.12331427121956,1.0,1.0,1.0,1.0,1.0,1.0,0.9901086200009099,1.0,0.9900963212626602,0.9999903237338165,0.9900840397349572,1.0,1.0,1.0,1.0,1.0,1.0,1.0,1.0
1101,-145.82907823479087,-145.8453416126591,-147.40677771653836,-145.92744889361586,-147.40676985155238,-147.40676520461832,-144.33882859411543,-145.85702283069233,-146.89091231391745,-147.400796884361,-147.64088581398522,0.9919012838131077,0.4543671347553143,0.9520046788804172,0.9597776456349382,1.0,0.45436892155439845,0.45807877151614806,0.4543699772668335,0.458079835848307,1.0,0.477277042168726,1.0,1.0,0.46808886515110026,0.27913999190511474,0.596339739495849,0.9941764141821527,1.0,1.0
1102,-152.92828265144527,-152.93008264398958,-152.92808860976993,-152.93547959886706,-152.9282729150923,-152.92827762033028,-154.13664926123522,-153.06841353446538,-154.1956124509139,-152.93076242846172,-152.94243120266006,0.9991004086030206,1.0,0.996407993036497,0.9973051601787569,1.0,1.0,1.0,1.0,1.0,0.9999054991853094,1.0,0.5465205851138482,0.5464675638010035,1.0,0.9709487479444402,0.5691567165711835,0.9331722783964418,0.9999078515847442,0.5306408945823387
1103,-131.47059605984646,-131.44882046873715,-131.4704799547257,-131.4703611789875,-131.47054490450844,-131.4705892491565,-130.78147654464553,-131.47039203784698,-131.45085145313405,-131.44889357956276,-131.47034648099626,1.0,1.0,1.0,0.9892874374812008,1.0,1.0,0.9891965629803503,1.0,0.989174630436782,0.999945354277739,0.9998859714172597,1.0,1.0,0.7086044925028399,0.7155616971778551,1.0,0.989272173457952,0.9999675256359337,1.0
1104,-155.31895255173146,-155.29788604447987,-155.7319499160689,-155.73626928450068,-155.92419848496263,-155.91672937345396,-152.07318560450122,-155.3177766239496,-155.6922635661433,-155.92387480758055,-155.73612408730986,1.0,0.8134273334162319,0.811672482887066,0.8031678003849677,1.0,0.7388776253915816,0.7311356854535561,0.7416421640280105,0.7338712573283128,0.9117497452578365,0.9137209646310022,1.0,1.0,0.19744494169696025,0.16372960189257557,0.829241815391092,0.9901040011198039,0.9083511151370384,1.0
1105,-135.85465872577134,-135.83215265873935,-135.85465412645198,-135.832129111782,-135.85465176032852,-135.8546560436598,-134.105427722304,-135.85259688371437,-135.8100430113488,-135.83233927041732,-135.8511713271903,1.0,1.0,1.0,1.0,1.0,1.0,0.9888134887915039,1.0,0.9888113710859058,0.9999990413965538,0.9887997294048458,1.0,1.0,0.41745247199466107,0.42642974738729666,1.0,0.9898299557375637,1.0,1.0
1106,-125.3838628286681,-125.37261185243901,-126.77440465771636,-126.77527469487171,-126.77494141364659,-126.77510073557829,-124.24331846814536,-125.34050704187203,-126.75829362061961,-126.77526786311833,-127.07068987039867,1.0,0.49893925978160536,0.49872225913754653,0.4959245795309668,1.0,0.4988053734452247,0.49600722759275506,0.49876563971003873,0.49596771675169204,0.9996520216275572,1.0,1.0,1.0,0.5777614066102312,0.2843675816174543,0.49218860651468543,1.0,0.999731658045031,1.0
1107,-142.01260186211186,-141.9922431148671,-142.93313079475973,-143.0548427153383,-142.93312928892516,-142.93310414042915,-142.5709817625824,-142.012208026085,-142.90825492383337,-142.93287976754777,-142.9328749854848,1.0,0.631116714316651,0.5938548043542184,0.5878403978030873,1.0,0.6311171894955145,0.6247253992275865,0.6311251253694683,0.624733254729079,1.0,1.0,0.7563962119299742,1.0,1.0,0.844815870058912,0.6388897026120157,0.990067203722984,1.0,1.0
1108,-137.696554075832,-138.1926334310657,-137.88568960807385,-138.36884927291408,-137.88590179281525,-137.88570779551424,-136.31732475990063,-138.19285313146344,-138.34878611795122,-138.36910936054437,-138.36893652961905,0.7803289810694614,0.909766081218781,0.7145176362720178,0.9156620522958826,1.0,0.9096695670982383,1.0,0.9097578080982126,1.0,0.9999909063211531,1.0,1.0,1.0,0.3915021837029962,0.36213772669658706,0.9249954196202239,0.9998901558344443,0.9998939132568964,0.7933885817342965
1109,-136.07392389316078,-136.86259960226633,-136.9356747647314,-137.72631853977646,-136.9356681270125,-136.07370260253973,-136.8638708132853,-136.86242145658906,-137.71388558994158,-137.724509357686,-137.72616084111053,0.6741262611353356,0.6499398649815231,0.4377105974919697,0.6493006172980054,1.0,0.6499420220441691,0.9641250601179128,1.0,1.0,1.0,1.0,0.6736979189124273,1.0,1.0,0.6537649548819904,0.653291357198147,1.0,1.0,0.6776605829803417
1110,-130.4448131083463,-130.43534351000716,-130.444214130123,-130.44461955056434,-130.44481233213742,-130.44486461289011,-127.48502781855657,-130.44430755554959,-130.3968378694584,-130.44462153724922,-130.44430691260618,1.0,1.0,1.0,0.9953727187284687,1.0,1.0,0.9952767785931584,0.9999742480596773,0.9952507620236377,0.9996748115016812,0.9998774763437491,1.0,1.0,0.22771968265025547,0.23318922618848065,1.0,0.9955280065034399,0.9997009437190318,1.0
1111,-138.1459832428605,-138.1463999654866,-138.14638398378605,-138.1453135018942,-138.1463760990961,-138.14636342263103,-137.0616210312269,-138.14635134099967,-138.12990865625233,-138.1333374539661,-138.14630766258705,0.9997916603926542,0.9997996496100423,1.0,1.0,1.0,0.9998035911729364,1.0,0.9998099281806722,1.0,1.0,0.9994751773991765,1.0,1.0,0.581371591147618,0.5861709475884738,1.0,1.0,1.0,1.0
1112,-136.64190368035466,-137.2117236624728,-138.7098518731529,-139.38525194441434,-138.70983982950676,-138.70808381009203,-138.7721942294836,-137.21221594613985,-139.37522116532355,-139.38508237156518,-139.38517491190083,0.752081945372335,0.35559099594622234,0.25368190684925607,0.33730620500890385,1.0,0.35559313725873204,0.4728116921922487,0.3559054885888013,0.4732270077466124,1.0,1.0,0.3446777782157703,0.9693096342290327,1.0,0.7396978640959151,0.3390856293342376,0.9997538884568872,1.0,0.7169919484751529
1113,-161.00541425325463,-161.00526316560325,-161.00551648633805,-161.0051118330402,-161.005513373262,-161.0055231366779,-159.68699868251898,-161.00516921231036,-160.97429074369018,-160.98909811773376,-161.00519426365827,1.0,0.9999488847647159,1.0,1.0,1.0,0.9999504412243881,0.9998749039957818,0.999945559770283,0.9998700229104264,0.9999966748356005,0.9997943693260262,1.0,1.0,0.5173243328521872,0.525373400272997,1.0,1.0,1.0,1.0
1114,-140.15104116766003,-140.14574850714683,-140.16944726691992,-140.16417812473622,-140.16937242478886,-140.151042110425,-138.71915615755557,-140.1754349943192,-139.53198693208986,-140.16210375826785,-140.19144329923142,1.0,0.9908391688192071,0.993453046761777,0.9908275174466861,1.0,0.9908762477704339,0.9882575285016888,0.999999528617619,0.9973566980520268,1.0,1.0,1.0,1.0,0.4828064557439503,0.6660334481421807,1.0,0.9852663743219213,1.0,1.0
1115,-140.42413887357822,-141.2040369039887,-140.90008193614293,-141.67996179844317,-140.94977516824204,-140.98302812517124,-140.65388235789246,-141.20280639904058,-141.63628439790537,-141.72859835415767,-141.67304456229547,0.6770913949839499,0.7882251305330398,0.533705301380378,0.7882322908460967,1.0,0.7688817077883254,1.0,0.7562036008278838,1.0,0.9593751474486721,1.0,0.8914804759374977,1.0,0.7599808673378821,0.6118910592928654,0.805140083902695,1.0,0.9754595203890121,0.7094575501469431
1116,-123.70716675941179,-124.99696857394702,-123.70716642721783,-124.99696813194146,-123.70716519867923,-123.70716547616459,-123.27787220970609,-124.996963963674,-124.92475416801017,-123.74101441556681,-124.99696408821643,0.5247145349274847,1.0,0.5247146508908679,1.0,1.0,1.0,1.0,1.0,1.0,1.0,1.0,1.0,1.0,0.42335429359932575,0.43891874280653587,1.0,1.0,1.0,0.5440062818549058
1117,-142.49771062717116,-142.48203731487592,-142.4976968846659,-142.49748190996445,-142.49768543178166,-142.4977027227936,-144.18695847641297,-142.49741103552356,-142.46878195061586,-142.4974801581219,-142.4973977662528,1.0,1.0,1.0,0.9923074427916051,1.0,1.0,0.9922064698222476,1.0,0.9921978917323687,0.9999970809404147,0.999889599679986,0.42971893453760646,0.4297159818403945,1.0,1.0,1.0,0.992342608032282,1.0,1.0
1118,-148.1693886579064,-148.16905716227052,-148.16938522103624,-148.16943016565054,-148.1685624563399,-148.16938441236334,-146.94600032917555,-148.1694794735186,-148.16971707544832,-148.16942565779232,-148.1655894618196,1.0,1.0,0.9999792463432956,0.9998135157003493,1.0,1.0,1.0,1.0,0.9998363883394361,1.0,1.0,1.0,1.0,0.5424064926668895,0.5423420580797378,0.9998812060916994,0.9997888666677361,1.0,0.9994228570568945
1119,-137.63143754151346,-137.77795318874274,-137.631377335154,-137.77791087617447,-137.63138660620476,-137.63143118691363,-138.28516201725608,-137.77795313145293,-137.68166703363102,-137.7779048622183,-137.64320153551597,0.9293611878736541,1.0,0.9293808499109952,1.0,1.0,1.0,1.0,1.0,1.0,0.9999730744826898,1.0,0.7211830879008333,0.7211613783234889,1.0,1.0,1.0,1.0,0.9999953644853725,0.9751731697909077
1120,-135.33332756084695,-135.3328236056273,-137.31533723935613,-137.31529244785844,-137.315333863859,-137.31521770375792,-137.25194322597264,-135.3330144545069,-137.31035488821055,-137.3152913422892,-137.3152920286311,1.0,0.371203503704851,0.3712118171783826,0.371118291895586,1.0,0.3712041302035603,0.3711106068574654,0.3712256903843039,0.37113216160621054,1.0,1.0,0.38315800370504827,1.0,1.0,0.9712165373050712,0.37207113612354,0.9999045801129753,1.0,1.0
1121,-148.49294958265355,-148.47563308234749,-149.84622114970807,-149.59785444516254,-149.7894352095752,-149.59815168483607,-149.33803162821204,-148.49273508509174,-149.58659645022482,-149.5978560704811,-149.59785151026753,1.0,0.508324231747898,0.5755366142247418,0.5705749847569004,1.0,0.5229639150066117,0.5184555082307718,0.5754510844229537,0.5704901922968807,1.0,0.9998513912066165,0.6553793682922289,1.0,1.0,0.8831303999169569,0.5787233729125674,0.9914854544548283,1.0,1.0
1122,-146.22423941522703,-146.23150446799022,-146.22739383537933,-146.21052914261537,-146.22724536245946,-146.22426744942436,-146.40183770895402,-146.2317173200081,-146.36913054743545,-146.22356151276307,-146.2322890877393,0.996374063260931,0.9984240330660112,1.0,1.0,1.0,0.9984981552829941,1.0,0.9999859829995751,1.0,1.0,0.9931543853019196,0.915029341631901,0.9164736738377404,1.0,1.0,0.9336005454990155,0.9998935796541061,1.0,0.9315153665722492
1123,-140.00627478546974,-139.9960369441245,-140.00630958799638,-139.99601925446356,-140.00634541899052,-140.16707651958745,-139.92229387219936,-140.00412876441948,-139.45336637506472,-139.99639735758845,-139.99520557560908,1.0,0.9999825988880802,1.0,1.0,1.0,0.9999646838632404,0.9948590228567445,0.9227463736117815,0.9180349770448208,0.9227624307041136,0.9180268572169878,1.0,1.0,0.9599083708469334,1.0,1.0,0.9959622635199548,0.9999820846634134,1.0
1124,-132.84357574314072,-132.84878267736744,-132.84357199438455,-132.84861631747683,-132.8435679023485,-132.84357167897633,-132.0090766006922,-132.85379150124072,-132.89294840273453,-132.8487742763922,-132.85325324780933,0.9973999189679905,1.0,0.9974828860892516,1.0,1.0,1.0,1.0,1.0,1.0,1.0,1.0,1.0,1.0,0.6554996889680247,0.6427908363712629,0.9806119624301122,0.9974987214865929,1.0,0.9756120608781893
1125,-137.5860030189812,-138.39441562913197,-138.4247445745546,-138.44547638021484,-138.4247353654347,-138.42469819163728,-139.07754575929405,-137.62682523584687,-138.9983297596077,-138.44546190472104,-139.20445303997133,0.6675063971052416,0.6574603783657242,0.6506804089310734,0.9747927686578929,1.0,0.6574634056884195,0.9849544641663729,0.6574756260077208,0.9849727715853795,1.0,1.0,0.4743682452686786,0.7215160956890436,1.0,1.0,0.5037111643068738,1.0,1.0,0.750663950237242
1126,-140.08552299465217,-140.81157342029553,-140.08551530174873,-140.81156735349165,-140.08552920480284,-140.08552336382806,-137.1863400047267,-140.81159262824775,-140.36534745907105,-140.8115649149863,-140.81159341966065,0.695568896023468,1.0,0.6955710059667057,1.0,1.0,0.9999968949294843,1.0,0.9999998154120703,1.0,0.999995968968459,1.0,1.0,1.0,0.16322489392809114,0.204026839590455,1.0,0.9999903960700076,0.9999930484971065,0.869437240062783
1127,-145.34171308923965,-145.3525327591783,-145.6840614080486,-145.78002110117444,-145.5911127061627,-145.556260154161,-144.97050141762742,-145.34627735160984,-145.67394279111127,-145.6015051470201,-145.68777847213414,0.9946047718358645,0.8426748009495861,0.8031980113413295,0.8075549545763471,1.0,0.8827618604545442,0.8875503973554459,0.8982799306627715,0.9031526452509427,1.0,1.0,1.0,1.0,0.8287075446317871,0.7034765848746165,0.8488840115329065,1.0,1.0,0.9594308427495848
1128,-149.57249551379488,-149.57577265344943,-149.77639292563939,-149.77966345478256,-149.77638589128964,-149.57248216515615,-149.08039479752668,-149.57902868663467,-149.87415624094638,-149.77965563682363,-149.7810558711665,0.9983627718953255,0.9030758729248999,0.9016003117397281,0.9030788578264991,1.0,0.903079049206256,0.904560020293846,1.0,1.0,1.0,1.0,1.0,1.0,0.7793329289095001,0.6724142252685879,0.8628074091639876,0.998373307907527,1.0,0.9522904703375533
1129,-142.6829354224763,-142.67595426639505,-142.8472920567754,-142.84717402058905,-142.87772872426925,-142.89950160368255,-141.4970239964693,-142.6693477129466,-142.65942818801327,-142.8721575428317,-142.84712240308053,1.0,0.9211076947526962,0.9211620583766458,0.917952275581523,1.0,0.9071960946141746,0.9040349761227913,0.8973735224574552,0.8942466306505361,0.9742330105041482,0.9741755148262262,1.0,1.0,0.556458959653898,0.5592257194803205,1.0,1.0,0.9848968799003937,1.0
1130,-136.68856911075918,-136.68831302989588,-136.68856820855405,-136.67130806727488,-136.68856279298632,-136.6884329397896,-134.60312529720903,-136.68801197020187,-136.63607836396008,-136.6883123557579,-136.68801156699124,1.0,1.0,1.0,1.0,1.0,1.0,0.999875126252157,1.0,0.9999400468503987,1.0,0.991474116997263,1.0,1.0,0.3525921274191268,0.36186772540108586,1.0,1.0,1.0,1.0
1131,-143.83489271012934,-144.78386834783345,-144.251085591864,-145.17004157383482,-143.8348616806082,-143.83452462748764,-145.11001556038664,-144.7838944473099,-145.1357202550542,-145.1701739488742,-145.17015232348652,0.6222036558504653,0.8121287105378443,0.5129512683195185,0.8244105663737802,1.0,1.0,1.0,1.0,1.0,1.0,1.0,0.5285798351844196,0.650857220445217,1.0,0.9872298913850034,0.8386910268970313,0.9999869503469188,1.0,0.5218217172756144
1132,-131.23032554054376,-131.21836222698732,-132.35790994985965,-132.3576902076622,-132.35790881890068,-132.35781183889705,-131.95739029300347,-131.21008542410664,-132.33561438957798,-132.3576883673066,-132.35768240812632,1.0,0.5690470242156024,0.5691095494721781,0.5657154926395602,1.0,0.5690473460001099,0.5656536601367012,0.5690749397759567,0.5656810893487246,1.0,0.9999391862318013,0.6952162183717011,1.0,1.0,0.827693759830605,0.5696321469374144,1.0,1.0,1.0
1133,-148.48066015763396,-148.47211345721706,-150.16869159822267,-150.1686030973144,-150.16869400670754,-150.16871767864626,-150.0387723864839,-148.46126961767735,-150.15943180950782,-150.16860430747627,-150.1579010527745,1.0,0.42998037094811303,0.42999939819577704,0.4281657808128627,1.0,0.42997985314781495,0.4281463191095283,0.42997476394956524,0.4281412516128027,0.9999869598732257,0.9999427109751431,0.45883889839259895,1.0,1.0,0.9414540741598111,0.4278078657821859,1.0,0.9999987957582878,1.0
1134,-144.0348583228197,-144.04073863941304,-145.4610908708779,-145.46688504155068,-145.46108804224463,-145.460980292928,-145.64907040299101,-144.0466425433204,-145.61139688401505,-145.4668818042347,-145.46705956401104,0.9970641597358013,0.4901144841577182,0.4886966354785025,0.4901355952940839,1.0,0.4901151773352802,0.4915583140257985,0.490141582834277,0.49158479727538584,1.0,1.0,0.44614733227650094,0.9102920780707461,1.0,1.0,0.45731759631457836,0.997052400772426,1.0,0.927600234418972
1135,-141.51215176819036,-142.1705991542034,-142.0297005593234,-142.58849326798747,-141.93508343072625,-141.93499647295062,-140.16744643597252,-142.17059954575478,-142.54430914157558,-141.96684442502917,-142.09305225388908,0.7194820556406523,0.7719971693829194,0.583815220251791,0.8114381945661471,1.0,0.8093969366473003,1.0,0.8094321290909676,1.0,1.0,1.0,1.0,1.0,0.3672999159857855,0.30469885438772487,0.8295641820934059,0.9999998042243213,1.0,0.7374088029548711
1136,-150.87467576340612,-150.88433018782047,-151.34764298005223,-151.34740086586174,-151.3476404827614,-151.34677971671724,-150.73117110562438,-150.88525934517241,-151.35401029903062,-151.3494020112737,-151.34966455372543,0.9951844200570087,0.7893988217663854,0.7894943898792186,0.7933146600446104,1.0,0.7893998074462227,0.7932196199383852,0.7897396248415525,0.793561081669981,1.0,1.0,1.0,1.0,0.9258490044565253,0.7324064960349812,0.7910647335684127,0.9995355292239892,1.0,0.9968201583051568
1137,-152.34356485954245,-152.34324988607358,-152.80205201406295,-152.8017502207354,-152.80202911463812,-152.8020383021495,-151.81192859653396,-152.34319982599584,-152.7707843320781,-152.80174936505378,-152.8017294106143,1.0,0.7951348331513636,0.7952548253979195,0.7951295931738878,1.0,0.7951439372686557,0.7950187225066583,0.7951402845800589,0.7950150703932664,1.0,0.9998559696663227,1.0,1.0,0.7667184575174929,0.6191375190208348,0.8075161266177149,1.0,1.0,1.0
1138,-139.71896902388585,-139.72848600685532,-139.71896769868485,-139.7964644047073,-139.71897440462948,-139.71897080623614,-138.96389457581722,-139.73275976796788,-139.8089397369834,-139.7283133073639,-139.7325186049466,0.9952528121992666,1.0,0.9619933986879332,0.9665819447042422,1.0,0.9999973096318039,1.0,0.9999991088252492,1.0,0.9999984462255603,1.0,1.0,1.0,0.6808368361214285,0.6553914550385448,0.9626263155386241,0.9978654009475875,0.9999966470333072,0.9560140530678944
1139,-136.09110498749308,-136.0993885231003,-136.96924692922155,-136.0999274212488,-136.96921183913082,-136.09155012025468,-132.77722083211134,-136.10646891956958,-136.20326093189212,-136.98474008200162,-136.99801245638363,0.9958667974874377,0.6446350277012607,0.9955984982488896,0.9997305872238889,1.0,0.6446463379512859,0.6473218502491721,0.9997774583852604,1.0,1.0,1.0,1.0,1.0,0.18926179876831678,0.18032039288169482,0.9527564149510835,0.9964660608787786,1.0,1.0
1140,-143.08697867862404,-143.08657482834116,-143.52586271890198,-143.52637530606486,-143.52584737913048,-143.52576217176235,-143.0133148248147,-143.07832736515346,-143.53349875773876,-143.5263598619411,-143.5264784038224,1.0,0.8029667122417916,0.8027609433970745,0.8025988621447275,1.0,0.8029728709283513,0.802810746886828,0.8030070812595951,0.802844950310843,1.0,1.0,1.0,1.0,0.9680163801856126,0.7709806781777907,0.7964541654036461,1.0,1.0,0.9961816193220412
1141,-148.00701850836828,-148.14037360590766,-148.00717501637865,-148.1404177930806,-148.28755326155328,-148.3252115898846,-144.7131291422147,-148.1403306676052,-148.01925840911412,-148.43150099262775,-148.2717596532042,0.9354968048036192,0.9999217490565762,0.9354761365523923,0.9999779066575953,1.0,0.8691258204287051,0.9290526872629493,0.8529140140288175,0.9117230648455954,0.852980760578055,0.9117432083004815,1.0,1.0,0.18021570891917135,0.19146224699046943,1.0,1.0,0.8691938356663644,1.0
1142,-158.77316121281038,-158.77283289348446,-159.24099690757723,-159.24069848789406,-159.24101398466695,-159.86315617307494,-158.41216799526708,-158.77275122477775,-159.11591116082275,-159.24069660909691,-159.24067692510673,1.0,0.7914268310099626,0.7915449284924747,0.791414999408646,1.0,0.7914200734053115,0.7912901648159697,0.5798432444662791,0.579748065407194,0.7326555301724162,0.7325462189121864,1.0,1.0,0.835026669804823,0.7033704410551495,0.8423329056298925,1.0,0.9999914614915919,1.0
1143,-132.51094806767645,-132.50715773125674,-132.5109455228161,-132.50715219180483,-132.51094156878952,-132.51094416100287,-131.39586382076595,-132.49615477512265,-132.46683901035902,-132.50486109444444,-132.4963533114198,1.0,1.0,1.0,1.0,1.0,1.0,0.9981098697838112,1.0,0.9981085761277856,1.0,0.9981058116443872,1.0,1.0,0.5768658834548988,0.5853837904561663,1.0,1.0,1.0,1.0
1144,-148.73178863977125,-148.7503078350345,-149.26411435779042,-149.76120858611927,-149.74314183587677,-148.732410076327,-150.30699890171292,-148.75757215758512,-150.16660275615516,-149.76119867282475,-149.87577790201036,0.9907831404283856,0.7663143161474112,0.5976739109512015,0.603233832473961,1.0,0.6030973828366055,0.6087077567507295,0.9996893299900513,1.0,1.0,1.0,0.4549329966564053,0.5936637057017902,1.0,1.0,0.4943481270863852,0.9963744270434335,0.7870104604969841,0.8091827751874647
1145,-150.15344793947227,-151.50434233296508,-150.15324574986292,-151.50471465602607,-150.15340322383096,-150.15343786950365,-151.43726091832957,-151.50469486310456,-151.4958086695413,-151.50471088102847,-151.50469962001526,0.5089287784170597,1.0,0.5088340442749577,0.9998138557964893,1.0,1.0,1.0,1.0,1.0,0.9999039447932321,1.0,0.526288104277512,0.5262349019736897,0.9668451097798582,0.9711504536224533,1.0,0.9998237504640346,0.9999212661156525,0.5110935041405619
1146,-143.52436564109493,-143.96946017310023,-143.8189125710598,-144.2791644043407,-143.79962884116304,-143.75828562553158,-142.698263674888,-143.96965127072932,-143.99816579594892,-144.25641761958016,-144.2793711547115,0.8004771704999897,0.8630579290209067,0.6856421863177415,0.856541837276233,1.0,0.8714196635935509,1.0,0.8896207842055539,1.0,1.0,1.0,1.0,1.0,0.529567947691898,0.5220713260295878,0.9858438908642712,0.9999044557501003,1.0,0.9054995692227202
1147,-134.58210975660933,-134.5868041822546,-134.58195773867087,-134.51783088067623,-134.58195197670216,-134.58209555185414,-134.8806381691997,-134.5817487399348,-134.60125462332775,-134.58664940096477,-134.58676165650985,0.9976555397273478,1.0,1.0,1.0,1.0,1.0,1.0,1.0,1.0,0.9999310957823685,0.9683784226704641,0.8613415129833177,0.8612760457908386,1.0,1.0,0.9902944639992212,1.0,1.0,0.9903951012352311
1148,-145.26474323950782,-146.09071317059136,-145.85864716644699,-145.2852169614681,-145.85858899691192,-145.85854427129738,-143.22766912712152,-145.3368522869007,-146.01179519353576,-146.72333095693241,-146.7235875103616,0.6616722306365834,0.7430797064755458,0.9898153573454074,1.0,1.0,0.7431013190903646,1.0,0.7431179371077589,1.0,1.0,0.7507642022252836,1.0,1.0,0.34833466514022104,0.24856198368827725,0.7135723445388918,1.0,1.0,0.9262574137901707
1149,-143.29457036117526,-143.29436628946428,-143.29372289224025,-143.29433582414256,-143.29453492869143,-143.2943240336732,-144.3617381527205,-143.29419471125348,-143.27147661796533,-143.2943308541203,-143.2943024053345,1.0,1.0,1.0,1.0,1.0,1.0,0.9999156839412211,1.0,1.0,0.9996994744503763,1.0,0.586499246416009,0.586250779115935,1.0,1.0,1.0,1.0,0.9995940641886556,1.0
1150,-135.34945448986701,-135.3485839601758,-135.34945497783679,-135.37008723794227,-135.34945593174052,-135.34936449402807,-131.2889816300186,-135.34578379399568,-135.33126150065524,-135.37005524669934,-135.36941097874967,1.0,0.9999997560151441,0.9897366572288834,0.989305953397502,1.0,0.999999279063506,0.9995641092456303,1.0,0.9996098092180987,1.0,1.0,1.0,1.0,0.1315456838504934,0.13250433258730812,1.0,1.0,0.9999995230482455,1.0
1151,-148.26408033692758,-148.5717019807247,-148.26414275879384,-148.5719948072941,-148.26424489113012,-148.2642918048585,-151.1349792338164,-148.5718041065907,-148.54438254130758,-148.57181523440397,-148.28416507611126,0.8574342134459548,0.9999687895539257,0.8573086828762491,0.9998535974332057,1.0,0.9999177262833971,1.0,0.9998942716241837,1.0,0.9999254797444475,1.0,0.23800836748125298,0.23801579606042078,1.0,1.0,1.0,0.9999489383706928,0.9999489351357143,0.869298403800095
1152,-146.86622871074343,-147.0059779991954,-146.86745641681767,-147.00602352847923,-146.86760391253603,-146.86664425438664,-146.1831004074732,-146.88039058614476,-146.8467103638446,-147.00599821346168,-146.8802219973278,0.9325107081810814,0.9993863353321069,0.9324894801503558,0.9999772356172005,1.0,0.9993126354470242,1.0,0.999792249761463,1.0,1.0,1.0,1.0,1.0,0.7056435262458306,0.7176272621790496,1.0,1.0,0.9999262548601306,1.0
1153,-146.83847291163227,-146.81502898133374,-146.83778122103547,-146.83819274389128,-146.83837708676185,-146.83835484284435,-142.20464876937373,-146.8378422757086,-146.72121869171676,-146.8381895035389,-146.83783956626098,1.0,1.0,1.0,0.9884849305239939,1.0,1.0,0.9883938246479349,1.0,0.9884048175844123,0.9997132302218742,0.9999189538078854,1.0,1.0,0.09860860462615552,0.1045296034417382,1.0,0.988658161960185,0.9997021115143973,1.0
1154,-136.6298537088941,-137.17486318883232,-138.1593623996264,-138.71617431881734,-138.1490327724808,-137.95019519621863,-136.3263999479849,-137.17481490316766,-138.62645087954792,-138.72989255789489,-138.7160833186751,0.7614698198232286,0.465448256452465,0.3523394205849309,0.46270963262434295,1.0,0.46785842861209415,0.6144149333728093,0.5167630929355602,0.678638968325132,1.0,1.0,1.0,1.0,0.6542881177026003,0.3166287060789354,0.4839285591655139,1.0,1.0,0.7876440112808476
1155,-131.2177678645864,-131.2216364735513,-131.8889843041736,-131.89297986679736,-131.88898444260147,-131.88679907803737,-131.9862450310334,-131.22257382127106,-132.1364743987455,-131.89297928019096,-131.88843284298565,0.9980675650788267,0.7149031358554844,0.7134763414170397,0.7148577575113264,1.0,0.7149030863742238,0.7162872648985052,0.7156846752464783,0.7170703670647329,1.0,1.0,0.6809689400321434,0.9525331557222311,1.0,0.9276370952289092,0.6332118170394067,0.999531435950567,0.999999930786063,0.8836051508411882
1156,-136.460448237566,-136.53495078265564,-136.4604516394662,-139.2982733078372,-136.46045054584022,-136.4604517896785,-139.0509991712148,-136.62466238579464,-138.88408574261445,-139.29827436203215,-139.29826890578425,0.9634340204138321,0.9999982990513387,0.24197701537252664,0.2511609619811725,1.0,0.9999988458635566,1.0,0.9999982239453258,1.0,0.9999999248938592,1.0,0.27382242494754716,0.27382289070622634,1.0,1.0,0.32312640731245945,0.9561353451091401,1.0,0.29765576880924993
1157,-121.33721169047146,-121.33851760662083,-121.94738263724068,-121.9484023260859,-122.02023114020261,-122.24449382176698,-121.68578762713244,-121.33891766112785,-121.8643331592111,-122.02132765584466,-121.84658267471241,0.9993472550560512,0.7370603726544691,0.7366846823142954,0.7371658636046148,1.0,0.7106965561577792,0.711160762749999,0.6353107271703835,0.6357256939028171,0.861952087971245,0.8623916614833834,0.8400549536014825,1.0,1.0,0.9145960688005118,0.7689665956999536,0.9997999927506045,0.9642311302102126,1.0
1158,-138.28904596817654,-138.2706051385573,-138.36321637365873,-138.3629763157207,-138.36314995635985,-138.28855265863456,-136.1489901571794,-138.25196926374474,-138.2049422839358,-138.36292438620285,-138.31757078237197,1.0,0.9635940309986003,0.9637096971382014,0.9548647337537901,1.0,0.9636260311863177,0.9547818356911194,1.0,0.9910663839753264,1.0,1.0,1.0,1.0,0.34941688621106615,0.35773025173171763,1.0,1.0,1.0,1.0
1159,-152.67937184430883,-153.26688747523394,-152.67937186239175,-153.27008597722278,-152.67907163968806,-152.67912887697375,-150.73322940592988,-152.71943300014885,-153.51524581544822,-153.56116024018667,-153.26992144750744,0.7454570077438831,0.9999999909585426,0.7442657876667892,0.9984020271260187,1.0,1.0,1.0,1.0,1.0,1.0,1.0,1.0,1.0,0.37042592116583045,0.2488243122712526,0.6717248930316086,1.0,1.0,0.6583048955505632
1160,-146.43504313649643,-146.4370234160836,-147.63517165374316,-147.63735475538465,-147.63517125716072,-147.63517052075713,-145.7054960696339,-146.43739342405658,-146.403019945999,-147.63459787745725,-147.63558378896204,0.9990103502330742,0.5487763713468499,0.5481776808582913,0.5487207221931172,1.0,0.548776480164396,0.5493201146878645,0.5487766822249188,0.5493203169485545,1.0,1.0,1.0,1.0,0.6935383946208293,0.7055610774306745,1.0,0.9998150131256945,1.0,1.0
1161,-159.45854797160143,-159.4463785749776,-159.45855778506328,-159.45834628146434,-159.45855553750766,-159.45855798545193,-157.4382378545185,-159.45815485680203,-158.27198952315692,-159.45834406983613,-159.4306158585449,1.0,0.999995093281116,1.0,0.9940340143496578,1.0,0.9999962170540402,0.9939300159779406,0.9999949930872851,0.9939287994360421,0.9999998998056775,0.9998941536083304,1.0,1.0,0.36423409455694733,0.6591027528056093,1.0,0.9941291602156666,1.0,1.0
1162,-149.18025542965722,-149.17792474313723,-149.17954961303099,-149.17795037866156,-149.18024335865218,-149.18023842082187,-147.59090716798843,-149.17429906594617,-149.12673751247078,-149.1778781083231,-149.1741774089086,1.0,1.0,1.0,0.9999871823199782,1.0,1.0,0.9988413639801538,1.0,0.9988438300377799,0.9996556554047737,0.9988566330624902,1.0,1.0,0.45307574998035893,0.4639793777531104,1.0,1.0,0.9996531873428223,1.0
1163,-148.77155674213924,-148.77131214862442,-150.53684327349515,-150.53660158217548,-150.56595719636343,-150.60624756834048,-146.24955811514394,-148.77087068670937,-150.50858120717925,-150.5451387206657,-150.5365519102079,1.0,0.413687977985172,0.41373797340264173,0.41368737768398633,1.0,0.40770955743370196,0.4076596989256913,0.39957834990172086,0.3995294857532207,0.9658930671561429,0.9657763502236205,1.0,1.0,0.28346792946806604,0.11889535458068573,0.4194314143536293,1.0,0.9855484788787245,1.0
1164,-142.25073839853977,-142.75022951873095,-142.6083466111958,-143.12220100719094,-142.60647938351275,-142.5622065749153,-142.84564949972207,-142.75011624881893,-143.1236713671627,-143.12512336613398,-143.12200714018167,0.778998966279993,0.8362697032953855,0.6467914926655371,0.830285431255711,1.0,0.8370508208399684,1.0,0.8557867239163874,1.0,1.0,1.0,0.7427055953117523,0.8881173052007783,1.0,0.8702185136803948,0.8296282590589261,1.0,1.0,0.7721349088526512
1165,-128.77900812162707,-128.76070778352957,-128.77899593432164,-128.76077649346152,-128.7790065157281,-128.7790061190911,-127.09072590937092,-128.74788623979694,-128.73504323555136,-128.76085494126278,-128.7478017943677,1.0,1.0,1.0,0.999965645624149,1.0,1.0,0.9908923619919117,1.0,0.990892558504221,0.9999949076282407,0.9909266011691182,1.0,1.0,0.4366688439977847,0.4394819363791789,1.0,1.0,0.9999947093107673,1.0
1166,-130.80162339128145,-131.30250280842634,-131.18886534230904,-131.69690591274795,-131.18882039999585,-130.80162704770822,-131.08033678666064,-130.8718003397646,-131.68349457238028,-131.6968014037855,-131.69685052348967,0.7784584129679136,0.8239701499531928,0.6391339253462613,0.8210251372446857,1.0,0.8239886657234988,1.0,0.9999981717882861,1.0,1.0,1.0,0.8699176754854665,1.0,1.0,0.7396494709907262,0.6664120431707781,1.0,1.0,0.7808774261637977
1167,-130.33576577923327,-130.32452581655176,-130.41237487198924,-130.4012071449953,-132.27632010178945,-132.27630924367276,-130.1824468432187,-130.3354810719272,-130.39168820297988,-130.4121674319696,-130.41216421075274,1.0,0.9624197947925673,0.9678088474182496,0.9623850348924875,1.0,0.3789779855229819,0.3768541099763272,0.37898004302216304,0.3768561559448327,0.3937783128243382,0.39158563597877744,1.0,1.0,0.9263370604925543,0.9006660985709134,0.972287666102886,0.9945373471601278,0.39377617498470485,1.0
1168,-140.8398616064461,-140.84652685081784,-140.83986067255069,-140.84658132231237,-140.83985998160426,-140.8398609156887,-139.85358038403842,-140.85108363676915,-141.11506024213492,-140.83973064787796,-140.85091701939774,0.9966729248356977,1.0,0.9966457800734635,0.9999727646236215,1.0,1.0,1.0,1.0,1.0,0.9999998784310055,1.0,1.0,1.0,0.6072883094133781,0.5321978666221945,0.8763512459778477,0.9977242005915259,1.0,0.8714470874003379
1169,-143.73961238146558,-143.7399753767196,-143.7396074708859,-143.73988509170601,-143.73960358552543,-143.739505896594,-142.69798514228927,-143.7395875369446,-143.7171987075267,-143.73973376097393,-143.7398822505693,0.9998185188426868,1.0,0.999863654175718,1.0,1.0,1.0,1.0,1.0,1.0,1.0,1.0,1.0,1.0,0.594044410461435,0.6007317505416092,1.0,1.0,1.0,1.0
1170,-142.00650779637635,-142.0002779512903,-142.00650827875296,-142.00634356333583,-142.0065085645894,-138.90070021240638,-140.55091385468972,-142.00621526336818,-141.9882392476946,-142.00639922768397,-142.0063287024072,1.0,0.999999758811726,1.0,0.9969717882876884,1.0,0.9999996158935458,0.9968895408830417,1.0,1.0,1.0,1.0,1.0,1.0,0.48304246770520765,0.48740362689755634,1.0,0.9970357460632073,0.9999998570817854,1.0
1171,-140.49134760643528,-140.48505741128548,-141.18480223577183,-141.19977018655695,-141.18561499091567,-141.1887904537664,-136.8650782581173,-140.46413720576078,-140.6223718381536,-141.17875777526652,-141.2111654540917,1.0,0.7069980899836061,0.7017266838168159,0.6995231519031175,1.0,0.7067108401863369,0.7044916572394422,0.705589663476009,0.7033740011999383,0.9980078779171387,1.0,1.0,1.0,0.1653766839767672,0.152796731983931,0.9239315259543873,1.0,0.9995937049882613,1.0
1172,-132.98601953846097,-132.98946035191935,-132.9847849288734,-132.9894573297358,-132.98601232300845,-132.98601537160744,-130.8695033200206,-132.99130699952252,-132.6467677628629,-132.9873242587948,-132.99071459432602,0.998281072322154,1.0,0.9982825808176036,1.0,1.0,1.0,1.0,1.0,1.0,0.9993849678428478,1.0,1.0,1.0,0.34614350355485196,0.41121782320057465,1.0,0.9990771023306718,0.9993864912060076,1.0
1173,-141.0635598372135,-141.08964063305984,-141.06355904375528,-141.0656411752184,-141.06343848704537,-141.06344086091968,-140.08458877741015,-141.10142326776372,-141.25973392952596,-141.08797507448313,-141.10142094694035,0.9870442596766775,1.0,0.9989598723057462,1.0,1.0,1.0,1.0,1.0,1.0,1.0,1.0,1.0,1.0,0.6014467686375213,0.5556745065349233,0.923896403656325,0.9941260024293312,1.0,0.9065149823451081
1174,-119.76285158706759,-119.76579818447175,-119.76314474763021,-119.76579302892961,-119.7659806037355,-119.76580559847412,-118.22130943442136,-119.76565715612855,-119.50664898294616,-119.7657892283411,-119.7656519977379,0.9985277860696558,0.9998534304610545,0.9985303600490132,1.0,1.0,0.9984367148712191,0.9999087945275963,0.9985240845328311,0.9999962930056867,0.9986704592015948,0.9999937152474945,1.0,1.0,0.46200763555871815,0.5258865498190424,1.0,1.0,0.9985830767323746,1.0
1175,-140.4428143732744,-144.54737822086247,-145.52106620882398,-145.22323128523445,-146.11866698070696,-145.9155823581946,-144.78705913103462,-144.54699987860948,-144.9692464115777,-145.22332180569484,-146.08756434451965,0.128441475266046,0.07893536564542068,0.09161058511264734,0.7132476867218369,1.0,0.05854694875926339,0.455825882083593,0.0648042564088001,0.5045430712670376,0.8209787321427277,0.707388303754579,0.11393554572237896,1.0,1.0,0.9129322196756714,0.8096742550309841,1.0,0.7417074498933407,1.0
1176,-139.66388825940624,-139.66327119681375,-139.8436761524091,-139.8430887103596,-139.66389343831753,-139.66327217482566,-138.8448735965558,-139.65937606780537,-139.8323840769529,-139.8430847690737,-139.6622080643828,1.0,0.9140281160107062,0.9142966247169839,0.9140145791063974,1.0,0.9999974105477054,0.9996889276411539,1.0,0.9999995109941638,1.0,1.0,1.0,1.0,0.6654769777732383,0.6103301490966473,0.9171318760550986,1.0,1.0,0.9192057295108633
1177,-130.44027907568778,-130.4628759293766,-130.4402790788717,-130.4265818362498,-130.51083153393807,-130.52497033110637,-127.52629588939342,-130.50477546960693,-130.0781038434881,-130.49600735253316,-130.50477564574393,0.9887651606752191,0.9999999984080432,1.0,1.0,1.0,0.9653387247538744,0.9763073813145408,0.9585384258726943,0.9694298140704277,0.9585384273986461,0.9519961889255115,1.0,1.0,0.22554405120193236,0.27917848317735655,1.0,0.9792681518606027,0.9653387262906519,1.0
1178,-151.66970374628406,-151.6464971048319,-151.82602722639496,-151.8027161329057,-151.82896452391844,-151.86377624555465,-149.87522782163816,-151.6365425790111,-151.63276239043262,-151.80565281000065,-151.79288678752704,1.0,0.9248148348437123,0.9356571210230196,0.9248631355016999,1.0,0.9234576035736431,0.9128043548796899,0.9075231081553141,0.8970536839724671,0.9813024985792748,0.96993127905985,1.0,1.0,0.41451033183983743,0.41529453632762847,1.0,1.0,0.9985324291750807,1.0
1179,-120.03388827366618,-120.73511166785815,-121.48631448165872,-120.04916781817383,-121.48631347797706,-121.48622678164992,-121.29952383149191,-120.05933390207855,-120.54592139243204,-121.50275907873018,-121.51392281336513,0.7042571658715269,0.48373738911238573,0.992389336630635,1.0,1.0,0.48373763187161944,0.6868764072467595,0.4837586014641052,0.6869061827229663,1.0,0.48746856058184274,0.531093187433285,1.0,1.0,1.0,0.784041171629732,1.0,1.0,1.0
1180,-129.156739966921,-129.1525286893161,-129.15677115726288,-129.15254142775555,-129.1567559456953,-129.15675399443387,-127.85997709171801,-129.15089782636477,-129.14078417824516,-129.15244008004993,-129.15069459836096,1.0,0.9999844049506681,1.0,0.9999936308005647,1.0,0.9999920106447721,0.9978886039495569,0.9999929862681656,0.9978895775208012,1.0,0.9978959333190163,1.0,1.0,0.5244210602058583,0.5270796816656562,1.0,1.0,1.0,1.0
1181,-143.30705046902668,-143.31897033871704,-145.16220490956192,-145.33798170792596,-145.16220527101106,-145.16212562709558,-145.29263895845176,-143.32765689749385,-145.3345211572552,-145.1726800332985,-145.1750693426617,0.9940577903353769,0.3955107860280168,0.36223372749115623,0.36439906312584214,1.0,0.39551071454950676,0.3978749710477785,0.39552646487407034,0.39789081552353905,1.0,1.0,0.3705398640665843,0.9368641188974713,1.0,0.9792766428509412,0.36661899539300635,0.995666139009004,0.9999998192754468,0.9174493149670383
1182,-145.70582453822783,-145.70379342594688,-145.70576164097739,-145.7123002208018,-145.70570737104438,-145.70581955879706,-146.55435083159927,-145.71487394757975,-145.5591401239285,-145.71229634431995,-145.7148619182533,1.0,1.0,0.9967673948683066,0.9957556354560235,1.0,1.0,0.9990434852034497,1.0,0.9989874465534611,0.9999710415094679,1.0,0.6542516950894687,0.6542311200966382,1.0,1.0,1.0,0.9944750581251585,1.0,1.0
1183,-154.77387541708924,-154.77379800770296,-154.77387621658292,-154.7732432352647,-154.7736389244089,-154.7736337961692,-153.77870118735956,-154.77374735958213,-154.76313068508975,-154.7738000150156,-154.7737763836234,1.0,0.9999996002532416,1.0,1.0,1.0,1.0,1.0,1.0,1.0,1.0,0.9998047386137262,1.0,1.0,0.6080348460285668,0.6112710819652651,1.0,1.0,1.0,1.0
1184,-138.39797062830291,-138.39776828095756,-138.39796082248688,-138.38568251217532,-138.39796162782548,-138.3979679477318,-137.09919460436973,-138.3975372591847,-137.8520651155111,-138.39776181139786,-138.39753317998841,1.0,1.0,1.0,1.0,1.0,1.0,0.9999033312387674,1.0,0.9999001715960758,0.9999964373838931,0.9938761101413611,1.0,1.0,0.5224785610817415,0.6863035505800825,1.0,1.0,0.9999995973307805,1.0
1185,-133.90448875106944,-133.9224459154181,-134.32731046982371,-134.34214031253555,-134.32785247867798,-134.32782814353183,-134.58660200974597,-133.9268673857351,-134.583389907161,-134.34212939968756,-134.34323434692706,0.9910616049302502,0.8094414319503036,0.8034616844665438,0.8107081138746067,1.0,0.8092220994601198,0.8165204821117773,0.8092319457890519,0.816530417244854,0.9997411966413099,1.0,0.7110186425510874,0.8784065337969272,1.0,1.0,0.720174841732017,0.9977917067166934,0.9997290322912489,0.8800569002356554
1186,-128.659907668704,-128.64191447058016,-128.6984353158463,-128.73026260504403,-128.66005013982087,-128.65996079460103,-124.61568729256504,-128.65875069668084,-128.61675287466863,-128.74029508627387,-128.72967730906643,1.0,0.9809205381429695,0.965434067236331,0.9567873976433044,1.0,0.9999287669787552,0.9909731542051372,0.9999734374042721,0.9910174245511219,1.0,1.0,1.0,1.0,0.1324524319640826,0.1352631970138644,1.0,0.991617220047807,1.0,1.0
1187,-137.61556786331278,-137.61403809696668,-137.9436492352834,-137.94339776542287,-137.94363453446778,-137.94361786255212,-135.74994716575574,-137.61504628513552,-137.8991759195399,-137.94338315510112,-137.94318051266552,1.0,0.8487074906772428,0.8488142095634036,0.8481652140919634,1.0,0.8487137290463406,0.8480648104013717,0.8487208039176833,0.8480718798633335,1.0,0.9998899574904992,1.0,1.0,0.3935490533968145,0.34142939298175146,0.867565021526018,0.9994960329496567,1.0,1.0
1188,-128.4812019730264,-129.0746495173172,-128.85733839741684,-129.46384184150702,-128.85678294649512,-128.90805941930114,-129.34927298667816,-128.5060830116301,-129.33085737775298,-129.46384508327642,-129.46384150595284,0.7432492901657677,0.8285581875321979,0.611818301062429,0.8231670169856128,1.0,0.8287883311935789,1.0,0.8078097362422189,1.0,0.9749583655050508,1.0,0.6478892505861282,0.7819477983988316,1.0,1.0,0.6620678849496031,1.0,1.0,0.7889619257569762
1189,-135.70283291060866,-135.68195290031102,-135.70283685084084,-135.68199354391447,-135.7025511690849,-135.70283576998668,-134.59023924589457,-135.70127128853818,-135.77394396512008,-135.70141482441107,-135.67121509170096,1.0,0.9999980298858526,1.0,0.9999796784047588,1.0,1.0,0.9897537200902059,0.9999985703120148,0.9896128877100608,1.0,0.9896329986312964,1.0,1.0,0.5737761040876636,0.5533014216869852,0.9643159025710307,0.9903873060633668,1.0,0.9649332046504908
1190,-146.8341600369927,-147.43172286086863,-146.9411679753128,-147.4317350783112,-146.94114690628493,-146.8341587804621,-147.38791231151365,-146.88802970646003,-147.1841003864289,-147.4317343650922,-147.43399315992247,0.7417215231866217,0.9479021786208801,0.7417169922304083,0.9999938912973783,1.0,0.9479121643621855,1.0,1.0,1.0,1.0,1.0,0.7581483976324992,0.7998171274756882,1.0,1.0,0.862400637178415,1.0,1.0,0.8856116523725852
1191,-149.8873476017679,-149.8870588556534,-149.8869089268456,-149.8693089885086,-149.88734928339346,-149.88573938383934,-147.91038825655656,-149.8867552961851,-149.83163728800622,-149.88668322934984,-149.85285194148543,1.0,1.0,1.0,1.0,1.0,0.9999991591875794,0.9998547966729964,1.0,1.0,1.0,0.9918184548538891,1.0,1.0,0.37225226611739265,0.382653837999274,1.0,1.0,0.9997798459635224,1.0
1192,-130.292376303355,-130.98220298565565,-130.44826691566107,-131.13645610605255,-130.44825265738768,-130.44820068616028,-128.9424864603791,-130.983384746338,-131.04056362183053,-131.1379747190838,-131.13768239820757,0.7082817296883115,0.9250150177898432,0.6557078752428329,0.9257726802177793,1.0,0.9250216123718529,1.0,0.9250456499384534,1.0,1.0,1.0,1.0,1.0,0.3604330178531299,0.35027434778824923,0.9718153732824217,0.9994092941942321,1.0,0.7436717912885658
1193,-143.6403565374551,-145.38995291204597,-143.6401782883625,-145.13044517432112,-143.64016565657823,-143.64035172437985,-145.13324768484662,-145.39039959265762,-144.38728006472826,-145.3899699430513,-145.39041638056918,0.4169461562197543,1.0,0.4747132609258511,1.0,1.0,1.0,1.0,1.0,1.0,0.9999132857512235,1.0,0.4740485323066872,0.4740062848289962,0.879346770060406,1.0,1.0,0.9997766846327667,1.0,0.6882816126571865
1194,-129.72344526839123,-129.72320594266722,-129.9389703206606,-129.93873181283442,-129.93884493101632,-129.72344174704907,-125.80995940827992,-129.72221514377543,-129.87962301016665,-129.9315060899142,-129.93832810897484,1.0,0.8978407848377145,0.8979478622492061,0.8978404176667694,1.0,0.897897076570606,0.8977896380649653,1.0,0.9998821047592679,1.0,1.0,1.0,1.0,0.14140490069387138,0.13070246468654215,0.9243135424952561,1.0,1.0,1.0
1195,-145.78198190401645,-145.7818673005579,-145.78188518693602,-145.7818667569926,-145.78197932150823,-145.7819798660796,-143.44301155879,-145.7814379133997,-145.7267315726753,-145.78186471947427,-145.7814373732272,1.0,1.0,1.0,1.0,1.0,1.0,0.9999439910933946,1.0,0.9999437188229929,0.9999526615487065,0.9999434470556728,1.0,1.0,0.31061124111642535,0.3192247090995652,1.0,1.0,0.9999529338215432,1.0
1196,-129.784853673342,-130.02266217715956,-131.62573724106807,-131.6297433806611,-130.5046791651717,-130.50453923573428,-130.1281665279642,-129.78914062282928,-131.36920692758846,-130.49923858110998,-131.94454228370734,0.8878928107339553,0.3983430206874027,0.39754591041428705,0.44774088224192876,1.0,0.6977372038364782,0.7858349514731517,0.6977860225314476,0.7858899341178802,1.0,1.0,0.8422685039172556,1.0,1.0,0.5376646717726723,0.4538297494968295,1.0,1.0,0.6490380851316377
1197,-153.42510134904072,-153.40611890892455,-153.42509689616128,-153.40593400841465,-153.42509786506793,-153.42510878525528,-150.87999426340332,-153.43695718587256,-152.080051273077,-153.40600777140884,-153.3871936247187,1.0,1.0,1.0,1.0,1.0,1.0,0.9905554049410301,0.9999962818996323,0.9905499964304945,0.9999940554706701,0.9904584240637896,1.0,1.0,0.2784598316059264,0.5487959925308419,1.0,0.9846991278066732,0.9999995155467937,1.0
1198,-153.18531160064654,-153.21457625090872,-153.18807805336056,-153.2145749395281,-153.1883077759707,-153.18830908089396,-150.75703061033164,-153.2500412321529,-152.7438401101827,-153.21457307965505,-153.25003841699566,0.9854742071005652,0.9986177298596319,0.9854748532666698,1.0,1.0,0.9985030339110947,1.0,0.9985023824263977,1.0,0.999884492904757,1.0,1.0,1.0,0.2875077936079364,0.37031371658708284,1.0,0.9824238047905477,0.9998851452912284,1.0
1199,-136.62904614808852,-136.6278283673131,-138.41055983056913,-138.5122629848123,-138.41056388306194,-138.5724617811236,-138.72553127782174,-136.6276423924217,-137.9446601019688,-138.51186903279358,-138.44336464794,1.0,0.41034506912701496,0.3900000473836574,0.3897626523847,1.0,0.41034423766763584,0.41009445905728237,0.37843618633869125,0.3782058303203677,0.9222389028428979,0.9703490778461616,0.3505532827277167,0.8542890096705641,1.0,1.0,0.5176226097907426,1.0,0.9999979737556466,1.0
1200,-16.526902361787677,-139.13098381044142,-17.221510910526177,-139.6923060284879,-17.221515887673604,-17.221506633378368,-139.69227417426964,-139.13097456881405,-139.68989664287028,-139.69227954083095,-139.69231363135677,2.3815625038916248e-27,0.7065902982280334,1.7987566522748857e-27,0.7552842511316019,1.0,0.7065885398281793,1.0,0.7065918093252224,1.0,1.0,1.0,1.7987853014965386e-27,2.5457260112507644e-27,1.0,1.0,0.756191190697288,1.0,0.9999975114293832,2.5487604252610354e-27
1201,-79.35130045593178,-144.1765704679702,-79.35140129785708,-144.17657191045794,-79.35139603939507,-79.35140074075619,-144.18228307128976,-144.1765658608486,-144.17656736122674,-144.17657194049275,-144.17656727975586,8.382459676359234e-15,0.999949580308464,8.382453630563802e-15,0.9999992787563955,1.0,0.9999522094103607,1.0,0.9999498588449034,1.0,1.0,1.0,8.358551004317282e-15,8.358972461130342e-15,1.0,1.0,0.9999992498112079,1.0,1.0,8.38287331990409e-15
1202,-96.55696862604916,-147.85706494183918,-97.07523326451064,-148.180415810208,-97.075261544346,-97.07516603041978,-148.18045874495056,-147.85706910829674,-148.17816258450512,-148.18040055433164,-148.1804186849196,7.249793299407016e-12,0.7717209027714107,6.167524388981402e-12,0.8507172734822491,1.0,0.7717099907785202,1.0,0.7717468461841277,1.0,1.0,1.0,6.167391989866582e-12,7.991738940487678e-12,1.0,1.0,0.8516780168258278,0.9999979167733911,0.999985860182287,8.00103249997603e-12
1203,-125.0808599312384,-125.08090403686003,-125.2572641943172,-125.25731609586933,-125.2572589610561,-125.08086266406903,-124.69397768260035,-125.08092439378117,-125.25861853566158,-125.25731125118688,-125.25732549007418,0.9999779474323414,0.915575791274021,0.9155520316799841,0.915572222398365,1.0,0.9155781870007446,0.91559837829593,0.9999986335856149,1.0,1.0,1.0,1.0,1.0,0.824091793341871,0.7540320339509143,0.9149854907463051,0.99998982159123,1.0,0.9993204437002975
1204,-2.388013932465185,-146.15875933753136,-2.387995486293647,-146.1580660235794,-2.3878650241795185,-2.388009232358172,-146.52506337511562,-146.15803721562796,-146.15803745916625,-146.15804123981917,-146.1580362441744,6.033638770556377e-32,1.0,6.035730736103003e-32,1.0,1.0,1.0,1.0,1.0,1.0,0.9999931269913568,1.0,5.02385845239343e-32,5.023812117129708e-32,1.0,1.0,0.9999998782308598,1.0,1.0,6.035367565424372e-32
1205,-105.63323287764842,-140.48516042454293,-105.63162289624279,-140.4850463834967,-105.63322954279897,-105.63197938254899,-140.26145976719303,-140.4841912910107,-140.48289715057805,-140.48419611227337,-140.48444385434522,2.70395893283703e-08,1.0,2.704113118385689e-08,1.0,1.0,1.0,1.0,1.0,1.0,0.9998217727312658,1.0,3.023960207030854e-08,3.021526926693924e-08,0.8946114742798867,0.895190538047323,1.0,1.0,0.999196999299669,2.7070160510163836e-08
1206,-98.60908153377733,-137.80746112522672,-100.39601921195595,-138.39085596512274,-100.3960093109705,-100.39600528140937,-138.3910226563911,-137.80776849753383,-138.35984815963576,-138.39083064849808,-138.3908784073273,3.0773721699068996e-09,0.40923372184906337,2.2987801697683736e-09,0.7469945274243261,1.0,0.40923574776264016,1.0,0.4092365722837008,1.0,1.0,1.0,2.2985885844612914e-09,5.6168112785902705e-09,1.0,1.0,0.7587827070466477,0.9998463256555592,1.0,5.705019564188571e-09
1207,-129.00521076332072,-129.9352270539882,-129.07704642933655,-129.9352327582499,-129.12193877501306,-129.27034512148515,-129.02650797219098,-129.93482518826525,-130.04043799377442,-130.05652315982866,-130.0081455316895,0.628129988840412,0.9647195583309154,0.6281281973340491,0.9999971478732194,1.0,0.9433065158485361,1.0,0.8758440937274234,1.0,0.9078743000118527,1.0,0.9894078912418792,1.0,0.634982012008001,0.602320844843869,0.9485636340140604,1.0,0.9778038681838,0.6317575326106282
1208,-93.8239615534296,-139.24379030377662,-93.82417554441236,-139.24379321645478,-93.82422171899378,-93.82422746369488,-139.8298874300031,-139.2470655396029,-139.2470662038482,-139.24379053322434,-139.24706824386462,1.371543234985363e-10,0.9998930102324346,1.3715412375548075e-10,0.9999985436619827,1.0,0.9998699256783056,1.0,0.9998670537054999,1.0,0.9999740406956853,1.0,1.0231519315729418e-10,1.0232614100733656e-10,1.0,1.0,0.9999996678774022,0.998363722251423,0.9999769129757956,1.3694766882849022e-10
1209,-137.89538850516072,-141.1716788021534,-137.89530940458656,-140.87133018376764,-137.89532871294603,-137.89521197921425,-140.87054077606152,-141.1543759507127,-138.74293702693558,-141.1692959178741,-141.15212358355024,0.1943401803620838,1.0,0.22583043717330822,1.0,1.0,1.0,1.0,1.0,1.0,1.0,1.0,0.2259195909105033,0.225910655902517,0.86769276242049,1.0,1.0,1.0,0.9999903458668666,0.6545520587994456
1210,-135.51246177241507,-138.9894474044891,-135.5124454604414,-138.98943264121155,-135.51244181023299,-135.51246091631214,-139.31594097994866,-138.9901661507235,-138.99015075737842,-138.98943131952933,-138.99015114221987,0.17578514160655334,1.0,0.17578643919376094,1.0,1.0,1.0,1.0,1.0,1.0,0.9999922720944915,1.0,0.14930865527193332,0.14930743751747283,1.0,1.0,1.0,0.9996406914495921,1.0,0.1757215790800549
1211,-135.80616273927117,-135.8044847103073,-135.94363547517966,-135.94075513376364,-135.9436279246001,-135.8072999308735,-135.23668186431047,-135.803624603094,-135.9290145610957,-135.9400562923815,-135.9404092842309,1.0,0.9335727673370477,0.9349182401130482,0.9341341591438034,1.0,0.9335762918514319,0.9327933363240155,0.9994315658187893,0.9985933799355763,1.0,1.0,1.0,1.0,0.7531646853944247,0.7073948033300418,0.9392299148486846,1.0,1.0,1.0
1212,-87.47937988970173,-135.57673735138872,-87.47906650441695,-135.32510507776578,-87.47936608067943,-87.47935785423874,-135.40760512749497,-135.3349265475813,-135.32376390851982,-135.32367785858648,-135.32501715115353,3.595766898587396e-11,1.0,4.077864436280667e-11,1.0,1.0,1.0,1.0,1.0,1.0,0.9998543356991778,1.0,3.9130745856588236e-11,3.912461483697651e-11,1.0,1.0,1.0,1.0,0.9998502230864431,4.080571732095587e-11
1213,-141.86705414621122,-141.9031734289076,-141.86704832549853,-141.90350295677484,-141.86704535617264,-141.86705101867898,-140.82793107582756,-141.90480864327026,-141.76679702849867,-141.90480156635576,-141.9048083986589,0.9821024566969763,1.0,0.9819406549628987,0.9998352496392059,1.0,1.0,1.0,1.0,1.0,0.9999986534106824,1.0,1.0,1.0,0.5836587589958939,0.6253567598522058,1.0,0.9991827269683452,1.0,1.0
1214,-72.11367813619376,-143.69372363471567,-72.11383280180368,-143.69372245114891,-72.11382960319477,-72.11364278659875,-143.61387939667858,-143.6936529510416,-143.693652186749,-143.69372245597214,-143.6936528110761,2.861479327959853e-16,0.999922670185141,2.8614810213362526e-16,1.0,1.0,0.9999242693672001,1.0,1.0,1.0,1.0,1.0,2.9780265740052443e-16,2.978256882058535e-16,0.9608982285992094,0.9608985958029792,1.0,1.0,1.0,2.8617982790202273e-16
1215,-132.32318281277875,-135.2885726476096,-132.4370352822075,-135.40208679459494,-132.3232025492735,-132.3231881727555,-135.1773425412872,-135.28856439360482,-135.23469918584325,-135.4023487459069,-135.28859243274712,0.2270250494893703,0.9446637501878379,0.2144986164163937,0.9448235641787048,1.0,0.9999901318013161,1.0,0.9999973200152212,1.0,1.0,1.0,0.24000875809241756,0.2540679242160969,0.9459070920104049,0.9717289977667877,1.0,1.0,1.0,0.2332257714746475
1216,-0.4916685614517746,-131.6989025599505,-0.4916580423046639,-131.698903239584,-0.4916653415994574,-0.49166728689635875,-131.71681227418946,-131.68527721604283,-131.69891120580434,-131.69890369936778,-131.6989108545296,3.226347516581098e-29,1.0,3.2263464202143374e-29,0.999999660183307,1.0,1.0,1.0,1.0,1.0,0.9999953777148354,1.0,3.197585009825435e-29,3.1975681919361195e-29,1.0,1.0,0.9932061881194739,1.0,0.9999963503592633,3.226328375192094e-29
1217,-127.35432679517027,-127.35779191473534,-127.35395207357644,-127.3542984612061,-127.35431966861566,-127.3543225151476,-125.28515779173784,-127.37353825602011,-127.11394365379792,-127.3571984773495,-127.36457856508986,0.9982689402327471,1.0,1.0,1.0,1.0,1.0,1.0,1.0,1.0,0.9998147963667288,0.9999879731015728,1.0,1.0,0.3519767234471364,0.4007598411231532,1.0,0.9921577415866484,0.9998162193701182,1.0
1218,-125.2464525993721,-136.96151035446843,-125.24645616180806,-136.96000972045184,-125.24645630213445,-125.24645624951467,-137.2881100796317,-136.96151084665146,-136.40777806875215,-136.96059289647502,-136.96105019829176,0.0028582981676178007,0.9999982187836115,0.0028604436021250975,1.0,1.0,0.9999981486205428,1.0,0.9999981749303856,1.0,0.999999956146696,1.0,0.002427656864459535,0.0024276611886494296,1.0,1.0,1.0,0.9999997539085134,0.9999999298368063,0.0037700731168934082
1219,-149.90641181815067,-149.92057614502198,-149.9060700049934,-149.92051372417973,-149.90628580808874,-149.90568266500628,-149.2227668489419,-149.9269793895788,-149.9768700181694,-149.92050877959184,-149.9268003616244,0.9929428559850924,1.0,0.9929738466333963,1.0,1.0,1.0,1.0,1.0,1.0,1.0,1.0,1.0,1.0,0.7032053881448775,0.6858806920928676,0.9753632489965498,0.9968034974489275,0.9998921042734978,0.9653233992398123
1220,-125.6733466780376,-153.59659290591293,-125.67343779900125,-153.59664494131943,-125.67338443500776,-125.67334465898205,-153.03502745560502,-153.59887795254573,-153.59892929140835,-153.59664392077897,-153.598930280981,8.640604425469358e-07,0.9999544405560402,8.640379619712006e-07,0.9999739826352088,1.0,0.9999811216931183,1.0,1.0,1.0,1.0,1.0,1.1441593430951618e-06,1.144211472733631e-06,0.7543300697521906,0.7543107067768,0.9999743308981476,0.9988581291148647,1.0,8.630679360167457e-07
1221,-123.9636503513639,-127.28913423965284,-123.96402692881509,-127.28913640264346,-123.96341757736371,-123.96404108116889,-127.31092835174047,-127.28913378253884,-126.40914685888433,-127.28913655180813,-127.28913603640262,0.1896183437424932,0.9998117289996137,0.18961813867125416,0.999998918505272,1.0,1.0,1.0,0.9998046541799843,1.0,0.9999929238481365,1.0,0.1875632794350809,0.18759859881095015,1.0,1.0,1.0,1.0,1.0,0.29438564875228174
1222,-115.70184551215192,-136.96769584156232,-115.70183864756777,-136.9677025318108,-115.70183366957247,-115.70166229831136,-138.47562894389807,-136.9678159615464,-136.96730207800775,-136.96755736952665,-136.9678266753899,2.4109004303261925e-05,1.0,2.4108923655782068e-05,0.9999966548813534,1.0,1.0,1.0,1.0,1.0,1.0,1.0,1.1343204499281012e-05,1.134316556615691e-05,1.0,1.0,1.0,0.9999399418115277,1.0,2.411360861008451e-05
1223,-130.92064474717446,-130.9130104498657,-130.92063843527484,-130.9130081356755,-130.92054939405682,-130.92057569435786,-130.0780657327666,-130.90639719484258,-130.88600884369282,-130.91295724810095,-130.90638902173038,1.0,1.0,1.0,1.0,1.0,1.0,0.996237623446102,1.0,0.9962245228575353,1.0,0.9962233701316894,1.0,1.0,0.6608914119694236,0.667663112366857,1.0,1.0,1.0,1.0
1224,-154.60308704209555,-156.62934185892675,-158.8739490097256,-158.87371508771145,-158.8739482873286,-158.8634169463984,-156.76993393472733,-156.62975813238936,-158.85041268769731,-158.8737141677184,-158.87370747044346,0.3630816973696049,0.11819363985218292,0.11820746470779932,0.32556712597789844,1.0,0.11819368254355632,0.32552916712637053,0.1188176930017657,0.3272478173991056,1.0,1.0,0.33843492635198064,1.0,1.0,0.35337008334527287,0.3294511214392745,0.9997918849276443,1.0,1.0
1225,-95.62315336333836,-141.1707846479293,-95.62152754956529,-141.17098869348058,-95.62312973573316,-95.62309497404283,-140.90584728525,-141.17143085219547,-141.17108291875144,-141.17172448254655,-141.17126086291924,1.2866414390300957e-10,1.0,1.2865101789951092e-10,0.9998979824285108,1.0,1.0,1.0,1.0,1.0,0.9992165947834544,1.0,1.4688855279241314e-10,1.4676919459641768e-10,0.8756473973888148,0.8757997441474297,1.0,0.9996769500587924,0.999199227705462,1.2864343717663203e-10
1226,-135.07296503245104,-135.07291109566313,-135.07295898211643,-135.0727949389373,-135.07133922221414,-135.07141095771027,-134.2780971687298,-135.07287587286407,-135.0633469950937,-135.07290108358401,-135.07286980893358,1.0,1.0,1.0,1.0,1.0,1.0,1.0,1.0,1.0,1.0,1.0,1.0,1.0,0.6720723019446067,0.675281989462035,1.0,1.0,1.0,1.0
1227,-80.58750723989019,-122.670519127521,-80.58774491853595,-122.66349945325427,-80.58747489631844,-80.58753514429657,-125.30369589765917,-122.6594986270755,-122.67053626400985,-122.67053582257384,-122.67054101228223,7.274281069591437e-10,0.9998811677382324,7.299857469651131e-10,1.0,1.0,1.0,1.0,0.9999860478941415,1.0,1.0,1.0,1.9498581006997843e-10,1.950089834285438e-10,1.0,1.0,0.9944963822352948,1.0,1.0,7.274101105883539e-10
1228,-141.52813706270652,-144.72299193410737,-141.52811335746117,-144.72299489504826,-141.5281278529698,-141.52813312775794,-144.13806407150128,-144.69866416313974,-143.9124055285095,-144.33474619153264,-144.33162387179635,0.2024165784266905,1.0,0.2024162787551504,0.999998519530651,1.0,1.0,1.0,1.0,1.0,0.999990114900471,1.0,0.27118243183127433,0.27117921762728164,0.7555570057211141,1.0,1.0,1.0,0.9999927522719535,0.3035712794902907
1229,-114.00689087710663,-131.74855391250605,-115.60574039485442,-131.74855670189334,-114.00688654064959,-114.00688882631079,-131.76802943339663,-131.74853681975264,-134.38378481227176,-131.74855574621878,-131.81358026183983,0.0001404257725988589,0.4495875109727938,0.00014042557674806344,0.999998605307332,1.0,1.0,1.0,1.0,1.0,1.0,1.0,0.00013906497637177585,0.000309316813696347,1.0,0.2703933064324562,0.2677707710820683,1.0,1.0,3.760215723995776e-05
1230,-140.28263737873408,-141.06984289526753,-140.28470980599045,-140.2922801940356,-140.28470913990392,-140.284709818263,-140.06212560639875,-141.06984276625508,-140.82039738590274,-140.2906806962887,-140.29881182657937,0.6746219910285035,0.9989643230557698,0.9951901966778774,1.0,1.0,0.9989646557541605,1.0,0.9989643169258495,1.0,0.9999999938637245,1.0,1.0,1.0,0.6041948220894542,0.684452596252877,1.0,1.0,1.0,0.7650270219267226
1231,-73.15341645697342,-147.31413649477233,-73.15325455509426,-147.31413865354384,-73.1534147282868,-73.15341588311378,-147.33090920331452,-147.3141182534282,-147.31412112465947,-147.31413944072972,-147.3141203374118,7.874160390901512e-17,1.0,7.874151891649551e-17,0.9999989206148284,1.0,1.0,1.0,1.0,1.0,0.9999193392434959,1.0,7.808401018382705e-17,7.807768946567431e-17,1.0,1.0,0.9999985643854006,1.0,0.9999199166105756,7.874214098473845e-17
1232,-121.65877843933907,-137.39764465655782,-122.45228938539759,-137.3976096741086,-122.45229258829326,-122.45229093245027,-137.71509361058213,-137.39777707209186,-137.39951020579696,-137.3991801030736,-137.39793990118545,0.0003822509955889022,0.6724984495374917,0.00038225768168539796,1.0,1.0,0.672497372567168,1.0,0.6724979293424297,1.0,0.9999992264739611,1.0,0.00032614855649611856,0.0004849803842974298,1.0,1.0,0.9991338085080712,0.9999337944246659,0.9999983985534475,0.0005678752414223733
1233,-65.74525308848067,-139.3857965345413,-65.74511242639628,-139.3858467966079,-65.74521543841246,-65.74523954278922,-139.35850936655194,-139.3858358088512,-139.38584062899895,-139.38583564410413,-139.38584680917666,1.021313725621236e-16,1.0,1.0212880592744994e-16,0.9999748692824847,1.0,1.0,1.0,1.0,1.0,0.9999364438233064,1.0,1.03534359644755e-16,1.0352707822139678e-16,0.9864296969880407,0.9864273196224628,0.9999975899290287,0.9999803630378584,0.9999484953183202,1.0212719830711677e-16
1234,-101.58335987899409,-125.52583791297573,-101.58324120198108,-125.52587888625675,-101.58251507035723,-101.58318439237212,-125.54721339879572,-125.52583994552384,-125.52587859842922,-125.52587479576297,-125.52484841358512,6.323491707592388e-06,1.0,6.3233621618180015e-06,0.9999795135693413,1.0,1.0,1.0,1.0,1.0,1.0,1.0,6.256267730125415e-06,6.255896503556152e-06,1.0,1.0,0.9999806737340676,0.9999989837264612,1.0,6.3206926200132936e-06
1235,-60.213627151736006,-146.81081142879552,-60.2136320207249,-146.81081359103285,-60.33376323608445,-60.21312962242547,-146.97770224377913,-146.81076904635924,-146.81077244293655,-146.81081482331325,-146.81077121932853,1.5691351824003633e-19,0.9999975655085156,1.5691334859799442e-19,0.999998918881916,1.0,0.9417004560577897,1.0,1.0,1.0,1.0,1.0,1.4435122708767706e-19,1.4435157851036549e-19,1.0,1.0,0.9999983017127857,1.0,0.9417027486251122,1.6663109374597553e-19
1236,-124.49038571329459,-140.14912296980845,-124.55578960881269,-140.177874939371,-124.51321939870144,-124.50059756355085,-139.16598251488114,-140.14915256357898,-140.14960560221311,-140.14934133220953,-140.14924382146256,0.0003978766090515652,0.9678269796049028,0.0003921976590294353,0.985726856284246,1.0,0.9886480821314632,1.0,0.9949070879502174,1.0,1.0,1.0,0.0006504810441977893,0.0006721046818340772,0.6116561355777317,0.61151759933878,0.9997735063364963,0.999985203224206,1.0,0.0004023480283354467
1237,-143.93858335187494,-144.85531674751158,-143.9385781497867,-144.85529138536262,-143.93857399882268,-143.9385976145206,-144.78668702185738,-144.85546542974134,-144.4448567037782,-144.85529252713377,-144.85529358151058,0.6323155649511287,1.0,0.6323235834427444,1.0,1.0,1.0,1.0,0.999992868702596,1.0,0.9999902676804114,1.0,0.6543899607318466,0.6543882586369032,0.9661953843961804,1.0,1.0,0.9999256616483504,1.0,0.7763581339214857
1238,-148.5604944981826,-148.54735208093098,-148.63658195499158,-148.6205969223796,-148.56163128428184,-148.56073653587453,-147.08153898046484,-148.53592734063983,-148.6207483774396,-148.54490199126917,-148.61514536258073,1.0,0.9626708439107373,0.970395836268818,0.9640400681886602,1.0,0.9994317684551096,0.9928858247331468,0.9998789884765257,0.9933301156130407,1.0,1.0,1.0,1.0,0.48326303865049336,0.46319613425823136,0.9584762276703415,1.0,1.0,0.9708740346239746
1239,-125.63224181794075,-137.9402919007133,-125.632240737552,-137.9402925726759,-125.63223968260459,-125.63017617449404,-137.95014051640229,-137.94028878378936,-137.94028994957137,-137.940293067051,-137.94028946378577,0.002124911676676978,1.0,0.0021249109627465147,0.9999996640187585,1.0,1.0,1.0,1.0,1.0,1.0,1.0,0.0021144736784892556,0.00211447253626277,1.0,1.0,0.9999994171091651,1.0,1.0,0.002124911480978763
1240,-123.23045000124199,-140.00296703443558,-123.23044977481501,-140.27126575866095,-123.23044695069714,-123.2304480117667,-140.10432199002656,-140.00294034112616,-140.4213924566752,-140.0029685527294,-140.02296146860198,0.00022797866302862565,1.0,0.00019935809485630517,0.8744594437387029,1.0,1.0,1.0,1.0,1.0,1.0,1.0,0.00021671314434356173,0.00021671311980871216,1.0,0.8533928953925807,0.8112118341726349,1.0,1.0,0.0001849411756350921
1241,-135.42872218709974,-139.69492104740203,-135.52594900295264,-139.69441835336002,-135.52588734393808,-135.43143846401952,-138.30370588824647,-139.69387564178828,-139.6936786973161,-139.69321613945417,-139.79374919941637,0.11846953617478409,0.9525493065383658,0.11849931688227087,1.0,1.0,0.9525786736168315,1.0,0.9986427833927641,1.0,1.0,1.0,0.23752275476183463,0.24935481358441156,0.4990320899551808,0.49908123318054143,1.0,1.0,1.0,0.12444447124233958
1242,-140.9443802273215,-143.21802102328303,-142.8033975837978,-144.77503566807422,-142.80334045638338,-142.80346614902405,-144.23795495461735,-143.21805723355553,-144.54354019557815,-144.77504097999838,-144.77503998646986,0.32083753740287885,0.394747610825581,0.14729355357677174,0.45909077463031955,1.0,0.39475888644179197,1.0,0.394734078077926,1.0,0.9999657179745133,1.0,0.19266788727743456,0.48807866594679605,1.0,0.8583076987946124,0.5154363368533256,0.9999818950276481,1.0,0.4189097108143214
1243,-85.23413952422834,-155.14889048662377,-85.23403688692562,-155.14906467535684,-85.23395640413497,-85.23373578137114,-155.27908244162228,-155.14906059051958,-155.1487001426836,-155.14899766034202,-155.14905981913267,6.57967930762832e-16,1.0,6.579106279581148e-16,0.9999129094260695,1.0,1.0,1.0,1.0,1.0,1.0,1.0,6.165011667837365e-16,6.164695295870902e-16,1.0,1.0,1.0,0.9999149516689085,1.0,6.579703072968938e-16
1244,-86.02085092646485,-132.58527137212548,-86.02084093500423,-132.58527050259943,-86.02083944750964,-86.02083325999484,-132.9256494007224,-132.5852732955563,-132.58527246378182,-132.58527035769833,-132.5852716476785,7.738638750486654e-11,1.0,7.73864211496135e-11,1.0,1.0,1.0,1.0,1.0,1.0,1.0,1.0,6.52758331894243e-11,6.527550708978071e-11,1.0,1.0,1.0,0.9999990382850475,1.0,7.73859011092868e-11
1245,-146.81606024462542,-154.32045495226288,-147.01121597360572,-154.648355361215,-147.011206614863,-147.01094431420958,-154.64837785055602,-154.32096110241974,-154.64552334684976,-154.64838656889088,-154.64838764331745,0.02346612578189802,0.9070317132442187,0.019917678828382704,0.8487842864861563,1.0,0.9070359575923689,1.0,0.9071549234555792,1.0,1.0,1.0,0.01991745486190631,0.021958939881679233,1.0,1.0,0.8502021602269877,0.9997469569423633,1.0,0.021990200295113903
1246,-130.57815012649073,-138.2124223744206,-132.66385922444687,-140.28461091473562,-132.66399732650444,-132.66432609796175,-140.29121592768985,-138.21241651091566,-140.25832081898443,-140.28458613326745,-140.28459313027014,0.02199068940721359,0.3524471669422215,0.007803129606761042,0.3548378798984531,1.0,0.3524228309429732,1.0,0.3523649024205566,1.0,0.9997665904867993,1.0,0.007777402226496026,0.02206685981893853,1.0,1.0,0.35953197815147253,1.0,0.9999309513551793,0.022434355974747966
1247,-143.88966946716124,-156.96515045958398,-147.42832505941942,-158.2101235691744,-147.5416712283001,-145.42067432049203,-158.20135532061462,-156.9662340362301,-158.20729044344733,-158.21014394823015,-158.2101431095566,0.001447756016350452,0.17044752581163142,0.0007768781422270056,0.5366084709393119,1.0,0.16105636524623293,1.0,0.4651001935219614,1.0,1.0,1.0,0.0007802915494863901,0.004577898950253594,1.0,0.9970368374416552,0.5376603684312861,0.9994583584177295,0.9449029223470394,0.004830479177851405
1248,-124.33515164415456,-124.33489394695124,-125.07953335785652,-125.08205922498198,-125.08225457841871,-125.10199344644494,-124.82593932177676,-124.3348763036519,-125.06267323031801,-125.08205900060562,-125.08205721910431,1.0,0.6892226870988126,0.6883527940592633,0.6882641064780568,1.0,0.6882855613008505,0.6881968823819329,0.6815259838416338,0.6814381758287107,0.9888327772703229,0.9900823962994743,0.7823963395113813,1.0,1.0,0.8883700016293806,0.6949617552608915,1.0,0.9986403149294072,1.0
1249,-128.40189250144073,-142.56950832132165,-128.3987127791629,-142.5695156065948,-128.4018934281664,-128.4018706171069,-142.69850342521954,-142.5695065808267,-142.5695151523929,-142.56955708143062,-142.5695138701138,0.0008385738472304167,1.0,0.0008385707926162163,0.9999963573700633,1.0,0.9999995366372695,1.0,1.0,1.0,0.998422326864781,1.0,0.0007861951908977918,0.0007849462428062791,1.0,1.0,0.9999957142260778,1.0,0.9984109393941718,0.0008385713716191744
1250,-84.55026189071313,-123.50639670389361,-84.89052829222061,-124.592912249417,-84.89067386608153,-84.89073851044895,-123.60225374648562,-123.41648048143432,-124.50401889413655,-124.59399566182842,-124.50305291661908,3.4736240034032492e-09,0.8435524472909144,2.0176645064591366e-09,0.5808528800130195,1.0,0.843491049932084,1.0,0.8434637869000101,1.0,0.9998948964095962,1.0,3.3110650634283995e-09,3.925144280076424e-09,1.0,0.6370656459676675,0.5805558882919121,1.0,0.9999272157184446,2.500756592075083e-09
1251,-122.21341373872247,-152.20009857515376,-122.71768744129906,-152.61272417094062,-122.71763952825646,-122.71767387354296,-151.7488268339727,-152.19904950094067,-152.6104321533877,-152.6160870741031,-152.6139435243545,3.079456846030019e-07,0.7771383784031127,2.505380038107815e-07,0.8135785508206438,1.0,0.7771569961582382,1.0,0.7771436504329818,1.0,1.0,1.0,3.8589267598762775e-07,4.965559374130658e-07,0.798427322115395,0.6499871667769014,0.8140843239867988,1.0,1.0,3.227472549112634e-07
1252,-60.73626079211809,-133.23685365202243,-60.99600934776214,-134.23129089097728,-60.95230940285006,-60.952283397710175,-132.43452398551037,-133.23684342758042,-134.18833751936683,-135.11385577756857,-134.21182768218742,1.8059107911450641e-16,0.8782058339305138,1.0983910623594175e-16,0.6082200005366638,1.0,0.8976057795283185,1.0,0.8976174507861264,1.0,1.0,1.0,2.697242328382624e-16,3.0713099642151023e-16,0.6695431123782811,0.41606791828948053,0.621420653274391,1.0,1.0,1.2502548738959222e-16
1253,-1.3743917910158245,-113.7390231298954,-1.3743911140256841,-113.73902342440772,-1.374388780730186,-1.374389458307519,-113.84800233045081,-113.73891452691595,-113.73891608588116,-113.73902468869693,-113.73891513970844,3.9841008589816465e-25,1.0,3.984100272298278e-25,0.9999998527438516,1.0,1.0,1.0,1.0,1.0,1.0,1.0,3.7728174446101113e-25,3.7728161675302136e-25,1.0,1.0,0.9999992205176991,1.0,1.0,3.984308104805476e-25
1254,-82.01627109586912,-146.54481751658938,-82.19293533802721,-147.6026059657243,-82.19261847240483,-82.01627382145983,-146.46889378973225,-146.54488968392505,-146.54483005563364,-146.54488741679842,-146.54489954244067,9.723087232454395e-15,0.9154567837334391,5.729389382176992e-15,0.5892561945811856,1.0,0.9156018336152362,1.0,0.9999986372055694,1.0,1.0,1.0,1.0099289228743123e-14,1.1031967219201692e-14,0.9627149172500901,0.9627436202007803,1.0,0.9999639169831709,1.0,1.0619273483915716e-14
1255,-34.94153792598934,-126.23236158414801,-35.92482462938938,-126.3427136056751,-35.92509956661269,-35.9250833624761,-126.34270735645887,-126.23243450486046,-126.34062558231975,-126.34271336707536,-126.34271378693438,1.5012378945535746e-20,0.6116204603359918,1.4206492991650407e-20,0.9463185710400026,1.0,0.6115363874992702,1.0,0.6115413422289168,1.0,0.9998706418241283,1.0,1.4206537381443005e-20,2.3227701332356934e-20,1.0,1.0,0.9473415943656984,0.9999635403084433,0.9998625408367218,2.3255087958607917e-20
1256,-123.40936758454427,-134.85097304872886,-123.40754273672346,-134.85097544336088,-123.40940575687478,-123.40940769139516,-135.00713213335115,-134.85097161277545,-132.7725297650907,-134.85097651372314,-134.8509740129653,0.0032770792295542294,1.0,0.0032770753058571508,0.9999988026847069,1.0,0.999980914016887,1.0,0.999979946775624,1.0,0.9990679572860373,1.0,0.0030309406126924916,0.003028176371278202,1.0,1.0,1.0,1.0,0.9990689236451687,0.009264531343096525
1257,-81.73753198103122,-148.4086404681973,-81.73788129155764,-148.40864178551925,-81.73786023654412,-81.73762744076592,-148.40849707798077,-148.40863752620766,-148.40863892053488,-148.40864185926188,-148.4086388851055,3.330832095570648e-15,0.999825359988134,3.330829901682239e-15,0.999999341339237,1.0,0.9998358857117746,1.0,0.9999522712717046,1.0,1.0,1.0,3.331070908499103e-15,3.33165274837461e-15,0.999929778352212,0.999929081237797,0.9999993028366291,1.0,1.0,3.331381400360781e-15
1258,-102.8653441922836,-143.35212100073346,-102.86534436656498,-143.35277550628993,-102.86500262624998,-102.86532888496163,-144.52448615963868,-143.3514954980506,-143.35269214818817,-143.35276493188908,-143.35210047519632,1.6158763364899697e-09,0.9999999128593127,1.6153476229857671e-09,0.9996728007631155,1.0,1.0,1.0,1.0,1.0,1.0,1.0,8.991502334551588e-10,8.991503118077319e-10,1.0,1.0,0.9994018538919709,1.0,1.0,1.6151390886628732e-09
1259,-107.80502774936011,-134.9425493943727,-107.80435879241722,-134.9425506828011,-107.80502861513366,-107.80502822543491,-135.06533105115543,-134.94253474152748,-134.94253739432096,-134.94255206239285,-134.9425360338957,1.2798587694258732e-06,1.0,1.2798579449229323e-06,0.9999993557859966,1.0,0.9999995671133148,1.0,0.999999761962627,1.0,0.9996653395024755,1.0,1.2036503612336708e-06,1.2032478334228881e-06,1.0,1.0,0.9999986736041379,1.0,0.9996651447183253,1.2798670026720122e-06
1260,-127.83761493718526,-146.16278205639753,-127.83761287653991,-146.16278012607918,-127.8376081028282,-127.83761016380697,-146.14202664021482,-146.1627670554011,-146.1627649157628,-146.16277991522335,-146.16276512915005,0.00010489155410209663,1.0,0.00010489165533919121,1.0,1.0,1.0,1.0,1.0,1.0,1.0,1.0,0.00010598575586490681,0.00010598564666543517,0.9896833776197325,0.9896844364025275,1.0,1.0,1.0,0.00010489209462422975
1261,-141.0282463168798,-141.03340169811764,-142.19592238152688,-142.2010583288609,-142.19591460141936,-142.19588855846408,-140.7645961232568,-141.0439813049565,-142.28097516763626,-142.20105122661715,-142.2025220728922,0.9974256287728085,0.5577535770551763,0.5563231180332617,0.5577589967461924,1.0,0.557755746750797,0.5591953231009679,0.5577630096020694,0.5592026046977736,1.0,1.0,1.0,1.0,0.8696255251566816,0.46851389362688667,0.5387536129904581,0.9947241629533706,1.0,0.9583614429179936
1262,-149.83844631893183,-149.83212837139763,-149.83859133513153,-149.87261138724,-149.83845405856783,-149.8384821426583,-147.87885161379953,-149.81578176157052,-149.77858117154986,-149.83341071632202,-149.87260544370503,1.0,0.9999274945288009,0.983062545050994,0.9799619761460872,1.0,0.9999961301894857,0.9968421529355441,0.9999820882971776,0.9968281553312164,1.0,1.0,1.0,1.0,0.37966534934618856,0.38679332254660315,1.0,1.0,1.0,1.0
1263,-78.75048675801398,-124.85061770156074,-80.34767365046025,-125.9621533615142,-80.34767793630061,-80.34765466575143,-125.96160347402338,-124.85033173114641,-125.95191349121097,-125.96186362383747,-125.9618912733838,9.76076278099009e-11,0.44996141415197777,5.5990823664737736e-11,0.573631640488022,1.0,0.44996044992161566,1.0,0.44996568536546266,1.0,1.0,1.0,5.6006220107985674e-11,1.2446893966127775e-10,1.0,1.0,0.5764936926867914,1.0,0.9999978570821152,1.2507372187750032e-10
1264,15.91948946874777,-127.08914004179661,15.91959478127012,-127.08906711602344,15.919633830077373,15.919523164149467,-127.09112959600907,-127.08879274214286,-127.08884481467217,-127.0797054426221,-127.08885258146333,8.83223609136979e-32,1.0,8.83255814606419e-32,1.0,1.0,1.0,1.0,1.0,1.0,0.9999641920807921,1.0,8.823454353769312e-32,8.822989755884452e-32,1.0,1.0,0.9999739640742834,1.0,1.0,8.832902357657803e-32
1265,-128.66592849477468,-131.3521989844825,-130.18549193807777,-132.6540920090829,-130.71893605898728,-130.22546139022296,-132.65424448301178,-131.35275474892893,-132.34336489381184,-132.65410007429765,-132.65410131715586,0.26102600389156466,0.46776851960711907,0.1361386050905981,0.5215518877849149,1.0,0.3582573191822915,1.0,0.4585130855756636,1.0,0.9802136449044729,1.0,0.13612822669221583,0.2910162206010583,1.0,1.0,0.6093849723746334,0.9997221563824731,0.7658859118676764,0.44387405468335206
1266,-84.47034869654732,-121.78556623963055,-84.47034651170654,-121.78556228913683,-84.47034177753159,-84.47034479616772,-119.43358393797612,-122.23325471202315,-121.78550901136964,-121.785910900403,-121.78559487876487,7.890480756662146e-09,1.0,7.890496342324886e-09,1.0,1.0,1.0,1.0,1.0,1.0,1.0,1.0,2.557584154372985e-08,2.557581360417432e-08,0.24663756034308854,0.30852187309835066,1.0,0.7994396484321901,1.0,7.890679241224036e-09
1267,-161.77179823149436,-161.41691786436218,-161.43825323944768,-161.43056871350996,-161.9172740693954,-162.13241201017232,-162.3983453919489,-161.7672423098196,-160.7010407284253,-161.43124230155416,-161.76524539708652,1.0,1.0,1.0,0.9931978157313727,1.0,0.9298444927152127,0.7786620890432434,0.8350139152175193,0.6992499118910078,0.7067492204877729,0.7040389143184864,0.7310498844147282,0.6187548812443376,1.0,1.0,1.0,0.8393208528057265,0.7870130765786516,1.0
1268,-140.03098792272218,-140.04865356672752,-140.03105989399677,-140.0486436577425,-140.0308987355948,-140.03106074960948,-140.0916365489445,-140.06000472023766,-140.50652917095897,-140.04864900156178,-140.06000653703546,0.9912060727684855,0.9999640150101786,0.991210983703715,1.0,1.0,1.0,1.0,0.999963587219309,1.0,0.9999995721937358,1.0,0.9701308563680321,0.9701657677733104,1.0,0.8126568713307618,0.7999050663960314,0.9943404989034278,1.0,0.7883483504712431
1269,-114.46638479823918,-136.33003674100297,-114.46500880183487,-139.57758615904783,-114.46637737355456,-114.46638012397364,-136.38590555280337,-136.33008387138727,-136.33004018604493,-136.33004195930826,-139.57763939587426,1.7880032485075212e-05,1.0,3.5251037820951365e-06,0.19715309717907956,1.0,1.0,1.0,1.0,1.0,0.999314573942452,1.0,1.738747606495113e-05,1.737551762684212e-05,1.0,1.0,1.0,0.9999764350855056,0.9993159482103282,1.7879935309807244e-05
1270,-100.32954477582209,-145.84612499440888,-100.32946640098237,-145.69344052892268,-100.32944999196604,-100.32966527172792,-145.1905260994518,-145.8461396051121,-145.63494859627627,-145.84616716361253,-145.84616747899835,1.3067731062050395e-10,1.0,1.410441891319604e-10,1.0,1.0,1.0,1.0,0.9999397538619551,1.0,0.999900569570758,1.0,1.8136842398939563e-10,1.8136131676807338e-10,0.720502241271773,0.8007461901051307,1.0,0.9999926946750679,1.0,1.452231919447327e-10
1271,-93.71179509603058,-138.21056959788277,-95.94887336040699,-139.67654355938927,-95.94887329214629,-95.94885457884416,-139.67645717452731,-138.21055658581722,-139.64243419910164,-139.67659949182345,-139.67660121625764,2.173771503554372e-10,0.3267567946047716,1.044435656861515e-10,0.48047168488212255,1.0,0.32675680575709626,1.0,0.32675986312081357,1.0,1.0,1.0,1.0444807695507901e-10,3.1965081883427764e-10,1.0,1.0,0.4887330705016816,1.0,1.0,3.251350590946096e-10
1272,-138.2076301196306,-138.19072753548244,-138.20936326814228,-138.209437027619,-138.20689769258615,-138.20964755031596,-136.65845034406468,-138.20907985052136,-138.15541135709637,-138.2094325412139,-138.20907710675723,1.0,0.999133801111197,0.9990969539974854,0.990688873446257,1.0,1.0,0.9919475177885898,0.9989917932396238,0.9905845976877136,0.9998578690147254,0.9998947441913012,1.0,1.0,0.46055879581506054,0.4730848562305673,1.0,0.9908658149338898,1.0,1.0
1273,-135.50892010227173,-142.25528983734438,-136.70933958042917,-143.36355074537502,-136.7093555314152,-136.70919682282698,-144.29085417417744,-142.25505311457223,-143.3639571654394,-143.36391303190672,-143.36426333413525,0.03428028513249834,0.5486965409174807,0.019696480351676773,0.5745716605199459,1.0,0.5486921648094993,1.0,0.548735707616556,1.0,1.0,1.0,0.012388743065900884,0.022578496750108087,1.0,1.0,0.5743869244007034,1.0,0.9999920245387843,0.035889847712253155
1274,-111.46778702884717,-119.85471265003369,-111.46778475429994,-119.85471200796368,-111.46235304173447,-111.46778452947399,-119.79075866195603,-119.85469998013238,-119.1976885919114,-119.85471162756875,-119.85469925987715,0.015093926862595652,1.0,0.01509393170827529,1.0,1.0,1.0,1.0,1.0,1.0,1.0,1.0,0.01558438517154081,0.015584367447840836,0.968534999362318,1.0,1.0,1.0,1.0,0.02090707260531136
1275,-115.54167681735476,-134.88706573601755,-115.63347826527976,-134.94241717339554,-115.67560979122655,-115.77689571428363,-135.40104770935676,-134.884723321098,-134.88823891920413,-134.94241713314307,-134.94242055613742,6.297992964886006e-05,0.9551367796788379,6.126081344871532e-05,0.9727037453085517,1.0,0.9352265431186846,1.0,0.8890432020080682,1.0,0.9308019761389635,1.0,4.870711470695147e-05,5.099491061723017e-05,1.0,1.0,0.9982437449708615,1.0,0.979154570336148,6.730240651098416e-05
1276,-71.03633707700621,-146.56272663558815,-71.2372210270089,-146.8657077525729,-71.23719302279198,-71.23715714092717,-146.82568543596113,-146.56264522874093,-146.56264841047323,-146.86570774988604,-146.86569671936962,3.977891088529184e-17,0.9044375908802181,3.418703012774285e-17,0.8594259965117255,1.0,0.9044502550021207,1.0,0.9044664818285749,1.0,1.0,1.0,3.487804312556069e-17,3.8563239163485814e-17,1.0,1.0,0.9999984091351173,1.0,1.0,4.3983034501508493e-17
1277,-34.08014445303911,-138.04305069230134,-34.67467725212933,-138.27410218879348,-34.67467241119522,-34.6746504387049,-138.23220176568344,-138.04292453938464,-138.2329917375196,-138.23236299679184,-138.27408219370577,2.659143342499577e-23,0.7428460921391501,2.3690245093488277e-23,0.8908976328902796,1.0,0.7428478901758193,1.0,0.742856051329686,1.0,1.0,1.0,2.419179619626909e-23,3.2566363951117746e-23,1.0,0.9996050920785904,0.9093423808989327,1.0,1.0,3.255342444143517e-23
1278,-141.84298924171804,-144.956695676281,-141.84295810530978,-144.95669087067995,-141.83899911002956,-141.8429854893071,-144.55140135020855,-144.9566895805429,-144.67335313171387,-144.9566890643037,-144.95668564311148,0.21079836525939175,1.0,0.21079887176642167,1.0,1.0,1.0,1.0,1.0,1.0,0.9999863080950748,1.0,0.2581521719312446,0.2581481529968182,0.8165687941696893,0.940845922589634,1.0,1.0,1.0,0.24239733699485355
1279,-129.27475413336242,-131.70785270461454,-132.20459691381075,-134.22995606959057,-132.20451881216826,-132.17335621506658,-134.17185262329596,-131.70785269377456,-134.02241909134847,-134.2299783520626,-134.2301670398782,0.29625068164440516,0.23109615718043275,0.08394436943940224,0.283355869338259,1.0,0.23110518185136605,0.7801000847274524,0.2347343004547844,0.792350245919569,1.0,1.0,0.08641886820888196,0.3739519915141159,1.0,1.0,0.3143390184896555,1.0,1.0,0.40294704019060923
1280,-131.3407831944447,-131.3414246744116,-132.54381062289315,-129.84362024321737,-132.79346079626015,-132.9530272214343,-132.83359864907868,-131.3417595835163,-132.79532827820537,-132.7937530373414,-132.54422330404225,0.9996793114481188,0.5479815205514085,1.0,1.0,1.0,0.4836765886379155,0.483831747940517,0.44658656918985895,0.44672983033223035,0.8149664768630872,0.21125201187776796,0.4740664736665037,0.8651139790069424,1.0,1.0,0.4834611362578648,0.9998325594673767,0.882651276545264,0.9990666948278369
1281,-128.38691935426633,-128.38862735152446,-128.39660804870977,-128.38858086439603,-128.71672926277614,-128.71672920709736,-127.69824973989006,-128.38853379126834,-128.3859635598095,-128.38002706022212,-128.38855491673866,0.9991463659239773,0.9951673677035926,0.9991695899165968,1.0,1.0,0.847974296606707,0.8486987748011561,0.8479743202137956,0.8486987984284136,0.8520921683460605,0.8486790718726519,1.0,1.0,0.7081197751265572,0.7090303759762975,1.0,1.0,0.8520921446243336,1.0
1282,-68.19395761569845,-139.56323001142846,-68.72986591468694,-139.68453123173398,-68.72985994046235,-68.72986550846198,-139.68468122267856,-139.56360523739863,-139.67226119610046,-139.68452166175445,-139.68447697452976,3.179504255173489e-16,0.7649428533155174,2.992396824678821e-16,0.9411520112954032,1.0,0.7649451382891331,1.0,0.7649430086849717,1.0,1.0,1.0,2.992172416880561e-16,3.911628697374575e-16,1.0,1.0,0.9471214192867518,0.9998124046131285,1.0,3.935983787238733e-16
1283,-156.71435812416163,-156.71341552521267,-156.714002456426,-156.7142376931867,-156.71430214869707,-156.71435724195902,-155.54040561267567,-156.71417657301467,-156.69580408519928,-156.71423681045917,-156.71417489680923,1.0,1.0,1.0,0.9995890004964273,1.0,1.0,0.9995567865059292,1.0,0.9995292524632301,0.9998226229666495,0.999940227400294,1.0,1.0,0.5560564394008825,0.5611880434762939,1.0,0.9996195484890367,0.9998501650908289,1.0
1284,-30.84968397066919,-140.10991115077434,-30.849482985845583,-140.10991359859713,-30.849465223772597,-30.849685158612715,-140.30204124072526,-140.10993250397289,-140.10993631371468,-140.1099149860077,-140.10993495195774,1.8812353118019126e-24,1.0,1.881233009337985e-24,0.9999987760893518,1.0,1.0,1.0,0.999999406028414,1.0,0.9998989187254903,1.0,1.7089234260323375e-24,1.7087517008243584e-24,1.0,1.0,0.999998095130915,0.9999893234577206,1.0,1.8810058998920802e-24
1285,-94.05050361057576,-128.8247779624342,-94.05050149969537,-128.82477836846294,-94.05049786753347,-94.05049912086676,-128.71209689054243,-128.82478381915104,-128.8960458037194,-128.82478124225878,-128.8247799025981,2.8110092091286535e-08,1.0,2.8110086384534617e-08,0.9999997969856544,1.0,1.0,1.0,1.0,1.0,1.0,1.0,2.9739293859773368e-08,2.9739262471743856e-08,0.9452144327140616,0.9121284481198284,0.9649963188784252,0.999997071645875,1.0,2.7125978063563093e-08
1286,-135.4261403644686,-146.3346035568489,-136.02135614870815,-147.14672294589116,-136.02117374211429,-136.02129980408668,-147.1466091851301,-146.33462620202704,-147.14543428978436,-147.14672285224324,-147.14672254281965,0.004278162875680257,0.7425924590239452,0.0028504132628319554,0.6662703935456691,1.0,0.7426601889930367,1.0,0.742613379864143,1.0,1.0,1.0,0.0028505754000341735,0.003838680780277428,1.0,1.0,0.666707377395974,0.999988677475026,1.0,0.003840586176757708
1287,-140.36978388271575,-140.3695405835892,-140.36977432354558,-140.36953101664375,-140.36966853207275,-140.36977889114377,-141.2468846740541,-140.36941366967173,-140.33425375849941,-140.3680575014497,-140.36725622313125,1.0,1.0,1.0,1.0,1.0,1.0,0.9999360278045392,1.0,0.9998808533212525,0.9999977162035167,0.9998760704298942,0.6449706960692867,0.6449676133843356,1.0,1.0,1.0,1.0,1.0,1.0
1288,-97.54437596590165,-129.17113251094364,-97.54417093739355,-129.17108796702783,-97.54426295956989,-97.54437139353377,-129.20211088160906,-129.17108597814504,-129.17109110524976,-129.17108688030825,-129.17108766089012,1.356241645702986e-07,1.0,1.3562718521962035e-07,1.0,1.0,1.0,1.0,1.0,1.0,0.999899776952555,1.0,1.335396422018143e-07,1.335259531866789e-07,1.0,1.0,0.9999974364509289,1.0,0.9999539899703206,1.356193092688621e-07
1289,-112.74018042240942,-131.80909064610262,-113.55926854413951,-133.0776410201227,-113.5590102662305,-113.5591995879501,-133.0775487532211,-131.80909101252942,-133.07229188479567,-133.07764327917354,-133.07767977814746,7.231672615014527e-05,0.6639529032477351,3.835098680783475e-05,0.5303197316788059,1.0,0.6640386509680682,1.0,0.6639757954734506,1.0,1.0,1.0,3.835275611200985e-05,5.776427202051052e-05,1.0,1.0,0.5317401035698297,0.999999816786615,1.0,5.790882255365169e-05
1290,-88.755239520408,-133.82924607581344,-88.75523816338426,-133.8309739213165,-88.75521901665314,-88.75510042936432,-133.79926359151833,-133.82933237710864,-133.82933319261704,-133.8292471351964,-133.82933306450354,1.630436307376559e-10,1.0,1.6290283446287832e-10,0.9991364503222824,1.0,1.0,1.0,1.0,1.0,1.0,1.0,1.6550627017833622e-10,1.6550615788040558e-10,0.9850780594325362,0.9850776577629019,0.999999592245883,0.9999568502833768,1.0,1.6303485755040596e-10
1291,-1.0952683815267221,-129.60463683369005,-1.3140269636406572,-129.96755463907053,-1.3140186024427578,-1.3140064098486732,-132.2909542769301,-129.6039309827231,-132.29034838547443,-132.29089617179866,-132.29089491209243,1.2432120306542576e-28,0.8963903601647971,1.0369041294409912e-28,0.8340525219139873,1.0,0.8963941076212286,1.0,0.8963995723226328,1.0,1.0,1.0,3.245030499799627e-29,3.62010865355917e-29,1.0,1.0,0.2610068305334459,1.0,1.0,3.6211903773703e-29
1292,-114.74219798778765,-144.00488081539305,-114.74321200256293,-144.0031484139758,-114.74321434130354,-114.7432044966111,-143.27441556174028,-144.00608153201912,-144.00362294260452,-144.0046652298626,-144.0067030100578,4.4227171063129663e-07,0.9994931211188871,4.426549726674117e-07,1.0,1.0,0.9994919523419923,1.0,0.9994968721995358,1.0,1.0,1.0,6.372468180363568e-07,6.375699887989103e-07,0.6936186361562211,0.6944718221756201,1.0,0.9993998218659564,0.9999988306303764,4.427749096531987e-07
1293,-125.92614446553114,-143.9900934631819,-125.92555936095397,-143.99008933295738,-125.9261348462658,-125.92613954533851,-143.98552101256692,-143.99009277803373,-143.99008860258164,-143.99008928757928,-143.9900875712632,0.00011952625557210453,1.0,0.0001195265024074946,1.0,1.0,1.0,1.0,1.0,1.0,0.9997099498803985,1.0,0.0001197998321321687,0.00011976478954325108,0.9977167279069473,0.9977188108683204,1.0,1.0,0.9997122987380338,0.00011952597117973325
1294,-109.04246837307736,-144.31473014320875,-109.0424545595722,-144.31473105996514,-109.04224677375032,-109.04245429463998,-144.31533015857266,-144.31337588482222,-144.31473224128501,-144.3147310665804,-144.31473223804164,2.1914202703191594e-08,1.0,2.1914192658201204e-08,0.9999995416219092,1.0,1.0,1.0,1.0,1.0,1.0,1.0,2.1907629260127657e-08,2.1907477950075394e-08,1.0,1.0,0.9993220516794838,1.0,1.0,2.1911751765141214e-08
1295,-52.11332986771407,-127.80190054591529,-52.113327404870375,-127.80190123606269,-52.11325285592562,-52.11332445805749,-127.8070738615204,-127.80189334647122,-127.80189384719108,-127.80190128781265,-127.8018940503834,3.668053873793322e-17,1.0,3.668052608044618e-17,0.9999996549263583,1.0,1.0,1.0,1.0,1.0,1.0,1.0,3.6585781341517795e-17,3.6585736289015117e-17,1.0,1.0,0.9999997496400994,1.0,1.0,3.667924920006295e-17
1296,-123.95287372564769,-145.16259169313204,-125.09844142301046,-146.73852002001735,-125.09601849681641,-123.95287747481967,-146.73830697248167,-145.162620220907,-146.73370787592205,-146.73852001745252,-147.23784472991466,2.4795236899529113e-05,0.5639532907790041,1.1276122204623188e-05,0.45476969025600766,1.0,0.5646369133873983,1.0,0.9999981254157666,1.0,1.0,1.0,1.1277323443626173e-05,1.9996910432153878e-05,1.0,1.0,0.4558717187811858,0.9999857362142496,1.0,2.0018680615855898e-05
1297,-128.5703433372134,-145.5895872700348,-128.570331882301,-145.58958621507657,-128.57032662631758,-128.57033812817633,-145.58367297313785,-145.58958699999826,-145.58958508843662,-145.58958616131824,-145.5895859471222,0.00020151999184029693,1.0,0.00020152009813791225,1.0,1.0,1.0,1.0,1.0,1.0,0.9999968770672061,1.0,0.00020211679835933064,0.0002021156407475363,0.9970473542278732,0.9970483071870663,1.0,1.0,1.0,0.00020151852787364476
1298,-135.24536001111426,-147.92893914584067,-135.26454179183378,-147.92894411058305,-135.26001152437493,-135.24535768951995,-147.04966082198237,-147.92756696269433,-147.92757027030623,-147.92894079242595,-147.92757128034916,0.001761147722582213,0.990454955544438,0.0017611433507652777,0.9999975176318943,1.0,0.9927010113197194,1.0,1.0,1.0,1.0,1.0,0.002733560231136049,0.0027599036340157975,0.6447110349792277,0.644709968753162,0.9999983461954149,1.0,1.0,0.0017753115098147177
1299,-133.21020122928252,-149.01025121703287,-133.21019443852498,-149.0102525396848,-133.21018987394035,-133.2101966702441,-149.01796239443584,-149.01025514666688,-149.01025654467523,-149.0102526157386,-149.0102564671312,0.00037073427425711485,1.0,0.00037073402908099223,0.9999993386742487,1.0,1.0,1.0,1.0,1.0,0.9999988841410614,1.0,0.0003693076274270613,0.00036930637348991236,1.0,1.0,0.9999993009960688,0.9999980351849278,1.0,0.0003707311817929331
1300,-100.03878120771313,-125.96678812814105,-100.03774237084588,-126.00811024287196,-100.03877561454567,-100.03877809735638,-126.0143664711293,-125.96695358245861,-124.45685343837897,-126.18429615623478,-125.96681370461357,2.343175586839368e-06,1.0,2.2952598015261214e-06,0.9795509198788291,1.0,1.0,1.0,1.0,1.0,0.9994822708127773,1.0,2.288091184882964e-06,2.2869030167486484e-06,1.0,1.0,1.0,0.9999172762630133,0.9994835115761929,4.985190643174932e-06
1301,-118.38654399958745,-139.8953960355657,-120.26643450100698,-140.38887370073166,-120.26650468059611,-120.26650554114647,-142.34565554015364,-139.8996220092709,-142.31303979576256,-139.89960383444512,-139.9013494005422,2.135070029790079e-05,0.39064922254071255,1.6682257131202168e-05,0.7813447286711428,1.0,0.39063551498024573,1.0,0.39063534689951573,1.0,0.999964480561086,1.0,6.2711188749570494e-06,1.6053068873837284e-05,1.0,1.0,0.299180295227975,0.9978892439326418,0.9999649108210745,1.631757912136393e-05
1302,-133.08712802264284,-134.78255418798827,-133.08712728663775,-134.7825543884415,-133.08712692624852,-133.08712767616385,-134.4578316864885,-134.7825523454718,-134.42044642076942,-134.78255369413583,-134.7825525056582,0.42839351310314333,1.0,0.4283934701667139,0.9999998997733904,1.0,1.0,1.0,1.0,1.0,0.9999998052369724,1.0,0.5039129057359972,0.5039127202947994,0.850134820696207,1.0,1.0,1.0,1.0,0.5134206715864862
1303,-146.23167269789406,-146.4576932455439,-146.23166172651025,-146.45769002133147,-146.23165903074485,-146.23166254562847,-144.13159923892567,-146.4581599202226,-145.664606815776,-146.25049641962224,-146.45815655383836,0.8931414840896371,1.0,0.8931429239297373,1.0,1.0,1.0,1.0,1.0,1.0,0.9999995904409772,1.0,1.0,1.0,0.3124595242331152,0.464634693079772,1.0,0.999766689881687,1.0,1.0
1304,-127.45170317563807,-127.97600585441029,-127.45169798794024,-127.97600334914193,-127.45169383116311,-127.45169876253607,-129.96522753350376,-127.975950580307,-127.63556520783101,-127.97599776919972,-127.97594633107198,0.7693945751934902,1.0,0.7693955389640349,1.0,1.0,1.0,1.0,1.0,1.0,0.9999996127021586,1.0,0.2845739359299664,0.28457319778912765,1.0,1.0,1.0,1.0,1.0,0.9121638104331422
1305,-132.83275351778764,-148.75419136535595,-132.83275149440612,-148.754980604938,-132.83274652371108,-132.8324246859615,-147.2084316540557,-148.75539643009202,-148.59608248016255,-148.75838434218178,-148.75443691338043,0.00034890219318789304,1.0,0.0003487645366401152,0.9996054580611249,1.0,1.0,1.0,1.0,1.0,1.0,1.0,0.0007557204176299798,0.0007557196530750061,0.46140348137963394,0.4996609987270909,1.0,0.9993976491181402,1.0,0.0003776026981380519
1306,-147.82457270725638,-150.21353741418858,-147.84641134252269,-150.21353864060586,-147.8247313431819,-147.824686655141,-149.4547219030063,-150.2135333938293,-149.42162745053648,-150.21353985920362,-150.1993983247898,0.30286068839778496,0.9891400817189165,0.3028605026810508,0.9999993867915468,1.0,0.9999206851828286,1.0,0.9999430276806771,1.0,1.0,1.0,0.4426063086397374,0.4474657501196202,0.6842679177654999,1.0,1.0,1.0,1.0,0.4500268399436098
1307,-138.9407928960914,-138.9346963033651,-138.9404982525731,-138.93474376198748,-138.94092168603368,-138.94036898346334,-137.87387133907347,-138.93272317916615,-138.41194545533543,-138.94935288208518,-138.93276533918868,1.0,1.0,1.0,0.9999762709703428,1.0,0.9999356071021784,0.9968921480668873,1.0,0.997167678563027,1.0,0.9971913409459303,1.0,1.0,0.5889429730032583,0.7641149384520409,1.0,1.0,0.999788305680114,1.0
1308,-128.4766682441096,-128.478459071013,-128.72113523516967,-128.72374500882708,-128.72113503049107,-128.72113431648125,-128.0211322458786,-128.47938810009524,-128.72127072602447,-128.73094020857985,-128.72420780349844,0.9991049873112985,0.8849417144424984,0.8837877187357943,0.8845794285485096,1.0,0.8849418050068184,0.8857345486666963,0.8849421209354419,0.8857348648783333,1.0,1.0,1.0,1.0,0.7952267959332716,0.7046392987531456,0.8860859598250668,0.9995355933290546,1.0,0.9999321545349068
1309,-139.32941107270344,-140.00021720521988,-139.49603020290039,-140.17646765658165,-139.49602539952153,-139.3292019877711,-139.84099997194016,-140.00020589479402,-140.15842034040995,-140.1764414192703,-140.17646783165958,0.7150498158066971,0.9200662827209326,0.6547326517480818,0.9156462071239506,1.0,0.920068492437051,1.0,1.0,1.0,1.0,1.0,0.7743011103246153,0.841571009465489,0.9234829319530733,0.8532436065879393,0.9239408516012473,1.0,1.0,0.7180633587489379
1310,-109.64620546112684,-137.5865231784528,-109.64638731455389,-137.5865239439597,-109.64640509629069,-109.64573465495045,-137.67238894686218,-137.58653107829562,-137.5865325997782,-137.58652469802107,-137.58653184380225,8.567164310753827e-07,0.9999090774201828,8.567161031642824e-07,0.9999996172466319,1.0,0.9999001873996829,1.0,1.0,1.0,1.0,1.0,8.207135083761007e-07,8.20788136550958e-07,1.0,1.0,0.9999992392590025,0.9999960500863941,0.999991109171123,8.567979146105614e-07
1311,-69.53781861862905,-126.89055089486851,-72.20252278537168,-129.24554381851246,-72.20252005920804,-72.20227963623483,-129.24074736382227,-126.89054858333486,-129.2347037772578,-129.24536363599012,-129.24484705415747,3.515704988262689e-13,0.2638559197414561,1.083009358202314e-13,0.30804898642462414,1.0,0.26385627939890893,1.0,0.2638879998610488,1.0,1.0,1.0,1.0856097778125038e-13,4.114403720319246e-13,1.0,1.0,0.3097227932230788,1.0,1.0,4.126849776332386e-13
1312,-68.13491424875312,-133.91745964422253,-68.41361962090897,-134.51273158578135,-68.4135251747037,-68.1348218990695,-134.51271138736163,-133.91745384269493,-133.9174555614455,-134.5127423465611,-133.91745925452938,5.193997838961023e-15,0.869921165264361,3.8569153288659174e-15,0.7425716083157688,1.0,0.8699622466108243,1.0,1.0,1.0,1.0,1.0,3.8569542808599236e-15,4.4336825391388544e-15,1.0,1.0,0.9999991406250783,1.0,1.0,5.9703837289193315e-15
1313,-22.619630187339226,-150.36791975380072,-22.619641955125758,-150.42319046496584,-22.61963664745076,-22.619663596487527,-150.43512123325928,-150.36794100310965,-151.10756758427738,-151.1142677210949,-151.11426819965706,1.8189107276107583e-28,0.9999941161240441,1.7693326914513801e-28,0.9727430074457198,1.0,0.9999967699494489,1.0,0.99998329556537,1.0,0.9999891793776587,1.0,1.7588093613236283e-28,1.758819710000626e-28,1.0,0.7144636372360422,0.6908633092813223,0.9999893754019767,1.0,1.25660939240794e-28
1314,-114.75396951830399,-134.85256394379581,-114.75390732419797,-134.8525726921761,-114.75409788386594,-114.75422111576196,-134.87036269041033,-134.8525669269979,-134.85257242851137,-134.85257288293042,-134.85257223676226,4.321611012177301e-05,1.0,4.321592108670364e-05,0.999995625819426,1.0,0.9999358192786962,1.0,0.9998742091833408,1.0,0.9998431165255012,1.0,4.283322009259834e-05,4.283188812639277e-05,1.0,1.0,0.999997249247048,0.9999985084000724,0.9999047247049939,4.321870059133887e-05
1315,-122.75993712273538,-140.54999332902574,-122.75993142110485,-140.54998531383256,-122.75986588702946,-122.75993124448513,-142.15651362433118,-140.548160350047,-140.54814265981506,-140.54996804464602,-140.5481535186531,0.00013706872670453963,1.0,0.00013706927602180174,1.0,1.0,1.0,1.0,1.0,1.0,1.0,1.0,6.138848686116678e-05,6.138831185418084e-05,1.0,1.0,1.0,1.0,1.0,0.0001371907333145306
1316,-62.63366211089607,-132.58508222548056,-62.63257697852498,-132.5850829276472,-62.633654404538305,-62.633221715224465,-132.59258809397141,-132.58508200961475,-132.58508169681502,-132.58508301546254,-132.585082654922,6.460142850383515e-16,1.0,6.460140582335549e-16,0.9999996489167463,1.0,1.0,1.0,1.0,1.0,0.999677683605351,1.0,6.435943796182223e-16,6.432452817835414e-16,1.0,1.0,1.0,1.0,0.9994614320731362,6.46011966596655e-16
1317,-128.36064511151622,-143.62217797425544,-128.36062443765258,-143.62217624676904,-128.36063987292138,-128.35919377461292,-143.3442024121283,-143.62216548987033,-141.7537518690711,-143.62216900414,-143.62216345688105,0.00048528877522986414,1.0,0.00048528919439492303,1.0,1.0,1.0,1.0,1.0,1.0,1.0,1.0,0.0005576502131437314,0.0005576444487812904,0.8702440939984313,1.0,1.0,1.0,0.9999922823953773,0.001235158474038515
1318,-106.18054422768319,-155.25091681761555,-106.17753156872675,-155.2509177090381,-106.18053759055425,-106.17855777877278,-155.27104128983783,-155.25090710499884,-155.2509081907955,-155.2509179037606,-154.90067330316327,2.2105685126005633e-11,1.0,2.2105675273254578e-11,0.9999995542888199,1.0,1.0,1.0,1.0,1.0,0.9994870265928528,1.0,2.1884367843580425e-11,2.185142759085079e-11,1.0,1.0,0.999999457101813,1.0,0.9984981180414706,2.2105707117759066e-11
1319,-101.75019550170188,-133.01920819695363,-101.84935930987203,-133.01921041708638,-101.915941081348,-102.08282602866282,-131.78935966611968,-132.9897055255632,-132.98971214713248,-133.01921477950322,-132.9897076413287,1.621885405919042e-07,0.9516272127882902,1.6218836055195833e-07,0.9999988899342378,1.0,0.9204682326994869,1.0,0.846779233535479,1.0,0.8898224243234867,1.0,2.9997038548618894e-07,3.1521837696009975e-07,0.5487167384560427,0.5487149217761036,0.9999966892208457,1.0,0.9672571573510316,1.7882010563740915e-07
1320,-146.95252140743838,-147.51169962469825,-147.23915287959645,-147.82003890229265,-147.23734874625669,-147.23528691656583,-147.7167754472771,-147.51244138016727,-147.24497461606293,-147.81831744431213,-147.82079574842393,0.7560943502815981,0.8664804465627853,0.6480685848406489,0.8571266067512391,1.0,0.8672624223378482,1.0,0.8681569570592568,1.0,1.0,1.0,0.6824083682442487,0.7875634943076598,1.0,1.0,1.0,0.9996291910321343,1.0,0.9961943251029227
1321,-133.21249633779775,-133.47610123932046,-133.21250156152288,-133.47610632880063,-133.21250330122527,-133.2123964488109,-133.05653021268182,-133.47610125218364,-133.50298842460865,-133.5383232814498,-133.53832637163322,0.8765141326767811,0.9999973881408412,0.8765119021789712,0.9999974552631534,1.0,0.9999965182922994,1.0,1.0,1.0,1.0,1.0,1.0,1.0,0.8107581189266629,0.7999315592083938,0.9866463752066991,0.9999999935684087,0.9999991301491864,0.86481249728522
1322,-105.01610581773878,-143.99523749932732,-105.01607214714213,-143.99523831446794,-105.01609855854056,-105.01610071465399,-143.96436268297995,-143.99524938195506,-143.99525038253913,-143.99523861768233,-143.99525014553382,3.4339115195862438e-09,1.0,3.433910120026131e-09,0.9999995924297713,1.0,1.0,1.0,1.0,1.0,0.9999857163460815,1.0,3.4873335008840556e-09,3.4872747910784154e-09,0.984675287531344,0.984674794906267,0.9999994997080933,0.9999940587037767,0.9999867943879762,3.433876936133485e-09
1323,-139.31238819957252,-143.8835707172447,-139.9257949648127,-144.5279596660768,-139.92582339945608,-139.92532681144672,-141.61446561286346,-143.88397114912254,-144.5265742490531,-144.52811993894585,-144.53133096948753,0.10171390507871794,0.7358688400261846,0.07369754926035561,0.7245572687757879,1.0,0.7358583780165342,1.0,0.7360411099247675,1.0,1.0,1.0,0.31630804741490004,0.4298429695754541,0.3215015969507027,0.23315441535093695,0.7252045326129057,0.9997998041029557,0.9999857827793741,0.10022121113114561
1324,-130.20213162926333,-137.600688401449,-130.20190076438882,-137.60068935481831,-130.20212663317074,-130.20212949597226,-137.68108867964614,-137.60068707869013,-137.6006883788976,-137.60068970133077,-137.60068803212187,0.024741373749522688,1.0,0.02474136195569212,0.999999523315452,1.0,1.0,1.0,1.0,1.0,0.999885640747801,1.0,0.023766493528047928,0.023763750262108953,1.0,1.0,0.9999993498964822,1.0,0.9998870719858929,0.02474131222347841
1325,-137.98766679485223,-140.9646106081062,-137.98627016622652,-140.96460975688126,-137.98801494153076,-137.98802416089723,-140.90571482750266,-140.96460958671423,-140.32023382697875,-140.96460960043845,-140.96460881304347,0.22571730926529895,1.0,0.22571740533342086,1.0,1.0,0.9998259418106181,1.0,0.9998213329403632,1.0,0.9991233871144141,1.0,0.23246304418623076,0.23230076858154836,0.9709819697509636,1.0,1.0,1.0,0.9991279927673523,0.31157679360088997
1326,-74.0507065053194,-150.1998569356236,-74.0507054808345,-150.1998563366759,-74.05070070674753,-74.05070172901654,-150.18897368852552,-150.19985411728354,-150.1998535168669,-150.19985633550291,-150.19985254971974,2.913547368492534e-17,1.0,2.913548241023867e-17,1.0,1.0,1.0,1.0,1.0,1.0,1.0,1.0,2.9294450117299485e-17,2.9294435111442356e-17,0.9945745567889918,0.9945748553685867,1.0,1.0,1.0,2.91354390164245e-17
1327,-144.49148505118322,-146.06346258668387,-144.49148495669303,-146.06360478839073,-144.491464859048,-144.49157187989786,-145.91247665703185,-146.06373185144656,-147.0851725901216,-146.06359217371676,-147.11453259696398,0.45566892822613025,1.0,0.455636530928202,0.9999289016741734,1.0,1.0,1.0,0.999956586585068,1.0,0.9999565393420252,1.0,0.49140049924827756,0.491400476032015,0.9271614197781645,0.556355407655676,0.6000631559807477,0.9998653766811859,1.0,0.2733905648979171
1328,-143.7689218283238,-145.63149013517128,-143.76869077995394,-145.63148913307992,-143.7689053538944,-143.7689143464488,-143.80911252268163,-145.6316348999543,-145.51318004171506,-145.63148320493013,-145.63163354579729,0.3940473680537737,1.0,0.3940475654895531,1.0,1.0,1.0,1.0,1.0,1.0,0.9998882230000808,1.0,0.9801052185838779,0.9799919992672613,0.40201688504876576,0.4265465560964301,1.0,0.999927620228034,0.9998927187848071,0.4180570619591323
1329,-135.6335224533255,-145.44529657337844,-136.23594425088692,-145.89503678824448,-136.2359009780646,-136.2359572332335,-145.75963655924247,-145.44532918247583,-145.8949933232099,-145.89498442160422,-145.8950423251729,0.007402873376430207,0.7399217077043472,0.005912082342180735,0.7986199468174129,1.0,0.7399377171278356,1.0,0.7399169047599061,1.0,0.9999935088477727,1.0,0.006326190422678834,0.008549810549965117,1.0,0.9345609969016897,0.7986503245547681,0.9999836955842242,1.0,0.007990146590928853
1330,-119.07240365283184,-143.53981680496946,-119.07239519632498,-143.53981786305226,-119.07205262866512,-119.07211891685586,-143.54353638769345,-143.53981532552493,-139.80519702870498,-143.53981790275054,-143.5398163610278,4.863721968241093e-06,1.0,4.863719395131491e-06,0.999999470958739,1.0,1.0,1.0,1.0,1.0,1.0,1.0,4.854684866304293e-06,4.85466433950974e-06,1.0,1.0,1.0,1.0,1.0,3.146696791301473e-05
1331,-115.42708189284247,-142.00765339012665,-115.42708428526726,-142.007647171445,-115.42710323797326,-115.42706769092814,-142.13661657928523,-142.0076543395142,-142.00765501119668,-142.00766675425535,-142.00766501451704,1.6908389220074204e-06,0.9999988037883205,1.6908441794100807e-06,1.0,1.0,0.9999893274915567,1.0,1.0,1.0,1.0,1.0,1.5852517297383758e-06,1.5852536260372769e-06,1.0,1.0,0.9999996641588207,0.9999995253063351,0.9999905236919004,1.690855597194465e-06
1332,-134.76350602272475,-137.5536234936971,-134.76303521182086,-137.55361945494946,-134.76354133425843,-134.76228560189503,-137.5431132072421,-137.55362334320924,-136.56839928469918,-137.55361938117485,-137.55361929203121,0.24781848020083377,1.0,0.24781898063949095,1.0,1.0,0.9999823443890224,1.0,1.0,1.0,1.0,1.0,0.24912422975415038,0.2490655914544129,0.9947587157308317,1.0,1.0,1.0,0.9997469707985039,0.4055833105056069
1333,-76.52777702092612,-148.12279533375448,-76.58318591023271,-148.1227977132216,-76.52777987966445,-76.52511055981023,-148.5041910413289,-148.12276893072493,-148.12277388084857,-148.1228207665475,-148.12277131380938,2.840137116571438e-16,0.9726758038568152,2.8401337375670373e-16,0.9999988102671552,1.0,0.999998570631858,1.0,1.0,1.0,1.0,1.0,2.347038868600301e-16,2.412971371647075e-16,1.0,1.0,0.9999975249412435,1.0,1.0,2.8401716409828687e-16
1334,-146.92019009859789,-148.18582791079393,-146.92019073025318,-146.9641538581693,-146.91998455131125,-146.92019146096743,-147.36430830068514,-147.0556749034306,-148.0800718195251,-148.18582977577387,-147.05631534592953,0.5310925887932643,0.9999996841724014,0.978257961134493,1.0,1.0,1.0,1.0,0.9999993188154594,1.0,0.9999996346429426,1.0,0.8008680307995149,0.8008682837358218,1.0,0.6991557386993947,0.599176864574787,1.0,1.0,0.5598739364332037
1335,-79.35888713595989,-142.7083475785864,-79.45330134162415,-142.99018256242306,-79.44433764408302,-79.36882639545834,-142.8843350632268,-142.70270732182692,-142.7056138430078,-142.70290513553704,-143.02225523950557,1.7532322434693444e-14,0.9538898238479754,1.5227891016012936e-14,0.868560972040965,1.0,0.9581746084882721,1.0,0.9950426984300791,1.0,1.0,1.0,1.6055515433751016e-14,1.6831624609415948e-14,1.0,1.0,0.9985477948813802,1.0,1.0,1.8322655423655227e-14
1336,-123.20809757146179,-152.03987078681706,-123.20740417779467,-152.11367861400822,-123.20741424560464,-123.20806709791816,-152.0398783237175,-152.03987133016923,-151.64579895590546,-152.07003058831873,-152.06369048509424,5.486052944353765e-07,1.0,5.287286311659043e-07,0.9637687359726835,1.0,1.0,1.0,1.0,1.0,0.9996685948650731,1.0,5.486032270475328e-07,5.484130610127204e-07,1.0,1.0,1.0,0.9999997283239508,0.9999949661076866,6.678566013110558e-07
1337,-73.9241721379696,-123.99550543842344,-73.92485544686045,-123.99550530016953,-73.92485092922158,-73.9248539195491,-123.99393189052523,-123.99548650877745,-123.99548693677485,-123.9955053600352,-123.99548657349959,1.3401336833859215e-11,0.9996584039118127,1.3401337760252831e-11,1.0,1.0,0.9996606619621946,1.0,0.9996591673069198,1.0,1.0,1.0,1.3411884805453735e-11,1.3416467818377792e-11,0.9992229929003705,0.9992227790679687,0.9999997860013197,1.0,1.0,1.340600997696535e-11
1338,-130.19487759658674,-135.2615465477161,-130.21577001985668,-135.8344025607007,-130.1948088841022,-130.19484926297008,-136.08523758369392,-135.26147287087997,-135.26152176333707,-135.26154256056995,-135.834314167386,0.07939384159089131,0.9896081605413386,0.05962010187130391,0.7509411394717547,1.0,1.0,1.0,1.0,1.0,1.0,1.0,0.05259259263664232,0.05314486554746371,1.0,1.0,0.9999755540702558,1.0,1.0,0.0793920977995171
1339,-151.1087950179597,-163.76450917152033,-151.25491960267556,-164.03354302560734,-151.25487481555461,-151.10879751944194,-164.0311898790237,-163.76450487250014,-163.1151071709674,-163.76451372715704,-163.76450661469968,0.0017858566252242137,0.9295429248017002,0.0015610852854183554,0.8741380821779926,1.0,0.9295637408104684,1.0,0.9999987492596608,1.0,1.0,1.0,0.0015629230976197891,0.0016813888373720964,1.0,1.0,1.0,1.0,1.0,0.0026581731503768327
1340,-104.17483245418418,-149.57929376985246,-104.17449400594504,-149.57925216324338,-104.17471687266709,-104.17476980753912,-155.26642579172,-149.58348268677742,-149.58346566530412,-149.57927551041826,-149.5827857048358,1.38212237704145e-10,1.0,1.3821511300532428e-10,1.0,1.0,1.0,1.0,1.0,1.0,0.999862108710835,1.0,8.046397270058749e-12,8.045035740770014e-12,1.0,1.0,1.0,0.9979077333851338,0.9998885728474389,1.379162641694436e-10
1341,-133.08701109592528,-141.81334946669972,-133.293486547512,-141.9886667488816,-133.29348396749867,-133.29350150840503,-141.98753552888223,-141.81337180175765,-141.98878340255865,-141.98875326156988,-141.98877407027226,0.012737954673764105,0.9019125401202116,0.011668903143967957,0.916073533218168,1.0,0.90191370359415,1.0,0.90190579343693,1.0,0.9999925195814656,1.0,0.01167550505915013,0.012945274114487822,1.0,0.9993762577699028,0.9160303328414935,0.9999888325333892,1.0,0.012937182911279483
1342,-133.27081084323277,-133.2570279360947,-134.63175631944102,-134.61504960627383,-134.68494353233933,-134.62865380298754,-133.43073181153594,-133.2700038066361,-134.59785397973098,-134.68484747233327,-134.61504607513268,1.0,0.5063775518098956,0.5106252205120949,0.5071183680482001,1.0,0.49308862983620705,0.4897022145026175,0.5071636837421454,0.5036806042887931,1.0,0.9932209835493865,0.9231528248329832,1.0,1.0,0.5579080673108097,0.5148266244521715,0.9935330659386187,0.9737568896445126,1.0
1343,-134.87289983956106,-134.87276948066898,-134.87320834316537,-134.8727674220814,-135.20087171115404,-135.20144673767265,-132.9759868173143,-134.82623669522,-134.6677197653871,-134.85557106557943,-134.82621592153643,1.0,0.9998457600940396,1.0,1.0,1.0,0.8487539588446722,0.8486986393346778,0.8485099659048968,0.8484546622977088,0.8486408601913669,0.848453788989048,1.0,1.0,0.39648187994947,0.4291853191170898,1.0,1.0,0.8488848907703959,1.0
1344,-133.65022611462985,-133.65596055840803,-134.52221288726156,-134.52831425409693,-134.5221292747309,-134.52209863986624,-130.08300335740483,-133.67423979713345,-134.6708979587533,-134.528244974321,-134.54293693934574,0.9971368846658513,0.6466220024749818,0.6446523693456456,0.646503383095365,1.0,0.6466490358910644,0.648505782741917,0.6466589409697721,0.6485157162614366,1.0,1.0,1.0,1.0,0.16602478079585137,0.10086752056932906,0.6075449706110951,0.9909020200057824,1.0,0.9283148348770706
1345,-87.0801416816276,-139.37361148039315,-88.09235118609149,-140.22913298686183,-88.09234986287478,-88.0910950486404,-140.230315168728,-139.37359562489553,-140.2274565360233,-140.22906832908333,-140.22914935012287,4.411815207931732e-12,0.6028392194424977,2.8763595899278828e-12,0.6519673772275534,1.0,0.6028396182860931,1.0,0.6032179628287502,1.0,1.0,1.0,2.874659902238463e-12,4.768534975041833e-12,1.0,1.0,0.652508929015555,1.0,1.0,4.7753524338937006e-12
1346,-119.09427283768514,-153.14756373160247,-119.09437949630069,-153.14767359891863,-119.09430237420841,-119.09434491241083,-153.29435111367732,-153.14761460081132,-153.1476732540889,-153.14767468413038,-153.1476737855007,4.031083897506369e-08,0.9999466721142072,4.030862461404059e-08,0.9999450678507482,1.0,0.9999852318474144,1.0,0.9999639632864912,1.0,1.0,1.0,3.745823949383224e-08,3.7460237169081784e-08,1.0,1.0,0.9999706737912403,0.9999745657190324,1.0,4.030922685666038e-08
1347,-115.34796082058625,-137.6415267387855,-115.34816808275434,-137.64152617988404,-115.34821363542915,-115.34821399750092,-138.5405981548964,-137.64152640856523,-137.64152577360528,-137.64152609846207,-137.64152606173883,1.4421607443839967e-05,0.9998963742854705,1.4421611473969274e-05,1.0,1.0,0.999873600567634,1.0,0.9998734195546464,1.0,0.9999770428902289,1.0,9.19989334275695e-06,9.200846787079533e-06,1.0,1.0,1.0,1.0,0.9999772239219761,1.4423437517881801e-05
1348,-130.83151146691864,-144.51176442411762,-130.8319191019426,-146.09203196272446,-130.8311044497276,-130.83202579353087,-143.5289293674037,-144.5109099743016,-146.0938888031487,-144.51396625044225,-146.0968303978849,0.001069968063019085,0.9997962032574044,0.0004855344825657091,0.45378408884064836,1.0,1.0,1.0,0.9997428697575321,1.0,0.9999466556287187,1.0,0.0017490037301017823,0.00174936024402114,0.6120200084558316,0.27734870050968086,0.45316933544288973,1.0,1.0,0.0004849852030291042
1349,-122.32635728322106,-158.64269220121275,-122.32635231763658,-158.6426918624181,-122.32634824798771,-122.32636027271332,-158.63869540375097,-158.6426893172569,-158.64268879595542,-158.642691864578,-158.642688829392,1.30019374107107e-08,1.0,1.3001939613204302e-08,1.0,1.0,1.0,1.0,0.9999985052549876,1.0,0.9999960224695407,1.0,1.3027946445486632e-08,1.3027914099842439e-08,0.9980050358385815,0.998005295969363,1.0,1.0,1.0,1.300190081046432e-08
1350,-132.04891276457786,-143.48589516819044,-132.79413684567714,-144.1412321358061,-132.74585337061822,-132.74453374681912,-142.41784239315345,-142.9589740564978,-143.61046912622498,-143.61058606012364,-144.1410356519865,0.0032846630591921275,0.6889324588622496,0.002366934347043748,0.7206018712999746,1.0,0.7057668738573313,1.0,0.7062327009012258,1.0,1.0,1.0,0.005602934423494784,0.008132777533443344,0.7629476722219064,0.550838637547113,0.7219874410821969,1.0,1.0,0.004372991817022538
1351,-61.000093775695916,-144.33305116580522,-62.000997015473644,-144.33306324259416,-62.0009945756928,-62.11799085757258,-144.59692375958542,-144.27294664546187,-144.18396222903186,-144.4462324601692,-144.38014358355392,8.025613156022641e-19,0.6062568002483466,8.025564694350829e-19,0.9999939616237569,1.0,0.6062575398156613,1.0,0.5718099826605079,1.0,0.9431811444032826,1.0,7.033621868586616e-19,1.1601720369495902e-18,1.0,1.0,1.0,1.0,1.0,1.4262488946982466e-18
1352,-111.7662019867029,-125.50937417316442,-111.88715525416816,-125.58362606262364,-111.7662047185384,-111.90069645051832,-123.93976638163053,-125.50935022995137,-125.50935948138064,-125.58410293985264,-125.5926847762498,0.0010368312487265927,0.9413157637972496,0.0009990436985697056,0.9635547730613863,1.0,0.9999986340831789,1.0,0.9349640198219658,1.0,0.9932522706836854,1.0,0.002272710294264529,0.002414397359177817,0.4562146191502019,0.4562125088364408,0.9999953742960606,1.0,1.0,0.0010368402814424074
1353,-141.7539223967362,-142.02579436082755,-143.51665054378867,-143.8411496835193,-143.51826826614553,-143.52257954272682,-138.488024541026,-142.0256166995601,-143.5891122511287,-143.84281963470212,-143.84094992122323,0.8728985118771173,0.4142175030097903,0.35217972778537504,0.40346010789734676,1.0,0.4138825940178812,0.4741474391196414,0.41299137376973916,0.47312644958189376,0.997039890320564,1.0,1.0,1.0,0.17053817973417257,0.07803921243801869,0.45760552012260725,1.0,0.999191465861593,0.9651980239863502
1354,-101.08287141529573,-115.73080503218867,-102.57445757344357,-117.71924136760617,-102.57447187485596,-102.56895238724616,-116.98876362158683,-115.73080466232096,-117.70361202991751,-117.71924217127653,-117.71924124580272,0.0006595407434277041,0.4743579473593623,0.00024403839801087656,0.370012619300186,1.0,0.4743545553771765,1.0,0.47566546047180447,1.0,1.0,1.0,0.00035162471448367647,0.0007412645164713424,1.0,0.6994757142791208,0.3729154040710141,1.0,0.9999928493193702,0.0005185002347581445
1355,-69.79982463758776,-135.8924486918067,-69.79981619005724,-135.89244410195298,-69.79981314647941,-69.7998160657122,-136.83418478562064,-136.8695136645779,-136.86950348860083,-135.89245037914603,-136.86950722056977,4.448043638887932e-15,1.0,4.448053846834466e-15,1.0,1.0,1.0,1.0,1.0,1.0,1.0,1.0,2.777625207974188e-15,2.7776134759621046e-15,0.9824906621286575,0.982495661042605,1.0,0.6135260917561696,1.0,2.728989035237806e-15
1356,-114.57420622602152,-129.65449134514898,-114.57457477966983,-129.65449304302183,-114.57457338775427,-114.57448543001459,-129.60317055471094,-129.6544845263898,-129.65448643578384,-129.65449395266907,-129.65448622478016,0.0005313218713847218,0.9998157401537737,0.000531321420326424,0.999999151063937,1.0,0.9998164359835591,1.0,0.9998604077473683,1.0,1.0,1.0,0.0005451322324702738,0.0005452326969631738,0.9746693576676839,0.974668427154202,0.999999045303441,1.0,1.0,0.0005314207253356232
1357,-126.34304318406947,-126.34275921788745,-127.45406078761272,-127.45386304037444,-126.64906416534151,-126.64903918899,-125.7128027118016,-126.34146933377843,-126.62725321651362,-126.7247532606172,-127.45374291952925,1.0,0.5737802465079949,0.5738369810422848,0.5737555116777522,1.0,0.8581207195320435,0.8579988895489261,0.8581314359613228,0.8580096044567618,1.0,1.0,1.0,1.0,0.7302755787145332,0.6330377307615244,0.866847734215388,1.0,1.0,1.0
1358,-140.21513490042014,-141.17816054341984,-140.21496062296958,-141.12133477638963,-140.2150847352559,-140.21510543592444,-140.95510656447087,-141.17814534907106,-141.17100528812065,-141.17812373954894,-141.17811308022854,0.6178479907131089,1.0,0.6356546044118169,1.0,1.0,1.0,1.0,1.0,1.0,0.9999275961438568,1.0,0.6907441170131579,0.6906839290736967,0.8944740453259633,0.8976730518047225,1.0,1.0,0.999937945782278,0.62004682696486
1359,-110.07730401949868,-150.96362311735058,-110.07681631688638,-150.963624348213,-110.07728551854373,-110.07730017516033,-151.0588595645349,-150.96362152657667,-150.96362280020617,-150.96362341952192,-150.96362275443593,1.3232704526600644e-09,1.0,1.3232696382783875e-09,0.9999993845689847,1.0,1.0,1.0,1.0,1.0,0.9997581001255176,1.0,1.2617353867359337e-09,1.2614277484243884e-09,1.0,1.0,0.999999363185456,1.0,0.9997654266879461,1.3232584216651562e-09
1360,-142.40568281139795,-142.4149626129662,-142.4056804362794,-142.4148050709511,-142.40425192555335,-142.4054725144108,-141.74163629569796,-142.42165268043516,-142.7093689028544,-142.41495853689628,-142.4216502971934,0.9953708469263205,1.0,0.9954492563789754,1.0,1.0,1.0,1.0,1.0,1.0,1.0,1.0,1.0,1.0,0.7117644917016521,0.6163956062905407,0.8660106165410022,0.9966605546580093,1.0,0.8585086794737921
1361,-123.79740014592352,-157.15212913495716,-123.79739910344168,-157.15614836603584,-123.79739660962804,-123.79739755816314,-157.18115637785365,-157.15451865145695,-156.29882094039306,-157.15582138857692,-157.157152201717,5.716268597537604e-08,1.0,5.704792630340173e-08,0.9979924023859942,1.0,1.0,1.0,1.0,1.0,1.0,1.0,5.633903989193662e-08,5.633901052573128e-08,1.0,1.0,1.0,0.9988059551895855,1.0,8.758008847254173e-08
1362,-87.21573066066256,-135.59134128804504,-87.6984667672616,-136.0732851144066,-87.69845657551008,-87.69840915527209,-137.39890204884514,-135.59133701285248,-136.07314975833953,-136.07327451735023,-136.07328406391417,3.128741068931456e-11,0.7855524480046432,2.45876402804808e-11,0.7858636984900139,1.0,0.785556451092524,1.0,0.7855750769502666,1.0,1.0,1.0,1.2672514325925755e-11,1.6131977384978944e-11,1.0,1.0,0.7859152060283252,1.0,1.0,3.13017662139201e-11
1363,-66.55330722528493,-127.59812556928469,-66.5533096102755,-127.59805999432336,-66.55331017448765,-66.55330778392619,-127.32095472804471,-127.59812030228409,-127.59815176798298,-127.59816075441873,-127.59810153204381,5.5499123226717504e-14,0.9999988075054209,5.5500942932978804e-14,1.0,1.0,0.9999985253997253,1.0,0.9999997206794083,1.0,1.0,1.0,6.37489455513519e-14,6.374902157171466e-14,0.8705911745498787,0.8705774777777435,0.9999842672743126,1.0,0.9999997178939679,5.549847806715768e-14
1364,-136.112057175288,-148.87726666548116,-136.11204090837458,-148.7144008415382,-136.1120364316614,-136.11205408927393,-148.77286351751954,-148.71430997596224,-148.71436336243443,-148.71443172586834,-148.71432477003108,0.0016907133388721432,1.0,0.0018341541945713644,1.0,1.0,1.0,1.0,1.0,1.0,0.9999934095720447,1.0,0.0017813154493710659,0.0017813009611779042,1.0,1.0,0.9999733071201669,1.0,1.0,0.0018341695423584323
1365,-112.78830318189603,-122.08525341058692,-113.12377058137213,-122.45970465539739,-113.12377839292225,-113.12528996758778,-122.45969974999417,-122.0852636908663,-122.45546586064305,-122.4966483147669,-122.45969779947495,0.00957619340249766,0.8455789826094202,0.007941121738991419,0.8292566164046162,1.0,0.8455756799745685,1.0,0.8449368460284616,1.0,0.9992405953859249,1.0,0.007941141216217366,0.009391365418888895,1.0,1.0,0.831020276014399,0.9999948598735189,0.9999960942325677,0.009411304236621058
1366,-121.4636157237677,-146.26407169085178,-121.463442264928,-146.28621042586965,-121.46345413904984,-121.46360917274262,-145.9255301473685,-146.3022057085933,-146.48669818055092,-146.24901624539575,-146.32397646982326,4.117649844120739e-06,1.0,4.072321406135944e-06,0.988991672507191,1.0,1.0,1.0,1.0,1.0,0.9999165495748722,1.0,4.8771125109369405e-06,4.876689540140604e-06,0.8283348645148108,0.7553424800758771,0.9118805840900004,0.9811136167245168,0.999994062956705,3.6835926414588814e-06
1367,-131.1207612427413,-131.40621748274697,-131.11725592588414,-131.4051813717669,-131.1207586175321,-131.12062339572975,-130.49658657375812,-131.4061673270047,-131.33916818848667,-131.1361189749214,-131.14204820753957,0.866989754026873,1.0,0.8674390191908437,1.0,1.0,1.0,1.0,1.0,1.0,0.9983176817636186,1.0,1.0,1.0,0.6345809770140318,0.6561992460862578,1.0,1.0,0.9982501868872217,0.8965467989335383
1368,-117.97232516497354,-121.82984844526271,-117.97224508449744,-121.82984147557312,-117.97231303361204,-117.96955531622791,-121.73526454576705,-121.82984590944093,-120.52797324459664,-121.82984048736807,-122.06745279855085,0.14532805552659764,1.0,0.14532856197319818,1.0,1.0,1.0,1.0,1.0,1.0,1.0,1.0,0.1523660102596501,0.15235990961046547,0.9538101020173831,1.0,1.0,1.0,0.9999660260198315,0.2786412670993592
1369,-131.41878274549444,-131.42130884007884,-131.48394825685597,-131.4860805629174,-131.41913800235756,-131.48402315997106,-130.09572476805187,-131.4231146631497,-131.47929488308685,-131.48608077180972,-131.42302999864958,0.998737750016318,0.9679423437891364,0.9669109190517481,0.9681329448455814,1.0,0.9998223873434375,1.0,0.9679060935195656,0.9691293770599453,0.9999625491437549,1.0,1.0,1.0,0.5149451197706072,0.5006815255766985,0.9723007488637573,0.9990974959665313,1.0,0.9703694144324307
1370,-102.28978961350893,-130.18736530532595,-102.29131636607158,-130.18613174629616,-102.29134734109834,-102.29134922408485,-132.15298112817652,-130.1863400699032,-130.1869196202121,-130.18736294149224,-130.5434980027365,8.752223698466611e-07,0.9992369150162185,8.757623555843177e-07,1.0,1.0,0.9992214394409665,1.0,0.999220498681164,1.0,0.9999835711283203,1.0,3.2755961846181564e-07,3.278097651711546e-07,1.0,1.0,0.9997102668263084,1.0,0.9999845126065507,8.760995249061777e-07
1371,-116.62464251484079,-133.8542977645901,-116.62463492024526,-133.8542994867911,-116.62463020941712,-116.62463699856474,-133.74796217033418,-133.84678740440972,-133.846789144389,-133.8542990648561,-133.84678917444546,0.0001813960809694526,1.0,0.00018139592476926322,0.9999991388998678,1.0,1.0,1.0,1.0,1.0,0.9999989608407985,1.0,0.00019130150243236343,0.00019130077600497495,0.9517883245859584,0.9517874965403423,0.9999991300107444,1.0,1.0,0.00018207725781216024
1372,-137.9559725957517,-142.43785713193066,-138.26164947402356,-142.76413652506488,-138.23425971790337,-138.07528939463137,-140.78319777368242,-142.43765692333858,-142.73487770841615,-142.73507105065315,-142.7638930483566,0.10635823917349257,0.8582683731907472,0.09034840057406485,0.8494725117316737,1.0,0.8701031065534355,1.0,0.9420862958304127,1.0,1.0,1.0,0.2432628850384981,0.2834345207596665,0.43725900318183797,0.3768756573210069,0.861904854053468,1.0,1.0,0.10536666173258653
1373,-151.18619187278006,-151.18102583593853,-152.91134109514604,-152.9069908276791,-152.91134023895245,-152.9113180362946,-152.77253017487774,-151.1786444981948,-152.88649351253218,-152.907141251167,-152.9071005743812,1.0,0.42207400577644794,0.4229930723684505,0.4219018833580239,1.0,0.4220741864650167,0.4209853678910467,0.42207887207539885,0.4209900414140284,1.0,0.9978387345969212,0.45240876926694695,1.0,1.0,0.9446113850423239,0.4257408261530693,1.0,1.0,1.0
1374,-90.40336166776763,-129.09125547473332,-90.40333437210717,-129.09121392350357,-90.40336601176037,-90.40336360484565,-128.5724296528264,-129.09110556134826,-129.31938147041586,-129.0911735036549,-129.0906672398702,3.972195376683691e-09,1.0,3.972277902342286e-09,1.0,1.0,0.9999978280059876,1.0,0.9999990314614565,1.0,0.9999853837375765,1.0,5.1486360988045e-09,5.148565831572611e-09,0.7715622262355617,0.688337568978262,0.8921348733421653,1.0,0.9999841802985321,3.544007353367565e-09
1375,-143.75264551324875,-147.77805052803944,-144.2658592855231,-148.3292244141621,-144.26601650078135,-144.26596356244525,-145.89540284839853,-147.77805386930146,-147.5780526230183,-148.32921363059796,-148.32922616483808,0.13362705814038134,0.7736722952967633,0.10143983139027953,0.7591264284491871,1.0,0.7736114811421733,1.0,0.7736319582654768,1.0,0.9999478628981139,1.0,0.3425359485303837,0.44274035740027984,0.3901103970907974,0.43113893436420603,1.0,0.9999983293703878,0.9999213954603782,0.19089761130843622
1376,-113.62406365856583,-141.35568909132644,-113.62345812775072,-141.35568973537815,-113.62405914833008,-113.62367264550502,-141.34024034940668,-141.35571767746208,-141.3557187857239,-141.3556902075059,-141.35571832102931,9.509420459436374e-07,1.0,9.509417397157612e-07,0.999999677974197,1.0,1.0,1.0,1.0,1.0,0.9998927468748771,1.0,9.583159176641147e-07,9.580258166732265e-07,0.9922912023411791,0.992290652482108,0.999999445869247,0.9999857070343245,0.999699534859018,9.509257827707639e-07
1377,-151.39908708783864,-159.17613919332317,-154.61420007302226,-159.17613845074203,-151.4152866143586,-151.41809198625037,-156.0847739021967,-159.17613905183407,-159.1586374302771,-159.17613492952333,-159.1761382978376,0.02047550361954625,0.2003766381646158,0.02047551122190904,1.0,1.0,0.9919329514357725,1.0,0.9905425563972875,1.0,1.0,1.0,0.09605412856635678,0.47936790159861487,0.21316631959168228,0.21503988336387267,1.0,1.0,1.0,0.0208234524053567
1378,-92.57324678887466,-133.44750304398082,-92.76192247462382,-133.4475124182193,-92.68819556486275,-92.68814638340902,-133.23551942341396,-133.44752490304904,-133.44751647400247,-133.44755339967648,-133.44753510197702,1.3312757718086866e-09,0.9099752816386806,1.3312695319750201e-09,0.9999953128917407,1.0,0.9441460715515605,1.0,0.9441692890751947,1.0,1.0,1.0,1.4801294048700595e-09,1.626560011833122e-09,0.8994221838198726,0.8994259744635987,1.0,0.9999890705256138,1.0,1.410022106134219e-09
1379,-149.83797479412215,-154.71487684417332,-149.8382317599702,-154.71486970807229,-149.83847055878934,-149.8384777565022,-146.89908450924713,-154.71486896711184,-154.71486556234413,-154.71486561154995,-154.7148696498133,0.08729596605719256,0.9998715253295511,0.08729627753416501,1.0,1.0,0.999752148386691,1.0,0.9997485504287241,1.0,0.999877009297983,1.0,1.0,1.0,0.02008278639825237,0.0200828205868928,1.0,1.0,0.9998806077182557,0.08731810041973051
1380,-92.26989420469556,-150.83834007771108,-92.79536711471965,-150.83724492091238,-92.79535753492274,-92.79531777558842,-152.13772298926514,-152.09182180476304,-150.8390735107073,-150.83853675984432,-151.50032515821016,1.9143598263600202e-13,0.7689445220844258,1.9154083755047515e-13,1.0,1.0,0.7689482052594249,1.0,0.7689634918457574,1.0,1.0,1.0,9.996918641214165e-14,1.3000832120001182e-13,1.0,1.0,1.0,0.5343304220339591,1.0,2.4886694768856736e-13
1381,-122.3866117932109,-130.65480087291812,-122.48612642043508,-130.51897271195378,-122.4536573120684,-122.38661003710993,-130.9088673942682,-130.51920799554404,-130.51906794736072,-130.51915467891249,-130.5191925853924,0.016017161467267838,0.9514603029482144,0.017142741015547042,1.0,1.0,0.9670329018645158,1.0,1.0,1.0,1.0,1.0,0.014106384247983047,0.014826035520633616,1.0,1.0,1.0,1.0,1.0,0.017726309729454378
1382,-33.95313630626629,-128.0854208732875,-34.011713718421106,-128.08542384457536,-33.95314269542047,-33.95312750101405,-128.2455261296468,-128.0854402399798,-128.08544434941712,-128.08542498704224,-127.96420524066957,3.626052784181119e-21,0.9711360511100858,3.626047397161814e-21,0.9999985143571686,1.0,0.9999968054280127,1.0,1.0,1.0,1.0,1.0,3.3470924419206703e-21,3.4465741829835906e-21,1.0,1.0,0.9999979452834473,0.9999903167007337,1.0,3.62602180517601e-21
1383,-63.87468899828539,-121.08064781163645,-66.53833188112375,-121.08064744244973,-66.53893913802415,-66.5388210982639,-121.0068644463363,-121.08055134640367,-121.08054779154642,-121.08064411639765,-121.08055099645657,3.7834140969657266e-13,0.26399596991675367,3.783414795358922e-13,1.0,1.0,0.26391582539724373,1.0,0.2639314021372863,1.0,0.999755421344166,1.0,3.925597170050064e-13,1.4869913246357217e-12,0.9638270106250315,0.9638287237602694,1.0,1.0,0.9996964176402556,1.4336401785346621e-12
1384,-111.69663048881921,-138.57198553943243,-111.69622499010012,-138.5719867829976,-111.6962325588114,-111.69660504772258,-138.62354337854157,-138.5719807287025,-138.5719825797072,-138.5719873835865,-138.57198196868765,1.4591192972647157e-06,1.0,1.4591183900100222e-06,0.9999993782176034,1.0,1.0,1.0,1.0,1.0,0.9998099892430985,1.0,1.4219854696829843e-06,1.4216971922647434e-06,1.0,1.0,0.9999990744980798,1.0,0.9999962156515194,1.4588311713353734e-06
1385,-43.09718689125569,-132.09061620532003,-43.097185628333534,-132.090615438368,-43.09718063327034,-43.09707791261931,-130.41447268689816,-130.64242572720363,-132.06117782035747,-132.09061543842625,-130.7912458224301,4.7350259299286574e-20,1.0,4.7350277456979145e-20,1.0,1.0,1.0,1.0,1.0,1.0,1.0,1.0,1.0946929019195255e-19,1.0946922106637888e-19,0.8922789062088899,0.4389575503913291,0.4919510562637526,1.0,1.0,4.805222111045391e-20
1386,-127.40698803295533,-131.31229112563312,-127.5032658728897,-133.49865749539907,-127.48037804429362,-127.40698371298876,-134.39720136853958,-133.4003020602921,-133.4847972188835,-133.47969507268255,-133.5035029343094,0.14189732499413454,0.9530013869598024,0.047556598437244434,0.3351479560253175,1.0,0.9639700959329922,1.0,1.0,1.0,1.0,1.0,0.03034551137528076,0.031842043244120405,1.0,1.0,0.9586324136523181,0.35204176236841617,1.0,0.04967718094178455
1387,-112.37645263824632,-136.4031215982509,-112.373657966423,-136.40311997993388,-112.37644784948887,-112.37644920860168,-136.27830324965572,-136.40307077312423,-134.3992642481099,-136.40311961076898,-136.40306968013863,6.062826302827476e-06,1.0,6.062831208616945e-06,1.0,1.0,1.0,1.0,1.0,1.0,0.9986053523368711,1.0,6.453258856354539e-06,6.444247783221568e-06,0.9395222649053252,1.0,1.0,1.0,0.9986060309457675,1.6512247175833414e-05
1388,-18.48278747951312,-143.60009833304042,-18.482791514932217,-143.60010443415368,-18.48278951536119,-18.482729687182257,-143.67078286029846,-143.60010327822124,-143.60011209586463,-143.60010596614325,-143.60011172862136,6.778305721025535e-28,0.9999979822924877,6.778285043451627e-28,0.9999969494480243,1.0,0.9999989820764832,1.0,1.0,1.0,1.0,1.0,6.542928927395349e-28,6.54294212913884e-28,1.0,1.0,0.9999955911880236,0.9999975274126471,1.0,6.7782659766273195e-28
1389,-151.7780693918466,-168.0842417260688,-152.01570039324542,-168.6059910024615,-152.01963815345874,-152.0196283983119,-168.05171230703698,-168.08423694162653,-168.60601745424316,-168.1110701666798,-168.60592162919085,0.00028784564766357534,0.8879716157916615,0.00022174980740292006,0.7703774894734343,1.0,0.8862250261191011,1.0,0.8862293487572721,1.0,0.9980379248577265,1.0,0.0002925656542236578,0.0003294763582761865,0.9838692002950931,0.7579388468273605,0.7703654577255096,1.0,0.9980330568663468,0.0002502150899017497
1390,-111.13539093128136,-124.15320899060606,-111.19216905325149,-124.15327295764064,-111.1353949290866,-111.135376414892,-124.0505414527658,-124.15320830987696,-124.17411187796509,-124.17411039301538,-124.15320951618008,0.0014901044964140985,0.9720101220103121,0.001490056838393314,0.9999680169941784,1.0,0.9999980010993793,1.0,1.0,1.0,1.0,1.0,0.0015685945357027766,0.0016137635814518145,0.9499618733054687,0.9400847834746366,0.9896026460551897,1.0,1.0,0.0014746148020640868
1391,-84.94091633174932,-147.11786109417,-86.99903239662854,-148.05313215951415,-86.99907361162946,-86.99905027537983,-148.05303770530662,-147.11785752724322,-147.37273398914635,-147.38244080708532,-148.0531082980782,3.1509970315425025e-14,0.3573434079812344,1.974042336877276e-14,0.626481814205622,1.0,0.35733604410266573,1.0,0.3573402135685534,1.0,0.9999910606643093,1.0,1.9741355673810378e-14,5.524477360681316e-14,1.0,1.0,0.8803477924002345,1.0,0.9999793927118732,7.762939881500854e-14
1392,-156.79096214218703,-165.1783860537858,-156.79094757562171,-165.1789854786633,-156.790946570115,-156.79095855644667,-164.83835042677256,-165.1787419819153,-165.29435033357834,-165.18034577857375,-165.17899836270584,0.015090166751502493,1.0,0.015085644718512937,0.9997003324705399,1.0,1.0,1.0,1.0,1.0,0.9999945096025956,1.0,0.017886766480984372,0.0178866362070827,0.8434996621148434,0.7961242969325475,0.9438347549973936,0.9998220517699178,1.0,0.01423997851565323
1393,-133.13518109717702,-144.79200724976263,-133.1351849085783,-144.7920140634008,-133.13518662088063,-133.13503616244105,-145.01948881458907,-144.7920100597217,-144.79198282192954,-144.79197119963501,-144.7919889366522,0.0029427431857138387,0.9999980943011733,0.0029427331603372525,0.9999965931867133,1.0,0.9999972381520107,1.0,1.0,1.0,1.0,1.0,0.0026263667317880375,0.0026263717368615745,1.0,1.0,1.0,0.9999985950214587,0.9999991438492059,0.0029427872558840974
1394,-5.18343384880535,-147.90065399462432,-5.2519615875839065,-147.90065428463373,-5.183436635570274,-5.1834298532969285,-148.14152475406195,-147.760404025608,-147.7928524512219,-146.32339085421478,-146.30932803476952,1.0217612050252709e-31,0.9663164896516884,1.021761056865096e-31,0.9999998549953054,1.0,0.9999986066185089,1.0,1.0,1.0,1.0,1.0,9.058264298606815e-32,9.374013996047882e-32,1.0,1.0,0.9839066908413348,1.0,1.0,1.07834771376428e-31
1395,-70.65059562770807,-142.68734946430612,-70.7737970345606,-142.6873526176433,-70.65067994227735,-70.65067732353896,-143.1354877246544,-142.68733455943723,-142.68734041678624,-143.13503102817162,-142.68734374319575,2.277286424820627e-16,0.9402582537438784,2.277282834297465e-16,0.9999984233326481,1.0,0.9999578436039667,1.0,0.9999591529188218,1.0,1.0,1.0,1.8201436734546023e-16,1.9357912214088275e-16,1.0,1.0,0.9999970713297839,1.0,1.0,2.27739273341102e-16
1396,-115.34096265265083,-132.33456510192843,-115.34096288750652,-132.33457292514237,-115.34096284469246,-115.34096280445107,-132.44671326986935,-132.33456234786803,-132.33456612448816,-132.3345746450745,-132.33456475518335,0.00020412026068788135,0.9999998825721617,0.00020411946225120886,0.9999960884006831,1.0,0.999999903979192,1.0,0.9999999240998847,1.0,1.0,1.0,0.00019298939695814072,0.0001929894196204712,1.0,1.0,0.9999981116917164,1.0,1.0,0.00020412017592511277
1397,-82.60859988399787,-126.86710262099783,-83.42028601526374,-127.41086780430754,-83.46552831914124,-83.54290146528595,-127.38179915551802,-126.86709584398108,-127.81311489955613,-128.04489476751678,-127.72464820110517,2.4512535859658094e-10,0.6664147425947835,1.8677172622002693e-10,0.7619437143890505,1.0,0.651508902707703,1.0,0.6267855698863918,1.0,0.9405337694750122,1.0,1.895061504447229e-10,2.843666838864531e-10,1.0,0.8060110136271524,0.6231241341550227,1.0,0.9776327879106598,2.34446595854207e-10
1398,-50.78684224107698,-144.93464910878532,-50.78582914238973,-144.93465259685289,-50.7868052106613,-50.7868395934249,-144.95959028121968,-144.93464683194344,-144.93465056977564,-144.93465269985535,-144.93465032994777,3.598019369857956e-21,1.0,3.598013094796116e-21,0.9999982559677394,1.0,1.0,1.0,1.0,1.0,0.9994949020873357,1.0,3.5534285736579e-21,3.551629042560427e-21,1.0,1.0,0.9999981310856454,1.0,0.9995120849335034,3.5979501241121196e-21
1399,-104.28249954140088,-145.39739797011148,-106.41191615704733,-145.3973980789757,-106.4131926094469,-106.41319451751548,-145.38962173692505,-145.39735627210837,-145.39735603578828,-145.39739639595564,-145.3973560779797,1.1803566311353903e-09,0.34482842385246704,1.1803565668860952e-09,0.9999999455678946,1.0,0.34460841553293947,1.0,0.34460808676485094,1.0,0.9993610239980953,1.0,1.1849549289048736e-09,3.436360946311807e-09,0.9961402006573132,0.9961403183612914,1.0,1.0,0.9993619774232367,3.4252830950097837e-09
1400,-124.94664497290063,-134.43051735028467,-124.94955945866815,-134.43051629570493,-124.9495551763336,-124.94941371345587,-134.41925491330204,-134.43051382839226,-132.06308727297755,-134.43051620256296,-134.4305127804381,0.00872174288681388,0.998543818379083,0.008721747485701767,1.0,1.0,0.9985459564307155,1.0,0.9986165875208792,1.0,1.0,1.0,0.008770995472517857,0.008783786260632651,0.9943863581591517,1.0,1.0,1.0,1.0,0.028530943372449935
1401,-114.55188024695428,-140.84454319159175,-114.55173102869637,-139.7929218580436,-114.55187006452158,-114.55187082577336,-139.61587641429418,-141.0624515643757,-141.03115470736498,-140.84453715941677,-141.0624514656219,1.9526337174678933e-06,1.0,3.3035239172013224e-06,1.0,1.0,1.0,1.0,1.0,1.0,0.9999301039043473,1.0,3.609295042878446e-06,3.609025766564501e-06,0.48515464895762916,0.4928062685679452,1.0,0.8967715008951742,0.9999304845037073,1.778674166603655e-06
1402,-16.827969611104976,-146.07832122118833,-16.827970042887443,-146.2214722359855,-16.827970716207147,-16.82797028611853,-146.1290638547274,-145.8040989835921,-144.46054846034832,-144.48026888447245,-144.51917840735382,8.583072003514419e-29,0.9999997841087895,7.990204743248231e-29,0.9309259831417642,1.0,0.9999994474490669,1.0,0.9999996624932806,1.0,0.9999998783844649,1.0,8.36804742739394e-29,8.36804923398226e-29,1.0,1.0,1.0,1.0,0.9999996633402046,1.9272492587903134e-28
1403,-136.13062154015316,-136.11618870813345,-136.13062107810734,-136.11609443326984,-136.12943143165427,-136.13061964904807,-133.09529855125913,-136.12945133136003,-136.02776929003034,-136.1304011297115,-136.12945089801073,1.0,1.0,1.0,1.0,1.0,1.0,0.9934005111525893,1.0,0.99281049855257,1.0,0.9927637011183615,1.0,1.0,0.21935225083197304,0.23079270105678157,1.0,0.9933906270128242,1.0,1.0
1404,-78.87527076136493,-139.8585753239742,-78.87496131940836,-139.85857911229948,-78.87517878892785,-78.87526335236885,-139.861841593157,-139.8585758281966,-139.85857958257407,-139.85857910357487,-139.8585795498762,5.723262561152696e-14,1.0,5.723251720372867e-14,0.9999981058391574,1.0,1.0,1.0,1.0,1.0,0.9998489949221693,1.0,5.713923331273833e-14,5.713039335854242e-14,1.0,1.0,0.999998122813025,0.9999997478888394,0.9998912711516607,5.72298719003211e-14
1405,-128.87212165913772,-143.37191124669425,-128.87206681058044,-143.37193903971126,-128.87201218658427,-128.87211905181346,-143.44393198234124,-143.3719330431161,-143.37193611792782,-143.3719342235978,-143.37193873390243,0.0007102491075371372,1.0,0.0007102392376229521,0.9999861035880503,1.0,1.0,1.0,1.0,1.0,0.9999738797246297,1.0,0.0006851278042197826,0.0006851090153416114,1.0,1.0,0.999998462595317,0.9999891018484685,1.0,0.0007102014003620322
1406,-2.693631323600414,-146.17384626906053,-2.6938670316873186,-146.1738462805426,-2.6938621410121755,-2.693863668414707,-146.3037065647731,-146.17390063262667,-146.17390033514914,-146.1738453713595,-146.17390035511468,6.976975427902559e-32,0.9998821529010626,6.976975387847511e-32,0.999999994258971,1.0,0.9998845979534478,1.0,0.9998838343406062,1.0,1.0,1.0,6.538353368319231e-32,6.539123985110478e-32,1.0,1.0,1.0,0.9999728185863533,1.0,6.977592049968611e-32
1407,-140.00688907453386,-140.22187752660943,-140.0068859406551,-140.2218746313921,-140.0068797293841,-140.00555677615998,-138.93083551644787,-140.22186004157635,-140.31650957674353,-140.22186617881675,-140.2218544745817,0.8980817079256782,1.0,0.8980830079974839,1.0,1.0,1.0,1.0,1.0,1.0,1.0,1.0,1.0,1.0,0.5243938459547788,0.5001550992568644,0.9537775912419754,1.0,1.0,0.8565736943217078
1408,-84.87982472234555,-138.42878213470217,-84.87982401224977,-138.42878171569635,-84.87982344525426,-84.87968632829472,-138.6670948465234,-138.4287809765097,-138.42877998555534,-138.59134976251104,-138.42878056106028,2.355003961777095e-12,1.0,2.355004455157341e-12,1.0,1.0,1.0,1.0,1.0,1.0,1.0,1.0,2.090464006133412e-12,2.090463263918714e-12,1.0,1.0,1.0,1.0,1.0,2.3550049886244547e-12
1409,-83.58656699617569,-144.33028149905127,-83.72492042581484,-144.48748230690833,-83.72492102002525,-83.72546684466124,-144.48743730003685,-144.3301838806149,-144.82726238934012,-144.33056360464343,-144.48750630959478,6.451637989829155e-14,0.9331617619944899,5.963953777078757e-14,0.9244092409525722,1.0,0.9331614847473166,1.0,0.9329068482317509,1.0,0.999726827895097,1.0,5.964087988039457e-14,6.391269157120336e-14,1.0,0.8437386028232733,0.779939244216311,1.0,0.9999997028948415,5.392562111054215e-14
1410,-134.3850181710314,-135.97477710612208,-134.38521888824164,-135.9747708064637,-134.38521744488804,-134.38519395794944,-135.74201866490864,-135.974777112632,-135.89240740403557,-135.97476926924742,-135.97477081566853,0.45163566839774894,0.9998996464306323,0.451637090975198,1.0,1.0,0.9999003680352682,1.0,0.9999121104034921,1.0,1.0,1.0,0.5073773627922491,0.5074282850318502,0.890137597866415,0.92756317875583,1.0,0.9999999967450321,1.0,0.47067145338197236
1411,-142.83959878725892,-145.50209706838658,-143.02849248025478,-145.74043710171514,-143.02849271143435,-143.02850398395847,-146.40973167855964,-145.50312720430622,-145.74105116194778,-145.74156630541182,-145.74158538623618,0.2641470982774673,0.9098760964416934,0.23447198686531734,0.8876568714717494,1.0,0.9098759912693174,1.0,0.9098708629842409,1.0,0.9999942481646973,1.0,0.1677859119857454,0.18440523126381247,1.0,1.0,0.8878415569031778,0.9994850646649059,0.9999998844102218,0.25761753272259735
1412,-40.44035291259988,-140.95832611862963,-40.824665480253145,-141.10785820809707,-40.82471623965216,-40.82470750400438,-141.11088990340323,-140.95829387890572,-141.1080633658029,-141.13567131989896,-141.13554826621117,1.488673481953498e-22,0.8251778964545115,1.3814302812383072e-22,0.9279605621949664,1.0,0.8251569539532169,1.0,0.8251605581013454,1.0,0.9999789883451307,1.0,1.3793378297081365e-22,1.6715641992286065e-22,1.0,1.0,0.9278504210057207,1.0,0.9999746206225536,1.6739707232119263e-22
1413,-130.1975298401938,-140.5991957406977,-131.910139237866,-142.30318718992538,-131.91010147717088,-131.90958748697375,-143.21188610430232,-140.59309856955534,-142.29460961913168,-142.2976264861046,-142.30317884771554,0.005511971310218454,0.4247286864073172,0.002351201805707653,0.4265627800617977,1.0,0.4247367055082344,1.0,0.42484587478711533,1.0,1.0,1.0,0.0014926859481925875,0.003514445800256336,1.0,1.0,0.42709213133009527,1.0,1.0,0.005559461260652639
1414,-126.26719302958801,-152.33722464053756,-126.26717117563044,-152.29036422265642,-126.26717176951018,-126.26719010815566,-151.98814888778404,-152.33919432915582,-152.29436936416863,-152.29177303051745,-152.29033574862854,2.1825518213667938e-06,1.0,2.234293255835433e-06,1.0,1.0,1.0,1.0,1.0,1.0,0.9999905337821938,1.0,2.598755375977781e-06,2.598726979588052e-06,0.8390183338848787,0.8580351283561058,1.0,0.9990156404908627,0.9999997030601705,2.229799699609651e-06
1415,-135.83506426365204,-138.82967232088737,-135.83505421841573,-138.82966314462163,-135.83505816854947,-135.83505280838682,-137.716420897317,-136.85623992307146,-138.43578304793934,-138.82966529074065,-138.82966793088315,0.22373252428812254,1.0,0.22373355080502566,1.0,1.0,1.0,1.0,1.0,1.0,1.0,1.0,0.39036295576886243,0.39036099512971795,1.0,0.6978988677613589,0.4539484823253157,1.0,0.9999980249350848,0.2724330345921558
1416,-130.1592129686888,-130.1492861408984,-131.06166476513778,-131.06147347415197,-131.06166905405925,-131.06164700523163,-130.63405350089613,-130.1423667521894,-131.04238074873737,-131.06147290470653,-131.04977289828315,1.0,0.6368469633293163,0.6369078777840793,0.6337544726746944,1.0,0.6368455976374723,0.6336925008843496,0.6368526185255732,0.6336994870112156,1.0,0.9999132382241868,0.7886597713906457,1.0,1.0,0.815328952952505,0.6376236893408775,1.0,0.9999978555415624,1.0
1417,-134.9054785779036,-134.8978317747414,-134.9056597416271,-134.90552334154052,-134.90567256433016,-134.90573964918946,-135.43055040220747,-134.9055948330765,-134.89009799752165,-134.9055185359472,-134.90348896634936,1.0,0.9999094222406718,0.9999776184320173,0.9961616021546423,1.0,0.9999030114904135,0.9960872799207142,0.9998694728764821,0.9960538692935441,0.9999600470169586,0.9998918520239435,0.7690987438816765,0.7691684134331114,1.0,1.0,1.0,0.9961259942295531,0.9999935886690177,1.0
1418,-144.7104796494073,-153.6401391306443,-144.70621678273577,-153.64190170990327,-144.71048696898276,-144.71048166607824,-154.96080153906883,-153.64226582387283,-153.6411284357871,-153.64357283895322,-153.6423255376862,0.01150665470913499,1.0,0.011496518480802208,0.9991190985921621,1.0,0.9999963402189601,1.0,0.9999989916650346,1.0,0.9978698303672211,1.0,0.005945260420534961,0.005932601989378197,1.0,1.0,1.0,0.998937218538402,0.9978671845665087,0.011501006411458821
1419,-126.47097147896133,-135.76059252456864,-128.25209882762218,-135.76059255922917,-128.25209459530146,-128.25209593333915,-135.7615122392512,-135.76056029190033,-134.36273303844462,-135.76059256951922,-135.76056001256026,0.009611350618917458,0.4104243418721921,0.009611350452350207,0.9999999826697349,1.0,0.4104252103968342,1.0,0.4104249358147254,1.0,1.0,1.0,0.009606931784870206,0.023407314831881604,1.0,1.0,1.0,1.0,1.0,0.04710768058205049
1420,-82.92008435793144,-130.48588321773852,-82.92006657505863,-130.35813483384425,-82.9200648305802,-82.92007661362231,-131.14486430799923,-129.70380088886859,-129.70741513191092,-129.70371249788755,-131.20621054325645,4.6904878349558875e-11,1.0,4.999864364559739e-11,1.0,1.0,1.0,1.0,1.0,1.0,0.9999949807307531,1.0,3.373821397910339e-11,3.373791399925286e-11,1.0,1.0,0.9981945103397901,1.0,1.0,6.92238852238477e-11
1421,-129.87394433362252,-144.7474283969714,-131.49652204735952,-146.4815883888719,-131.49652917147134,-131.49531086595852,-145.97655917055516,-144.74743361802047,-146.39106717103516,-146.4815852039247,-146.4815847209766,0.000589201674332819,0.44428507717853294,0.00024756880177310856,0.42017667728701313,1.0,0.44428349461306726,1.0,0.44455421357466807,1.0,1.0,1.0,0.0003186849953436214,0.000717298445780478,1.0,0.8128131690255674,0.43963221504430816,0.9999973894788748,0.9999964379504352,0.0005830316996397562
1422,-78.48462436655942,-133.71250895592658,-78.4845423171086,-133.71250895680896,-78.48461378969648,-78.48461546235043,-134.14340566800075,-134.191593754571,-134.19159282667087,-133.6979604433102,-134.19159128029838,1.0172254981455957e-12,1.0,1.0172254976968052e-12,0.9999999995588098,1.0,1.0,1.0,1.0,1.0,0.9999634280478562,1.0,8.2006675394099e-13,8.200331116176834e-13,0.9761939009596186,0.9761943538649414,1.0,0.7869879048808148,0.9999642643445955,8.005403013758266e-13
1423,-124.03050306082918,-145.22613740185236,-124.03049842303872,-145.2261387792022,-124.03049459935161,-124.03049883873368,-144.75729697328217,-145.22613610747868,-145.22613029267507,-145.2261293499172,-145.22613575721488,2.4970456534703684e-05,1.0,2.4970439338182523e-05,0.9999993113253209,1.0,1.0,1.0,1.0,1.0,0.9999997921525438,1.0,3.1567042003315476e-05,3.156696880273733e-05,0.7910298561593784,0.7910321560043552,1.0,1.0,1.0,2.4970439650931773e-05
1424,-64.93831162032254,-161.70217067119802,-64.9381552097314,-161.70217138731493,-64.93827383091917,-64.93830986912752,-161.85618304517038,-161.70209868941157,-161.70210056852247,-161.70217232804694,-161.70209939505847,9.727359872040085e-22,1.0,9.727356389077237e-22,0.9999996419416065,1.0,1.0,1.0,1.0,1.0,0.9999226732918057,1.0,9.006408085206152e-22,9.005703763941056e-22,1.0,1.0,0.9999990604449929,1.0,0.9999406911649552,9.727517034723268e-22
1425,-113.57529966684484,-127.24052137828141,-114.65170260577258,-128.91564845973693,-113.57533304412704,-113.57506335713288,-127.23433119611266,-127.24052072448404,-127.24051775297895,-127.24051840486607,-128.91564794759756,0.0010780398336735924,0.5837972859774679,0.0004665364543084572,0.4327636509670145,1.0,0.999983311498158,1.0,1.0,1.0,1.0,1.0,0.001081381634071951,0.0018523238460442033,0.9969100196607614,0.9969115008234641,1.0,1.0,1.0,0.0010780597789882065
1426,-99.91924435702498,-129.63320071214034,-100.50859690637014,-130.2635314214626,-100.50859773473763,-99.91924851718778,-130.2634537127472,-129.63331604235515,-130.2628641448814,-130.26353188717175,-130.26353157003578,3.5293632541031154e-07,0.744772650214788,2.575264168955911e-07,0.729668210253507,1.0,0.7447723417421264,1.0,0.999997919920762,1.0,1.0,1.0,2.5753642311350126e-07,3.457919984564812e-07,1.0,1.0,0.729953787773678,0.9999423365551948,0.9999995858163407,3.458940906711499e-07
1427,-149.2294277618277,-155.0820929240548,-149.2294149214835,-155.0406402908416,-149.22940993574042,-149.2302805169941,-155.08239871597448,-155.0820930104834,-151.64565850646377,-155.04068302116042,-155.16699466234203,0.053593226984805266,1.0,0.05471560841255859,1.0,1.0,1.0,1.0,0.9995737133028082,1.0,0.9995672958881437,1.0,0.053585033423321514,0.053584689399289356,1.0,1.0,1.0,0.9999999567857012,1.0,0.2987571373347098
1428,-129.88371520040351,-137.7819371291041,-131.69932518225735,-140.1827707870479,-130.33733377505504,-129.88371067759755,-138.39906863031706,-137.7819368399703,-138.6390841746383,-138.39904088313716,-140.1827893051466,0.019271827503252962,0.4034087387613131,0.005802143891156407,0.30106869160057825,1.0,0.7970727796771375,1.0,1.0,1.0,1.0,1.0,0.014155150687309615,0.03508885486906831,1.0,0.8869135434558547,0.6514375991153135,1.0,1.0,0.01575062550664274
1429,-101.16393751941413,-144.60832796536062,-101.16392417513268,-144.6083283675535,-101.16375876021814,-101.16393413466437,-144.60713159093086,-144.60831437160635,-144.60831413316924,-144.60832838912893,-144.6083142434626,3.682735089511976e-10,1.0,3.682734348927129e-10,0.9999997989035794,1.0,1.0,1.0,1.0,1.0,0.9999950202465513,1.0,3.6849387135824614e-10,3.684914127234816e-10,0.9994087844990523,0.9994089036471306,1.0,1.0,1.0,3.6824314107997935e-10
1430,-91.26768788414205,-139.02397076583077,-91.26768118638557,-139.02396812028516,-91.26767618944709,-91.26768288752567,-138.91757258397948,-139.0239707463191,-138.63502544869812,-138.89059061457365,-139.0239681001684,4.264370537344957e-11,1.0,4.2643761781420503e-11,1.0,1.0,1.0,1.0,1.0,1.0,0.9999991494303153,1.0,4.4973740095788705e-11,4.4973589484461466e-11,0.9481912266724641,1.0,1.0,1.0,1.0,5.179773830792402e-11
1431,-54.26181454300212,-135.54699555539133,-54.26094697841586,-135.54699565319618,-54.26181401185525,-54.26181417254742,-135.31399112698048,-135.5465341868748,-135.54684729263565,-135.54690593395847,-135.5469888427809,2.2343294656844547e-18,1.0,2.2343293564203407e-18,0.9999999510975796,1.0,1.0,1.0,1.0,1.0,0.9995664969238435,1.0,2.5104032105702095e-18,2.5093144782623142e-18,0.8902334654308829,0.8900941077263275,0.9998434593733363,1.0,0.9995665772351,2.234494512323336e-18
1432,-144.3024087156897,-144.35854100336144,-144.30301350140095,-145.85222811202198,-144.30300882483522,-144.30292687976507,-145.62570609120792,-145.8522324979429,-145.81599683305205,-145.85207239329935,-145.85222802593918,0.9723240514317654,0.9996976528604811,0.4607453852736988,0.4738599077079729,1.0,0.9996999904391096,1.0,0.9997409515211663,1.0,1.0,1.0,0.5159999100826027,0.516155968363183,0.8929156107888366,0.9092407476945329,1.0,0.47385886855306836,1.0,0.4693089412231958
1433,-150.56627009334707,-150.56659945778293,-150.5662560583981,-150.5665927338056,-150.56612737346973,-150.56598246707213,-149.45986553390406,-150.56125744004711,-150.52300916190524,-150.5627994652911,-150.56116509521058,0.9998353313414439,1.0,0.9998386927821411,1.0,1.0,1.0,1.0,1.0,1.0,1.0,1.0,1.0,1.0,0.5765484200784448,0.587680518868892,1.0,1.0,1.0,1.0
1434,-141.85895657579331,-142.43027128940685,-141.8589516551499,-142.43013417915785,-141.8589424000874,-141.858931889224,-146.921399730433,-142.43038397155902,-142.27315594099997,-142.43022692709962,-142.43037696709365,0.7515200750743614,1.0,0.7515715973927115,1.0,1.0,1.0,1.0,1.0,1.0,1.0,1.0,0.07956177004483396,0.07956157429752467,1.0,1.0,1.0,0.9999436605110397,1.0,0.8129328481425862
1435,-70.79524143533592,-118.00500404804004,-70.79520404777651,-118.00500156039527,-70.79523510822617,-70.79523575601877,-120.37472084292585,-118.00487476586437,-118.00486420502739,-118.00499343980766,-118.00487332664065,5.60441520513617e-11,1.0,5.604422176037575e-11,1.0,1.0,1.0,1.0,1.0,1.0,0.9999841460045453,1.0,1.713771194497435e-11,1.7137391579356973e-11,1.0,1.0,1.0,1.0,0.9999844698957645,5.6047893569029746e-11
1436,-127.42916689192754,-141.18023151547038,-127.42915622702247,-141.0129860790727,-127.4284823262202,-127.42793506637312,-141.48719708267953,-141.01008497312858,-141.0119809370264,-141.18022437598526,-141.17538063393573,0.00103274774852068,1.0,0.0011228225908554324,1.0,1.0,1.0,1.0,1.0,1.0,1.0,1.0,0.0008858037833477334,0.000885799059853701,1.0,1.0,0.9990524672440227,1.0,1.0,0.0011230025804578906
1437,-53.83658043275349,-131.89855945264327,-53.835957338379785,-131.8985562430318,-53.83657455630487,-53.83614460521687,-134.91069193546986,-131.89855770344045,-131.89855204049059,-131.89855396796943,-131.89855581045026,1.1195838692493777e-17,1.0,1.11958566596543e-17,1.0,1.0,1.0,1.0,1.0,1.0,0.9999063709649277,1.0,2.4830208970373157e-18,2.4822474393524758e-18,1.0,1.0,1.0,1.0,0.9996914386523064,1.119584728924453e-17
1438,-130.45656752302764,-130.44888975383554,-130.74534598210488,-130.7452453443733,-130.7454030476317,-130.86468966776437,-129.94509036953633,-130.44377297012156,-130.72767082803324,-130.7452586583792,-130.7452095362699,1.0,0.8655507845528624,0.8655943391824242,0.8622777924004901,1.0,0.8655260883494356,0.8622098030723082,0.8154125704897135,0.8122882964340852,0.9420736310821439,0.942026228198178,1.0,1.0,0.7793139479115371,0.6761838792189471,0.8676655679409235,1.0,0.9999714676436465,1.0
1439,-133.75935896844726,-133.76843036052236,-133.75576577973746,-133.7681124275358,-133.7581834988726,-133.75928298588624,-134.99573308666388,-133.77537874230075,-133.8608207531642,-133.76838026665507,-133.77209823585886,0.9954745746975442,1.0,0.9956328343784869,1.0,1.0,1.0,1.0,1.0,1.0,0.9982429423619247,1.0,0.5389205836432293,0.5379532311950879,1.0,1.0,0.9581786794261493,0.9965318371291249,0.9987918708088207,0.9499759341844873
1440,-51.23684245521525,-110.44060076772763,-51.2368398324933,-111.05338879252577,-51.236608134228504,-51.236840226336994,-110.54802691373982,-110.44054688452377,-110.44054877434971,-110.44060270032699,-110.44054781315646,1.3933724793015663e-13,1.0,1.0256566486144201e-13,0.7360965311504746,1.0,1.0,1.0,1.0,1.0,0.9999998030781735,1.0,1.32050465728661e-13,1.320502925629471e-13,1.0,1.0,0.9999990550874772,1.0,1.0,1.3932454599552627e-13
1441,-153.5033527254474,-153.47939591022208,-153.5282780918791,-153.5279775597006,-153.53358535391783,-153.64516844002463,-153.22014383352814,-153.47773792741356,-153.91367886780773,-153.50916298911932,-153.527959785081,1.0,0.9876146544091301,0.9877630705516114,0.9760018230035786,1.0,0.9849973637247389,0.9732690473153627,0.9315477235061899,0.9204558294016206,0.9432299524388043,0.9430882276110724,1.0,1.0,0.8791523741028394,0.706969667484357,0.8041491876829747,1.0,0.9973498867471169,0.826920468764599
1442,-99.02172426280038,-139.72688440289681,-99.02173545220944,-139.72681796257933,-99.02173045665972,-99.02173462407418,-135.54881363048122,-139.7274013351744,-139.72738216558312,-139.72687204466072,-139.72500995130784,1.4487277636348493e-09,0.9999944053111178,1.448775891400534e-09,1.0,1.0,0.999996903075121,1.0,0.9999948193765151,1.0,1.0,1.0,1.1701548144652916e-08,1.17016136115405e-08,0.12377450804338536,0.12377569440243519,1.0,0.9997415672607063,1.0,1.4483717326863947e-09
1443,-135.19156170165985,-145.1788471091021,-135.19153520101227,-145.62217420404752,-135.19155465310106,-135.19155784310075,-145.13073810875733,-145.17883590126425,-144.1266165646853,-145.17884493244594,-145.17883421678016,0.006780918571252598,1.0,0.005432769429562074,0.8011848796701461,1.0,1.0,1.0,1.0,1.0,0.999988679019842,1.0,0.006946007787244957,0.006945915751002489,0.9762379742114485,1.0,1.0,1.0,0.9999902740029013,0.011475614700581937
1444,-152.19240022809237,-152.19890743114388,-152.19238749271307,-153.75620435449275,-152.31663852448958,-153.7564166854192,-152.43180074188433,-152.19185540187092,-153.7038971570319,-153.756204350123,-153.75586032212223,0.9967516856999583,1.0,0.45753492279569397,0.45902598346186385,1.0,0.9397709081093901,0.942833527740107,0.45748635096704593,0.4589772533424722,0.4574834378452186,0.999893840172131,0.8871863248489525,0.8871806755397605,1.0,0.5293802969538299,0.4695310362684717,1.0,0.9397649239589576,0.4997589902487669
1445,-58.97347080365034,-117.78564461390727,-58.973464225867474,-117.78564800396194,-58.97334633092632,-58.9733334607605,-117.69911749838852,-117.78564450075214,-117.45723278465726,-117.78564799671926,-117.78564798110676,1.6947229968570206e-13,1.0,1.694720124257647e-13,0.9999983049741002,1.0,1.0,1.0,1.0,1.0,1.0,1.0,1.7696519017269314e-13,1.7696460815435255e-13,0.9576590125360258,1.0,1.0,1.0,1.0,1.9970338047501326e-13
1446,-149.8637442411268,-150.8039323157533,-149.86298771987578,-150.80445948475926,-149.86373812599354,-149.86374260781326,-149.80720402704023,-150.80442292882867,-150.75328867762346,-149.91335034721442,-150.80450861337656,0.6249434975119852,1.0,0.6247787937984244,0.9997364502323546,1.0,1.0,1.0,1.0,1.0,0.9996226272542689,1.0,1.0,1.0,0.6073746570529994,0.6231036975738201,1.0,0.9997547235474961,0.9996248673209852,0.6409683009278354
1447,-116.52480114105708,-141.03934802061443,-116.52479883786256,-141.0393456977817,-116.52469366371395,-116.52479625744039,-141.02611135244393,-141.03933935386,-138.8513010635705,-141.03934556318399,-141.0393371199968,4.750439395982278e-06,1.0,4.750444913223535e-06,1.0,1.0,1.0,1.0,1.0,1.0,1.0,1.0,4.781983661056325e-06,4.781978154140215e-06,0.9934078236527027,1.0,1.0,1.0,1.0,1.4185309091328459e-05
1448,-102.62314589280845,-134.21383445552755,-102.6229691510108,-134.21381274060798,-102.62255596187501,-102.62313982114318,-133.92331880285562,-134.21110282698118,-134.21108324951317,-134.2138127341224,-134.21108305674966,1.3809219690365886e-07,1.0,1.3809369624227255e-07,1.0,1.0,1.0,1.0,1.0,1.0,0.9999146685747448,1.0,1.5968120867992727e-07,1.596670981314812e-07,0.8659812585398944,0.8659897354415763,1.0,1.0,1.0,1.3824150517521033e-07
1449,-124.40022495846995,-141.0641473279356,-124.56578305950384,-141.26603386644092,-124.56589021368052,-124.56601319801024,-140.9644366469521,-141.06413537507441,-141.16744521729038,-141.44298855163686,-141.4429769801006,0.0002406995254465605,0.9205545207971458,0.00021758859566460608,0.9039843151369849,1.0,0.92050520148747,1.0,0.9204485993701763,1.0,0.9998849373670147,1.0,0.0002530038519532302,0.00027483853073052513,0.9513727246309298,0.9034773077808459,0.9496565167256983,1.0,0.9999464243468892,0.00024832367992219277
1450,-129.97553558888768,-137.69800192649762,-129.97549922467027,-137.69800300869335,-129.97549390432783,-129.97537872791588,-137.60137914405746,-137.6979993545965,-136.7775352999552,-137.69800379085015,-137.69800041764273,0.021042035135773008,1.0,0.02104202374997587,0.9999994589022848,1.0,1.0,1.0,1.0,1.0,1.0,1.0,0.022083561349322295,0.022083159827259533,0.9528382610920236,1.0,1.0,1.0,1.0,0.03333922331526626
1451,-129.98549014203135,-143.9597369958391,-130.05968847745177,-143.95850347994164,-129.98577149830223,-129.98553081129575,-143.39706476856747,-144.13484839006512,-143.63768471014072,-143.9583546740441,-143.95924751993968,0.0009236998036785148,0.9635805745316792,0.000924269678594055,1.0,1.0,0.9998593317592673,1.0,0.9999796655745505,1.0,1.0,1.0,0.0012238088036422852,0.0012700637974536614,0.6915002192943949,0.8866455598958107,1.0,0.9161678423259533,1.0,0.0010852373003326522
1452,-67.36622678008177,-124.37462483565258,-68.59467567266577,-125.10863263557843,-68.59468730993768,-67.36623156024842,-125.10844168229735,-124.37461490321226,-125.10464828083758,-125.10864609157719,-125.10865417090332,4.1762227143441e-13,0.5410603539957157,2.8933160925035696e-13,0.6928069431177313,1.0,0.5410572057716452,1.0,0.9999976099195321,1.0,1.0,1.0,2.893592349791945e-13,5.34800291395007e-13,1.0,1.0,0.6941850656567958,1.0,0.999994181380973,5.358187277965405e-13
1453,-136.4593304222517,-137.7222433919369,-136.47962907494792,-137.72054232033406,-136.45907779660234,-136.45932920880657,-135.27238536056961,-137.7202121748525,-137.64505975393695,-137.72071978161785,-137.7197535452611,0.5318166537535793,0.9899020042607377,0.5322691752729841,1.0,1.0,1.0,1.0,1.0,1.0,1.0,1.0,1.0,1.0,0.2940770688231946,0.30533760995124437,1.0,1.0,1.0,0.5526717806739985
1454,-47.283211325591935,-135.00313977777225,-47.307469978838014,-135.0031509346345,-47.28340520966111,-47.28318643216073,-135.096410288572,-135.0031365631773,-135.003150271897,-135.00315906426346,-135.0031492902054,8.950752740113618e-20,0.9879439371465641,8.950702809095156e-20,0.9999944215844309,1.0,0.999903062664139,1.0,1.0,1.0,1.0,1.0,8.542915802498325e-20,8.647166586367699e-20,1.0,1.0,0.9999931456636381,1.0,1.0,8.951573516767346e-20
1455,-105.19826467125253,-130.76748779299604,-105.25779782854227,-130.80490147821536,-105.19828063069033,-105.19823892429523,-130.50208308671466,-130.7674856264314,-130.7674882418932,-130.76749040608794,-130.7674869607344,2.8035851169844877e-06,0.9706720826997076,2.751626398462866e-06,0.9814670443901099,1.0,0.9999920203129362,1.0,1.0,1.0,1.0,1.0,3.201442054195549e-06,3.2981705266432077e-06,0.8757266589867364,0.8757255137726752,0.9999986922699573,1.0,1.0,2.803606859629239e-06
1456,-71.77042140738882,-141.09035785780114,-71.77041320977148,-141.09007391386908,-71.77040955364112,-71.7704177507928,-140.72033825494373,-141.09030737620054,-141.09031759751247,-141.09030754930947,-141.09021348694665,8.858640077380862e-16,1.0,8.859897845210799e-16,1.0,1.0,1.0,1.0,1.0,1.0,0.9999977294919146,1.0,1.0658983568314417e-15,1.0658939879269671e-15,0.8311171156790533,0.8311128681362645,0.9999948893570969,1.0,1.0,8.858765899935543e-16
1457,-96.4741356854463,-134.23826584314585,-96.47423301013328,-134.2382645190103,-96.47422374734487,-96.47061770606527,-134.22659905975902,-134.23825215163782,-134.23825173171605,-134.23826542271667,-134.2382518067262,6.304103421379149e-09,0.9999513388405046,6.30410759512427e-09,1.0,1.0,0.999955970020065,1.0,1.0,1.0,1.0,1.0,6.3409851942398084e-09,6.341293768947311e-09,0.9941903954601419,0.9941906042012618,1.0,1.0,1.0,6.304425485220155e-09
1458,-117.40814664688105,-135.53849535384353,-117.40814679529899,-135.7559451477033,-117.4067744967526,-117.40814689656821,-135.47558760199632,-135.5384640597069,-134.39026160064032,-135.53849647724087,-135.55388935163023,0.0001156231510149916,0.9999999257910331,0.00010371132386157021,0.896977144725307,1.0,1.0,1.0,0.999999875156427,1.0,0.9999999493653902,1.0,0.00011931774735035812,0.00011931775620480558,0.9690508139830452,1.0,1.0,1.0,1.0,0.00020515524926733211
1459,-153.33521850362706,-153.34490359837773,-153.33522959275675,-153.34447668927118,-153.33522670067848,-153.33522770920945,-151.8862129994289,-153.37056837566746,-153.31895287872854,-153.34351399986812,-153.3673286038324,0.9951691588535962,0.9999944554505282,0.9953816049148158,1.0,1.0,0.9999959014826917,1.0,0.9999953972193993,1.0,1.0,1.0,1.0,1.0,0.4760760407096438,0.48852240695834515,1.0,0.9872495953959203,1.0,1.0
1460,4.373712542936289,-142.17700328669653,4.290246995886321,-142.1779293887418,4.373698361133847,4.373701578326347,-144.36852162478627,-142.176516582016,-142.16675690713095,-142.1777237195328,-142.1717278823051,1.502852638408488e-32,0.9591260502034362,1.5021569020505525e-32,0.9995370561689442,1.0,0.9999929091239195,1.0,0.9999945177100569,1.0,1.0,1.0,5.023821931376095e-33,5.237916257524692e-33,1.0,1.0,1.0,1.0,1.0,1.5105825055101536e-32
1461,-69.24888928281513,-151.1876432166167,-70.33813073543033,-154.0883946328673,-70.3381098922332,-70.33810022051478,-152.04234324469746,-151.18762957098778,-154.0846956117378,-154.08839513880505,-154.08839443860924,1.6114827324166793e-18,0.5800617437839902,3.7786397556294313e-19,0.2344821746841037,1.0,0.5800677889861243,1.0,0.5800705941190698,1.0,1.0,1.0,1.0510657957701609e-18,1.8119895115192537e-18,1.0,0.36017106367413304,0.23491465045158416,1.0,1.0,6.526193883575459e-19
1462,-123.45461866052457,-139.85212968122605,-125.02197748959105,-142.09597720052682,-125.02197329740886,-125.20134529794336,-140.09779046017894,-139.85287316286474,-142.0561581021774,-142.09597775792616,-142.09597558893321,0.0002749955862708361,0.4567224447341136,8.95530590315706e-05,0.3256527140889162,1.0,0.45672340206696604,1.0,0.4175448485810993,1.0,0.9142201207654197,1.0,0.00024320985175609923,0.0005325112758530768,1.0,0.37561754492945526,0.33232480179217316,0.9996283282677106,1.0,0.0002000201588222716
1463,-134.23176308107526,-136.09603953319242,-134.23176243161618,-134.28725171362206,-134.2317597813265,-134.23176035130575,-133.14463098101322,-136.09607157495915,-135.6513785339914,-134.2873817363752,-136.0954659481842,0.3937109666559466,1.0,0.9726370224698236,1.0,1.0,1.0,1.0,1.0,1.0,1.0,1.0,1.0,1.0,0.22861399775477953,0.2855398224318603,1.0,0.9999839792449688,1.0,0.491737925414117
1464,-135.93105443761385,-155.27826375873863,-135.93094394136597,-155.27826666218849,-135.93102634122897,-135.93098921547494,-155.3524900165899,-155.2782669544236,-155.27827102668618,-155.27826784367633,-155.27827004595298,6.292263131982636e-05,1.0,6.292253997354033e-05,0.9999985482761268,1.0,1.0,1.0,1.0,1.0,0.999977363201731,1.0,6.0630178761307196e-05,6.062682915020706e-05,1.0,1.0,0.9999979638707809,0.9999984021587924,0.9999588009172036,6.292151872123724e-05
1465,-53.169699238414324,-123.93713676054236,-53.57290259986095,-124.16572675226757,-53.57289899584924,-53.572878636308644,-123.75697766245557,-122.63565362129387,-124.0609377794342,-123.97827490902426,-124.00431371632317,4.295821159670929e-16,0.8174204574309494,3.831850060105424e-16,0.8919947822965123,1.0,0.8174219304287267,1.0,0.8174302516385702,1.0,1.0,1.0,4.700750965678277e-16,5.750713629619884e-16,1.0,0.8590054104358977,0.49034694908790233,1.0,1.0,4.939885220000836e-16
1466,-132.65036992914958,-140.4761241443888,-133.70381601324164,-141.87792214480814,-133.7038172659859,-133.5648143313521,-140.48199753721912,-140.47612496275923,-141.87707188046207,-141.87723093913235,-141.87758285547687,0.019982925248999892,0.590536967223963,0.009914310031038607,0.4961390741095226,1.0,0.5905365973281823,1.0,0.6330396623238548,1.0,1.0,1.0,0.019924327547999048,0.03373934004785628,1.0,0.49780981543201186,0.496350246733158,0.9999995908148647,0.9999993736280687,0.016795785162429622
1467,-79.51847033854204,-128.64383124058978,-79.51897967954031,-128.6805882035622,-79.518974672544,-79.51897510910624,-128.64383066313138,-128.6805889937479,-121.47495145179363,-128.6805883184761,-128.68058877168224,2.1506187080138758e-11,0.9997453619266471,2.1114545927495085e-11,0.9817893729286201,1.0,0.9997478647904461,1.0,0.9997476465643903,1.0,1.0,1.0,2.1506193289603844e-11,2.1511670980056805e-11,0.9817887015596266,1.0,1.0,0.981788985030731,1.0,7.751315262960429e-10
1468,22.861147824033537,-126.96836321821795,21.036639541282852,-126.17509325171974,21.037035752071745,21.03672507277156,-126.15929760478579,-126.96823184705343,-126.17451016489568,-125.63113506158044,-126.175093224454,2.9169908312772165e-33,0.4016178994013552,4.3370202368085964e-33,1.0,1.0,0.4016974699551506,1.0,0.40163507525703546,1.0,1.0,1.0,4.3714088759613904e-33,1.08844971364009e-32,0.6673323234193658,0.9924225744882661,1.0,1.0,1.0,1.0799880943504198e-32
1469,-105.86724080700293,-129.00666967739224,-105.86727028272131,-129.00652100974048,-105.86478026894105,-105.86727355739154,-128.965994102824,-128.9802046228007,-128.96325380391264,-129.00666920139182,-128.9801494254026,9.447934278755407e-06,0.9999852622494126,9.448636605960015e-06,1.0,1.0,1.0,1.0,0.9999836249397664,1.0,0.9999983626662232,1.0,9.64205162408413e-06,9.642193728330409e-06,0.9929199226929367,1.0,1.0,1.0,1.0,9.643400452695828e-06
1470,16.1045377424729,-138.90053131905609,15.834882865594267,-140.32949172577304,15.834896143782686,16.10447412275721,-140.45961617538427,-138.90022571465488,-138.90047781748208,-138.90061204296984,-140.32924270968783,2.1931933469056557e-34,0.8738666944786321,1.0734507160355584e-34,0.4894464583116087,1.0,0.8738724961812022,1.0,0.9999681906480835,1.0,1.0,1.0,1.005833149816568e-34,1.151014400905474e-34,1.0,1.0,0.9998739565305436,1.0,1.0,2.5098078116921246e-34
1471,-112.31362302088056,-134.82113232801782,-116.65207191366142,-138.9864062865712,-116.65207376575353,-116.6466375594693,-136.62350954914783,-134.82111742816585,-138.97987329941358,-138.98640853429677,-138.98640824324167,1.2958551327563317e-05,0.11426620212061316,1.6146511467206145e-06,0.12460120779752538,1.0,0.11426609630489636,1.0,0.11457710582679889,1.0,1.0,1.0,5.262295265484145e-06,4.605294625903078e-05,1.0,0.3078379178917722,0.1250079510098596,1.0,0.9999990739543729,1.4176856217577419e-05
1472,-94.78717616717137,-131.61240645074759,-94.79782525279558,-131.8119794675734,-94.7871510835129,-94.78717440614602,-136.87781788215645,-131.6091507635971,-131.8088969660755,-131.8119817029836,-131.8088942900184,1.0080982167598767e-08,0.9946896074402932,9.123597479196596e-09,0.9050306138345044,1.0,1.0,1.0,1.0,1.0,1.0,1.0,7.246583181365962e-10,7.285270829373729e-10,1.0,1.0,0.9049522480687767,1.0,1.0,9.137555470177263e-09
1473,-60.87624447713591,-140.08503836061573,-61.13514165722262,-140.83672745080867,-61.135121968536964,-61.13509167285733,-140.83536769950476,-140.08500113289904,-140.8356236777774,-140.8367334423877,-140.83673329158466,6.3099940408374996e-18,0.8785797550023461,4.33313018390179e-18,0.6867090770384713,1.0,0.8785884040852275,1.0,0.8786017129024383,1.0,1.0,1.0,4.336077175290905e-18,4.935325621382327e-18,1.0,0.9998720190539433,0.6870753778731999,1.0,1.0,4.934645415159904e-18
1474,-125.68712849963208,-125.68703921572308,-125.97814831533867,-125.97809195368566,-125.94588284797004,-125.94597611931056,-125.05059574792114,-125.67134586614543,-125.85144549016744,-125.94592712801219,-125.96622682550495,1.0,0.8645813238865985,0.8646056888461965,0.8645670920198975,1.0,0.8786425017842877,0.878603278341211,0.8786015266577577,0.8785623050438499,1.0,1.0,1.0,1.0,0.733171921840381,0.6700353068978124,0.9138856616547923,1.0,1.0,1.0
1475,-97.84732123428006,-143.16434644953512,-97.84733726328321,-143.16527721508214,-97.84733300159363,-97.84654817511569,-144.02443274026527,-143.16427393263,-143.16492576832417,-143.16458250446135,-143.1641303924374,1.4438863354540646e-10,0.9999919855305416,1.4432145319616452e-10,0.9995347255002535,1.0,0.9999941163605256,1.0,1.0,1.0,1.0,1.0,9.392206690667342e-11,9.392281964824277e-11,1.0,1.0,0.9996741352583736,1.0,1.0,1.4434766536756291e-10
1476,-132.50622294626058,-148.07821775640218,-132.50622243492006,-148.0782182640453,-132.50621874739252,-132.50621926432675,-147.73479137811572,-148.0781789839658,-147.66555512585097,-148.0782088259779,-148.07817831990016,0.00041551268898120714,1.0,0.0004155125835151439,0.9999997461784782,1.0,1.0,1.0,1.0,1.0,1.0,1.0,0.0004933536906336914,0.0004933535644978418,0.8422370242030958,1.0,1.0,1.0,1.0,0.0005107306608364515
1477,-126.52413133591293,-140.60669662977963,-126.52370652997396,-140.60681667204105,-126.52388701902436,-126.52413461585257,-141.1811226431488,-140.60672463655456,-140.56252158932855,-140.60681477204685,-140.60681717994385,0.0008750035215962294,1.0,0.0008749510044715743,0.9999399806705247,1.0,1.0,1.0,0.9999983600315208,1.0,0.9997859799662505,1.0,0.0006565605390523179,0.0006564210984535022,1.0,1.0,1.0,0.9999859967105841,0.999909759546718,0.0008944359291375431
1478,-118.40207085514942,-145.89573100278201,-118.402066399717,-144.86456567506883,-118.40206845904294,-118.40277509752443,-144.8978716827053,-144.86539255908718,-145.78633492316334,-144.86684781658195,-145.78632692083144,1.0710939229809306e-06,1.0,1.7936688301266328e-06,1.0,1.0,1.0,1.0,0.9996479407998855,1.0,0.9996457138704451,1.0,1.7640461937702824e-06,1.7640422639803613e-06,1.0,0.641316861664958,0.6309862660576606,1.0,0.9999989703375619,1.131311213448896e-06
1479,-114.17568577024008,-141.08399113515358,-114.17541224894376,-141.12100864650307,-114.17568504291032,-114.17759741341015,-139.91751966278295,-141.08608524025448,-141.1263273477923,-141.12429191466322,-141.12307621828944,1.4352770194698337e-06,1.0,1.4089561623469404e-06,0.9816614794455399,1.0,1.0,1.0,0.9990446350669094,1.0,0.9989080144174534,1.0,2.5717680297379195e-06,2.5714163371246565e-06,0.557505567731298,0.5464000700598912,0.9800800237446965,0.9989534954178071,0.9998636123183661,1.405213720599614e-06
1480,-59.24638314004142,-134.61540016270342,-59.24638036718528,-134.6149254972907,-59.246360644130505,-59.24637869224321,-133.80799563670863,-134.60916565016464,-134.61251349810436,-134.61278310360672,-134.61474419922172,4.3035405583563725e-17,1.0,4.3045620504959915e-17,1.0,1.0,1.0,1.0,1.0,1.0,1.0,1.0,6.443941148830604e-17,6.443932214775934e-17,0.6699280189792032,0.6688075484630116,0.9983274762594662,1.0,1.0,4.309708006512995e-17
1481,-66.67623261974066,-138.38084471273356,-66.67636749054199,-138.38084603131443,-66.6765236387968,-66.67652876325991,-138.3946377411362,-138.38081744364274,-138.38081811100113,-138.3808464344849,-138.3808182702693,2.6886936438756555e-16,0.9999325668730493,2.688691871246237e-16,0.9999993407097818,1.0,0.9998545010579304,1.0,0.9998519392024567,1.0,0.9999193668920648,1.0,2.6702148229437885e-16,2.670394896021808e-16,1.0,1.0,0.9999996663208593,1.0,0.9999219289203041,2.6891206702805596e-16
1482,-135.3505483080113,-141.38554824157544,-135.5820938810958,-141.38560165136795,-135.58208388182402,-135.3504061734314,-141.64290987469195,-141.3856376620294,-140.86803730765195,-141.3857779402156,-141.38544131206947,0.04892337566402465,0.8906775742395554,0.04892206918779774,0.9999732954603155,1.0,0.8906820273142548,1.0,1.0,1.0,1.0,1.0,0.043016101351598175,0.048295929521212595,1.0,1.0,1.0,0.9999552907724999,1.0,0.07114916338994266
1483,-124.14918525673423,-140.37967085602048,-124.14917536006124,-141.3476458387981,-124.14917186494057,-124.14917449639523,-141.3547962574168,-138.67629062416788,-140.37716650985098,-140.37966443971914,-140.3796645146999,0.0002989474359151223,1.0,0.00018424755609894723,0.6163209111827244,1.0,1.0,1.0,1.0,1.0,1.0,1.0,0.00018359000865642846,0.00018358910019353582,1.0,1.0,0.42722778962071994,1.0,1.0,0.0002993200000888717
1484,-80.98305413184843,-142.2592197993255,-80.98305281694797,-142.25922111714587,-80.98305017082225,-80.98301061124428,-140.0628536133844,-142.25916836966087,-142.2508351071363,-142.2592221510111,-142.25916970313935,4.943672461074462e-14,1.0,4.943669203639411e-14,0.9999993410900355,1.0,1.0,1.0,1.0,1.0,1.0,1.0,1.4824653340179817e-13,1.4824643593711318e-13,0.33348500467245246,0.33487741252903064,1.0,1.0,1.0,4.9644317200675394e-14
1485,-142.19070452197207,-144.0767464915627,-142.1904579150616,-144.07668480790144,-142.19064342665894,-142.1886376087598,-146.72464939935907,-144.07687323350729,-144.0314277800396,-144.077186714277,-144.07669876769654,0.3894495353166645,1.0,0.38946154683849626,1.0,1.0,1.0,1.0,1.0,1.0,1.0,1.0,0.10362543800651373,0.10361266141967164,1.0,1.0,1.0,0.9999366310355986,0.9999072485030105,0.3983627818485668
1486,-125.40473354836189,-146.2467694998132,-128.6402177902001,-149.1856744795042,-128.6402251510555,-128.64022360124136,-146.24683188307858,-146.2467717169138,-149.055955884407,-149.18567375659785,-149.18566949078144,2.9799528827797085e-05,0.19834603524184505,6.85542351072394e-06,0.2300514061930124,1.0,0.19834530524494687,1.0,0.1983454589441848,1.0,0.9999970944835899,1.0,2.979859934633575e-05,0.000150235417158715,1.0,0.2454745506001406,0.2454671660800845,0.9999988914503211,0.9999963195790769,3.6879107241898146e-05
1487,-99.28254679859037,-142.5133630911834,-99.28254088196945,-142.5133645077383,-99.28249255786261,-99.2825019006699,-142.5069748031512,-142.51335975293915,-142.5133597752292,-142.51336448312108,-142.51335980155832,4.09776942771077e-10,1.0,4.097766525354153e-10,0.9999992917228105,1.0,1.0,1.0,1.0,1.0,1.0,1.0,4.110879219543131e-10,4.1108670583041104e-10,0.9968126156354257,0.9968126045259301,0.999999988854981,1.0,1.0,4.097665090049048e-10
1488,-32.979108531165394,-144.29939140066173,-32.9785987036978,-144.2993921829301,-32.979101645910646,-32.97910413713154,-144.32365989422547,-144.30686341954572,-144.30686467149772,-144.306902758156,-144.2993487698689,6.715954001519165e-25,1.0,6.715951374680546e-25,0.9999996088658972,1.0,1.0,1.0,1.0,1.0,0.9997473152133075,1.0,6.634953392851223e-25,6.633262267662971e-25,1.0,1.0,0.999999374024196,0.996270960758335,0.9997485605097848,6.690882722898905e-25
1489,-110.52532154249405,-140.60555893023536,-110.52584873753202,-140.60555859569467,-110.52584389720784,-110.525844617442,-140.7210525589137,-140.6056127597334,-139.0126333621978,-140.60555352633347,-140.60561184030553,2.938728359758049e-07,0.9997364372197932,2.938728851320193e-07,1.0,1.0,0.9997388567469466,1.0,0.999738496723969,1.0,1.0,1.0,2.773833068077111e-07,2.7745643399684176e-07,1.0,1.0,1.0,0.9999730856131842,1.0,6.518869155341138e-07
1490,-130.7401926889857,-135.72585036808462,-135.71896103857478,-135.72584975900108,-135.71896029764997,-135.7177192327675,-133.85323616152718,-135.76050642706582,-135.97223658786498,-135.72584609203332,-135.76050583083864,0.08267575900668056,0.08296104034701764,0.0826757841849065,1.0,1.0,0.08296107108096963,1.0,0.08301256709275527,1.0,1.0,1.0,0.21086825249707486,1.0,0.3853377206282376,0.34662900765888444,0.8995460062766647,0.9828212374018451,1.0,0.8810524280537029
1491,-128.80783737555748,-132.44921943165048,-130.51445645612262,-132.44917992479367,-130.51445646314693,-130.51445642303275,-132.48937209092742,-132.4491508048107,-134.3142912705932,-134.44821015595247,-134.44980501799105,0.16191382527207038,0.42600272318396926,0.1619170236568149,1.0,1.0,0.4260027216877812,1.0,0.42600273023215474,1.0,1.0,1.0,0.15869560308138606,0.3725225085306636,1.0,0.4015353960987773,0.3935409175620849,1.0,0.9999999964878441,0.14958097354392183
1492,-131.43006847474464,-134.65576530012208,-131.430061424172,-134.65576128654942,-131.43005467452716,-131.43005697642022,-133.8256215631862,-134.68364778126949,-133.9002160773377,-134.65575557553618,-134.68364247639815,0.19931906177909225,1.0,0.1993194617702624,1.0,1.0,1.0,1.0,1.0,1.0,1.0,1.0,0.3018646489907402,0.30186358483329917,0.651151393154351,0.9633897183709356,1.0,0.9861554884912063,1.0,0.29081129254086496
1493,-41.37619388816029,-137.53986893477008,-41.376180861833376,-137.53986987008386,-41.37618739166814,-41.37619037779419,-137.59280651441344,-137.55377223282886,-137.55377371900192,-137.553697800272,-137.5537733287898,1.313177049305356e-21,1.0,1.3131764351891994e-21,0.9999995323432201,1.0,1.0,1.0,1.0,1.0,0.9999952420309131,1.0,1.278874813963882e-21,1.2788664844703024e-21,1.0,1.0,0.9999992569137451,0.9930724577896642,0.9999967350879481,1.3040747548601692e-21
1494,-121.15514366901581,-122.40397896949281,-121.15427162948723,-121.18593781056643,-121.14245074695825,-121.15553536470065,-121.39415368969148,-122.40397768506804,-122.24078240293352,-122.40397689661785,-122.40397541630364,0.5355732286637875,1.0,0.9847208580900979,1.0,1.0,1.0,1.0,0.9998041713345167,1.0,0.9993683319795827,1.0,0.8873595618367293,0.8869727398668736,0.6035586876497776,0.6548727371702705,1.0,1.0,1.0,0.5774312865538997
1495,-73.89499139267929,-140.8095495027117,-74.15773703279558,-140.80986070519674,-74.1581876281652,-73.8949945885386,-140.92099340625654,-140.80954367731772,-140.9517054255359,-140.80955397165627,-140.80946763155663,2.949092039907188e-15,0.8768907909661651,2.9486331932209315e-15,0.99984441086272,1.0,0.8766932517545309,1.0,0.9999984020716232,1.0,1.0,1.0,2.7892573793357617e-15,3.1808492095834934e-15,1.0,0.9847612926769519,0.9313865640230066,1.0,0.9997747276928106,3.1330829762705783e-15
1496,-111.05322091357004,-143.28013865639815,-111.05321750871099,-143.94886967595454,-111.05288989359889,-111.05321597885683,-143.27944550370745,-143.2801371707617,-143.2801368610414,-143.9488715612992,-143.28010401422193,1.0046475460407289e-07,1.0,7.191187821591331e-08,0.7157921053937251,1.0,1.0,1.0,1.0,1.0,1.0,1.0,1.0049957934592744e-07,1.004994082526216e-07,0.9996542262664007,0.9996543810730122,1.0,1.0,1.0,1.0044821823010779e-07
1497,-82.6491219852058,-149.0908339544741,-82.64902266461561,-149.0908338321853,-82.64911650189401,-82.64907265567456,-153.29560829896795,-149.09089042260428,-149.09088399896766,-149.09082811656194,-149.08479572734694,3.735644685600768e-15,1.0,3.735644914014544e-15,1.0,1.0,1.0,1.0,1.0,1.0,0.9999750047829137,1.0,4.563629870153886e-16,4.563403244575038e-16,1.0,1.0,1.0,0.9999717663334934,0.9999530824614625,3.735540970965102e-15
1498,-127.11867815704034,-145.87565059640758,-127.11867628656319,-145.87564840654935,-127.11209337789495,-127.118518889814,-148.09658424995695,-145.87565061160916,-145.51719474164122,-145.87564386127795,-145.8756485929552,8.452305507564519e-05,1.0,8.452314762244997e-05,1.0,1.0,1.0,1.0,1.0,1.0,1.0,1.0,2.784232963841274e-05,2.7842303599204203e-05,1.0,1.0,1.0,0.9999999923992107,1.0,0.0001007820108671441
1499,-40.343465346709934,-129.70930513495932,-40.336144174168,-131.0517001420182,-40.343458518719046,-40.3434603541109,-129.70883924219885,-129.7093045907722,-129.70930430701176,-129.709304631804,-131.0516998847624,3.9305602216349613e-20,1.0,2.008894281957169e-20,0.5110961717109994,1.0,1.0,1.0,1.0,1.0,0.9963485926885934,1.0,3.9314759380631737e-20,3.917110739784457e-20,0.999767352779884,0.9997674946271075,1.0,1.0,0.9963495070340594,3.9305484298868193e-20
1500,-143.61982303392992,-143.626071141115,-143.61982309319168,-143.6257823093674,-143.61856873381186,-143.61982322797533,-142.211000017612,-143.64995313152133,-143.69926652379473,-143.62590792218862,-143.64984560952195,0.9968808211852042,0.9999999703691178,0.9970247969960214,1.0,1.0,1.0,1.0,0.9999999029772983,1.0,0.9999999326081785,1.0,1.0,1.0,0.48700710973805705,0.47514595280046046,0.9756447971694369,0.9881300155526619,1.0,0.9604542829997268
1501,-129.0279161578768,-129.04172465402306,-130.04581783351583,-130.05954086736355,-130.04580964897653,-130.04529862997634,-130.49294915984225,-129.05404446531895,-130.39514738343095,-130.05953381591237,-130.0603598050622,0.9931195314894616,0.6011259266738536,0.5970154092740201,0.6011516140243742,1.0,0.6011283866482718,0.6052930866707564,0.6012820002858719,0.6054477645647356,1.0,1.0,0.4806977902750067,0.7996623817821348,1.0,1.0,0.511426469250092,0.9938590276750723,1.0,0.8397350385279868
1502,-150.13538535718578,-150.1155669511836,-150.13402493350233,-150.13514687985815,-150.13529801371783,-150.13542228628498,-149.702620593646,-150.13521750964256,-150.1136535318981,-150.13514358278624,-150.1351378753497,1.0,1.0,1.0,0.9902578013616757,1.0,1.0,0.990182973447173,0.999981535620871,0.9901214490686122,0.9993015676261936,0.9998623062672407,1.0,1.0,0.805494859610884,0.8142266848548223,1.0,0.9902228311316573,0.9993636624409264,1.0
1503,-81.11815673084641,-145.43033014760576,-81.11815463348836,-144.8476084368779,-81.11634768394663,-81.11679101514056,-145.6859343684778,-145.73067152877874,-144.8478634746405,-144.84760894248467,-145.73067362448523,1.0834003784265984e-14,1.0,1.449857751057163e-14,1.0,1.0,1.0,1.0,1.0,1.0,1.0,1.0,9.534221375494071e-15,9.534211377161333e-15,0.9778797415576332,1.0,1.0,0.8605610742135323,1.0,1.448362208348306e-14
1504,-120.7550792488334,-121.77429687123433,-120.7550746553897,-121.7961909065312,-120.75506175917991,-120.75506225099187,-120.70222823918931,-121.79613297338835,-121.19065822445316,-121.79578723221573,-121.79613328054742,0.6007305319093814,1.0,0.5941901881186427,0.9891126829030138,1.0,1.0,1.0,1.0,1.0,1.0,1.0,1.0,1.0,0.5787108237025625,0.7833192083001113,1.0,0.9891413345211537,1.0,0.8042877043058496
1505,-136.67186258899272,-141.43997648613347,-136.6718547337669,-141.43997266055317,-136.67184445505885,-136.67185013875672,-141.34706978882565,-141.439985666432,-140.35930095018998,-141.43997143729533,-141.4399815463167,0.09217586518548442,1.0,0.09217604149874034,1.0,1.0,1.0,1.0,1.0,1.0,1.0,1.0,0.09655875460384042,0.09655837535917418,0.9546047115422303,1.0,1.0,0.9999954098612749,1.0,0.15822641782184438
1506,-126.86276554019926,-127.85644018484828,-126.86600892904477,-127.8628798216208,-126.88144167736104,-126.9367498848286,-128.2788326356922,-127.85546872236318,-127.8782720038891,-127.87873487732014,-127.85549660825504,0.6084519573106315,0.9983796198131224,0.6064960031097971,0.9967853596700063,1.0,0.9907053957852311,1.0,0.9636836787321257,1.0,0.9652477470568848,1.0,0.4926119435023396,0.49341145765229766,1.0,1.0,0.9886631116149928,1.0,0.9923133206291532,0.6074926738999937
1507,-97.14520554224407,-135.24469791080088,-97.18265100659227,-135.46018126488684,-97.18267801956324,-97.18258968537631,-135.34729399398503,-135.2450959327464,-135.45308675645413,-135.34743024895354,-135.34732635431465,5.3308977248258685e-09,0.9814514494301636,4.7863971881408355e-09,0.8978595041977074,1.0,0.9814381935599257,1.0,0.9814815417896248,1.0,1.0,1.0,5.064328797122919e-09,5.160040061139338e-09,1.0,0.9484782875398544,0.9012294323840614,0.9998010088286058,0.9999864936057248,4.894252064524545e-09
1508,-141.16233209919807,-142.1595936351963,-141.16209942093838,-142.15958885769476,-141.16192674472669,-141.1623300377944,-142.23974347258883,-142.15959365184966,-142.09601340420116,-142.15958679510402,-141.22434463372153,0.6073617097217245,1.0,0.6073631605592107,1.0,1.0,1.0,1.0,1.0,1.0,0.9998846982197536,1.0,0.5835029995245551,0.5834351192419707,1.0,1.0,1.0,0.9999999916733202,1.0,0.626852928451245
1509,-123.36669315340708,-131.99055332523122,-123.36669443018096,-131.99055472338642,-123.36669585644839,-123.36663970755126,-130.79160574919737,-131.99055138765254,-131.99055654828152,-131.99055576261583,-132.03732428906523,0.01340764669487617,0.9999993616132675,0.013407637321893928,0.9999993009226414,1.0,0.9999986484802614,1.0,1.0,1.0,1.0,1.0,0.02441747296367699,0.024417488551477715,0.5491010353124017,0.5490996184608736,0.9999974196888425,1.0,0.9999992868665386,0.013407643208828179
1510,-130.54034703017095,-130.56539144098895,-130.54034668054095,-131.4332489571825,-130.54006063516212,-130.5403463982639,-130.92130445575157,-131.43324636237145,-131.4186183209792,-131.4332485266856,-130.60865806855236,0.9875558711683791,1.0,0.6398951376301425,0.6479584156317977,1.0,1.0,1.0,1.0,1.0,1.0,1.0,0.8265633527691941,0.8265632082735342,0.7741644553806566,0.7798474677301631,1.0,0.6479592562971761,1.0,0.6445010400268538
1511,-104.57915635969914,-142.11827851327865,-104.57914749915358,-142.11836872239235,-104.5791433035775,-104.57901585407751,-142.18197164899854,-142.11828676909957,-142.11831102581382,-142.11836210102598,-142.11829956056079,7.054775477152746e-09,1.0,7.054457281807286e-09,0.9999548964603484,1.0,1.0,1.0,1.0,1.0,1.0,1.0,6.833644905042778e-09,6.8336146301988154e-09,1.0,1.0,0.9999878717164208,0.999995872098062,1.0,7.054614740662581e-09
1512,-122.76263143155859,-145.56956846910734,-123.24805728203759,-146.21009412966384,-123.24805708326119,-123.24805672120414,-145.56961603979943,-145.56956839123941,-146.19076947337064,-146.21009374588115,-146.21009403576733,1.1156720359757831e-05,0.7844966906482904,8.09931272174849e-06,0.7259582081991254,1.0,0.7844967686180103,1.0,0.7844969106343165,1.0,1.0,1.0,1.1156454996459239e-05,1.4221162599474817e-05,1.0,0.7330240870028939,0.7330066234398228,1.0,1.0,1.0424453694531961e-05
1513,-119.70508351461967,-143.82661638660022,-123.93509414970856,-145.9270111536393,-123.93505580799427,-122.633547415376,-145.9264605760053,-143.8266982740984,-145.88744589488962,-145.927026287746,-146.4167545259688,5.781968074080407e-06,0.12063264808198516,2.0229295609102167e-06,0.34986868398299714,1.0,0.12063496073541609,1.0,0.2312555390152308,1.0,1.0,1.0,2.023486527455745e-06,1.6773954311941567e-05,1.0,1.0,0.35687353259591476,0.9999590570890994,1.0,1.710405405272621e-05
1514,-113.29806307331367,-136.59426116640904,-114.42994642783555,-137.58648241226447,-114.42992709747398,-114.42903711383957,-137.58694117710525,-136.59424437293168,-137.58431252760477,-137.58653401096447,-137.58653404042522,8.735642638638495e-06,0.5678251868506372,5.3190828319888785e-06,0.6088942796792204,1.0,0.5678306750102438,1.0,0.568083411242788,1.0,1.0,1.0,5.31786286781915e-06,9.36531698657809e-06,1.0,1.0,0.6095501350972882,1.0,1.0,9.377543510997393e-06
1515,-111.64804778577101,-130.96972820827324,-112.59227264116535,-131.86800528618227,-112.59340077752489,-112.59334706392468,-131.86794094566505,-130.9697227761742,-131.86634659339654,-131.86802234757874,-131.86754233509342,6.37309519667808e-05,0.6236833896886639,4.067167107676325e-05,0.6381776801006049,1.0,0.6233316889352165,1.0,0.6233484298545878,1.0,0.9994629328925319,1.0,4.067297951598605e-05,6.52141458124924e-05,1.0,1.0,0.6387054352345702,1.0,0.999436090876778,6.530297864555096e-05
1516,-137.4789304584491,-142.6219033144875,-137.66345544151,-142.91511228174423,-137.66348033504528,-137.6634708911401,-142.91509657562767,-142.62190052886208,-142.91495417073776,-142.9151085463218,-142.9151121504995,0.07642186535428014,0.9118657610885523,0.06600063527339506,0.8636354918507437,1.0,0.9118544113779377,1.0,0.9118587171214051,1.0,0.9999922752147874,1.0,0.06600115358226538,0.07238033973715124,1.0,1.0,0.8637025667112508,1.0,0.9999875533098193,0.07238639454881443
1517,-54.869071033138596,-129.61678459179146,-54.86904920329016,-129.61679067740792,-54.86906010053809,-54.86905180290165,-129.64267469102106,-129.61678305182943,-129.61678938189792,-129.61679092766457,-129.61678913401948,5.87138059691839e-17,1.0,5.871362731460352e-17,0.9999969571963981,1.0,1.0,1.0,1.0,1.0,0.9999987001950991,1.0,5.795865114154418e-17,5.795801853071148e-17,1.0,1.0,0.9999968349707651,1.0,0.9999945513908775,5.871334440101521e-17
1518,-134.15667241400007,-140.50153044674624,-134.1566194419114,-140.50154202015557,-134.15660134846826,-134.15666954492426,-140.40959872494892,-140.49782859159689,-140.49784046995157,-140.50154257796592,-140.4978398766873,0.04190169428928677,1.0,0.04190145181725865,0.9999942133120808,1.0,1.0,1.0,1.0,1.0,0.9999749488073597,1.0,0.043872694066137266,0.043871532067405634,0.9568439778940968,0.9568382950448994,0.999994060840295,1.0,1.0,0.04197758218316793
1519,-118.11636075246628,-131.24079924609407,-118.11635029442613,-131.24079904466262,-118.11634699932932,-118.11634375408806,-131.27730377455862,-131.24078970650382,-131.24080252994412,-131.24080288043555,-131.24080225173253,0.0014127469945759575,1.0,0.0014127471368618008,1.0,1.0,1.0,1.0,1.0,1.0,1.0,1.0,0.0013871950628139285,0.001387187809162061,1.0,1.0,0.9999935883004046,1.0,1.0,0.001412734960151123
1520,-113.19994820961884,-144.08994381575351,-113.19994361740791,-144.6121733365299,-113.19994161174489,-113.1999428619828,-144.10277534467275,-144.0899712070289,-144.08997148138502,-144.08430059588767,-144.0843299644069,1.960300637365656e-07,1.0,1.5098089014739765e-07,0.7701925269498094,1.0,1.0,1.0,1.0,1.0,1.0,1.0,1.9477640690435443e-07,1.9477595967769587e-07,1.0,1.0,0.9999998628219468,0.9999863044560943,1.0,1.9602670542675336e-07
1521,-126.10630381266645,-126.12515363247329,-126.10671540625546,-126.52819711401713,-126.10591804192234,-126.10671744147419,-126.11617430443408,-126.52820126839197,-126.5271225134174,-126.52819501994946,-126.13423763666998,0.9906193653539781,0.9997942243802043,0.8098172689332621,0.8174858045944722,1.0,1.0,1.0,0.9997932069807572,1.0,0.9999989823911539,1.0,0.9950769124325024,0.9952817171447192,0.8138221042764858,0.8142611800013237,1.0,0.8174841065250084,1.0,0.8100962301259227
1522,-117.94493763845344,-125.64640593226488,-117.94490566571082,-125.64641003592985,-117.94480966775745,-117.94493277931807,-125.64738715049472,-125.64640593843862,-125.64641002846702,-125.64641004530051,-125.64640999293226,0.02126411971890091,1.0,0.021264076088534124,0.9999979481696233,1.0,1.0,1.0,1.0,1.0,0.9999864432882702,1.0,0.021253689906635752,0.02125335013997304,1.0,1.0,0.9999979549878921,0.9999999969131323,1.0,0.021262715622093843
1523,-17.890446755959687,-136.85238952075002,-17.914714234730354,-137.87808561782,-17.914714220678576,-17.89045214359345,-136.89157891897332,-136.85327169556712,-137.87725440153318,-137.87808544654607,-138.3640857181772,1.4714392971074287e-26,0.9879395775944284,8.810798574247127e-27,0.598787771372389,1.0,0.9879395845355824,1.0,0.9999973061867468,1.0,1.0,1.0,1.44288753197993e-26,1.4605018006194982e-26,1.0,0.6108903833162924,0.5993009699887901,0.9995590098562032,1.0,8.922064985460309e-27
1524,-70.3128140192685,-120.21008958899668,-72.9655631907633,-121.09694477578313,-72.96560895807622,-72.96556554870284,-121.09676952487823,-120.21006966411215,-121.09300954607474,-121.09693106526265,-121.09675254823122,1.4619895858351034e-11,0.2654378411302072,9.383527305293238e-12,0.641832704980129,1.0,0.26543176701133964,1.0,0.2654375281872017,1.0,0.999998821030927,1.0,9.384349577144377e-12,3.535422657593502e-11,1.0,1.0,0.6430904210068238,1.0,0.9999771166053729,3.542156522931552e-11
1525,-98.45297624950422,-147.6828457560395,-98.45272607519433,-147.68284646297425,-98.45290569001816,-98.45297327487293,-147.60698833346723,-147.6827876192737,-147.6827890338662,-147.68284717134222,-147.68278830353103,2.0411252923432508e-11,1.0,2.0411245708721853e-11,0.9999996465326916,1.0,1.0,1.0,1.0,1.0,0.9998764077988469,1.0,2.1200294518150172e-11,2.11976427994764e-11,0.9628095608151259,0.9628088798237869,0.9999992927040126,1.0,0.9999101966206543,2.041111170547599e-11
1526,-137.6048264218755,-139.7970259171156,-140.58900992137166,-142.53096664936714,-140.58958164065223,-140.2898275932248,-142.0783732651607,-139.79508033849885,-142.52714006595588,-142.53109575867742,-142.53098410307595,0.3341719000415085,0.224901725050065,0.08517305817601949,0.2548779779671476,1.0,0.22483744391197175,0.6728197190848302,0.26119171902171057,0.7816088635497692,1.0,1.0,0.10680255584145616,0.4748854452658422,1.0,0.7990087353695547,0.25511780407727136,1.0,0.9997141812136882,0.3795461004730552
1527,-126.51792754297236,-136.85507773904277,-127.04860648775491,-136.9431813100265,-127.04859264169829,-127.04856373246236,-136.9032498558985,-136.85507795048798,-136.94373074781146,-136.9438918815864,-137.52163065778285,0.005692674546060709,0.7669455489393987,0.005447345334697086,0.9569044024247992,1.0,0.7669508585435246,1.0,0.7669619446053075,1.0,1.0,1.0,0.0055571985452724584,0.00724588408258898,1.0,0.9799630168316755,0.9566416599515015,0.9999998942773998,1.0,0.007100649267020468
1528,-129.08955990765668,-133.81276138191805,-129.39687437331287,-134.5068488079432,-129.44221174473319,-129.52683724630072,-134.5073086233227,-133.81277457360085,-134.65191927157676,-134.50684609363643,-134.5068323209534,0.09426920214389489,0.8575659160835664,0.0666270618326632,0.7067744323428342,1.0,0.8383447067251675,1.0,0.8036120353817859,1.0,0.9370848587964137,1.0,0.0666117455195385,0.07767536497223318,1.0,0.9302468256467128,0.6573278666432083,0.9999934041803541,0.9775863184416417,0.07391394532971184
1529,-98.6535688713638,-155.28787686568336,-98.65352995148703,-155.28476950838126,-98.65355538732325,-98.65355915971003,-155.28788187694406,-155.28787996518244,-154.56951444757087,-155.28478055903406,-155.17331269585554,5.035194785724861e-13,1.0,5.043023940787947e-13,1.0,1.0,1.0,1.0,1.0,1.0,0.9999853959951407,1.0,5.035182169403807e-13,5.035084186022394e-13,1.0,1.0,1.0,0.9999984502516597,0.9999872821627618,7.211137304978678e-13
1530,-17.501160536859885,-126.43422045906567,-17.501166950105983,-126.43424011796606,-17.50116316284047,-17.50107969467308,-126.4634774533842,-126.43382414421984,-126.4341475238889,-126.43424030798104,-126.43382486547952,2.2155756807715398e-24,0.9999967933820924,2.215553902987776e-24,0.9999901705981165,1.0,0.9999986870105695,1.0,1.0,1.0,1.0,1.0,2.1834010452613176e-24,2.1834080466166514e-24,1.0,1.0,0.9998383232365692,1.0,1.0,2.2156593880841163e-24
1531,-90.07751661721704,-132.4678989839455,-90.07771234898712,-132.4679010719575,-90.07770812529444,-90.07767592503177,-132.47911290892267,-132.46789893805587,-132.46790082373727,-132.46790108332218,-132.4679007009165,6.238000800900701e-10,0.999902138903671,6.237994288393847e-10,0.9999989559945469,1.0,0.9999042505455753,1.0,0.9999203492649249,1.0,1.0,1.0,6.203122436621921e-10,6.203729540396069e-10,1.0,1.0,0.9999990571597447,1.0,1.0,6.2385924044112e-10
1532,-141.031618093274,-144.02115974862897,-141.62121589032355,-144.63616133193437,-141.73851593854744,-141.88744203114638,-144.77399074143753,-144.0201689790573,-144.72607204099518,-144.72694938594896,-144.6347455294495,0.22430000219331522,0.74468132892261,0.16492381824124117,0.7352822854593637,1.0,0.7022618613562313,1.0,0.6518687969766527,1.0,0.8753661085067936,1.0,0.1539409296147866,0.20672054425952277,1.0,1.0,0.7026112474383283,1.0,0.9430367515353846,0.2245227925262382
1533,-126.57208822599495,-128.18788928023068,-126.5722835817335,-128.87194953483873,-127.19419884709302,-127.19419717539253,-128.6943471078829,-128.1877837072132,-128.7614362021347,-128.18789734548577,-128.8718515221744,0.4457930147755199,0.9999023269010504,0.316658727500216,0.7103268041552203,1.0,0.7326733501833305,1.0,0.732673962588785,1.0,0.7327455321156484,1.0,0.34606472984532244,0.34609853436171567,1.0,0.9670118326740409,0.7506421434853097,1.0,0.7327449196503724,0.4567501855333431
1534,-119.37036673548414,-128.14491727135072,-119.37088084285642,-128.14491488497336,-119.37088010103895,-119.37087944374517,-124.97206537413513,-128.14490099737503,-127.39333430641636,-128.33627577317063,-128.14490098805345,0.012434563959367102,0.9997429793493269,0.012434578796156908,1.0,1.0,0.999743350162801,1.0,0.9997436787253988,1.0,1.0,1.0,0.06075843739010412,0.06077405757792686,0.20465742164889522,0.29800814335942555,1.0,1.0,1.0,0.018111157345629077
1535,-70.83216035094668,-131.867480476776,-70.83214714427709,-130.96911943427165,-70.83215633972691,-70.83215694597845,-131.31991426617117,-131.73955611235252,-132.26780541670604,-131.43641650271192,-131.31959084878693,5.576332147364167e-14,1.0,8.738265898981869e-14,1.0,1.0,1.0,1.0,1.0,1.0,0.9999950991613257,1.0,7.332484033021492e-14,7.332435614334389e-14,0.8107294158896056,0.622541133280393,0.7678778160494949,1.0,0.9999954022856594,4.56476376453307e-14
1536,-126.607276614829,-128.16157865560632,-126.60741788689256,-128.161576793633,-126.60755149792357,-126.60755336223656,-128.4193216630004,-126.70461905965595,-128.12893961824784,-126.65175558464091,-128.16157675501756,0.45971386282168325,0.9999293664628865,0.45971429080935555,1.0,1.0,0.9998625678973757,1.0,0.9998616358694223,1.0,0.9999322646221466,1.0,0.4041284426952597,0.40415698973299363,1.0,1.0,0.4905832550587732,1.0,0.9999331967159371,0.46734195098971765
1537,-130.45485345432692,-136.38269142027863,-130.4548455551227,-136.3826903160227,-130.45484775045165,-130.4548490206295,-136.1215088436644,-136.3826806741887,-137.1588204695226,-136.38268608173604,-136.38267876914108,0.05161623712772548,1.0,0.051616265626501644,1.0,1.0,1.0,1.0,1.0,1.0,0.9999982672480974,1.0,0.05881680328972111,0.05881657098720908,0.8775810921001617,0.5953202321463187,0.678364925481294,1.0,0.9999989023361222,0.035014733128563465
1538,-81.53882774183768,-148.41298831936973,-81.53766156940719,-148.4037020446296,-81.5388492633146,-81.53890133755036,-148.29472422979188,-148.40365457745725,-148.40382694719577,-148.40371746702402,-148.40366763017693,3.0092657319997475e-15,1.0,3.0232706544050713e-15,1.0,1.0,0.9999892393194345,1.0,0.9999632028206938,1.0,0.9993803080168556,1.0,3.192576116521195e-15,3.1907151120123045e-15,0.9469914883675693,0.9469098755468989,0.9999138188445483,1.0,0.9994063293384979,3.023114383937285e-15
1539,-132.278912742157,-144.11114868176122,-132.27915008245924,-144.11114493681617,-132.277747081608,-132.27915005619926,-144.10644584475787,-144.1111486831203,-139.56470845699047,-144.11031591406464,-144.1103812527025,0.002695644464531586,0.9998813368898994,0.0026956495120565045,1.0,1.0,1.0,1.0,0.9998813500183328,1.0,1.0,1.0,0.002701990510980911,0.0027023111756294686,0.9976513432392461,1.0,1.0,0.9999999993204653,1.0,0.026161126596859853
1540,-125.11088208933364,-146.36422650569307,-125.11100646092709,-146.36422434023515,-125.11047410824602,-125.11084581196934,-146.36116783980668,-146.3642268364414,-146.37148485742262,-146.36422431041922,-146.37141944793242,2.4260229167559995e-05,0.9999378161367748,2.4260255434826866e-05,1.0,1.0,1.0,1.0,1.0,1.0,1.0,1.0,2.4297359520334318e-05,2.4298870517975165e-05,0.9984716707690836,0.9948547734498988,0.9963775664096721,0.9999998346258531,1.0,2.4167413674311935e-05
1541,-74.6571348824715,-136.99728165624234,-74.6567591779716,-136.96312993078303,-74.65533233798288,-74.65654631483375,-136.9973503740475,-136.9972816529129,-135.94719114408787,-136.9631296002036,-136.9631299124608,2.904083688877287e-14,1.0,2.954099237313943e-14,1.0,1.0,1.0,1.0,1.0,1.0,1.0,1.0,2.9039839094628977e-14,2.903438440787051e-14,1.0,1.0,1.0,1.0,1.0,4.905033382792265e-14
1542,-141.42747645343775,-141.45637196519908,-141.4277470267201,-142.16980907193764,-141.42771851471974,-141.4272533711316,-140.85058291727313,-141.4964977906642,-142.13540573778707,-141.45611354216706,-142.16981019003407,0.9856561121228002,0.9998647225096429,0.6899291904107934,0.6999694740642333,1.0,0.9998789766829153,1.0,1.0,1.0,1.0,1.0,1.0,1.0,0.7240046697433031,0.5260224375279472,0.7265456419147809,0.9801370082695486,1.0,0.7019847410885487
1543,-100.74128025965402,-126.90323527381159,-100.74128174999635,-126.90323555109418,-100.74128205883369,-100.74128190761556,-126.69582865462306,-126.9031917098211,-126.90319280242534,-126.90323629065972,-126.9031919952505,2.0845084058607003e-06,0.9999992548291138,2.08450811686177e-06,0.9999998613587121,1.0,0.9999991004105692,1.0,0.9999991760195697,1.0,0.9999999211903972,1.0,2.3122853407627147e-06,2.3122870638117147e-06,0.9015123585135879,0.9015118660156114,0.999999453698031,1.0,0.9999998455813403,2.084554547554778e-06
1544,-141.49358618042163,-141.4933907150753,-141.4935847773707,-141.49230713901494,-141.49357981513697,-141.4935812174432,-141.267971563514,-141.49269989040238,-141.4131801659808,-141.49338437693345,-141.49269848806736,1.0,1.0,1.0,1.0,1.0,1.0,0.9999054544388757,1.0,0.9999047533523,1.0,0.9993631636522735,1.0,1.0,0.8937187385389436,0.9299687447145603,1.0,1.0,1.0,1.0
1545,-80.78386474129638,-137.78620247791028,-84.26831808270026,-138.6549493569845,-84.26827508094493,-83.88523798454943,-138.65492918941675,-137.78620236859916,-138.6456033739931,-138.65495412256138,-138.65498090039335,4.1888965273259473e-13,0.1751300092811241,2.7130240573675876e-13,0.6476703446049282,1.0,0.17513377477050962,1.0,0.21210228979835322,1.0,1.0,1.0,2.7130514150537615e-13,1.5491642044617812e-12,1.0,1.0,0.6507039496205813,1.0,1.0,1.5563712181908001e-12
1546,-72.83053338362282,-137.28028668856456,-72.83053223432063,-137.28028735305244,-72.83052963914605,-72.82855460394228,-137.3440090430903,-137.28021074817278,-137.2802120731474,-137.28028801159172,-137.28021138316976,1.011378902195593e-14,1.0,1.0113785661711357e-14,0.9999996677561126,1.0,1.0,1.0,1.0,1.0,1.0,1.0,9.796631138279194e-15,9.796625508635979e-15,1.0,1.0,0.99999933751291,1.0,1.0,1.0114147415175253e-14
1547,-55.97895572651967,-123.82252887771779,-56.13979389636407,-129.69902780886417,-56.13979354431518,-56.139789335871,-126.19953033082146,-126.0206725376276,-126.19865847429256,-129.47406991221402,-126.19951539032124,1.8533407461574586e-15,0.9227295632975718,9.814987358269504e-17,0.052958353063887444,1.0,0.9227297257205436,1.0,0.9227316673508591,1.0,1.0,1.0,5.646716273969485e-16,6.119578800303893e-16,1.0,1.0,0.9148520064869776,0.33318018809537525,1.0,6.122246001551299e-16
1548,-143.85831940339085,-145.81740201337635,-144.21063834891646,-146.2143469939997,-144.2106319237786,-144.21058697080926,-146.19760317931122,-145.81740147581473,-145.6792386826326,-146.2143444623734,-146.21434698553875,0.3754832916675814,0.8384842572734491,0.3078896635847853,0.8199823278884073,1.0,0.8384869509662468,1.0,0.8385057974171494,1.0,1.0,1.0,0.31047810730767456,0.3702849571884336,1.0,1.0,1.0,1.0,1.0,0.4798396087167659
1549,-103.77696932915146,-144.6256501851048,-103.7781018883727,-144.62565047849088,-103.77820501234035,-103.77821156114328,-143.85689356141162,-144.6256499691744,-144.62564903829877,-144.62565096308342,-144.62564843656023,1.3484090405021195e-09,0.9994338806954143,1.3484088426999125e-09,0.9999998533069708,1.0,0.9993823492303685,1.0,0.999379076856698,1.0,0.9999451651181985,1.0,1.980409657070234e-09,1.981531440271221e-09,0.6808738693378138,0.6808741862423284,1.0,1.0,0.9999484393454723,1.349243174769463e-09
1550,-127.52823497776276,-128.29302130505585,-127.62906399976157,-128.32957125732628,-127.52921654565705,-127.5292070182773,-127.27947096063755,-128.29309358372024,-128.16787260318853,-128.2934282547218,-127.66449401754835,0.6822267737038556,0.9508352111498324,0.6698723281321002,0.9818909986415775,1.0,0.9995093364675985,1.0,0.9995140978314432,1.0,1.0,1.0,1.0,1.0,0.6024134282210228,0.6413366138573513,1.0,0.9999638613208225,1.0,0.7266371523197259
1551,-46.336952728724725,-138.10816789602913,-46.97068681833201,-138.50631002719726,-46.970808139955324,-46.970792286663766,-138.50651875157035,-138.10814019234735,-138.5054052443083,-138.50646352257723,-138.50657250698575,1.1806844069496647e-20,0.7284275969219292,9.675610170433455e-21,0.8194916536105304,1.0,0.7283834112528504,1.0,0.7283891849130254,1.0,0.999947267224545,1.0,9.674600455288863e-21,1.3281485347576329e-20,1.0,1.0,0.8198511119680545,1.0,0.9999393410281743,1.328968806042639e-20
1552,-126.65453317364614,-126.6543488959527,-126.88697905059925,-127.4224577217168,-127.42240889660349,-126.99167929631204,-126.06622480009452,-126.65431696699312,-126.63326641329675,-126.88683481276351,-126.88681894960416,1.0,0.8902767242351431,0.6811571240044229,0.6810943658638545,1.0,0.681173752994281,0.6811109933216071,0.8448695338696292,0.8447916921513238,0.9489965432888023,1.0,1.0,1.0,0.7452421473232327,0.7531274519545599,1.0,1.0,0.7651258698013168,1.0
1553,-135.43050309613386,-135.43026490124885,-135.43051868278158,-135.43026428429516,-135.43033285120032,-135.4297556107832,-133.2977067703053,-135.43001182371847,-135.38240418658822,-135.43026366350807,-135.4300112013923,1.0,0.9999922067065078,1.0,1.0,1.0,1.0,0.9999660256014071,1.0,1.0,1.0,1.0,1.0,1.0,0.34433077557423736,0.352625494210813,1.0,1.0,1.0,1.0
1554,-103.7787049313466,-142.12746644340604,-103.78541371246445,-143.0423454238876,-103.77868650071818,-103.7786950740441,-142.2871219306568,-142.1274820365315,-142.12753577696512,-142.12747629742123,-143.11294471081246,4.706220201769464e-09,0.9966512291237924,2.978576764646438e-09,0.6329021246236068,1.0,1.0,1.0,1.0,1.0,1.0,1.0,4.345137211070257e-09,4.359736971267563e-09,1.0,1.0,0.9999731301441868,0.9999922034676662,1.0,4.706013687504536e-09
1555,-141.27882524734306,-141.27925807703872,-141.2792400892557,-141.2792310503053,-141.27792425672783,-141.27928400795747,-140.9964471995093,-141.27925706354065,-141.27594962054846,-141.27923003503884,-141.26640465947355,0.9997836085681767,0.9997926005539245,0.9997971191019963,1.0,1.0,1.0,1.0,0.9997706459984478,0.9999870346246749,0.999978040890216,0.9999735215244746,1.0,1.0,0.8681377037635492,0.8695745494897114,1.0,1.0,1.0,1.0
1556,-46.40624687347511,-147.63124342535843,-50.164364989589615,-150.0270120499522,-50.16437740925048,-49.61967358573426,-149.60401380465325,-147.63182092380353,-150.2639420876722,-150.0270899188553,-150.02701339586406,1.0453730108704877e-22,0.1527337517581144,3.1552715140442226e-23,0.3018321193711328,1.0,0.15273280331035965,1.0,0.20054565425623508,1.0,1.0,1.0,3.898429085005946e-23,2.552434573322025e-22,1.0,0.71894951341402,0.26818973516333783,0.9997112924614963,0.9999937901888497,1.8350829900298078e-22
1557,-147.22753807910158,-147.5626400268132,-147.22753573692833,-147.5625650972156,-147.22753077132907,-147.22644988767675,-149.2581599126443,-147.56262766284587,-147.5588288127302,-147.5625755622999,-147.24849160559012,0.8457335058922929,1.0,0.8457651917214724,1.0,1.0,1.0,1.0,1.0,1.0,1.0,1.0,0.36228977035384385,0.3622893460813884,1.0,1.0,1.0,1.0,1.0,0.8473435820616815
1558,-130.47969007508914,-130.48275898309726,-130.479688451944,-130.47555164990177,-131.0361530895798,-131.0361527138556,-128.34480265338638,-130.46722272177206,-130.9842778354131,-130.4795399326846,-130.46650119163053,0.9984667226685596,1.0,1.0,1.0,1.0,0.7571215221056087,0.75828418205274,0.7571216643400606,0.7582843245056116,0.7571210498811409,0.7555566384013561,1.0,1.0,0.3460368404882879,0.2672054098678032,0.7721877517167054,1.0,0.7571209076468046,1.0
1559,-69.81612330053144,-140.37489795954298,-69.81545257726626,-140.45932857126112,-69.81625145754231,-69.81531687316831,-140.39034788368957,-140.45935608837067,-140.37490405268613,-140.37489590843586,-140.37490779100847,4.768225191453743e-16,1.0,4.571122747580856e-16,0.9586633525140212,1.0,0.999935923547552,1.0,1.0,1.0,1.0,1.0,4.731532739062823e-16,4.729946230560689e-16,0.9660843764712514,1.0,1.0,0.9586501627825138,0.9996006396275656,4.768516214338986e-16
1560,-105.98636792235118,-142.55661481857422,-105.98635324601418,-142.55661747168293,-105.98631661799314,-105.98537319818251,-142.72926205056922,-142.1755506203837,-143.48100767189788,-142.17513112923132,-143.67241697306088,1.1451748077082967e-08,1.0,1.1451732885726777e-08,0.9999986734465255,1.0,1.0,1.0,1.0,1.0,1.0,1.0,1.0504657947436074e-08,1.0504580862768851e-08,1.0,0.6866896670907701,0.5206233029235005,1.0,1.0,7.213255030744629e-09
1561,-51.58308167074355,-137.33543098249214,-53.38077459060631,-138.03535131286296,-53.3807176522256,-53.38071871309995,-138.03524224508084,-137.33537856980047,-138.03468680749154,-138.03528728795254,-138.03536350101584,2.3939437509418684e-19,0.40703892473975,1.6870508507646215e-19,0.704716161397224,1.0,0.4070505129733333,1.0,0.40705029705866547,1.0,1.0,1.0,1.6871428547205742e-19,4.1449177269699317e-19,1.0,1.0,0.7049318702058307,1.0,1.0,4.1459509748361904e-19
1562,-110.52661632564087,-133.12257489922507,-111.31765160859368,-134.47524465519007,-111.31783029463946,-111.31782696647085,-132.5192445655094,-133.12259138779524,-134.4757308916985,-134.4758122212949,-134.47585206453817,1.2397951671356762e-05,0.6733314047603484,6.304075904614333e-06,0.5084772123429683,1.0,0.6732712499844831,1.0,0.6732723703655379,1.0,0.9999123249051016,1.0,1.676337484801849e-05,2.4896172567481647e-05,0.7395795638964399,0.3759710387745533,0.5083577983060643,0.9999917557489001,0.9999106609680762,9.361076171189511e-06
1563,-112.52847063331095,-138.28283772565612,-112.52972351027731,-138.2828394444769,-112.52972501466797,-112.5297234990278,-138.45934523016965,-138.2828395526638,-138.28284301468196,-138.2828411961788,-138.28284130385305,2.5557021801584945e-06,0.9993737576884404,2.555699983762429e-06,0.9999991405899775,1.0,0.9993730059644461,1.0,0.9993737633096738,1.0,1.0,1.0,2.339818259644797e-06,2.3412844710439644e-06,1.0,1.0,0.99999826899242,0.9999990864965775,0.9999992478049493,2.557298832695229e-06
1564,-140.09177829607805,-140.0866439239204,-140.0917751520211,-140.08625350089937,-140.09177156905676,-140.09177469330942,-138.83298692478758,-140.08077858502577,-140.04005047310085,-140.0859052500055,-140.08006014065077,1.0,1.0,1.0,1.0,1.0,1.0,0.9974394612179553,1.0,0.9974379030927286,1.0,0.9972432107367332,1.0,1.0,0.5358527744798898,0.5468767760962714,1.0,1.0,1.0,1.0
1565,-45.79745550367048,-139.8680893324954,-45.79739271381959,-141.203839234451,-45.79745999568385,-45.79745110674466,-140.12341571745208,-139.67846112986425,-141.14845270703552,-139.67840919736594,-139.6784140264272,3.739567782091681e-21,1.0,1.917639662795728e-21,0.5127971398136055,1.0,0.999997753995835,1.0,1.0,1.0,0.9999708039636778,1.0,3.2913797243966757e-21,3.2912763933976642e-21,1.0,0.598985136643315,0.47950747837532404,1.0,0.9999663596337192,1.971491961941944e-21
1566,-151.31357449840107,-153.18837838527918,-151.44256513255928,-153.34379167347427,-151.44293353445872,-151.44352165990819,-152.42492734312074,-153.18837824067225,-153.1177108664514,-153.3437903529582,-153.19585834786932,0.3916440280605203,0.9375405046797872,0.3623630795818881,0.9252358101216668,1.0,0.9373678247328193,1.0,0.9370922203206785,1.0,0.9995218506753883,1.0,0.5736840771857734,0.6119032450568231,0.6826824587828277,0.7072353651227401,1.0,1.0,0.9998158160142352,0.4328393370118384
1567,-139.76935449680764,-153.8726823792867,-142.42536014723154,-155.29834677174793,-142.42542319038,-142.42501118153797,-154.81064750409163,-153.8726829135606,-155.26638518078803,-155.29834672342662,-155.29834664942203,0.0008659668399034486,0.2650059964305924,0.00042454347728460614,0.49025373457942234,1.0,0.26499764315605967,1.0,0.2650522394654563,1.0,1.0,1.0,0.0005417821884396824,0.0020444148273511997,1.0,0.7962286876567243,0.4981514490594603,0.9999997328630813,0.9999684789225706,0.0016278730473201634
1568,-101.1392820588469,-142.3388988060371,-101.13926481989574,-142.3388912065156,-101.13927825713796,-101.13927929148497,-140.6352148060649,-141.87461309391904,-142.2161931130941,-141.86194519311098,-141.87970218678873,1.1314018774743204e-09,1.0,1.1314061765389329e-09,1.0,1.0,1.0,1.0,1.0,1.0,0.9999927642315659,1.0,2.651961257251572e-09,2.6519383988347967e-09,0.538106305793921,0.45362284979279455,0.8429985765052876,1.0,0.9999932814014615,1.2029879363473699e-09
1569,-9.988555178215194,-137.40439593620692,-9.987933724552505,-137.39959800656612,-9.98839316026718,-9.988550521089053,-137.39857998195828,-137.40431202140175,-137.4043120551994,-137.4042924512436,-137.40431208942903,2.1478390095471736e-28,1.0,2.1529977851574855e-28,1.0,1.0,1.0,1.0,1.0,1.0,0.9996916492815838,1.0,2.1540939664816607e-28,2.1534247356684145e-28,0.9971380833919821,0.9971380665415216,0.9999999831011764,1.0,0.9997703085257895,2.1477550984018867e-28
1570,-113.98249393549011,-135.76690436979095,-113.98249310484692,-135.7665308839734,-113.98228776039946,-113.97324876913981,-136.36663736766496,-135.76690332161712,-135.76689801162135,-135.7668990722115,-135.7669024799985,1.860267412997337e-05,1.0,1.8606148371836465e-05,1.0,1.0,1.0,1.0,1.0,1.0,1.0,1.0,1.3783039876544625e-05,1.3783034152151717e-05,1.0,1.0,1.0,1.0,1.0,1.8600815658279452e-05
1571,-124.67144567461182,-161.7896446650205,-124.66987888513353,-161.7896343432821,-124.6714271331472,-124.67100005491821,-162.11266186758903,-161.7896446109777,-161.7887103459974,-161.7896336875819,-161.7895336958435,8.70733994442096e-09,1.0,8.707384881979392e-09,1.0,1.0,1.0,1.0,1.0,1.0,0.9994395722060129,1.0,7.408720412014968e-09,7.402918732219828e-09,1.0,1.0,1.0,1.0,0.9992261755498476,8.71132785061759e-09
1572,-108.7909869712185,-122.21913753506902,-108.7909865505726,-122.21913772059145,-108.79070383915288,-108.79098615780117,-122.03230795496222,-122.21911505402011,-122.2191151392276,-122.21913770620182,-122.21911500972362,0.0012137078307286938,1.0,0.0012137077181436893,0.9999999072387923,1.0,1.0,1.0,1.0,1.0,1.0,1.0,0.0013325505161023703,0.001332550235836442,0.9108258627732834,0.9108258239686918,0.9999999573962564,1.0,1.0,0.0012135496122437132
1573,-81.8882637536176,-134.55777706511032,-81.888253137318,-133.50493210289847,-81.88825626935193,-81.88825826719165,-134.55158123938165,-133.5049536599738,-133.5049499207382,-133.50492729473206,-133.50495478140357,3.655615433121379e-12,1.0,6.188464170484451e-12,1.0,1.0,1.0,1.0,1.0,1.0,0.9999974350664683,1.0,3.666957770914693e-12,3.666938306205216e-12,1.0,1.0,1.0,1.0,0.9999984339842639,6.188385880393328e-12
1574,-125.76732481840304,-127.36873571221702,-125.76732361844788,-127.36873448290942,-125.76731975955408,-125.767320961835,-126.20977440368301,-127.36873538132451,-127.27544102797725,-125.81654986336244,-125.9710334139242,0.4490120981684572,1.0,0.4490123741555345,1.0,1.0,1.0,1.0,1.0,1.0,1.0,1.0,0.8015364805356594,0.801535999631884,0.5601893155951698,0.5869396283978163,1.0,1.0,1.0,0.470452334057739
1575,-141.99560571909183,-150.63746073084454,-143.0197333746873,-151.8881421513443,-143.0196528318275,-143.0177821019853,-151.6262956234613,-150.6374546327015,-151.886718862474,-151.8881426063164,-151.88814204087402,0.013287553541261514,0.5992575373359461,0.0071098920641989895,0.5350790905278997,1.0,0.5992816707797912,1.0,0.5998424800722817,1.0,1.0,1.0,0.008104425956226697,0.013524111840554657,1.0,0.8779096284593435,0.5354583794559428,1.0,1.0,0.011872469870218444
1576,-2.087044711169,-141.39980222607574,-2.1490945894021536,-141.39977000107967,-2.1490943732218,-2.1490940335292805,-141.41136379647207,-141.39981373212765,-141.39965956103998,-141.39960857907002,-141.39956678399096,5.605560913901105e-31,0.9694513955131754,5.605651234217939e-31,1.0,1.0,0.9694515003013537,1.0,0.9694516649590791,1.0,1.0,1.0,5.573249851976337e-31,5.748869801797719e-31,1.0,1.0,1.0,0.999994246990589,1.0,5.782610873462349e-31
1577,-75.54135418826058,-129.05522393345302,-75.54511565725676,-129.07640168580315,-75.5413651608574,-75.54131595398255,-129.17335374552198,-129.06851738066274,-129.36322821950267,-129.05501173986414,-129.35116873842844,2.3966843068393174e-12,0.9981210329748162,2.3714400037577513e-12,0.9894669886185963,1.0,0.9999945137166439,1.0,1.0,1.0,1.0,1.0,2.2592238775682035e-12,2.263476875980433e-12,1.0,0.9094300112416318,0.8629872004920732,0.993375317002835,1.0,2.0546172685867407e-12
1578,-122.0286143333428,-142.25541266968594,-122.21049012331235,-142.25541466833013,-122.40125879685252,-122.57970503054275,-141.15596687269868,-142.21067763983268,-142.61179264759446,-142.72263897212156,-142.21067953079793,4.05327946054921e-05,0.9130744156389068,4.053275410019503e-05,0.9999990006784022,1.0,0.8300060975648054,1.0,0.7591580045607668,1.0,0.8314305948760596,1.0,7.02341238943173e-05,7.692048171689519e-05,0.5901636642198536,0.48291583873012434,0.8182744347171869,1.0,0.909023496167094,4.0863761058395685e-05
1579,-44.268723576458285,-130.3041614018173,-44.64776150470021,-131.15356269587352,-44.64776155564533,-44.647757520411886,-130.47896204033358,-130.30467862099056,-131.14708482101173,-131.1535626677287,-131.15356260412514,2.0779832961271341e-19,0.8273570266499469,1.358929431694176e-19,0.6539655223537602,1.0,0.8273570055750464,1.0,0.8273586748660604,1.0,1.0,1.0,1.904077301265553e-19,2.3013973894382136e-19,1.0,0.7160098247920177,0.6562568021096287,0.9997414238499532,0.9999999745274412,1.6478231835627343e-19
1580,-124.70557190868001,-133.11935998920242,-125.91804782774275,-134.6613132845008,-125.91824689785238,-125.91680117282954,-134.66132221626407,-133.11896286108845,-134.64998651436258,-134.66131534448252,-134.6612631934197,0.01489255224596353,0.5453988268672845,0.0068887151764677685,0.4625610884349848,1.0,0.5453445432667613,1.0,0.5457388949067352,1.0,1.0,1.0,0.006888684412349898,0.012630544975532502,1.0,1.0,0.46509582161386476,1.0,0.999900469898634,0.012703600671563809
1581,-145.4507921034246,-148.0787376921354,-145.45069287686997,-148.0787284389205,-145.45073124024978,-145.45072326184854,-149.37052343220643,-148.07874240516193,-147.65983275144956,-148.07871980063373,-148.07873318340546,0.2687502432685403,1.0,0.2687514866732941,1.0,1.0,1.0,1.0,1.0,1.0,0.9999848076261191,1.0,0.14087734449384012,0.14087035528046107,1.0,1.0,1.0,0.9999976434895129,0.9999808184940598,0.3313597103036679
1582,-145.55484366842796,-146.8528742826133,-145.55478096976134,-146.85286811286102,-145.55483434850754,-145.55483853733332,-147.34932587339557,-145.66734037002928,-146.85206724801506,-146.85287489254216,-146.8529173505582,0.5225600847108334,1.0,0.5225616967464577,1.0,1.0,1.0,1.0,1.0,1.0,0.9999712166282563,1.0,0.4076928924945872,0.40768011179454555,1.0,1.0,0.5530187129888098,1.0,0.9999733109830572,0.522768553207472
1583,-79.99254515463329,-133.9529655890025,-79.99254132279094,-133.9529648016621,-79.99253471394246,-79.99253767886009,-133.91690567628265,-133.95302550942614,-133.95302395575683,-133.95296439651437,-133.953024541968,1.917094768624802e-12,1.0,1.9170955233280412e-12,1.0,1.0,1.0,1.0,1.0,1.0,1.0,1.0,1.9519733887859033e-12,1.9519696489623407e-12,0.982102186399283,0.9821029493305911,1.0,0.9999700402369837,1.0,1.917028814562762e-12
1584,-112.65428320718269,-131.16826590795017,-112.65427170507476,-131.16826705404796,-112.65385834800685,-112.65402756925593,-131.17564563323603,-131.16826383498298,-131.17962723866148,-131.168267125172,-131.17892920561158,9.54420452811556e-05,1.0,9.544199058821287e-05,0.9999994269512705,1.0,1.0,1.0,1.0,1.0,1.0,1.0,9.50905261711542e-05,9.508997930197944e-05,1.0,0.9980111776206257,0.9943344085028167,1.0,1.0,9.48812502787678e-05
1585,-107.70158252003358,-125.65109859613503,-107.70158143056943,-125.65109719413528,-107.70157665263343,-107.70150290783701,-125.62412480575986,-125.65108488379931,-123.37190613540099,-125.65109692684047,-125.65108350411623,0.00012656455825365518,1.0,0.000126564646975426,1.0,1.0,1.0,1.0,1.0,1.0,1.0,1.0,0.00012828308392369742,0.00012828301404380597,0.9866104098321102,1.0,1.0,1.0,1.0,0.0003955771416391358
1586,-134.36679008021625,-134.3646939189066,-134.36728689452337,-134.36637453856707,-134.36728220379075,-134.36717860559185,-133.59433934511065,-134.36624148444596,-134.34999544348221,-134.36619537704723,-134.3650221382333,1.0,0.999751623696939,1.0,0.9991600431311948,1.0,0.9997539684834672,0.9987066945991304,0.999805756179975,0.9987584280463891,1.0,0.9995980472922565,1.0,1.0,0.6798037878918199,0.6853483367391022,1.0,0.9992265165230022,1.0,1.0
1587,-130.69011684157235,-130.6897004223141,-131.02818144372793,-131.02795774457553,-131.02775290751796,-131.0281568513654,-127.09759288411027,-130.68957938884319,-130.9975801823564,-131.01668073088928,-131.02786517875313,1.0,0.8444816252788088,0.8445760854732729,0.8444002549051951,1.0,0.8446625901431575,0.8444867415658495,0.844492009241792,0.8443161961773731,1.0,0.9999004515603426,1.0,1.0,0.16596252778107246,0.1422749751545034,0.8572716808831919,1.0,1.0,1.0
1588,-122.23313535232302,-136.5529037976838,-122.2331717829176,-136.55290305616913,-122.23317096125447,-122.23311109889954,-136.14896998104481,-136.55290081642858,-135.0503436148851,-136.5529015407334,-136.5528998884499,0.0007771445237191153,0.9999817848686092,0.0007771448118512008,1.0,1.0,0.999982195692771,1.0,1.0,1.0,1.0,1.0,0.0009510753041674365,0.0009510926284446286,0.8171231854593999,1.0,1.0,1.0,1.0,0.0016473516736397647
1589,-101.24071910874801,-128.5710457606181,-101.24052775934877,-130.2312606613625,-101.24070558117066,-101.2407044846409,-130.23299853916058,-128.57102684322447,-128.57089107195202,-128.57106865495012,-128.57094203229363,1.162237738839352e-06,1.0,5.067384843926931e-07,0.4360024351805496,1.0,1.0,1.0,1.0,1.0,0.999911641257796,1.0,5.062983508642333e-07,5.0624991323876e-07,1.0,1.0,1.0,1.0,0.9999110930415114,1.1623197731066121e-06
1590,-119.37568571490837,-132.36434486920308,-120.02241163258239,-132.87524408121783,-120.02237965859501,-120.0221638060026,-132.87524702077582,-132.36434465931765,-132.36442172317982,-132.87523974610113,-132.8752441484529,0.001511988545248481,0.7237111293417781,0.0011711381992834233,0.7745681691596127,1.0,0.7237226993995196,1.0,0.7238008123250921,1.0,1.0,1.0,0.0011711364779703635,0.0016182374852180628,1.0,1.0,0.999961468811263,1.0,1.0,0.0020891018707206747
1591,-71.33106692248128,-146.94412647790156,-71.33168930738157,-146.94413361993736,-71.33162459247865,-71.31493474272312,-146.9168126425165,-146.94417317776518,-146.94417236041141,-146.9441307824184,-146.9441726106045,3.8091908954548534e-17,0.9996888559652071,3.8091772927902784e-17,0.999996428988477,1.0,0.9997212038721838,1.0,1.0,1.0,1.0,1.0,3.8615695534005496e-17,3.862771431689281e-17,0.9864128819824766,0.9864132851067005,1.0,0.999976650340799,1.0,3.810165768300384e-17
1592,-108.26641457846318,-124.1837710496601,-108.26634820489929,-124.18377646604307,-108.26628826782502,-108.26628420152207,-124.2528310923299,-124.18376941261027,-124.18377543872964,-124.18377694047177,-124.18377480831015,0.0003496149207515155,1.0,0.00034961397392864533,0.9999972918121792,1.0,1.0,1.0,1.0,1.0,1.0,1.0,0.00033774875849765983,0.000337737549889248,1.0,1.0,0.9999969869448566,1.0,1.0,0.0003495920742140557
1593,-138.22066233333413,-138.20738526911612,-138.22083850256666,-138.22083755508356,-138.2209898041173,-138.21878729485167,-137.81072257044536,-138.22080596962002,-138.201044500354,-138.22018536521767,-138.22079061931137,1.0,0.99991191926307,0.9999123929630056,0.9932964268849237,1.0,0.9998362780123266,0.9932208155522969,1.0,0.9943152070680922,1.0,1.0,1.0,1.0,0.814613346662771,0.8227022211720129,1.0,0.9933121138728345,0.9999243520861325,1.0
1594,-109.4791827046202,-138.89401632131097,-109.48355009617404,-138.89401676891254,-109.48336065116547,-109.4835480607731,-138.90031303188925,-138.89400299401854,-136.54315361447277,-138.89401686313337,-138.89400346992463,4.0987368571177505e-07,0.9978186867521469,4.098735939817341e-07,0.9999997761992427,1.0,0.997913207113512,1.0,0.9978197022332098,1.0,1.0,1.0,4.0858528695823215e-07,4.0947848780839925e-07,1.0,1.0,1.0,1.0,1.0,1.3305788542528304e-06
1595,-137.7360780281892,-145.44344630548792,-137.73567706141478,-145.44373670350342,-137.73558543630273,-137.73608119649688,-145.47502779293558,-145.4435754003684,-145.4437370039374,-145.4437371400179,-145.44373681605606,0.021201483175361923,1.0,0.021198404964524083,0.9998548115331187,1.0,1.0,1.0,0.9999984158474191,1.0,0.999797952873217,1.0,0.02086932539900229,0.020865141865335855,1.0,1.0,0.9999192014798702,0.9999354546429093,1.0,0.02119318134271472
1596,-145.05267435929343,-148.92117441147667,-145.05268584708926,-148.92114860583928,-145.05283118497286,-145.05282460104212,-148.86875119281473,-148.9211873655602,-148.67628743422352,-148.92122907934308,-148.92124221359768,0.14453262388355193,0.9999942561185806,0.14453448877382474,1.0,1.0,0.9999215902344935,1.0,0.9999248819471599,1.0,0.9999306254300999,1.0,0.14837114367876425,0.1483719959099147,0.9741226235720423,1.0,1.0,0.9999935229792108,0.9999273336985263,0.16337156628771315
1597,-85.78183638043612,-139.17424184364535,-85.78180437609194,-140.77354470325434,-85.78183713799905,-85.78183763382279,-139.8273376430103,-140.34844621475347,-140.34849277533283,-139.17455567358263,-140.34849994236563,2.5467508858512194e-12,1.0,1.144727885892312e-12,0.4494856141022603,1.0,0.9999996212186069,1.0,0.999999373306861,1.0,0.9999833712728347,1.0,1.8372510953956157e-12,1.8372216956226494e-12,0.7706243212275956,0.7706063810789885,0.999976719981302,0.5559359520319477,0.9999836191806135,1.4157979540341428e-12
1598,-44.43069089820372,-119.36482882532042,-44.43069098989159,-119.36482862704992,-44.43069137646373,-44.43043063611307,-119.23507627482712,-119.32749484079591,-119.32749523283272,-119.36482896373755,-119.32749491541108,5.348828780134158e-17,0.9999999541560679,5.348829310391642e-17,1.0,1.0,0.9999997608700257,1.0,1.0,1.0,1.0,1.0,5.70734471910309e-17,5.707344980750233e-17,0.9548421090723053,0.9548419219056963,0.9999998039816141,1.0,0.9999998067139488,5.4496133037326367e-17
1599,-64.32112092649484,-126.80875836515455,-65.52554453093174,-128.10113491898719,-65.52552664280694,-65.52414388844812,-128.09931202326692,-126.80873873217843,-128.09677843561863,-128.2530760245039,-128.10113673395352,2.697627229068147e-14,0.5475991147228443,1.4136631379415425e-14,0.5240394679845635,1.0,0.5476040125053999,1.0,0.5479827443311825,1.0,1.0,1.0,1.4149522055532838e-14,2.5839198192813663e-14,1.0,1.0,0.5251770412963237,1.0,1.0,2.5871720471886554e-14
1600,-138.16196521134253,-138.19992493148334,-139.30859234287135,-139.31283102639685,-139.30858235700617,-139.3084361297079,-139.0299372113245,-138.17487869952214,-140.1560169652863,-139.31152188081026,-139.34910615283144,0.981199123325077,0.5636546341955804,0.5624613223540305,0.5732387126967334,1.0,0.5636574484921977,0.5744577579544519,0.5636986610517021,0.5744997601928608,1.0,1.0,0.647921326326267,1.0,1.0,0.5694752951212816,0.3713652746766718,1.0,1.0,0.6546089109831582
1601,-109.94180242351172,-141.42160627596752,-109.9418472629252,-141.42160887524057,-109.94174764779939,-109.94181184391408,-141.42282549744013,-141.49005771979927,-141.49005938392415,-141.49006012283104,-141.49005937205496,1.459645684954671e-07,0.9999775805445815,1.459643787947061e-07,0.9999987003643217,1.0,1.0,1.0,0.999995289809911,1.0,1.0,1.0,1.4587561404394135e-07,1.4587888456909026e-07,0.9669426318635229,0.9669418273072118,0.9999991679379059,0.9663533528873924,1.0,1.4104936971045973e-07
1602,-127.95582503324499,-148.31497424662246,-128.73291046209576,-149.3485791665168,-129.04411617119084,-128.9652038245663,-149.35482128489474,-148.04463527872338,-149.63914830451273,-149.34866615453006,-149.3486512125367,3.7937343790989444e-05,0.6780442589904133,2.2626764858251465e-05,0.5964245937435813,1.0,0.58033742986806,1.0,0.6036930559922224,1.0,0.8903446168707373,1.0,2.2556255475089104e-05,3.326664178039745e-05,1.0,0.8674794034974795,0.45056338487077374,1.0,0.855899039293046,3.371674139494269e-05
1603,-134.8632380501834,-147.19456145597496,-136.98598239959077,-147.19456167220795,-137.02044824612207,-135.34272778395905,-147.19449320029085,-147.1945661340173,-147.19456644438088,-147.1945617016095,-147.85821803104386,0.0021003281114796504,0.34598073844653215,0.0021003278843995483,0.9999998918835106,1.0,0.3400695586712207,1.0,0.7868285814849999,1.0,1.0,1.0,0.0021003997923688547,0.0060708575910894255,0.9999635338016865,0.9999633786255628,0.9999998448182175,0.9999976609815703,0.9829147142645774,0.0061761566693835845
1604,-85.15639215937557,-125.00871070856067,-85.15639195698753,-125.00870674317773,-85.15607309141797,-85.1563912420711,-123.78920288114631,-125.02613382045166,-125.14794250458527,-125.01866389774872,-125.01772903616518,2.2191107717019023e-09,1.0,2.2191151715182684e-09,1.0,1.0,1.0,1.0,1.0,1.0,1.0,1.0,4.083116219037478e-09,4.083115805850564e-09,0.5387705633547499,0.5069363570762692,0.9409132412872384,0.9913262797091447,1.0,2.0695498717349735e-09
1605,-81.27140106891272,-131.0324212094301,-82.88719504542269,-132.98674861440895,-82.88718969583766,-82.88357397095712,-132.11736551922448,-131.0324069638357,-131.0313637665343,-132.1174384512645,-127.15989417479051,1.5650628026500605e-11,0.4457945923786655,5.8905380496685935e-12,0.3763771038257618,1.0,0.44579578478829784,1.0,0.44660245119489117,1.0,1.0,1.0,9.097856995346867e-12,2.0408181595031553e-11,1.0,1.0,1.0,1.0,1.0,3.5125735979247454e-11
1606,-145.30120724157328,-149.98482533607827,-145.3011994739207,-149.650220824372,-145.30119695550945,-145.30120481982567,-149.95103558045574,-149.984823613941,-149.63463340046798,-149.98482190694273,-149.65041856832826,0.09615353450962341,1.0,0.11366420000938823,1.0,1.0,1.0,1.0,1.0,1.0,0.9999973270510819,1.0,0.09779183721918154,0.09779145741341026,0.9832478869268259,1.0,1.0,1.0,1.0,0.11455293797064199
1607,-120.66745519583301,-125.84023589465568,-121.45910132463234,-126.64780280019895,-121.45903969800534,-120.66744083595677,-124.87760824676232,-125.87014895083587,-125.84944617956225,-126.616074447708,-121.57879252014428,0.0752913255454822,0.6731257853164269,0.050278697416790856,0.6677887134078729,1.0,0.6731465268718315,1.0,1.0,1.0,1.0,1.0,0.12183635032900487,0.18100086638596283,0.6087970293054816,0.6151316516261967,1.0,0.9851547652313958,1.0,0.11133593120396267
1608,-38.20453053065481,-142.15080380639876,-38.20451358858537,-142.15080311535525,-38.20452803687709,-38.20452894016364,-142.1566136850721,-142.15073176481116,-142.15061997597084,-142.15080217918555,-142.15076204013042,2.681350273377238e-23,1.0,2.681351199842263e-23,1.0,1.0,1.0,1.0,1.0,1.0,0.9999923242403238,1.0,2.6735724160641064e-23,2.673549768235267e-23,1.0,1.0,1.0,1.0,0.999992775880233,2.6815933979372175e-23
1609,-84.06811351706699,-127.70439939527012,-84.36740573215508,-128.08870267238734,-84.36743636893647,-84.36704699905374,-129.43734606030264,-127.70577657758994,-128.0882857312535,-128.09220726688375,-128.08981459079902,3.345807236718441e-10,0.8610126283885323,2.760899002623665e-10,0.8251817296359085,1.0,0.8609994391617168,1.0,0.8611670791050001,1.0,1.0,1.0,1.4066832920778108e-10,1.6337545416848923e-10,1.0,1.0,0.825922300702563,0.9993116458645711,0.9999846817266314,3.207289695207041e-10
1610,-82.63607548049637,-130.5718062827999,-82.6360750757865,-130.57180646722847,-82.63598342680831,-82.63607271171315,-130.62618101247622,-130.57063293609463,-128.93051051113292,-130.57180694872,-130.57164152500718,3.8984171890018636e-11,1.0,3.8984168295121434e-11,0.9999999077857253,1.0,1.0,1.0,1.0,1.0,1.0,1.0,3.793857293012033e-11,3.793856525306344e-11,1.0,1.0,1.0,1.0,1.0,8.856684465649313e-11
1611,-114.75050461947123,-139.39341583955476,-115.09460209776847,-139.71089464627423,-115.09444355347443,-114.75050816101958,-141.20505066986897,-139.3938913128046,-139.7115292954077,-139.39338031546794,-139.71135003632003,4.4551242383161245e-06,0.841938136820489,3.8011952036783364e-06,0.853218675920707,1.0,0.8420048817097223,1.0,0.9999982292273917,1.0,1.0,1.0,1.8008117451350627e-06,2.138888436549129e-06,1.0,1.0,0.8531507727045491,0.9997622916321872,1.0,4.5130251201173965e-06
1612,-117.00821660052799,-125.45656515994699,-117.99823121276094,-126.2326714002719,-117.99820797765307,-117.99812230987487,-126.06163635161107,-125.45656267469141,-126.23153731785732,-126.46999400880395,-126.47031586598388,0.014637416132470823,0.6095664537165286,0.009929676297733496,0.6783763068473581,1.0,0.6095735354288194,1.0,0.6095996463932454,1.0,1.0,1.0,0.010816204252786663,0.01774409366991938,1.0,0.9185577673872326,0.6787602398022574,1.0,1.0,0.016298785712629042
1613,-78.23718623628804,-137.67486229904364,-78.71884536431656,-136.92531094525714,-78.71862302609054,-78.71848332762008,-136.85504232960022,-137.6745471309854,-138.62870465406104,-138.62897100441756,-138.6290260159846,1.2395745024505294e-13,0.7859755734949518,1.8031657217366514e-13,1.0,1.0,0.786062954559254,1.0,0.7861178623730858,1.0,1.0,1.0,1.867644782133303e-13,2.3762122451573876e-13,0.6638145898229775,0.411959118198145,0.6205936484583804,1.0,1.0,9.787934835148168e-14
1614,-120.11187218255722,-136.86098196254127,-120.11183973966223,-136.86202888182785,-120.11182277903231,-120.11170910180681,-136.73706914847457,-136.8605550393237,-136.8594914076048,-136.86049606326742,-136.8665317476846,0.00023066251493993024,1.0,0.00023054180401854354,0.9994766773378068,1.0,1.0,1.0,1.0,1.0,1.0,1.0,0.0002454055320479975,0.0002454015512473318,0.9401245190425148,0.9406246251419998,1.0,1.0,1.0,0.0002308287846421906
1615,-131.02473511248058,-139.04760821445237,-131.0247323638378,-139.04752748074,-131.02462759299578,-131.02469618806205,-131.7200309306437,-139.04969002993315,-138.85300880507492,-139.04538003379133,-139.04968736277226,0.01810736439179073,1.0,0.018108095343918003,1.0,1.0,1.0,1.0,1.0,1.0,1.0,1.0,0.7063475309881961,0.7063465602403458,0.02560853589576884,0.028254884400123265,1.0,0.998959633816153,1.0,0.019956694938765864
1616,-140.30000776229969,-142.72171121548809,-141.251652307296,-141.31213307012533,-141.25159699852688,-141.1863327158392,-143.68619947467033,-142.72171174392707,-143.00235138242536,-143.6907838526214,-143.6907967279895,0.2979434050078248,0.6213739076666702,0.6028645984945442,1.0,1.0,0.6213910916172773,1.0,0.6420028880578889,1.0,1.0,1.0,0.1839491614191188,0.2960361855390241,1.0,1.0,0.8690802423568568,0.9999997357805406,1.0,0.4167048123312781
1617,-143.39447740040674,-144.82614888204623,-143.39434914443848,-144.82592937279526,-143.3941305658869,-143.394417192878,-146.00633112180685,-144.82613348034528,-144.8063536609482,-144.82590481853674,-144.82597186554966,0.4887834447734507,1.0,0.48883709396144404,1.0,1.0,1.0,1.0,1.0,1.0,0.9999659763590591,1.0,0.27092131232215133,0.2709039392415901,1.0,1.0,1.0,1.0,1.0,0.4935596542224312
1618,-105.2343900704632,-125.5744913175534,-105.23324555890315,-125.57477061950584,-105.23374180937117,-105.23307141733932,-124.95629924014023,-125.57401430549126,-125.57717613114627,-125.57513634501811,-125.57339853437142,3.830038446623748e-05,1.0,3.829503615361427e-05,0.9998603587745206,1.0,1.0,1.0,1.0,1.0,1.0,1.0,5.217252279828746e-05,5.2142675311570434e-05,0.7342853742474202,0.7331254501912133,0.9984203361569123,1.0,0.999751905546511,3.8236608602483843e-05
1619,-48.62027195324191,-124.55863812835804,-48.619236048777736,-126.17670141631831,-48.618231461341026,-48.62027832422373,-124.56425521363875,-124.55863750584655,-126.16339761624266,-124.5586416739522,-126.17670035993135,3.237377192024295e-17,1.0,1.441568633271274e-17,0.4452890558513759,1.0,1.0,1.0,0.9999968145141627,1.0,0.9994789980456791,1.0,3.228297636265553e-17,3.2266259652592615e-17,1.0,0.44952167710661417,0.44826080802000123,1.0,1.0,1.449709952185869e-17
1620,-32.72174531474795,-140.33732821458327,-32.72189265519509,-140.33759538146498,-32.72188972501627,-32.72189058084189,-140.17457487921322,-140.33986995495283,-140.34521279518458,-140.33813835013007,-140.33930079474626,4.281274655408878e-24,0.999926332490013,4.2807027862061486e-24,0.9998664254810141,1.0,0.9999277974725682,1.0,0.999927369590747,1.0,1.0,1.0,4.644238641734607e-24,4.644580796436809e-24,0.9206755933201256,0.9182193642904922,0.9973321449515395,0.9987299370287398,1.0,4.264737778073293e-24
1621,-58.171720583625046,-128.04040685657358,-58.17198984727429,-128.0404081802892,-58.17148016681105,-58.17204542650316,-127.99751593907405,-128.0403840066533,-128.04038566056414,-128.04040843251457,-128.04038534034788,6.732983449412989e-16,0.9998653772378354,6.73297899313679e-16,0.9999993381424078,1.0,1.0,1.0,0.9998375917505904,1.0,0.9999722107716924,1.0,6.878934771129719e-16,6.87986095701506e-16,0.9787940426732895,0.978793233254591,0.9999991730449276,1.0,1.0,6.732245484833619e-16
1622,-80.6283771954902,-121.17870354205743,-80.62835254856049,-121.17870940906587,-80.62787920126615,-80.62837975653389,-121.21399596250436,-121.17870264457599,-121.17870914086089,-121.17870969131712,-121.17870879214871,1.565339390879985e-09,1.0,1.5653347989570095e-09,0.9999970665000827,1.0,1.0,1.0,0.9999987194789767,1.0,0.9999863961058322,1.0,1.5379593702000183e-09,1.5379404173285495e-09,1.0,1.0,0.9999967518628269,1.0,1.0,1.564945293496781e-09
1623,-138.62519201505762,-138.63621277492234,-143.41886658342185,-143.4298410124815,-143.41729101693937,-141.9968543357562,-142.61787095269705,-138.65247463780884,-143.25327448779086,-143.4271177407469,-143.42240901776216,0.9945047743630534,0.09100532258942193,0.09050732442194832,0.09100743078877144,1.0,0.09107704330390048,0.09158029770368095,0.18529036193444767,0.18631420050559316,1.0,1.0,0.1358315900798426,1.0,1.0,0.7278198155397186,0.10021875572225994,0.9919020351695552,1.0,1.0
1624,-78.56343483326683,-141.10492289722254,-78.58965886566114,-141.5388983084983,-78.56349817224697,-78.56342972032681,-142.02173624254226,-141.10491933196826,-141.93871601439363,-142.0941478134922,-141.1083634893322,2.6259619076730634e-14,0.9869735718017616,2.113741424682145e-14,0.8049398654663614,1.0,0.9999683310114026,1.0,1.0,1.0,1.0,1.0,1.6603702128276374e-14,1.6822843693743106e-14,1.0,1.0,0.6590879186171008,1.0,1.0,1.730797665974007e-14
1625,-152.27066227288947,-152.27035820271368,-155.30909058412664,-155.30878082430465,-155.30564441194542,-155.19842239217792,-150.8090553165992,-152.27019374730736,-155.27158360141033,-155.3053344799984,-155.3087384342353,1.0,0.21888382801033363,0.21891773134353873,0.2188844506969896,1.0,0.2192613088124009,0.2192279759339918,0.2313369300161119,0.23130176135912647,1.0,1.0,1.0,1.0,0.4816347581496939,0.10739258476949136,0.2229751548290735,1.0,1.0,1.0
1626,-123.94503278533108,-131.06354312663314,-125.59608808254114,-133.11065566259933,-125.59606486909934,-125.59603592653383,-133.110437757213,-131.0635431311647,-133.106209935895,-132.64611627049672,-133.11065676986095,0.028460014675955003,0.4380038193769412,0.010226105775123093,0.35931484546151066,1.0,0.43800890319453045,1.0,0.43801524179108065,1.0,1.0,1.0,0.01022721999758558,0.023349613736550895,1.0,1.0,0.36011444244658203,0.9999999977342213,1.0,0.023398753356571954
1627,-97.64074212256577,-130.8997483715628,-98.58199009733795,-134.87064155061975,-98.58198806613848,-98.58198723111167,-130.899665092095,-130.89974763925645,-126.3727203543433,-130.8997483951655,-134.87064078410594,5.996509916805312e-08,0.6246123964012323,8.234363947316534e-09,0.13731927507098088,1.0,0.6246130307577393,1.0,0.6246132915421072,1.0,1.0,1.0,5.996759615081185e-08,9.60076945259512e-08,0.9999587272710223,1.0,1.0,1.0,1.0,9.232496668095934e-07
1628,-112.90768159120063,-127.36276714679491,-112.90834098676666,-127.52531193855432,-112.9083422141295,-112.9083413739776,-127.50714820661204,-127.36278889196831,-126.01376896327946,-127.36277028880045,-127.50718432595147,0.0007263033610009813,0.9996703565613254,0.000669609953753084,0.921942523892822,1.0,0.9996697430823877,1.0,0.9996701630196919,1.0,0.9999998063945458,1.0,0.000675718960205593,0.0006759417799782895,1.0,1.0,1.0,0.999989127472407,0.9999993863187662,0.0014262404187884885
1629,-130.24000689838508,-133.20972437348502,-130.24024371010483,-133.20973715337868,-130.34567711110088,-130.24023577581744,-133.5066155434254,-133.20972406822614,-133.5059151293451,-133.20973965489074,-133.20973681738835,0.22653433921209262,0.9998816011498176,0.22653289167433419,0.9999936100735827,1.0,0.9485364072105414,1.0,0.9998855678316786,1.0,1.0,1.0,0.1952832280787542,0.19530635212627934,1.0,1.0,0.8623487303503012,1.0,0.9486487261289421,0.20595058674784109
1630,-122.54708590692624,-136.92367822343817,-123.4585556685912,-137.5601606415866,-123.45847551518193,-123.31736557269724,-135.28146275255574,-136.92367644028616,-136.07350509752064,-137.5587673874935,-137.56148128033328,0.0007553750642269594,0.6339818955721799,0.0005494804473742085,0.7274273051845295,1.0,0.6340073039864926,1.0,0.6803554934808828,1.0,1.0,1.0,0.0017169798670088068,0.0027082474736273036,0.43994443511880155,0.6729924468657733,1.0,1.0,1.0,0.0018225570504502337
1631,-137.68490466681604,-139.05229566610046,-137.93680597250676,-139.29900300910225,-137.692504895443,-137.691305530794,-135.21966721731792,-139.05229558397357,-139.19866629233778,-139.2987370092156,-139.29900643673403,0.5047482445567395,0.8816583530410381,0.4461727049249603,0.8839509790009884,1.0,0.9962070969834438,1.0,0.9968046839342948,1.0,1.0,1.0,1.0,1.0,0.14714832558597252,0.13676385349993272,0.9294285405920396,1.0,1.0,0.47091357308062776
1632,-116.26157038618385,-122.73100798751,-116.26141371416426,-122.70782762572568,-116.26156214506074,-116.26156547067237,-122.73100929960555,-116.40198688198532,-118.40032052559226,-122.70784320905005,-122.7078398002921,0.039371274559948495,1.0,0.03983024941694456,1.0,1.0,1.0,1.0,1.0,1.0,0.9999241246246304,1.0,0.03937124873051992,0.039368164664792094,1.0,1.0,0.3681860780246095,1.0,0.9999257873056615,0.34322152655747845
1633,-125.96055443607574,-141.4443875156194,-126.65779540382792,-142.5564139685584,-126.23899207086993,-125.96055173793695,-140.72975414366607,-141.44865038877685,-141.9243865982341,-141.4443900610858,-142.66468025863816,0.0004342385416273553,0.7056608891427784,0.00024903184795586013,0.5734908905657861,1.0,0.8700376282583843,1.0,1.0,1.0,1.0,1.0,0.0006207390002714107,0.0008796562340665801,0.6980614641637646,0.5502865000037107,0.7883066581578466,0.9978708333192217,1.0,0.0003926086421789946
1634,-140.51559570565252,-140.81380996133743,-141.35127544751217,-141.68501703010782,-141.35126480208496,-141.35126640926416,-140.8682060035295,-140.81380987304829,-141.64077165164431,-141.6850170463114,-141.68501590046597,0.8614768218022212,0.6584676597973919,0.5572670769028768,0.646874138455712,1.0,0.6584711646414907,0.7643515739215827,0.6584706355011232,0.7643509596968538,1.0,1.0,0.8383621189900071,1.0,1.0,0.6795782974068165,0.6613441730110701,1.0,1.0,0.8652356124718006
1635,-131.4273920604415,-145.21568970903905,-131.4273109490362,-145.21568881778384,-131.42736990357133,-131.42738715197595,-145.21519348784918,-145.21568940982505,-145.7877926420328,-145.79055060527696,-145.79055496513286,0.0010136994437597874,1.0,0.001013699895492345,1.0,1.0,1.0,1.0,1.0,1.0,0.9999618992559829,1.0,0.0010139509845355436,0.0010139098638747672,0.9997520697518505,0.751037588585419,0.7512238396984112,1.0,0.9999705231668902,0.0007615068660182776
1636,-136.21014913773186,-136.22164436913542,-136.2101480572278,-136.52764461986413,-136.2101418234424,-136.21014001727937,-134.34497307191316,-136.27451502799016,-136.59771340026435,-136.52764394824644,-136.3658083273018,0.9942688702412714,1.0,0.853211562063545,0.8581296142325192,1.0,1.0,1.0,1.0,1.0,1.0,1.0,1.0,1.0,0.38107046325128846,0.32420794478205445,0.8507821414861605,0.9739110251826807,1.0,0.823834360235843
1637,-68.04893734275296,-129.3260616361186,-69.91960964793981,-130.39686989877183,-69.91960967780705,-69.91957409124069,-130.3969065687391,-129.32606715077563,-130.38927281288716,-130.3967322259807,-130.39685644896596,4.9413034626627473e-14,0.39245391895301396,2.8928003838499614e-14,0.5854326506575456,1.0,0.39245391309225697,1.0,0.39246089619799257,1.0,1.0,1.0,2.892747344888499e-14,7.370922304982325e-14,1.0,1.0,0.5876622910324993,0.9999972426752848,0.9999999850663813,7.399110086345971e-14
1638,-57.87193939993213,-124.79679873384501,-57.87195718547275,-124.98805192577376,-57.87193481438905,-57.87195441196755,-124.98803754440988,-124.79678889483063,-124.79679410722645,-124.79680395642765,-124.79679259780727,2.933941462100925e-15,0.9999911072692302,2.6663756931510005e-15,0.9088033035402389,1.0,1.0,1.0,0.9999924940104605,1.0,1.0,1.0,2.66639486627948e-15,2.666418578022018e-15,1.0,1.0,0.9999973938054862,1.0,1.0,2.9339415223574617e-15
1639,-94.67340510546097,-138.72502013726205,-95.24700211454069,-139.39477920661005,-95.71757735659313,-95.79896917294187,-136.49271191879888,-138.6720786909781,-139.65123388469817,-139.72962248449795,-139.15816194422572,2.718399842616572e-10,0.7506629687797798,1.9448092093229764e-10,0.7154242649789953,1.0,0.5932815962093059,1.0,0.5696221494086177,1.0,0.7588254291197443,1.0,8.299518684248564e-10,1.1056251646114403e-09,0.33632296137922435,0.2061273735745216,0.6128852241583962,1.0,0.790343497526858,2.883551418495846e-10
1640,-128.446102170099,-145.15309794589524,-128.44662265681865,-145.15346598136648,-128.44660356594966,-128.44630420052636,-142.91213191797652,-145.15319338682343,-144.07702611853787,-145.15381012916765,-145.15390258437844,0.0002355710744046274,0.9997397905005474,0.0002355277291372093,0.999815999194605,1.0,0.999749333496775,1.0,0.999898989888192,1.0,1.0,1.0,0.0007223398135283338,0.0007225278221312711,0.3261066726493147,0.558529914168445,1.0,0.9999522806745074,1.0,0.0004035495504051089
1641,-102.89595477429805,-127.94291494992416,-102.89595565758395,-127.94291779450512,-102.8959576841155,-102.89595608376342,-128.1846899087584,-127.9429058613843,-127.94291079727432,-128.1847673219164,-128.18476727574918,3.640170314133693e-06,0.9999995583571442,3.640165136757784e-06,0.9999985777105305,1.0,0.9999985450923315,1.0,0.9999993452675268,1.0,0.9999997869102883,1.0,3.225677451712173e-06,3.2256788763102024e-06,1.0,1.0,0.9999975320580361,1.0,0.9999989867347399,3.6401831684482746e-06
1642,-43.186914804555215,-144.0409426959448,-43.61102549616544,-142.25529122759332,-43.61098177652258,-43.61084790034067,-144.30645427549067,-144.04080091842485,-144.35381011607956,-144.35384887487766,-142.20830246810158,1.2584214274780364e-22,0.8089199260029765,3.0730908121843257e-22,1.0,1.0,0.8089376090413836,1.0,0.8089917595929799,1.0,1.0,1.0,1.1019731111650035e-22,1.3622771250178688e-22,1.0,0.9766002022149449,0.8551275851097377,1.0,1.0,1.3303710337741455e-22
1643,-119.56545705079319,-137.17677601531935,-119.56545567420235,-137.17677302404323,-119.56533954355484,-119.5654529887301,-137.1144141632523,-137.17677556564055,-137.1767701336866,-137.1767705771291,-137.17677415183033,0.00014988241335357237,1.0,0.00014988263752358188,1.0,1.0,1.0,1.0,1.0,1.0,1.0,1.0,0.000154629510635077,0.00015462940420433037,0.9693004035094417,0.9693030361105952,1.0,1.0,1.0,0.00014987404822943556
1644,-95.77725897656182,-147.9224866655503,-96.03635566363218,-147.93594861485923,-96.03657360318314,-96.03662371316011,-148.12855528686276,-147.9225406856383,-147.9218382928533,-147.93598731283757,-147.92260253937766,4.751247767449837e-12,0.878492117975061,4.7193746281335275e-12,0.9932916276152397,1.0,0.8783963941018017,1.0,0.8783743861659685,1.0,0.9998659842169514,1.0,4.286081707911432e-12,4.8789074144352246e-12,1.0,1.0,1.0,0.9999729903207746,0.9998910361615082,5.410755712028834e-12
1645,-122.99011638306999,-132.94437058042755,-124.55579856947347,-134.58186555175095,-124.55578985119342,-124.55575145282023,-133.3459877550712,-132.94437739519535,-134.5817070516415,-134.581854094937,-134.58157651262195,0.006893839455836041,0.45710548543527174,0.0030400704656561835,0.4409836470854547,1.0,0.45710747802643026,1.0,0.4571162542024426,1.0,1.0,1.0,0.005639636386661264,0.012337713211406788,1.0,0.5390970609638541,0.4410200991706955,0.9999965926219048,1.0,0.006651195937726714
1646,-132.11170144097085,-132.10495825492234,-132.11096131720802,-132.1143376172318,-132.1145670582896,-132.11456756771017,-130.04664835536735,-132.11360193686713,-132.02808120890532,-132.11433598764484,-132.1136009877864,1.0,1.0,0.998682780166146,0.9953212982299601,1.0,0.998568217320884,0.9952071209935647,0.9985679629753195,0.9952068675041059,0.9981984994026317,0.9998850313702141,1.0,1.0,0.3557678773357346,0.3713105788701839,1.0,0.9956874847427107,0.9981987536540899,1.0
1647,-132.7519924491368,-134.20369850941253,-132.75198873272927,-134.20369720206762,-132.75196990675678,-132.7519811640465,-131.8664123903851,-134.21291662204013,-134.08524272315088,-134.20369026042385,-134.2129146479541,0.48391160166334735,1.0,0.48391191798313715,1.0,1.0,1.0,1.0,1.0,1.0,1.0,1.0,1.0,1.0,0.3093592315060387,0.3297517546050199,1.0,0.9954015490863701,1.0,0.5134326544839276
1648,-120.02623535404896,-137.74172457472713,-120.66068997864622,-136.69095349799522,-120.66065673134938,-120.66063777419552,-137.82646019093215,-137.7416933614574,-137.88402131161692,-137.8618498567403,-138.80812408645187,0.00014227558946589596,0.7281652154029137,0.00024060377322719274,1.0,1.0,0.7281773202660597,1.0,0.728184222383518,1.0,1.0,1.0,0.0001363735947132485,0.00018728386337129463,1.0,0.9716296551533606,0.9313091681113495,1.0,1.0,0.0001819675305938444
1649,-51.306575862305465,-116.56716428575086,-54.50657422465645,-117.17412612240861,-54.50654703874574,-54.273688385165826,-118.54686111670966,-116.56744040942704,-118.61758333765644,-118.69315304269605,-118.69272438133578,6.742846621660283e-15,0.20189668331254032,4.9778658990347574e-15,0.7382439759261588,1.0,0.20189942770379507,1.0,0.22682958701409522,1.0,1.0,1.0,2.505864457219888e-15,1.2411617744808396e-14,1.0,0.9652567889788644,0.3587708252503794,0.9998619476920105,1.0,1.1980235442474553e-14
1650,-145.2904234376856,-145.30763038235153,-148.01125360169766,-148.46733681125383,-148.01124974284892,-148.01116109746687,-148.46772425410475,-145.32028575242418,-148.40209633794274,-148.02960958214177,-148.0296770161403,0.9914334316252315,0.2565542637907671,0.2042405758074535,0.20600533459180126,1.0,0.25655475879329376,0.2587715429090687,0.25656613024260355,0.2587830126143933,1.0,1.0,0.20420101386409284,0.7959369329781596,1.0,1.0,0.2141871115901764,0.9936922926030212,1.0,0.8224864278714421
1651,-100.95000663477833,-139.62903283783368,-101.92868334109204,-140.66729863276527,-101.92966844918973,-101.93132419262403,-140.67103709605155,-139.62901271448476,-140.6656347310738,-138.46880406503087,-140.66729863365947,3.989846405979058e-09,0.6130318706304696,2.3741033704016738e-09,0.5950362818087218,1.0,0.6127299936519854,1.0,0.612222941735922,1.0,0.9986804456125329,1.0,2.369669766265124e-09,3.865491958563352e-09,1.0,1.0,0.595525536714371,1.0,0.9995075672359844,3.877857056389771e-09
1652,-93.37670603457548,-123.27784399234625,-93.37670669572788,-123.27784470243802,-93.37670867432158,-93.3765960214219,-123.43961127572771,-123.27785237234593,-123.27785508472658,-123.27784669659286,-123.27785306056748,3.214033441064942e-07,0.9999996694238553,3.214032299935801e-07,0.9999996449541788,1.0,0.9999986801278211,1.0,1.0,1.0,1.0,1.0,2.9643062650407694e-07,2.9643072449700346e-07,1.0,1.0,0.9999986438105951,0.9999958100089359,0.9999990107036387,3.214019857569103e-07
1653,-58.604281045920175,-128.05050884958737,-60.43539893755556,-129.54536806339343,-60.4353981858367,-60.43512558305659,-129.54508154001988,-128.0504958681134,-129.53829164075893,-129.54538558297855,-129.5453792207732,8.316550671114179e-16,0.4002928215508812,3.9385710472693346e-16,0.47358228224943744,1.0,0.40029297200474084,1.0,0.4003475362117594,1.0,1.0,1.0,3.9391353340204236e-16,9.840634460440137e-16,1.0,1.0,0.47525779952996594,1.0,1.0,9.874095981739508e-16
1654,-34.53013218067957,-125.41035324283192,-34.530131714030375,-125.41035361884045,-34.53012914784213,-34.53012164652981,-125.4821699579415,-125.36955518943316,-125.41019459776464,-125.41035448264756,-125.41019373471897,1.8433624618036447e-20,1.0,1.8433621152436687e-20,0.999999811995753,1.0,1.0,1.0,1.0,1.0,1.0,1.0,1.7783446705367395e-20,1.778344255605228e-20,1.0,1.0,0.9798853497957277,1.0,1.0,1.843505892254987e-20
1655,-109.55561382942648,-125.68079855772123,-109.96152771282189,-126.04915971218378,-110.02226973175496,-110.15191280870945,-126.0492924773229,-125.65928096827525,-126.27056547031344,-126.98599004010288,-127.15005052851262,0.00031510886863121414,0.8163133897375925,0.00026210301580711643,0.8317855887257408,1.0,0.7918938284317993,1.0,0.7421903816803663,1.0,0.909197853435856,1.0,0.00026208561731292334,0.0003210600494954174,1.0,0.8952641214342215,0.7366501081473584,1.0,0.9700855558505013,0.000296297106379593
1656,-117.92097183430286,-140.4024040482961,-117.91530277167428,-140.3913734735152,-117.92084394934884,-117.92097010642354,-140.67040507369123,-140.3606299683625,-140.356270812739,-140.35629814117857,-140.35626669111454,1.312861830633746e-05,1.0,1.3201226452681598e-05,1.0,1.0,1.0,1.0,1.0,1.0,0.9971703436712129,1.0,1.1482153245818632e-05,1.1449652806405063e-05,1.0,1.0,1.0,1.0,0.9972332457018453,1.3434111763613806e-05
1657,-116.20737131374347,-155.33606852811704,-116.20735104577693,-155.33606968239894,-116.20736693917962,-116.20736951364768,-155.3792452031555,-155.33605062286048,-155.33605246541964,-155.3360701616646,-155.33605206170586,3.1864811805464626e-09,1.0,3.1864793414982093e-09,0.9999994228592146,1.0,1.0,1.0,1.0,1.0,0.9999907661072599,1.0,3.1184275744779618e-09,3.1183959725452343e-09,1.0,1.0,0.9999990787208455,1.0,0.99999205333023,3.1864998026096775e-09
1658,-139.11008216677095,-140.02846313067215,-139.1099323978677,-140.0284439424657,-139.10911797908895,-139.10991614745063,-141.16245444835207,-140.02846307983134,-140.00651104574644,-140.02843950892196,-140.02844437544633,0.6317948879143144,1.0,0.6318009494487593,1.0,1.0,1.0,1.0,1.0,1.0,1.0,1.0,0.3583711345838123,0.3583442991627125,1.0,1.0,1.0,1.0,1.0,0.6384598205746961
1659,-96.3583193053494,-123.3168471147984,-96.35801809984991,-123.31684840049084,-96.35827618131833,-96.35831659237897,-123.32179527335262,-123.31684373170759,-123.31684525191818,-123.31684861951675,-123.31684372171523,1.3996842188848028e-06,1.0,1.3996833191033872e-06,0.9999993571539895,1.0,1.0,1.0,1.0,1.0,0.9998507648721423,1.0,1.3962255694150751e-06,1.396015309838296e-06,1.0,1.0,0.9999992398949946,1.0,0.9998709675911892,1.3996553428918276e-06
1660,-115.15008317102308,-131.2663449347614,-117.44599027889632,-132.80634990675873,-117.44682017745498,-117.44678161968915,-132.80601920082773,-131.2663713860462,-132.8269695264271,-132.8268982572382,-132.82693701938544,0.0003165178620267069,0.3172854129299185,0.00014655154214490525,0.46301191726279156,1.0,0.31715378288826496,1.0,0.3171598973178514,1.0,0.9996044078707933,1.0,0.00014657577688058436,0.00046196821822678554,1.0,0.9895795106472121,0.4582689362306741,0.9999867744450673,0.9995851368002139,0.00045734401853035774
1661,-141.8666650490303,-141.8758806881256,-142.21331949354112,-142.21254119148756,-142.17538569443235,-142.17522059940822,-137.55030453697034,-141.8612139843852,-140.97785646095753,-142.1745097968772,-142.20994671392225,0.9954027801660755,0.8408624209244273,0.8411897070766521,0.8450747012544066,1.0,0.8569631820855139,0.8609210252984586,0.8570339251839195,0.8609920951204594,1.0,1.0,1.0,1.0,0.11585049866538806,0.1801841380190994,1.0,1.0,1.0,1.0
1662,-136.09887263720822,-136.55174671545308,-136.43206583059572,-136.8815098780365,-136.7529295542452,-136.9092552794667,-135.70642330501607,-136.5511882940639,-136.8767948772135,-137.16709206780706,-136.87981232735575,0.7973695438188312,0.8465410399202281,0.6761646818429179,0.8479941165103592,1.0,0.7210632223435628,0.9043024378510678,0.666849216308002,0.8363113709037217,0.7877340670581556,0.9862230817653382,1.0,1.0,0.6554832726757338,0.5570023689016037,0.8497583265975295,1.0,0.8517758600475066,0.9399461792407443
1663,-115.49937838462085,-143.12075964245588,-115.64002849576784,-143.30487533958637,-115.5010887251417,-115.50121477572617,-140.89788706015628,-143.1207243732219,-141.49263398597287,-143.12076276269835,-143.30485517247774,1.0048315635898148e-06,0.9320907893516527,9.164590262024686e-07,0.9120523870969655,1.0,0.9991451952934539,1.0,0.9990822258598897,1.0,1.0,1.0,3.0534015155733523e-06,3.2758627705110638e-06,0.32909176157828096,0.7427665647955028,1.0,1.0,1.0,2.2699048800386675e-06
1664,-136.63453983863138,-141.14660831645253,-136.63453609467368,-141.14665014184538,-136.75605179449676,-136.82332547064743,-138.1368429950897,-141.14632348333913,-141.2763794909716,-141.2788649684901,-141.14604938212997,0.10476513550633318,1.0,0.10476294460776703,0.999979087522241,1.0,0.9410528494217275,1.0,0.9099252588210599,1.0,0.9099235554618121,1.0,0.47182289879280226,0.47182201555114,0.22207497161918405,0.20809340284378852,0.9370412222797837,1.0,0.9410510877923428,0.10433338851239628
1665,-117.10454279613091,-134.21761589514227,-117.10453856495877,-134.2176138680726,-117.1045342562067,-117.10453721213244,-134.17887241572313,-134.21762069259572,-134.21761827347268,-134.21761346872609,-134.21761508143945,0.0001922841081893118,1.0,0.0001922843030760537,1.0,1.0,1.0,1.0,1.0,1.0,1.0,1.0,0.0001960452986655874,0.00019604488391532313,0.9808123339944644,0.9808135203480371,1.0,0.9999976012761557,1.0,0.00019228305848875113
1666,-133.67221688785745,-133.79053245978452,-133.85782315225737,-138.65680388079332,-133.85780688498522,-133.8577888212393,-138.53386564008704,-138.44057451635499,-138.28197619976086,-138.44057910681602,-138.44057601425823,0.9425580349955873,0.911372902614644,0.08272003075150328,0.08776120692864343,1.0,0.9113803154203064,0.9669222282154468,0.9113885469287095,0.9669309613736158,1.0,1.0,0.08796428702688916,0.09651843583952056,1.0,1.0,1.0,0.09778138785481649,1.0,0.1094721984509255
1667,-76.41518362240777,-136.35491755632316,-76.43093111424918,-136.41664811840377,-76.41522593498891,-76.41514336925852,-136.41699750702298,-136.35492025024672,-136.35490159272302,-136.35491674469586,-136.35488976106078,9.643887885680035e-14,0.9921571708199729,9.350773376261458e-14,0.9696061886146766,1.0,0.9999788439332209,1.0,1.0,1.0,1.0,1.0,9.349139992037844e-14,9.423043311082646e-14,1.0,1.0,1.0,0.9999986530391259,1.0,9.644168894253379e-14
1668,-135.47257235144917,-141.93049087830167,-135.64526530273352,-141.930493552471,-135.533638294985,-135.47256981698587,-142.20695856111888,-141.9305010071071,-141.1533523163948,-141.93049638353028,-141.9305036749619,0.03959868915459638,0.9172763622397437,0.03959863620783162,0.9999986629162252,1.0,0.9699284512841955,1.0,1.0,1.0,1.0,1.0,0.034486301049242385,0.03759641310829819,1.0,1.0,1.0,0.99999493561011,1.0,0.06021360167730019
1669,-28.548598257129214,-132.8243650574642,-28.5485949683044,-132.82436524754223,-28.54853183012341,-28.548593322542246,-132.8246976557149,-132.82435989982892,-132.82436014506192,-132.82436592081262,-132.82435735012038,2.2740758240811494e-23,1.0,2.27407560795524e-23,0.9999999049609914,1.0,1.0,1.0,1.0,1.0,1.0,1.0,2.2736976787041023e-23,2.273693939810507e-23,1.0,1.0,0.9999998773835093,1.0,1.0,2.2740058807204342e-23
1670,-106.07355075926534,-140.5499945503848,-106.07358716885852,-140.54999373018953,-106.06928385659671,-106.07360701590127,-140.53356457170435,-140.5499984234459,-140.54999744775915,-140.54999313071085,-140.54999760442234,3.2623860616038324e-08,0.999981795369117,3.26238739950094e-08,1.0,1.0,1.0,1.0,0.9999718720776328,1.0,0.9999900765278626,1.0,3.2892969131608825e-08,3.289356794687172e-08,0.9918167407893421,0.9918172246406912,1.0,0.9999980634713231,1.0,3.255428622891391e-08
1671,-122.75742581520632,-128.298347293447,-126.22280679241274,-130.72112985589192,-126.2228070869977,-125.65976542315354,-130.89307492303513,-128.29762130018548,-129.9879543633969,-130.72270627782683,-130.72191258787922,0.06263314055515029,0.17680806936714993,0.01865106517946569,0.29778269162541643,1.0,0.17680804332465253,1.0,0.23429604727396783,1.0,1.0,1.0,0.017114579884716038,0.0967975044689665,1.0,1.0,0.4294858292902086,1.0,0.9999998527075287,0.15219789894752545
1672,-123.93419595475243,-137.40188205811484,-124.78967483997255,-139.4283740179689,-125.67489528560876,-125.67490959854402,-139.42901673438897,-137.40188046447923,-139.40040275947692,-139.42838021540922,-138.80408139367745,0.0011899511160152973,0.6519812712074144,0.0004319982452679147,0.3630386487761915,1.0,0.4188050819835527,1.0,0.41880208482926384,1.0,0.6423529376138024,1.0,0.0004318594413891568,0.000662380133388478,1.0,1.0,0.3681513502546599,1.0,0.6423575346082577,0.0010460294729351882
1673,-58.121075007495676,-113.12440637185617,-58.16847348415706,-113.2402823541297,-58.12094650147225,-58.16847052876503,-111.18093183780897,-113.12430841569193,-113.12431035495266,-112.36695878990056,-113.24022323452667,1.1380945695034742e-12,0.9765793832383464,1.0740294779722335e-12,0.9437084639115791,1.0,1.0,1.0,0.9765808263268776,1.0,1.0,1.0,3.0074504726127187e-12,3.0795760429018895e-12,0.37844357635225717,0.3784432094020526,0.9999990303701065,1.0,1.0,1.1380760818081646e-12
1674,-107.1833294561975,-133.028969977215,-107.54704579192656,-133.55829624925985,-107.54708573604978,-107.54581893082457,-133.5585364510676,-133.0289772368845,-133.53280426089998,-133.55830830777336,-133.5583178463158,2.4416896946719685e-06,0.8337195802588812,1.873910008214834e-06,0.7674644375589206,1.0,0.8337029293263376,1.0,0.8342311662155631,1.0,1.0,1.0,1.8736849634433855e-06,2.2473803036526733e-06,1.0,1.0,0.7773119633128777,0.9999963701718511,0.9999800281378322,2.2765275907700466e-06
1675,-35.47730880294307,-129.22434842592673,-35.46926483452802,-129.22434879659994,-35.477549565646,-35.47711523397126,-129.3159328180167,-129.22462062418597,-129.2246590203582,-129.2261827594383,-129.22465673270392,4.396316984312243e-21,1.0,4.396316169513889e-21,0.9999998146634143,1.0,0.9998796258940792,1.0,1.0,1.0,0.9960824938053044,1.0,4.199539789420438e-21,4.1826832278438746e-21,1.0,1.0,0.9999808020981745,0.9998639101314468,0.9958662022028714,4.396163485784962e-21
1676,-109.1263179642223,-133.37197467295871,-109.12631599276222,-133.37109236771732,-109.12605865143559,-109.12606850062892,-133.40398884207917,-133.37097545608987,-132.68312609515783,-133.37210769985157,-134.00562959019965,5.434036367666132e-06,1.0,5.436434135902664e-06,1.0,1.0,1.0,1.0,1.0,1.0,1.0,1.0,5.34774576103308e-06,5.347740489602043e-06,1.0,1.0,1.0,1.0,1.0,7.667394335653413e-06
1677,-127.23849022877724,-137.4185178012471,-127.23848816950587,-137.41851828419465,-127.23848920344739,-127.2384814341043,-137.79039893861557,-137.41678294651845,-137.416780435224,-137.41851881607602,-137.4167834162818,0.006157934991845197,1.0,0.006157933504865593,0.9999997585262584,1.0,1.0,1.0,1.0,1.0,1.0,1.0,0.005113074691071148,0.005113069426469707,1.0,1.0,1.0,1.0,0.9999994830293759,0.006163283449751877
1678,-142.72206329840088,-142.73043716336227,-144.13110287701818,-144.13510404349125,-144.13096887016562,-144.12892039538485,-143.7144132033524,-142.72735523253363,-143.99998845299677,-144.13959757321487,-144.13543719083515,0.9958218205007978,0.49434590745659746,0.49335791593025435,0.4954279026363825,1.0,0.4943790314358626,0.4964533024464557,0.4948856523306221,0.4969620489755331,1.0,1.0,0.6088551110452691,1.0,1.0,0.8669381654930696,0.5292382289417119,1.0,1.0,1.0
1679,-78.82054725355053,-131.88062100357135,-78.820512012265,-131.88062155215349,-78.82054923756289,-78.82054882351963,-129.97912847993524,-131.87884677832872,-129.10379605018653,-131.88062381340927,-131.88051853065286,3.007124302662741e-12,1.0,3.0071234778355277e-12,0.9999997257089696,1.0,0.9999990079943135,1.0,0.9999992150157578,1.0,0.9999815945420669,1.0,7.78135511817038e-12,7.781218006899614e-12,0.38679550007475605,1.0,1.0,1.0,0.9999813875242703,1.2054013917024555e-11
1680,-92.03898478688006,-147.65185964082752,-92.03898378086166,-147.65207573082753,-92.03898058182335,-92.03898156675163,-147.73675887713023,-147.65263090912455,-145.67761673676102,-147.65186097320444,-147.65252081932783,8.391076182746106e-13,1.0,8.390169617895694e-13,0.9998919608366462,1.0,1.0,1.0,1.0,1.0,1.0,1.0,8.042332586380049e-13,8.042328541013741e-13,1.0,1.0,1.0,0.9996144401987763,1.0,2.2517395221317367e-12
1681,-138.15903630273,-138.1389111210316,-138.1590167458071,-138.15886463073983,-138.1589540815218,-138.15902636199297,-138.78286145619188,-138.15883911660052,-138.13970544576065,-138.1389277268598,-138.15882058787858,1.0,1.0,1.0,0.990072847869476,1.0,1.0,0.9900285674644806,1.0,0.9899927882453607,0.99999519191862,0.9999191376429648,0.7320455232436827,0.7320383649997547,1.0,1.0,1.0,0.9900854783783237,1.0,1.0
1682,-84.7316383754991,-119.83650537883065,-84.7316325460879,-120.1755527764052,-84.73162758372416,-84.73163303545661,-119.94540204369304,-120.22946283478831,-120.22946433866221,-119.83647646553749,-120.22946469883416,2.382730841458878e-08,1.0,2.0111838795835794e-08,0.8440667508849593,1.0,1.0,1.0,1.0,1.0,0.9999997553156719,1.0,2.2564638276257196e-08,2.25645725070754e-08,0.8675948850634718,0.8675942326870638,0.9999992480633308,0.8216188086020559,1.0,1.9576844396416108e-08
1683,-112.80613889351528,-120.47292382403006,-115.12778567527582,-122.39513075137936,-115.12656457790888,-115.12769140191017,-123.31452210337685,-120.47275686888705,-122.397030289915,-122.39696911015227,-122.39721734408909,0.021636091297958637,0.31322816545852755,0.008275169049938944,0.38247061060976906,1.0,0.31341946489544076,1.0,0.3132429303431952,1.0,1.0,1.0,0.005225568909117284,0.016682947082576983,1.0,1.0,0.38207562815254886,1.0,1.0,0.026377791445156024
1684,-129.86983405945298,-130.7058748496675,-129.8698267403418,-130.70587305242873,-129.8698191232537,-129.86982156454556,-130.8015656488227,-130.7058562901667,-129.9009106160213,-130.7058518494564,-130.7058545989301,0.6583488011934859,1.0,0.6583493927987503,1.0,1.0,1.0,1.0,1.0,1.0,1.0,1.0,0.6275915045114401,0.6275892078096449,1.0,1.0,1.0,1.0,1.0,0.9845744650001431
1685,-136.75646174198917,-136.7581252262638,-137.09677116212777,-137.09750906301306,-137.09676382837114,-137.09673153064455,-136.22721257881517,-136.77784410702236,-136.96401308855033,-137.09669040268918,-137.09866137982976,0.9991686036643044,0.8435343032502688,0.8432231383014476,0.8439247742663754,1.0,0.8435373963935835,0.8442392938489397,0.8435510186736743,0.8442529274639681,1.0,1.0,1.0,1.0,0.759332315477694,0.6918402138503837,0.9111165161134342,0.9901890045589554,1.0,1.0
1686,-56.54094879212107,-133.19911529983642,-56.540949807510316,-133.19911581411043,-56.54055548713683,-56.540950316407134,-133.16182392542228,-133.19918434065428,-133.19918577545468,-133.1991226943006,-133.19918494196412,2.258866925225055e-17,0.9999994923055066,2.258866344386862e-17,0.9999997428630298,1.0,1.0,1.0,0.9999992378572591,1.0,0.9999997455516234,1.0,2.3013801639528542e-17,2.301381332351476e-17,0.981493186106755,0.9814924819836015,0.9999992826000594,0.9999654801868911,1.0,2.2583431766217486e-17
1687,6.609235730784434,-143.71558857463077,6.609235622312099,-143.7155893389706,6.609235333483753,6.609483614731431,-143.81991700591124,-143.7154630470381,-143.71546544814467,-143.94507918500454,-143.94438018890895,2.277084544335075e-33,0.9999999457638339,2.277083674102031e-33,0.9999996178301578,1.0,0.9999998013496791,1.0,1.0,1.0,1.0,1.0,2.1613471340318173e-33,2.161347251255003e-33,1.0,1.0,0.9999987994474354,1.0,0.9999998555858374,2.277225185731049e-33
1688,-136.98310692421742,-136.9829554948508,-136.98314256169135,-136.9829474651268,-136.98316933206667,-136.98317635517662,-135.44647356266765,-136.98282162639595,-136.94856657947713,-136.98294393194422,-136.98281457067645,1.0,0.9999821814217886,1.0,1.0,1.0,0.9999687965622163,0.9998930871076643,0.999965285122975,0.9998895759342804,0.999983103400113,0.9998855615236762,1.0,1.0,0.463859287770212,0.4718724757464082,1.0,1.0,0.9999866149019243,1.0
1689,-133.98757671286558,-135.53005276802514,-136.89113698250202,-136.61498728598903,-136.49748791460152,-134.29163889162066,-136.36987773732696,-135.2515147087783,-136.60809550240634,-136.38431874399356,-136.6119713539399,0.46244020004938247,0.23415309279874705,0.26882214566996565,0.581312233757487,1.0,0.28508850562566335,0.6164872898057301,0.8589615757452802,1.0,1.0,1.0,0.3038714550499211,1.0,1.0,0.8877111392563155,0.507483847167542,1.0,1.0,0.9461976552082958
1690,32.33300999950748,-133.31282220334515,32.227630078092545,-133.31347446161237,32.22765166132942,32.22763495757647,-133.1314923716593,-133.31288240211842,-134.25288578756752,-133.31270893269328,-133.31439496780501,1.0726661158066179e-36,0.9486740931363428,1.0723163451739159e-36,0.9996739240407135,1.0,0.9486843309204172,1.0,0.9486764076591596,1.0,1.0,1.0,1.1744643392982155e-36,1.238006126440533e-36,0.9132962098630478,0.5708112365513865,0.625001210326912,0.9999699010663473,1.0,7.066601818435146e-37
1691,-140.70360817984607,-140.70316119474364,-140.70413391971434,-140.70316008378217,-140.7040713430629,-140.70315263899693,-138.44233636142616,-140.70314932661563,-140.61602827938913,-140.7038797272178,-140.70314822747142,1.0,0.999737164613141,1.0,1.0,1.0,0.9997684452045331,0.9995450293709083,1.0,1.0,1.0,1.0,1.0,1.0,0.3229019757094661,0.33727860841517343,1.0,1.0,1.0,1.0
1692,-79.90144397676727,-131.0585881615609,-79.90143918257905,-131.0592194206049,-79.9014282604299,-79.90143287573355,-131.05926133747445,-131.0592144609165,-131.05921468959687,-131.05921942976292,-131.05921307630808,7.786948192769894e-12,1.0,7.784490789868773e-12,0.9996844202837508,1.0,1.0,1.0,1.0,1.0,1.0,1.0,7.784327640835967e-12,7.784308981092427e-12,1.0,1.0,0.9999998856598248,0.9996868993484346,1.0,7.784448032388669e-12
1693,-105.26180502827643,-134.00670440872284,-105.75960109148284,-134.47300898377168,-105.75948757770789,-105.75950525048677,-134.4731115871118,-134.00671316872214,-134.46174375632373,-134.47301979872043,-134.47300286267608,5.729601377814744e-07,0.7796594699577607,4.5380330678595984e-07,0.792032947602787,1.0,0.779703722258365,1.0,0.7796968325230671,1.0,1.0,1.0,4.537800265156083e-07,5.820233627639933e-07,1.0,1.0,0.7965102397354041,0.9999956200099404,1.0,5.853077326491514e-07
1694,-80.98455015185607,-127.89760957700568,-80.98455013436359,-127.89760936760536,-80.98450738314915,-80.98455004484032,-127.97459814761675,-127.89756369857031,-127.89756535715912,-127.89760398089726,-127.89756287259854,6.500676902721186e-11,1.0,6.500677583343151e-11,1.0,1.0,1.0,1.0,1.0,1.0,1.0,1.0,6.255193164483792e-11,6.255193109774372e-11,1.0,1.0,0.9999991707059365,1.0,1.0,6.500681619417871e-11
1695,-103.02257195263132,-141.40535955633985,-103.58779308094148,-142.26419627302005,-103.58798432184992,-103.5888510363524,-140.68913790289395,-141.40542458987989,-142.2643744564192,-142.26450688508456,-141.97333140103854,4.626830308660761e-09,0.7538132926218957,3.011546327014942e-09,0.6508875679701847,1.0,0.7537412160985097,1.0,0.7534146476424706,1.0,0.999471162178583,1.0,6.6192552380508085e-09,8.781027480993164e-09,0.6989728746118224,0.4549270162412582,0.6508507450935117,0.9999674837586447,0.9999043841172722,3.9951086272987075e-09
1696,-113.90457999585396,-152.79963012825553,-113.89905634557766,-152.79963125103706,-113.90459815064108,-113.90459769689693,-150.41383488611223,-152.79960430888295,-152.79960692677798,-152.79963271102042,-152.79960503755575,3.5813533895466523e-09,1.0,3.5813513790085e-09,0.9999994386093943,1.0,0.9999909226476426,1.0,0.9999911495176839,1.0,0.9972331591197116,1.0,1.1806360265572353e-08,1.1773798149134476e-08,0.3033449381040227,0.30334454104167896,0.9999986910533392,1.0,0.9972329328753812,3.5814274460116272e-09
1697,-92.3145296820349,-150.05745815853624,-92.31452906666877,-150.05745929066498,-92.31452408462815,-92.31452470006818,-151.15205775147246,-150.05755615784312,-150.0576064045947,-150.05745736706984,-150.05766275527571,2.892560137395816e-13,1.0,2.89255850002105e-13,0.9999994339357879,1.0,1.0,1.0,1.0,1.0,1.0,1.0,1.6733743793116828e-13,1.6733738644427997e-13,1.0,1.0,0.9999748769397971,0.9999510015470193,1.0,2.8923376452157133e-13
1698,-103.39629244145078,-141.5363289750854,-103.39604168705472,-141.53631969579885,-103.39623914977511,-103.39534587689405,-137.24051768567588,-141.53632735552497,-141.5363134807101,-141.5363151076931,-141.53631802964105,5.2239173473354125e-09,1.0,5.223941584504647e-09,1.0,1.0,1.0,1.0,1.0,1.0,1.0,1.0,4.475276429793121e-08,4.4747153673468904e-08,0.11672846715758149,0.11672927695332631,1.0,1.0,0.9999012735135836,5.22381862328176e-09
1699,-133.30366424582814,-140.70028845774118,-136.3936809345809,-144.5906582822798,-133.30363799914247,-133.30366436355072,-140.8240346150717,-140.70028244179036,-143.28373092974124,-144.5131106072158,-144.51333860692654,0.024765292401720065,0.21331009127580078,0.0035404656596058847,0.14296078569054088,1.0,1.0,1.0,0.9999999411387126,1.0,1.0,1.0,0.023279428983456182,0.10913421322086855,1.0,0.2923369635346288,0.274796558057713,1.0,1.0,0.006805348272339072
1700,-129.03256997188322,-131.17700368650375,-129.03254538129946,-131.44500930799626,-129.03245632357763,-129.0325705146292,-130.41379636111796,-131.17700323021205,-131.1041505361037,-131.4393654812567,-131.18439507219708,0.34224895870709265,1.0,0.29932669757348407,0.8745876063560418,1.0,1.0,1.0,0.9999997286270399,1.0,0.9999874334140817,1.0,0.5012685995992479,0.5012624363933942,0.6827657608384035,0.7080949476052365,1.0,1.0,1.0,0.35492559385016914
1701,-134.9362533974528,-143.1502247828724,-135.14861495451706,-143.35259387155506,-135.14861027564513,-134.93743970678085,-143.35253517072996,-143.15022277400806,-143.35252535555503,-143.3525915614852,-143.3526002466767,0.016457307216532942,0.8992620661043867,0.014873558541023879,0.9037662325512131,1.0,0.8992641698728677,1.0,0.9994070212174199,1.0,1.0,1.0,0.014873995092509543,0.016540222981876525,1.0,1.0,0.9037962865026323,1.0,1.0,0.016540265459729548
1702,-95.31406619119167,-130.5867500343058,-96.37538018282544,-131.46063149571097,-96.37536262181195,-96.37407548996697,-131.17817105168865,-130.5867319088247,-131.4600596837048,-131.46068893402227,-131.46068859639803,2.190957849469759e-08,0.5882183856814196,1.415380064278344e-08,0.6460097188181351,1.0,0.5882235505595985,1.0,0.5886022330320408,1.0,1.0,1.0,1.6300787290841335e-08,2.771213496150367e-08,1.0,0.8685376739959787,0.6461885870144104,1.0,1.0,2.406882190354611e-08
1703,-86.95772357063973,-134.68224655679694,-87.06101286020908,-134.91599024317907,-87.06100899210486,-86.9577257273803,-134.91599127764488,-134.6822456314951,-134.68225607155816,-134.68225697008418,-134.91598962931755,4.332629055175224e-11,0.9496662757532399,3.854736634045703e-11,0.8896992068687047,1.0,0.9496681124590783,1.0,0.9999989216302924,1.0,1.0,1.0,3.8547346402495984e-11,4.0590413060547616e-11,1.0,1.0,0.9999947799820991,1.0,1.0,4.562234307351772e-11
1704,-116.28453215626098,-137.94188687873446,-116.63710959378218,-137.94188988103167,-116.63709741183484,-116.63704945672396,-138.32713795340214,-137.94187496473467,-138.41469222825788,-138.4151258887813,-138.41512565892174,1.9822808055206027e-05,0.8383758935419203,1.9822778298247744e-05,0.999998498852524,1.0,0.8383810000829657,1.0,0.8384011026508821,1.0,1.0,1.0,1.634966911287278e-05,1.9501597360820645e-05,1.0,0.9571672504600512,0.7894580103945064,1.0,1.0,1.866617662989907e-05
1705,-93.36116656390408,-120.0361663689973,-93.43203573941446,-120.03612923749961,-93.39780824426367,-93.36116586842502,-120.05221576238134,-120.03613234925177,-120.03615245772627,-120.03612944783856,-120.03613479968342,1.6128626690174328e-06,0.965185867139373,1.6128926132986374e-06,1.0,1.0,0.9818459661817364,1.0,1.0,1.0,1.0,1.0,1.5999717274176514e-06,1.657682506437504e-06,1.0,1.0,0.9999899458132929,1.0,1.0,1.6426954360402912e-06
1706,-13.239071322245366,-138.64180959359942,-13.239016279792054,-138.6417804111309,-13.239040352169752,-13.238951615137182,-138.69523753816992,-138.64177278683638,-138.64178780868139,-138.64178213599365,-138.64178138879274,5.876806300361904e-28,1.0,5.876892050844932e-28,1.0,1.0,1.0,1.0,1.0,1.0,1.0,1.0,5.721891862334755e-28,5.721734391018843e-28,1.0,1.0,0.999992489105706,1.0,0.9999879638835855,5.876779310727906e-28
1707,-121.27658508257804,-132.97290894608156,-122.75990541915138,-133.90690791728105,-122.75836281879498,-122.7598778706533,-133.83717135982664,-132.9729353251398,-133.90709341668125,-133.9064382621175,-133.90708653478464,0.0028851974771331606,0.47632248326649795,0.001808673785704819,0.6268804128797395,1.0,0.4766900126022232,1.0,0.47632904429619294,1.0,1.0,1.0,0.001872851508632497,0.003931898187524047,1.0,0.965643048152524,0.6268305401508695,0.9999868105578681,1.0,0.003793882799558581
1708,-127.80605710817909,-144.48184477426526,-127.80618913213075,-144.48475207654474,-127.80618937184087,-127.80616153463507,-144.13461299772385,-144.48062996778594,-144.48475231310232,-144.48475235146148,-144.48186327769167,0.0002392757673176849,0.9999339902029103,0.00023892819651036572,0.998547404899311,1.0,0.9999338703557699,1.0,0.9999477881350985,1.0,1.0,1.0,0.0002846421032908275,0.0002846608936986598,0.841130477796125,0.839398548169485,0.9979409500994687,1.0,0.999999880144948,0.00023894396952992502
1709,-75.16440903417032,-137.28814914972574,-75.1674474823098,-137.28814850934967,-75.16608043808105,-75.1674456607119,-137.2600191523091,-137.28810740283365,-137.28810361760185,-137.2881478737667,-137.28810693258717,3.2359457810887426e-14,0.9984819293669647,3.235946817200042e-14,1.0,1.0,0.999164647146257,1.0,0.9984828387836673,1.0,1.0,1.0,3.281780934400011e-14,3.286770484149521e-14,0.9860540334100649,0.9860558996333715,1.0,1.0,1.0,3.238724929782023e-14
1710,-16.830190993545273,-137.99282605805772,-17.859970415754447,-138.85651466319584,-17.859910457125125,-17.859758553392055,-137.12595355667955,-137.99279828931537,-137.16830612781837,-138.85848876679967,-137.16904107169535,4.896300787033232e-27,0.5975664959328515,3.1792193397636032e-27,0.6493104647866133,1.0,0.5975844108354009,1.0,0.5976298002104978,1.0,1.0,1.0,7.552783941525078e-27,1.26392359560496e-26,0.6482866195393902,0.9790463576112179,1.0,1.0,1.0,1.2374026955350713e-26
1711,-40.5514955266778,-137.47826472813796,-40.55148684757242,-138.12513068156204,-40.5514899840513,-40.551490890463896,-137.22029639774615,-137.29018211751838,-138.12540174849678,-138.12513068534344,-132.8493770809241,8.96642857971415e-22,1.0,6.488649816209665e-22,0.723660458400321,1.0,1.0,1.0,1.0,1.0,0.9999979785563052,1.0,1.0200855714347414e-21,1.0200811447292634e-21,0.9656605926373965,0.6360025696148118,0.6586191612912069,1.0,0.9999984317617892,6.487752466975624e-22
1712,-93.68225870039112,-127.9936109623182,-93.68226036393486,-127.99361257425744,-93.68226219297924,-93.6822605272568,-128.1814908830248,-127.9935949410513,-127.97346995074909,-127.99361436153805,-127.99359655437925,3.543109080393876e-08,0.999999168228475,3.5431062247567456e-08,0.9999991940307048,1.0,0.9999982537074643,1.0,0.999999086567575,1.0,0.999999918339032,1.0,3.2254247681715053e-08,3.225427450990214e-08,1.0,1.0,1.0,1.0,0.9999990854782287,3.578976497798987e-08
1713,-100.8364654245797,-130.72458179660632,-100.83622508177899,-130.72459384515298,-100.83645572494876,-100.83646165990376,-130.88042341918464,-130.72458219772682,-130.72459541523236,-130.72459501099866,-130.72459415746067,3.235027617287486e-07,1.0,3.2350081286555823e-07,0.9999939757448133,1.0,1.0,1.0,1.0,1.0,0.9998817179334901,1.0,2.992522429487593e-07,2.9921628354835417e-07,1.0,1.0,0.9999933912690678,0.999999799439769,0.9998846850643924,3.2349898999047013e-07
1714,-80.6829375688487,-137.77482752328703,-80.68340665426757,-137.77481764538433,-80.68344709065767,-80.6834440033179,-137.7238323535705,-137.77482598859172,-137.77481092218488,-137.77481401994106,-137.78469029849836,4.0054712207076397e-13,0.9997654847935555,4.005491003583978e-13,1.0,1.0,0.9997452715443211,1.0,0.9997468148221773,1.0,0.9999813256492025,1.0,4.1089142323428357e-13,4.109878061244828e-13,0.9748254813325518,0.9748328249188578,1.0,1.0,0.9999797820093392,4.006525044401258e-13
1715,-115.00944564025485,-133.2121544665908,-118.03763768544835,-135.13506656205934,-118.03844767078112,-117.85398313230735,-135.13392685856485,-133.212144544751,-135.11251144015216,-135.4781551705846,-135.14080664469267,0.00011151466922429447,0.2200069763178754,4.263604818873278e-05,0.3823357813399146,1.0,0.2199178931461455,1.0,0.24116625078776033,1.0,1.0,1.0,4.266035133922741e-05,0.000193904539088751,1.0,1.0,0.3866700832101393,1.0,0.9995950893320703,0.0001960713597406408
1716,-112.2376121713026,-134.2297968141709,-115.95250493325292,-136.51296160822193,-115.95252745103767,-115.84824062636378,-135.40543874787195,-134.22972649291677,-136.48967289990316,-136.51296178199885,-136.51296176992227,1.6767093351780767e-05,0.15607066695915878,5.3539566028280135e-06,0.31931334134663164,1.0,0.1560689097862091,1.0,0.16442278229398638,1.0,1.0,1.0,9.314732343152102e-06,5.968278680829643e-05,1.0,0.5815158350466472,0.3230419127010859,1.0,0.9999887411710098,3.470687636752332e-05
1717,-134.96754523130545,-138.81953597439914,-134.96657351602983,-138.81953306729304,-134.96753330013155,-134.9675375572847,-141.17132691775396,-138.81963616036313,-138.80893240073328,-138.81952625787522,-138.81939718878868,0.14573062851876917,1.0,0.14573084034612324,1.0,1.0,1.0,1.0,1.0,1.0,0.9995180955258488,1.0,0.04496410189565871,0.04494226104952593,1.0,1.0,1.0,0.999949908272639,0.999520223078911,0.14650443905008945
1718,-127.77021956565326,-127.78672490703912,-129.35818575871926,-129.6195771190787,-129.3567258967031,-129.35810527989926,-127.8545572744159,-127.79766242769213,-129.51819877415497,-129.37474597283884,-129.37498538977036,0.9917812891099557,0.452040683013604,0.3966588146610552,0.3999458540068089,1.0,0.45237076197782966,0.456119476083075,0.45205887322996274,0.45580500276996494,1.0,1.0,0.9587078848777066,1.0,1.0,0.43525607198194105,0.4230486167896087,0.9945461661211291,1.0,0.9224367780215562
1719,-69.30585904258061,-131.87864615276513,-69.7926675224646,-132.24966310743247,-69.79267510443839,-69.79268329314164,-132.234453641523,-131.87856754893585,-132.24976508663897,-132.2491969606401,-131.88076432736088,2.5851867442084158e-14,0.7839545439705643,2.1474675614295018e-14,0.8306817935843362,1.0,0.7839515720147952,1.0,0.7839483622479742,1.0,0.9999921146925702,1.0,2.163860732603623e-14,2.7601864792365656e-14,1.0,0.9923735078451077,0.8306067934502966,1.0,0.9999962090202907,2.7391463227547634e-14
1720,-127.33439038413775,-138.3076940685948,-127.39076370811213,-138.3996022089746,-127.33436961421526,-127.33439200455211,-139.71216402220028,-138.30803460651748,-138.3082925504426,-138.36594009894225,-138.4000222324376,0.0041416880105483115,0.9722068757956402,0.003955667523261677,0.9550858280940373,1.0,1.0,1.0,0.9999991897931451,1.0,1.0,1.0,0.002052109851922399,0.002110774880339107,1.0,1.0,0.9998710363539728,0.9998297455335959,1.0,0.004140405835239657
1721,-149.71233761040577,-150.0886838713985,-150.28246053499106,-150.67134303500518,-150.28949281829318,-150.29917430670451,-147.53974679771056,-149.77025395844583,-150.63624062242013,-150.3022407916224,-150.31260693050763,0.8284712611749228,0.7519680352195904,0.6190911816997537,0.7472693510475789,1.0,0.7493286520325455,0.9044715093313695,0.7457101089887641,0.900103774186701,0.9916779358460378,1.0,1.0,1.0,0.32783213656468935,0.21262038947063364,0.6485648164290887,1.0,0.9964900327362,0.8408231705441167
1722,-96.87788502435751,-136.0272036864007,-96.87798665776612,-136.0272044823834,-96.87761507793982,-96.87798625500247,-136.07679537204532,-136.02720283361938,-136.0272033448731,-136.02720506198534,-136.02720368058743,3.153795051488165e-09,0.9999491845868446,3.153793796305238e-09,0.999999602008722,1.0,1.0,1.0,0.9999493859584547,1.0,1.0,1.0,3.076555611021558e-09,3.0767119554107307e-09,1.0,1.0,0.9999997443731743,1.0,1.0,3.1533699408576663e-09
1723,-133.10644518062344,-134.53030643353128,-133.36444964982056,-134.53030742132663,-133.1063855957089,-133.10622382260235,-134.16303208530428,-134.53030767336213,-134.33676599340467,-134.53030837892229,-134.84250982243387,0.49069593183532234,0.8789720013938208,0.4906956894818033,0.999999506102449,1.0,1.0,1.0,1.0,1.0,1.0,1.0,0.5896103096981175,0.6707953254064394,0.8322371905211037,0.9167990639215197,1.0,0.9999993800847665,1.0,0.5405380758122947
1724,-79.45961978085,-134.40481485405655,-79.45961884259037,-134.40481462062138,-79.45961455800688,-79.45930490664526,-134.38534585137742,-134.40506898251056,-134.40506857956035,-134.40481463586778,-134.4050685980281,1.1716623815740365e-12,1.0,1.1716625183276505e-12,1.0,1.0,1.0,1.0,1.0,1.0,1.0,1.0,1.1831236248349587e-12,1.1831230697965219e-12,0.9901869002241147,0.9901870997221428,1.0,0.9998729438453156,1.0,1.1715106913758007e-12
1725,-109.64036989183253,-147.00254347456053,-110.33251254740449,-147.70289538887866,-110.36712918491415,-110.33495229773337,-147.70328608392524,-147.0025444635999,-147.70245204516937,-147.7029072073243,-147.10648262445167,7.707385658576882e-09,0.7074620236069907,5.430347283917915e-09,0.7045641057126749,1.0,0.6953224066373986,1.0,0.7065995344261309,1.0,0.9987808685808145,1.0,5.429286582631466e-09,7.674315230307745e-09,1.0,1.0,0.7047206535547125,0.9999995054804401,0.982840609722486,7.811557804915338e-09
1726,-90.87149082915946,-125.00320734031715,-91.07530371379514,-125.22240169353913,-91.07527056672791,-90.87139194642023,-125.22140809821124,-125.00320215851042,-125.00320661299747,-125.00321034484193,-125.00320444756522,3.8760728475657815e-08,0.9031140409729025,3.473717380556684e-08,0.8961950709306765,1.0,0.9031290088878531,1.0,1.0,1.0,1.0,1.0,3.475443543978017e-08,3.8482886837126385e-08,1.0,1.0,0.999997772758953,1.0,1.0,4.291827877294294e-08
1727,-133.6876297390623,-137.43140459010192,-133.68763602345072,-137.54738527275896,-133.68763824409098,-133.6875878075857,-134.6460534325776,-137.4313998015124,-137.37668162786406,-137.43140730994446,-137.43139983226456,0.15383303923312858,0.9999968578107199,0.1451659414897525,0.9436590618856501,1.0,0.9999957474946977,1.0,1.0,1.0,1.0,1.0,0.6192712801828524,0.6192732260565448,0.24841036953915552,0.2553004741158909,1.0,1.0,0.999998889680489,0.1581009237620535
1728,-124.80244732429426,-137.18264663239728,-124.80244529520292,-137.18264546355928,-124.80244043058207,-124.79881966442883,-137.17519757461912,-137.18264412216348,-134.74497949366827,-137.18264538479156,-137.1826429536526,0.0020496224899133877,1.0,0.00204962368775206,1.0,1.0,1.0,1.0,1.0,1.0,1.0,1.0,0.002057270602054797,0.0020572685148608667,0.9962836490171321,1.0,1.0,1.0,1.0,0.006934339082112324
1729,-60.69790004894713,-132.824400387842,-61.460546844051805,-133.2325460458952,-61.460550562146125,-61.46053802979222,-133.23256158033968,-132.82439642985335,-133.23039012979575,-133.23254627230557,-133.23256197219894,2.177356047430585e-16,0.6829569872841492,1.7754226183470356e-16,0.815402984019151,1.0,0.682955717636082,1.0,0.6829599971708681,1.0,1.0,1.0,1.775408828298547e-16,2.59959098648165e-16,1.0,1.0,0.8162808127296293,1.0,0.9999981409545683,2.6024197988818617e-16
1730,-57.23552437995116,-128.22579360989369,-61.10433435478802,-129.71996962555022,-61.10413649185159,-60.54723413475551,-129.7167438975874,-128.22572544695024,-129.7092881096365,-129.72799414558008,-129.7229663723335,3.8428983976140903e-16,0.14451022865162927,1.8205503857142487e-16,0.47374408515316346,1.0,0.14452452596793755,1.0,0.19092876523191893,1.0,1.0,1.0,1.8234890550576266e-16,1.2618408205923723e-15,1.0,1.0,0.4762647740747452,1.0,1.0,1.2664283125039463e-15
1731,-106.91041752805205,-137.68462016295632,-106.91040841928702,-137.6846142025057,-106.91039649156448,-106.9104125646522,-136.28461762750618,-137.6724841076878,-137.67247535885485,-137.68461148085458,-137.67247803865416,2.0771449560056415e-07,1.0,2.0771511463748215e-07,1.0,1.0,1.0,1.0,1.0,1.0,0.9999979273195572,1.0,4.1828615816801365e-07,4.182842531371867e-07,0.49960712466649526,0.4996093101609136,1.0,1.0,1.0,2.089774608447416e-07
1732,-124.41866873230873,-130.50250218004697,-124.41866190437656,-130.50249978551437,-124.41864571514861,-124.41866316752981,-128.47442484837143,-130.50248523077613,-130.50246910438958,-130.50249223032424,-130.50218209981927,0.047743291032250335,1.0,0.047743348193717984,1.0,1.0,1.0,1.0,1.0,1.0,0.9999993684235737,1.0,0.13161450339017677,0.13161405406349297,0.36275406137735394,0.36275698634525533,1.0,1.0,1.0,0.047743531145735665
1733,-126.90596739676565,-152.27073231851477,-127.23679269586455,-152.97087944237964,-127.23671376980764,-126.90448597917083,-150.69123348212096,-152.270718811852,-152.27072416574643,-152.970879438013,-152.97087944185452,3.1053551755041554e-06,0.8475438933125337,2.1881458363674095e-06,0.704636253407684,1.0,0.8475773406212761,1.0,1.0,1.0,1.0,1.0,6.84061414775055e-06,8.071103103598267e-06,0.45396160052218726,0.4539603852925699,0.9999973230563645,1.0,1.0,3.6638164864983292e-06
1734,-54.47052748538829,-135.2415766349132,-55.054062713923,-135.39966868552816,-55.05405983851162,-55.054062005693766,-135.39763588159312,-135.24156561554335,-135.3950336161734,-135.3976294468307,-135.64354188415007,2.889279315221624e-18,0.7469420944921847,2.6696865641654686e-18,0.9239973962021385,1.0,0.7469431683758571,1.0,0.7469423589953463,1.0,1.0,1.0,2.6724014182997705e-18,3.577789279792341e-18,1.0,1.0,0.9261361727748316,1.0,1.0,3.582442337768332e-18
1735,-117.60734332022014,-133.5769248667915,-120.10618488980896,-137.03407628154977,-120.10596379850654,-120.10593096233757,-133.0808946712653,-133.5769784587275,-136.01919164551146,-137.0340756765533,-137.7513324987524,0.0003406037522235397,0.28667079286407005,6.0469800631605555e-05,0.17753709475261129,1.0,0.2867024848252223,1.0,0.2867071919694811,1.0,1.0,1.0,0.00043647665100073703,0.0015225710531581776,0.7803272517731998,0.23012135307827392,0.2949036478674181,0.9999732043910113,1.0,0.0003503373804960019
1736,-137.2053817794737,-141.000744502377,-137.2053777499295,-141.00074179804932,-137.20537707661015,-137.20536066047825,-139.89042942486913,-141.00035571901483,-140.9018397197279,-141.00073833767198,-141.0003518210782,0.14991581714648672,1.0,0.14991601985737,1.0,1.0,1.0,1.0,1.0,1.0,1.0,1.0,0.26118564977422903,0.26118512354520085,0.5740934178294939,0.6030801650280628,1.0,1.0,1.0,0.1575155143813829
1737,-142.2646801287366,-142.25455088630096,-142.33958273765938,-142.32919695834147,-142.26468848737807,-142.26467223722045,-141.3822226430649,-142.2512159405896,-142.2308265743602,-142.32847196547743,-142.32725808879633,1.0,0.9632413221337786,0.9682563379769087,0.9633648835209591,1.0,0.9999958206879932,0.9949440241531463,1.0,0.9949521081845928,1.0,1.0,1.0,1.0,0.6475905505593431,0.6542262982107612,1.0,1.0,1.0,1.0
1738,-128.87938088362984,-136.98480057622092,-129.58556130503294,-138.034550371756,-128.8793716604813,-128.8793665784016,-133.38874916331005,-136.9802601721612,-137.1015466353805,-138.03456950060865,-138.0302705826043,0.01737522659294849,0.7025138162544227,0.01027969443043163,0.5916293738927996,1.0,1.0,1.0,1.0,1.0,1.0,1.0,0.1049066743426237,0.1493304073391072,0.1660019897211283,0.1562342592820443,0.9411589556517177,1.0,1.0,0.016389940976058098
1739,-47.45702080030998,-128.7745805591185,-49.02422505243521,-127.3269674667003,-49.02412063872487,-49.02375173660087,-128.6184854893468,-128.7743638996682,-125.81992023186584,-127.3350936445081,-128.6278927258508,2.198448302550191e-18,0.45675774547751813,4.5337904824093676e-18,1.0,1.0,0.45678159198545565,1.0,0.45686585360603205,1.0,1.0,1.0,2.3769052570365277e-18,5.203864150243559e-18,0.9250206613165808,1.0,1.0,1.0,1.0,2.1086475793405528e-17
1740,-14.454957362909738,-147.15896876285052,-14.454956972259538,-147.15896731849526,-14.454799306505038,-14.454956118375293,-147.1617111285046,-147.15920762847867,-147.1592079693903,-147.15896898953474,-147.15920627074848,1.5264762839675384e-29,1.0,1.526477386354963e-29,1.0,1.0,1.0,1.0,1.0,1.0,1.0,1.0,1.524384640241767e-29,1.52438434249121e-29,1.0,1.0,0.9999998295441944,0.9998805743177405,1.0,1.526173107847069e-29
1741,-128.0480831979046,-130.43605142456573,-128.04807988184746,-130.43558763693022,-128.04808052591557,-128.04808067044252,-128.3317087871847,-130.436032882105,-130.33163626051763,-130.43599237120804,-130.43564613835804,0.30301162334602044,1.0,0.3030818980159985,1.0,1.0,1.0,1.0,1.0,1.0,0.999999605702548,1.0,0.8677836950397354,0.8677822562307728,0.349181984383485,0.3678927819482097,1.0,1.0,0.9999996779659973,0.31925093117968817
1742,-131.59189268366373,-133.1361415835998,-131.5918918379969,-133.13707053274015,-131.59115250859364,-131.59170030697464,-131.8938246715272,-133.1449689044424,-132.85441865375506,-131.64802273966512,-131.97083359638154,0.46203046432911943,1.0,0.46181591275852163,0.9995356332814348,1.0,1.0,1.0,1.0,1.0,1.0,1.0,0.8598769391959191,0.8598765756112983,0.5349552842300571,0.6185996459241236,1.0,0.9955960654636715,1.0,0.5317227497449957
1743,-115.3993631609566,-132.53880594698197,-115.39934870566097,-133.05772254064772,-115.39934736746878,-115.39936062891434,-133.25863760431903,-132.93387797619548,-132.93387967756615,-132.5388342156805,-132.53873787702628,0.00018976551244529477,1.0,0.0001463982822390736,0.7714693800396266,1.0,1.0,1.0,1.0,1.0,0.9999940383910866,1.0,0.00013240604986230803,0.0001324050928814696,1.0,1.0,0.9999991493150228,0.8207505810860191,1.0,0.0001557487922020627
1744,-145.895729579006,-145.8807187125799,-146.98958397470665,-146.9743504582466,-147.10803727567344,-147.17324372994213,-141.46747751582944,-145.85463292083563,-146.72942998678627,-147.1078967720519,-146.98928056402517,1.0,0.578725389602804,0.5831502310585284,0.5787898198029047,1.0,0.5454447029451286,0.5413662286594799,0.5279482161980489,0.5240005690538164,0.912260332245653,0.9053382611882403,1.0,1.0,0.11151705919691653,0.07200813102219918,0.6457140417866242,1.0,0.942493128423972,1.0
1745,-22.449200651565945,-126.47179547603338,-22.4492006020576,-126.47326431631626,-22.449042193551975,-22.4489863021102,-126.64966453479883,-126.4720409073301,-123.48247757938293,-126.47169322886646,-126.47931195532357,2.5809556223909895e-23,1.0,2.5790608124761854e-23,0.999265849479022,1.0,1.0,1.0,1.0,1.0,1.0,1.0,2.3613304194359407e-23,2.3613303609831623e-23,1.0,1.0,1.0,0.9998772918808978,1.0,1.1504513607186932e-22
1746,-42.179826985955856,-140.13184776589935,-42.1793561742256,-140.13184716287313,-42.17967203725712,-42.17982466269774,-139.98382881014007,-140.13185921814113,-140.13185818317297,-140.13184674333337,-140.13185896727907,5.370181226469661e-22,1.0,5.370182845649964e-22,1.0,1.0,1.0,1.0,1.0,1.0,0.9997657831969705,1.0,5.782702498909114e-22,5.781341377038922e-22,0.9286575744236967,0.9286580549893337,1.0,0.9999942738955048,0.9998420809547668,5.369737222205624e-22
1747,-101.86302332767144,-147.7050939319007,-102.41341742134964,-148.89086197491565,-102.41315383238535,-102.41337727527565,-148.89065987880193,-147.70489692119608,-148.88749057349455,-148.89081320670812,-148.89086144438363,1.1105058451026846e-10,0.7594224666841796,6.138108908205161e-11,0.5527308960393268,1.0,0.7595225609706969,1.0,0.7594377107524433,1.0,1.0,1.0,6.138729183521423e-11,8.083417929844208e-11,1.0,1.0,0.5536088845371924,1.0,1.0,8.0951705249973e-11
1748,-71.23205097806115,-146.81858660646503,-71.23218484162311,-146.81553326075235,-71.23216678917348,-71.23218430776768,-146.844878800709,-146.81549927190065,-146.81855812424112,-146.81553354144057,-146.81855786573993,3.8600447114885385e-17,0.9999330704589037,3.8659422376249e-17,1.0,1.0,0.9999420961203328,1.0,0.9999333373687876,1.0,1.0,1.0,3.809632278208538e-17,3.809887272215288e-17,1.0,1.0,0.9984717428059383,1.0,1.0,3.860323210899534e-17
1749,-92.52876058730541,-137.8819575956359,-94.41556360271113,-139.3103715919738,-94.41556194131735,-94.41547655242795,-139.30929492773566,-137.8820071533419,-139.30268886740123,-139.3090085540033,-139.31032195294264,1.4180070867070762e-10,0.38930136903926166,6.942281872864134e-11,0.48958019589208457,1.0,0.389301692430833,1.0,0.3893183138052303,1.0,1.0,1.0,6.946020132298181e-11,1.7842269985949236e-10,1.0,1.0,0.4914766456373978,0.99997522145399,1.0,1.7901286108321763e-10
1750,-132.7434180864297,-138.87645476610317,-132.743355587926,-138.87562318280135,-132.74340520439995,-132.74325433991334,-140.40106398019896,-138.87645460893307,-139.24559093472206,-139.24739054450956,-139.24787831736163,0.04658305922747915,1.0,0.04660243210184033,1.0,1.0,1.0,1.0,1.0,1.0,1.0,1.0,0.02173518404529875,0.021734504847670835,1.0,1.0,0.8314632630251237,1.0,0.9999751920707495,0.038731855997472524
1751,-138.72924737705677,-142.63869882588216,-138.72924259074972,-142.78129868957618,-138.72922728848624,-138.72924185442133,-142.73707613768912,-142.63811389832335,-142.78086302891896,-142.78129391106594,-142.638456326052,0.1416033096993498,1.0,0.13185853227942412,0.9311825589344228,1.0,1.0,1.0,1.0,1.0,1.0,1.0,0.13480656494516516,0.13480624233274544,1.0,0.9783444763915025,0.9311130641600803,1.0,1.0,0.1318859334888239
1752,-61.4555600737167,-133.59362886702874,-62.58596973071002,-133.7366693651245,-62.466092163780814,-62.66204226584671,-134.14613961652213,-133.67431129163114,-133.63518661919483,-133.78571369458655,-133.83054427566773,2.1647980794213029e-16,0.5682437423249974,2.0153781437840306e-16,0.9309774259975259,1.0,0.6033450371230344,1.0,0.5470357642999785,1.0,0.9626780262669579,1.0,1.642257330546679e-16,2.8900579244873006e-16,1.0,1.0,1.0,0.9604616619008164,1.0,3.514208282473374e-16
1753,-70.54040706951221,-132.69265211294515,-71.5318582425079,-133.24062102612942,-71.53177238789152,-71.53176695350109,-133.2415927442894,-132.69265097438196,-133.23909316214036,-133.2406450196166,-133.24064537946265,3.1901526879109425e-14,0.609128771299851,2.4256131155993897e-14,0.7603438935042909,1.0,0.6091549201195869,1.0,0.6091565753146702,1.0,1.0,1.0,2.4244348956902363e-14,3.9801680858328323e-14,1.0,1.0,0.7609245332727752,1.0,1.0,3.9849745062434526e-14
1754,-120.90045862496748,-130.4585869490428,-122.8556061084696,-132.74791671020688,-122.85559781217421,-122.85541105943776,-132.14844344017848,-130.4585803398837,-132.7433216563815,-132.62772728662685,-132.14965483139235,0.008403859939781481,0.3762228060722419,0.0026752055977393155,0.31833057867559805,1.0,0.3762243667032449,1.0,0.3762594988084747,1.0,1.0,1.0,0.0036101989129848785,0.009595906613624194,1.0,0.7427178073412053,0.31906173819906697,1.0,1.0,0.00712702115552423
1755,-89.3657519825523,-141.37503347454114,-89.3657509213163,-141.37503380047167,-89.35917966162464,-89.36564870579664,-141.3978551263991,-141.3749188090129,-138.351574560536,-141.3750340124022,-141.35809799802018,5.085433974622394e-12,1.0,5.0854331458733735e-12,0.9999998370347489,1.0,1.0,1.0,1.0,1.0,1.0,1.0,5.027734796471876e-12,5.02773212866602e-12,1.0,1.0,1.0,1.0,1.0,2.298458253217055e-11
1756,-152.68399860755738,-153.21572296146454,-152.68671475649563,-153.19538034765532,-152.68671598668982,-152.68671522335694,-151.87654703498728,-153.1652269209752,-153.18805227744937,-153.16522891989933,-153.16522766911535,0.7665447677561339,0.9986428472966852,0.7743813162539833,1.0,1.0,0.9986422330345615,1.0,0.998642614182859,1.0,0.9999997665693728,1.0,1.0,1.0,0.5250089636097142,0.5190512665415946,0.988652199331689,1.0,0.9999993849030959,0.7782806047231606
1757,-141.38850117798435,-152.91867960864874,-141.38375186076092,-152.91960563509804,-141.38842878212796,-141.38858392783658,-152.8621061371616,-152.91957888932737,-152.91959617827587,-152.9196035505055,-152.91960143397282,0.003135115650919597,1.0,0.0031336643869155647,0.9995370939494354,1.0,1.0,1.0,0.9999586259298177,1.0,0.9975868827221342,1.0,0.0032250640141304595,0.003217414673976266,0.9716725868386212,0.9716641872762705,0.999991355563114,0.999550460733756,0.9976642713856392,0.0031335657735621866
1758,-132.54485457873253,-146.67957816100227,-132.92264500589954,-147.09054195152174,-132.92262754675664,-132.92261571765803,-145.08241265608095,-146.67963142569315,-146.34785125197956,-147.09059701156679,-147.09057493654316,0.000852479163169802,0.8278732520211781,0.0006941352814611237,0.8142548363060246,1.0,0.8278804790314257,1.0,0.8278853755858184,1.0,1.0,1.0,0.001894540332120413,0.002288442497079187,0.44995424246180205,0.5311454925776109,1.0,0.9999733680091994,1.0,0.0012154853066345215
1759,-136.35164860368982,-141.37802213733332,-138.11623500922528,-142.81434760545542,-138.11623480811107,-138.1162026216099,-142.81446482955383,-141.3780212651971,-142.80004735258473,-142.81433775808856,-142.81435148356587,0.08100966853351853,0.4138328201531287,0.039504151912786355,0.4876473713312519,1.0,0.4138328617669599,1.0,0.4138395217364985,1.0,1.0,1.0,0.03950183656134517,0.09545360985803028,1.0,1.0,0.49114639259873993,1.0,1.0,0.09614418643817776
1760,-134.19245453222698,-143.05811822408333,-134.19245182034578,-142.64624139829846,-134.19244131285714,-134.19170243313084,-143.1517856603627,-142.64615815568084,-141.23151842430843,-142.64612875875702,-142.64615749187837,0.011880797401899353,1.0,0.014597668817718512,1.0,1.0,1.0,1.0,1.0,1.0,1.0,1.0,0.01133720408913714,0.01133718871657228,1.0,1.0,1.0,1.0,1.0,0.029613096809575083
1761,-143.31949521431468,-146.7393370777919,-143.31949497231312,-146.73933758769965,-143.31949550697172,-143.31949527880235,-144.26833921938956,-146.73933720902045,-146.72486777198307,-146.73933841067804,-146.73933728152832,0.18088009392627188,1.0,0.18088004781019693,0.9999997450461576,1.0,0.9999998536714934,1.0,0.9999999677561681,1.0,0.9999998467553983,1.0,0.6222446083496909,0.6222445330576118,0.2906896735315782,0.29280035739137844,1.0,0.999999934385729,0.9999997326707375,0.18219347036974623
1762,-127.19620967104885,-136.6981447543597,-127.1962086394787,-137.0183416459505,-127.19620678267054,-127.19620777953813,-136.3800634023815,-136.69813012913062,-135.98632409973843,-136.69814204337953,-136.69812943570045,0.008643328375901194,1.0,0.007364633538624464,0.8520599031222847,1.0,1.0,1.0,1.0,1.0,1.0,1.0,0.01013331401487879,0.010133308788268005,0.8529679006068438,1.0,1.0,1.0,1.0,0.012338156566027712
1763,-16.02483705658625,-135.39399556128876,-16.024824162849626,-135.3939987758885,-16.02462120810989,-16.024502092221468,-135.42483395261922,-135.3939948067641,-135.2360862331687,-135.3939990180237,-135.39399648217156,1.200373988706016e-26,1.0,1.2003720593466112e-26,0.999998392701427,1.0,1.0,1.0,1.0,1.0,1.0,1.0,1.182007152120182e-26,1.1819995319002967e-26,1.0,1.0,1.0,1.0,1.0,1.2988508413121854e-26
1764,-105.76873437616123,-123.34905012164643,-105.7687798484364,-123.3501942114516,-105.76859841615058,-105.7687912407826,-124.62415338867842,-123.34919337583588,-123.34871950090928,-123.34988447782689,-123.34840222163348,0.00015222393377828256,0.9999772641208834,0.00015213687975469274,0.9994281186839079,1.0,1.0,1.0,0.999971568093509,1.0,0.9999943038431184,1.0,8.046328968915697e-05,8.04651191343787e-05,1.0,1.0,1.0,0.9999283754704326,1.0,0.00015223875051009923
1765,-64.12260863606451,-150.79893678943606,-66.64284936733202,-152.16262488819888,-66.64287333184402,-66.64268229471256,-151.69002165886073,-150.79886256948106,-151.6847263163455,-151.69026477759257,-152.16262545265113,1.50825399967671e-19,0.2836198863577952,7.626993521870171e-20,0.5056836264651052,1.0,0.283616487972071,1.0,0.28364357990608985,1.0,1.0,1.0,9.660016424509884e-20,3.405972884540079e-19,1.0,1.0,0.6421509531380813,1.0,0.9999880178157888,3.415043649488636e-19
1766,-149.99832007462666,-150.5070199917225,-150.09728533488348,-150.6075327841472,-150.09524635065753,-150.08525848502563,-148.89705561978076,-150.507121311146,-150.44926990110432,-150.59905304962368,-150.60444852302263,0.7754203895641278,0.9517216892764228,0.7374135966176041,0.9509855641429705,1.0,0.9526924567932179,1.0,0.9574620384894567,1.0,1.0,1.0,1.0,1.0,0.4470732418923836,0.4601939993620485,1.0,0.9999493415714351,1.0,0.8377699195369596
1767,-149.43614638099638,-150.4565033001529,-150.14853061777342,-151.39908597032957,-150.11872092325217,-149.53929858681522,-150.5869037267192,-150.4561941514513,-150.4555848253325,-151.36483123255803,-151.39949022729144,0.6003884241861956,0.7003380594904607,0.3747598737930536,0.6241957018092525,1.0,0.7108546708490009,1.0,0.9497313698914543,1.0,1.0,1.0,0.5624918280830662,0.8031718688718901,1.0,1.0,1.0,1.0,1.0,0.8449887620688861
1768,-145.5258422101029,-154.2751698113596,-146.0067922060105,-154.6511911359484,-146.0067913093132,-146.00676231276955,-154.64828724748213,-154.2751689630342,-154.65119041112516,-154.6511906134118,-154.65119079395765,0.01259237507944479,0.7862543031687894,0.010434115937609185,0.828605872345826,1.0,0.7862546556849188,1.0,0.7862660551012755,1.0,1.0,1.0,0.010449276695696922,0.013289945318688734,1.0,0.9985494712137953,0.8286058211785194,1.0,1.0,0.01327066192055228
1769,-133.662056182744,-152.85661099339822,-133.66205573402837,-152.8562412177941,-133.66203240238264,-133.66201553287064,-151.03550699914814,-152.86413686617152,-153.17259923075932,-152.85558304923424,-152.85823920348255,6.791338563635611e-05,1.0,6.792594315378724e-05,1.0,1.0,1.0,1.0,1.0,1.0,1.0,1.0,0.00016881191223124342,0.00016881187435697495,0.40079110061527934,0.343507574778626,0.8570738578059398,0.9962441345864871,1.0,5.798748107857002e-05
1770,-143.2957022954387,-143.35191445062293,-145.52096726168992,-147.467947276016,-145.5209436722642,-145.51832700977315,-145.4478297852466,-143.3519008158756,-145.11949531055853,-145.61258301832535,-145.5267764661873,0.9722852236553825,0.3286925435863287,0.12416766491380954,0.12770703687853185,1.0,0.3286964204433633,0.33806583957699504,0.3291267456831167,0.3385084311430125,1.0,1.0,0.3409348945828996,1.0,1.0,1.0,0.41321086498693627,1.0,1.0,1.0
1771,-55.686266861520494,-146.61954786239352,-55.68613172437273,-147.86824008028597,-55.6859036791694,-55.68589837526906,-146.55856267355693,-146.6195421266911,-147.8675314811522,-147.86823013680896,-147.86824000766106,1.7951011286686054e-20,1.0,9.61476890097829e-21,0.5356115456352785,1.0,1.0,1.0,1.0,1.0,1.0,1.0,1.8506815078260403e-20,1.850556464140405e-20,0.969970396941828,0.519709953997827,0.5357998095987209,1.0,1.0,9.616429595652007e-21
1772,-151.05958397929035,-153.39064909761262,-151.05958399057792,-153.3906491100616,-151.05958403981094,-151.0595840364153,-152.02557232297718,-153.39064903052002,-153.82336495800593,-151.16582917177186,-153.3906490410423,0.3117565889872014,0.9999999943562159,0.3117565870466784,0.9999999937755177,1.0,0.9999999697397048,1.0,0.9999999714375325,1.0,0.9999999770813164,1.0,0.6169334189476374,0.6169334224294765,0.5053326499596582,0.4070186312686743,0.8054469294655061,1.0,0.9999999753834888,0.25110340336243386
1773,-73.35752682193072,-123.18946483816367,-73.50821632815035,-123.5723946995804,-73.35753064651038,-73.35752937171242,-123.5723585530246,-123.18942765537804,-123.18942856238229,-123.18946881377857,-123.18942899761674,1.5105397160584998e-11,0.9274236990035329,1.2473260301255865e-11,0.8257485830165894,1.0,0.9999980877119962,1.0,0.9999987251099638,1.0,1.0,1.0,1.247348573599279e-11,1.3449608576311848e-11,1.0,1.0,0.9999995464979781,1.0,1.0,1.510570002956123e-11
1774,-135.92418729222686,-147.1597661345065,-136.4939570906111,-147.88575346581476,-136.4939502098732,-136.48938214501771,-147.88572934672487,-147.15976080161073,-147.88494550255353,-147.88576562765388,-147.88576689961445,0.0036326625266987224,0.7521008167491982,0.0025268467769229276,0.6955908395981019,1.0,0.7521034042579515,1.0,0.7538231961048112,1.0,1.0,1.0,0.002526877249728941,0.0033597586832186254,1.0,1.0,0.6958700467842933,1.0,1.0,0.003361064141596561
1775,-122.47544742805434,-130.60711759446835,-122.47582330879237,-130.60821465949812,-122.47574519921548,-122.47579825959969,-128.34302281703933,-130.60821798353982,-130.60691201796,-130.6082102796435,-130.6063817439039,0.01714866273223789,0.999812077290668,0.01713925871258354,0.999451617901572,1.0,0.9998511255023362,1.0,0.9998245996117734,1.0,1.0,1.0,0.053195169028514816,0.05320516748773956,0.3221952395266297,0.3224056961778364,1.0,0.999449956793525,1.0,0.017152979145089668
1776,-105.5539190253115,-137.03757481757924,-108.03098966455244,-138.65895083705723,-108.03098684302398,-108.03080660627884,-138.65773661970195,-137.03755726730748,-138.6487676574996,-138.6590906519441,-138.6591168880558,1.4568371567306442e-07,0.28980838388315044,6.476400243830234e-08,0.4445521048051956,1.0,0.2898087927347396,1.0,0.28983491100834763,1.0,1.0,1.0,6.480333316398589e-08,2.2360751713143762e-07,1.0,1.0,0.4468174329976379,1.0,1.0,2.246122157431845e-07
1777,-113.89769328171138,-138.77934133548533,-113.89779474801759,-138.77934258815785,-113.89776315685444,-113.89765258235087,-138.76741722786403,-138.77933075618023,-138.77933251939046,-138.7793431013518,-138.77933205826963,3.9538371235791395e-06,0.9999492681338021,3.953834647148367e-06,0.9999993736639369,1.0,0.9999650630387824,1.0,1.0,1.0,1.0,1.0,3.977480524847959e-06,3.977682320095199e-06,0.9940609421865663,0.9940600658177385,0.9999991183952708,1.0,1.0,3.953992692808494e-06
1778,-123.23650890597477,-143.8924650023488,-123.23650926167534,-143.89246658167212,-123.23650968659541,-123.23650933053531,-145.5436828098774,-143.89246618694187,-143.8924667681005,-143.8924669492109,-143.89196387439404,3.270514842753398e-05,0.9999998221497337,3.270512260154251e-05,0.9999992103386566,1.0,0.999999609689757,1.0,0.9999997877197527,1.0,0.9999999655700128,1.0,1.4323815993312836e-05,1.432381854080777e-05,1.0,1.0,0.999999709420734,0.9999994077036454,0.9999997875399854,3.2705132318109526e-05
1779,-133.99392645550415,-143.17590029183953,-133.99392679222848,-143.17590059900414,-133.9939281874059,-133.99392793968565,-140.79883668964897,-143.17587614585102,-142.5733076500594,-143.17590247305336,-143.17587665644794,0.010142843275840882,0.9999998316378509,0.010142841718079743,0.9999998464177058,1.0,0.9999991340494941,1.0,0.9999992579095274,1.0,0.9999994262715799,1.0,0.03329143517358109,0.03329144077859959,0.3046719277250551,0.4117925893893335,1.0,1.0,0.9999993024115259,0.013709178166085856
1780,-33.32606829755923,-137.5855515966831,-34.06058718124919,-137.62079121629088,-34.0605865075878,-34.06037480779122,-137.6651713758052,-137.58479910775972,-137.61993072877806,-137.62078767008222,-137.62079353266373,2.292666359355698e-23,0.692629924546379,2.2526238210685763e-23,0.9825345113458311,1.0,0.692630157845437,1.0,0.6927034765575183,1.0,1.0,1.0,2.203188434877954e-23,3.180902754556659e-23,1.0,1.0,0.9825875689490066,1.0,1.0,3.253674679622009e-23
1781,-128.24218656354503,-142.12452697950727,-130.19932233585172,-143.8969688079568,-130.19933726210982,-130.19907033493448,-143.14348035792773,-142.12452537302943,-143.89136219060492,-143.89696810273824,-143.8969411610992,0.0009671371830601673,0.3758489721288236,0.00039866419092083623,0.4122105921513668,1.0,0.3758461671299078,1.0,0.3758963322553206,1.0,1.0,1.0,0.0005810656008813381,0.0015460082213080409,1.0,0.6880175612247366,0.41336743484888494,1.0,0.9999925368987974,0.0010636887444745
1782,-148.03347502510195,-148.0332153441278,-149.11024732138281,-147.81007913329617,-148.88308735980686,-148.03349183237222,-147.35123296635211,-148.03302977358186,-148.85646994284133,-148.88282131085543,-149.10997795696048,1.0,0.5836894810222581,1.0,1.0,1.0,0.6538965193403993,0.6538116226094661,0.9999915964001751,0.9998617654330664,1.0,0.8943068325603553,1.0,1.0,0.7111311528909336,0.4711312844490668,0.6625096967469292,1.0,1.0,1.0
1783,-103.18201240849785,-136.34514762259698,-103.18200385355806,-136.34514299483652,-103.18200518504128,-103.18201008959898,-136.02057938374466,-136.32002721808328,-136.32002279373376,-136.34514321366015,-136.32002256093952,6.290956569067007e-08,1.0,6.290971125603887e-08,1.0,1.0,1.0,1.0,1.0,1.0,0.9999968819844023,1.0,7.39938772061094e-08,7.399356070020394e-08,0.86094563592493,0.860947540489245,1.0,1.0,0.9999993342586122,6.37046165076821e-08
1784,-82.40310082797146,-120.4958291185265,-82.60675192791021,-120.49583048321207,-82.60671363923274,-82.60666693242865,-121.01953994710004,-120.49580677884788,-120.49581134799769,-121.01966776837952,-121.01966776919369,5.348957551145115e-09,0.9031870989434833,5.348953901323756e-09,0.9999993176574461,1.0,0.9032043900287605,1.0,0.9032254831703047,1.0,1.0,1.0,4.11667697059842e-09,4.557944832708495e-09,1.0,1.0,0.9999977154277053,1.0,1.0,5.922253187994453e-09
1785,-92.08871916443428,-145.8453304388965,-92.08860894683423,-145.75268792363508,-92.08868594355846,-92.08868776769762,-147.8636958665055,-145.84537239381223,-145.77576342237592,-145.751192909442,-145.87258369032972,2.122756497323365e-12,1.0,2.2233981779483917e-12,1.0,1.0,1.0,1.0,1.0,1.0,0.9999605903448842,1.0,7.737803469743587e-13,7.737377060429086e-13,1.0,1.0,1.0,0.9999790227621603,0.9999615023789364,2.1978560808553085e-12
1786,-132.67626659613495,-151.69669732048152,-132.67626596102534,-151.69669734127197,-132.67618015300806,-132.67626539260186,-149.12027391113693,-151.69667282432056,-150.9532257791845,-151.6966950242732,-152.24461897492495,7.409108360102608e-05,1.0,7.409108283083252e-05,0.999999989604774,1.0,1.0,1.0,1.0,1.0,1.0,1.0,0.0002686761901619736,0.00026867610484257134,0.27576686655959864,0.399925925999694,1.0,1.0,1.0,0.00010744593006315254
1787,-106.07129891279519,-136.5251287330448,-106.07128237938767,-136.52513110051882,-106.07129950401577,-106.07129918197111,-136.60726323677113,-136.52511647136382,-136.52318747106332,-136.5251321829818,-136.52389699089886,2.4380066064390233e-07,1.0,2.4380037204820763e-07,0.9999988162636883,1.0,0.9999997043897519,1.0,0.9999998654120452,1.0,0.999991598743568,1.0,2.3399123911057916e-07,2.3398930478231816e-07,1.0,1.0,1.0,1.0,0.9999914377226058,2.4403748814312443e-07
1788,-71.26420170196843,-126.21042851164509,-71.26390793656569,-126.21042784619127,-71.2641967351276,-71.26419885197907,-126.20057654639413,-126.21039392138184,-126.2103940198069,-126.21042829254958,-126.21039401400515,1.1710581140437886e-12,1.0,1.1710585036864033e-12,1.0,1.0,1.0,1.0,1.0,1.0,0.9998545528717656,1.0,1.1768409573663285e-12,1.1766681124816952e-12,0.9951033404241257,0.995103291452573,0.9999999507874703,1.0,0.9998556111441188,1.171075401915254e-12
1789,-152.577796802742,-152.55900985850218,-153.64784733505968,-153.62901117764085,-153.64887752233727,-153.6505208838827,-150.55538566237152,-152.5460222290054,-152.28858882124155,-153.62988960674875,-153.61639194561994,1.0,0.5856544927184191,0.591196288398175,0.5856689038554173,1.0,0.5853529034947009,0.5798801516281402,0.5848721278177604,0.5794038709591987,0.9986641186734053,0.9893027735381263,1.0,1.0,0.36960578646507647,0.4203777448419288,1.0,1.0,0.9994850389991574,1.0
1790,-135.11960285957272,-138.0847712770265,-135.1196002359045,-137.98305103187081,-135.11960189909743,-135.11959411974053,-134.58806972528842,-137.9829667891961,-137.70528907077045,-137.98295870943898,-137.9829667865468,0.22705018452617248,1.0,0.23889668851091825,1.0,1.0,1.0,1.0,1.0,1.0,1.0,1.0,1.0,1.0,0.1831502303668513,0.2104284323003598,1.0,1.0,0.9999991684038794,0.2744891388526914
1791,-139.04301296622128,-140.25090502346427,-139.04372422887135,-140.2509009994426,-139.04372059890113,-139.04372424370268,-137.57585582011725,-140.2509017736835,-140.15644077536268,-140.2508976655582,-139.1344343026823,0.5466502768674443,0.9996444319042883,0.5466513767348329,1.0,1.0,0.9996462462456955,1.0,0.9996444244912606,1.0,0.9999999925843355,1.0,1.0,1.0,0.26249507034021563,0.27519028431813025,1.0,1.0,1.0,0.5732920030006423
1792,-141.82543001547572,-152.44516909203332,-142.01672735117808,-152.44881797416377,-141.82541535711763,-141.82542405267975,-151.49355890378195,-152.44881801479198,-152.28479146462809,-152.44881778776843,-152.44280034348242,0.004942571492003704,0.9087832447579648,0.004933562282490778,0.9981772222157027,1.0,1.0,1.0,1.0,1.0,1.0,1.0,0.007954126374502112,0.008752501127615447,0.6202519233394377,0.6732649913353537,1.0,0.9981772019386269,1.0,0.0053551955752784665
1793,-38.93904502135874,-126.35335458098632,-39.502359885969156,-134.76313279691243,-39.502358418089244,-39.50235791739783,-126.32838076072525,-126.35324908500277,-134.7630134404574,-134.76313509122645,-134.76301349355543,1.0428548360326275e-19,0.7545321185934935,1.5561939509027215e-21,0.014922440757172034,1.0,0.7545326723749666,1.0,0.7545328612690053,1.0,1.0,1.0,1.0559585126020195e-19,1.3994878237528304e-19,0.9876428226445102,0.01473814364861483,0.014922544173562672,1.0,1.0,2.062583744282481e-21
1794,-140.38968467866795,-142.4957167039148,-140.42528588388876,-142.4957505956632,-140.4212818029746,-140.38968022942421,-141.9300913661744,-142.49771871099514,-141.93763031562895,-142.4957350423611,-142.49775199348272,0.3488839224185548,0.9823568922306375,0.34887801032559024,0.9999830542693868,1.0,0.9843255805114038,1.0,1.0,1.0,1.0,1.0,0.46291892706796733,0.4712329406238679,0.7529069189687314,0.9962376208242811,1.0,0.9989994972967489,1.0,0.4685210459501796
1795,-116.6775171281825,-129.61540058287,-116.67751434354727,-129.61510929304762,-116.67751119599157,-116.67747141092997,-129.72921291293198,-129.61516072259803,-126.92526913452275,-129.61511083783378,-129.61512000631862,0.0015508661039855013,1.0,0.0015510919961911037,1.0,1.0,1.0,1.0,1.0,1.0,1.0,1.0,0.0014650763931544151,0.0014650743533041663,1.0,1.0,1.0,1.0,1.0,0.005952886986613889
1796,-120.85166400377119,-122.65580326584589,-121.18765381422776,-122.6560080543259,-121.18775619579887,-121.29968985739583,-121.86282296566483,-122.65509360982705,-122.93551419459291,-121.24058629413932,-121.25766571535294,0.4057290806982359,0.8453581415804373,0.4056875385042479,0.9998976110021088,1.0,0.8453148681407043,1.0,0.7993048018394211,1.0,0.945522095930942,1.0,0.6031559567532438,0.7134916280874932,0.6729156294324863,0.5848817350684161,0.8691754352052803,1.0,0.9999488105246706,0.4173295842750607
1797,-141.45607718556673,-141.45602345430186,-141.45329294301152,-141.4556487358989,-141.45606807358277,-141.4555393898187,-141.1396699290361,-141.45596303752924,-141.4431796155255,-141.45463522394704,-141.455723528597,1.0,1.0,1.0,1.0,1.0,1.0,0.9999776906084014,1.0,1.0,0.9988774071756955,1.0,1.0,1.0,0.8537246558261085,0.8591988933363636,1.0,1.0,0.9986133969379845,1.0
1798,-129.73504081394444,-136.48810883551567,-129.7349057607686,-136.4881098513141,-129.73504077549734,-129.735040793614,-136.15933070710855,-136.48810051689912,-135.97582122003422,-136.48811019047,-136.48810081383712,0.034165667589384746,1.0,0.03416565023667337,0.999999492100913,1.0,1.0,1.0,1.0,1.0,0.9999324858564933,1.0,0.04027014326225841,0.04026742404869981,0.8484153997844044,1.0,1.0,1.0,0.9999324949142074,0.04413994067080847
1799,-127.86895838833641,-132.77855047576088,-128.1538956031209,-133.31178823339172,-128.15390742228982,-128.15389535952386,-133.31175404454578,-132.77874332270858,-133.31027328344456,-133.31178504227356,-133.31175902961778,0.08588070956576183,0.8672147779983055,0.06578161266209064,0.7659649413087279,1.0,0.8672096531344735,1.0,0.8672148836237896,1.0,1.0,1.0,0.06578273717041268,0.07585518471243256,1.0,1.0,0.7666192769112172,0.9999035811747448,0.9999940904330025,0.07591181581746645
1800,-125.90520248385232,-145.49816610840608,-125.90118284900905,-145.49816605949465,-125.90490409964761,-125.90520243592607,-145.18488144876622,-145.49815100150093,-145.4981489872363,-145.49816594802454,-145.49815093445372,5.564703215144039e-05,1.0,5.564703351232842e-05,1.0,1.0,1.0,1.0,1.0,1.0,0.9979922248240238,1.0,6.508350095278701e-05,6.495282635873567e-05,0.855016273949585,0.855017135064535,1.0,1.0,0.9981411045709491,5.5639206975112444e-05
1801,-85.64222159924265,-145.72403008137525,-86.02478576849785,-146.33834127313892,-86.02479042767388,-86.02429924644841,-146.43513732527512,-145.71175156583917,-146.33458116605524,-146.33834264149937,-146.33751091726873,8.982579233587877e-14,0.8258995817130277,6.607011707090788e-14,0.7355361456078979,1.0,0.8258976577095023,1.0,0.8261005153302599,1.0,1.0,1.0,6.294860072543958e-14,7.62182257010903e-14,1.0,1.0,0.732410009100801,1.0,0.9999976704146994,8.014848891939947e-14
1802,-112.70098439936424,-142.4608281177414,-112.7009836590311,-142.46082883500483,-112.70070813043165,-112.70091804899315,-142.54397179118672,-142.46083320730523,-139.35940645631604,-142.46082989190626,-142.46083408201045,3.4493085538051117e-07,1.0,3.449307316773912e-07,0.9999996413683551,1.0,1.0,1.0,1.0,1.0,1.0,1.0,3.3088541627039056e-07,3.3088529378769203e-07,1.0,1.0,1.0,0.999997455221331,1.0,1.6260624134134744e-06
1803,-126.2174339545059,-128.7941014363796,-127.80529418096961,-130.43947666644186,-127.80527424095658,-127.80516972074884,-129.28567051553182,-128.79605740798834,-130.44549938734258,-130.4413885517404,-130.44296090791613,0.2757298378727817,0.4520646342557446,0.1211142025270805,0.4392495330264582,1.0,0.45206914136556187,1.0,0.45209276716318425,1.0,1.0,1.0,0.21564574642663978,0.47702414673881255,1.0,0.5599462758118429,0.4383572816108686,0.9990224922678862,1.0,0.26710523138454734
1804,-96.52041796052822,-135.6273819356233,-96.52017961813775,-135.6280409688708,-96.52000060209016,-96.52038228800328,-137.76318521017862,-135.62838220376838,-136.44504329567022,-135.6285230336299,-135.62749798673485,3.221296278144906e-09,1.0,3.220234982338147e-09,0.9996705376608892,1.0,1.0,1.0,1.0,1.0,0.9998986702014458,1.0,1.1072530430594023e-09,1.107121098252997e-09,1.0,1.0,0.6647591090705631,0.9994999909736592,1.0,2.1398687388281607e-09
1805,-143.37537225323325,-143.37557354743387,-143.3757797859086,-143.38934270111224,-143.37576826294446,-143.44237961384982,-143.2821865512635,-143.37589361512872,-143.37207953573753,-143.37451754754488,-143.37576249600914,0.9998993579644386,0.9997962544212733,0.9930391160308921,0.9931390675682478,1.0,0.9998020147460627,0.9999026469838184,0.9670513521777495,0.9671486879903994,0.9672484247678262,0.9738300703027551,1.0,1.0,0.9542271511620832,0.9560486364883437,1.0,0.9998399789573111,1.0,1.0
1806,-130.7044582788551,-135.8183912838461,-130.70445734382886,-135.81839000052938,-130.70426832706403,-130.70445569100937,-135.20671737817491,-135.81837818179162,-135.08255149983387,-135.81838640955976,-135.81837830354152,0.07753960022369911,1.0,0.07753964997764781,1.0,1.0,1.0,1.0,1.0,1.0,1.0,1.0,0.10528023811680627,0.1052801888969254,0.736511519886259,1.0,1.0,1.0,1.0,0.11201286072416608
1807,-115.7485186841551,-130.10732713912347,-118.6636812568303,-130.1074896298196,-118.66308990019797,-118.66254275271933,-131.10997404147233,-130.1073756116153,-130.10732458204637,-130.1072725843941,-130.10738154482542,0.0007621217581192845,0.2327986676398855,0.0007620598417870148,0.9999187579522434,1.0,0.23286751133523081,1.0,0.23293122648607176,1.0,1.0,1.0,0.00046163885178893393,0.0019829961076196522,1.0,1.0,1.0,0.999975764047775,1.0,0.003272773982733978
1808,-110.6572916408951,-151.6636114017689,-113.12029176555944,-154.62404117358622,-113.12001228616523,-113.11992279962703,-154.51053244445507,-151.66361096489197,-154.56824900470048,-154.624034649655,-154.62403994965405,1.2462087675233039e-09,0.29185444928721227,2.8362312991990026e-10,0.22758877750761503,1.0,0.2918952357892346,1.0,0.29190829642850424,1.0,1.0,1.0,3.0018552919253665e-10,1.028545324306931e-09,1.0,0.9715541432444306,0.23402694518177752,1.0,1.0,9.991478409726981e-10
1809,-133.42100353305904,-149.33966035001893,-133.4210030868503,-149.3381759931125,-133.421000104784,-133.4210006078508,-148.1772113436383,-149.33877102690386,-149.23882165345614,-149.33730012126577,-149.33762605297824,0.00034938768449050995,1.0,0.00034964708875197975,1.0,1.0,1.0,1.0,1.0,1.0,1.0,1.0,0.0006247844140268009,0.0006247842746346863,0.5594619047167113,0.5881312422351852,1.0,1.0,1.0,0.0003674546036825048
1810,-74.74082116793181,-131.03226093034766,-75.60786423312044,-131.9973576987729,-75.60787094666824,-75.607798601598,-132.0004248362397,-131.03238357885027,-131.9935197491063,-131.9974034792836,-131.99742470547395,5.976806096549577e-13,0.6482223345567948,3.6889355348732983e-13,0.6172085015444826,1.0,0.6482201586246312,1.0,0.6482436068151711,1.0,1.0,1.0,3.68328263434115e-13,5.682128550629937e-13,1.0,1.0,0.6184319699919985,0.999938677628988,0.9999966432317315,5.701799391278013e-13
1811,-139.3593903121515,-139.3692207123524,-139.35938943474565,-139.3692322837082,-139.3593867651432,-139.35856193209437,-137.61635345196075,-139.5443324218706,-139.5382152363024,-139.36904303832293,-139.3953018934436,0.9950968597286571,1.0,0.995091102435403,0.9999942143388376,1.0,1.0,1.0,1.0,1.0,1.0,1.0,1.0,1.0,0.381368383578851,0.38253661983370235,1.0,0.9161676978956784,1.0,0.9144666904668908
1812,-104.04091217213431,-138.6688629826814,-104.26750069749488,-139.3387602101048,-104.25910828391096,-104.24878256115699,-141.29805987396756,-141.29568947157,-141.29568969355148,-141.92301807085747,-141.29568963954827,3.0243776617940794e-08,0.8928878778742716,2.16356370364698e-08,0.7153748458661547,1.0,0.8966424921114314,1.0,0.9012837036595018,1.0,1.0,1.0,8.122938606280969e-09,9.097378077995107e-09,1.0,1.0,0.999999889009266,0.2689006645234452,1.0,9.070026012789188e-09
1813,-102.42678947961596,-120.91702237654994,-103.64791101383523,-121.23330278240093,-103.647588800839,-103.64732249926581,-121.13811825695262,-120.9169090380824,-121.3670159758733,-123.45796464199213,-123.45778958427258,9.658216622212468e-05,0.5430462611931555,8.24551003140768e-05,0.8537300781227276,1.0,0.5431337565224532,1.0,0.5432060800242194,1.0,1.0,1.0,8.647420568517581e-05,0.00015923911435312857,1.0,0.8918575473281545,0.7984735241205864,1.0,1.0,0.000141995727688384
1814,-102.56412644664823,-128.25677338579092,-103.04569989613225,-130.09156729979398,-103.04559956631752,-102.56426079461326,-131.48644311118073,-128.25677315083738,-130.09156729454378,-130.091567442435,-130.09156732422903,2.635800915058394e-06,0.7860092448377526,1.053154695208207e-06,0.39955775460563364,1.0,0.7860486759077269,1.0,0.9999328282736063,1.0,1.0,1.0,5.243227892480719e-07,6.670694940188676e-07,1.0,1.0,0.39955770871575963,1.0,1.0,1.3398085007352292e-06
1815,-113.18971821607244,-132.36349443815905,-113.4265916721757,-132.93014310876256,-113.42237060068587,-113.41303382354965,-132.54949954634628,-132.36349495546034,-132.92975642250346,-132.93014073165085,-132.56067471556196,6.86226357098671e-05,0.8883080188578449,5.169174572541663e-05,0.7532754344203076,1.0,0.8901848044990762,1.0,0.8943502484542862,1.0,1.0,1.0,6.252833992858294e-05,7.039038104032835e-05,1.0,0.8268529277217352,0.7534212840033037,0.9999997413493894,1.0,5.807978374178406e-05
1816,-141.49824507959764,-142.7175719182064,-141.49823992979745,-142.71509586509984,-141.497136339514,-141.49824055627164,-141.9619545181546,-142.7149968863332,-142.62169312144258,-142.7175622175026,-142.71353463119794,0.5435337812686074,1.0,0.5442071072341341,1.0,1.0,1.0,1.0,1.0,1.0,0.9999996867629541,1.0,0.7930613314601573,0.7930592894090894,0.6862445800663215,0.7190177017226054,1.0,1.0,1.0,0.5699091077454848
1817,-128.80391119172867,-155.62920506545672,-128.80391150322248,-155.62920572535606,-128.80391243217247,-128.80308528379692,-153.42170566606222,-155.62923399629534,-153.2858064082804,-155.62920745958928,-155.62923451753701,1.4961028408904388e-06,0.9999998442531087,1.4961023472518798e-06,0.9999996700503833,1.0,0.9999993797782953,1.0,1.0,1.0,1.0,1.0,4.5114261398834365e-06,4.5114268425241485e-06,0.331620457235435,1.0,1.0,0.9999855346853115,0.9999995355251143,4.8286337971043345e-06
1818,-125.5337388517463,-127.94783680402577,-126.56586161992124,-128.98233437703436,-126.56586029841927,-125.5337435100339,-129.37907445211783,-127.94783680408321,-128.8794189176986,-128.9822851717899,-128.9823299681243,0.2990785664264693,0.596866753428839,0.17829821548785543,0.596158453005329,1.0,0.5968671478092642,1.0,0.9999976708589156,1.0,1.0,1.0,0.1462163652983566,0.24497321128775035,1.0,1.0,0.627638411121046,0.9999999999712799,1.0,0.3144974504223578
1819,-122.3339611652126,-130.3510641729197,-122.33328315777842,-130.3510608562919,-122.33395333300902,-122.33395631400157,-130.33473479000816,-130.35106248321495,-128.68653263447203,-130.35106069872708,-130.35105917749996,0.018159680422322706,1.0,0.018159710536798237,1.0,1.0,1.0,1.0,1.0,1.0,0.9996634785244864,1.0,0.01830855554259016,0.018302349926129686,0.9918693870925281,1.0,1.0,1.0,0.9996649685202867,0.041740239029034266
1820,-123.78557399068504,-152.19184568033563,-124.16172648489115,-153.5722800097604,-124.16172556086377,-124.16171205244297,-153.57214746810217,-152.1916767236156,-153.56883970109146,-153.57283393800094,-153.92373034013636,6.786666009166361e-07,0.82855153017027,3.403290104169002e-07,0.5014671562697166,1.0,0.8285519129725063,1.0,0.8285575092053558,1.0,1.0,1.0,3.403515650499387e-07,4.107789952183127e-07,1.0,1.0,0.5022880652367112,1.0,1.0,4.1145874784127065e-07
1821,-148.3615617716161,-152.75849228182386,-148.3615257150117,-152.758494309725,-148.3615230070107,-148.36023002264744,-152.76288952920495,-152.75849209387002,-151.5934824638574,-152.75849435313128,-152.75849412279052,0.11097334350608938,1.0,0.11097323098466193,0.9999989860499479,1.0,1.0,1.0,1.0,1.0,1.0,1.0,0.11072962290715677,0.11072762665804778,1.0,1.0,1.0,1.0,1.0,0.19869590702105658
1822,-136.3693528177262,-141.56009260757554,-138.16439920232068,-143.2117353739509,-138.16439846619724,-138.16412222159664,-143.45240848161882,-141.56009254799284,-143.21175454629469,-143.21180401938707,-143.21188436981072,0.07461827004970686,0.40757790270209016,0.032673488533881294,0.43787518140149706,1.0,0.4075780527159414,1.0,0.4076343522221535,1.0,1.0,1.0,0.02896903343944941,0.07107606483912762,1.0,1.0,0.43787097083008875,1.0,1.0,0.08016421665490481
1823,-137.3565834970207,-137.36311909004294,-137.35655986853254,-137.36309989628444,-137.35620968270138,-137.35608932328253,-136.69779980738826,-137.35382381280434,-136.95999648952073,-137.35357222724645,-137.35368726998055,0.9967375369247848,1.0,0.9967471025404728,1.0,1.0,1.0,1.0,1.0,1.0,1.0,1.0,1.0,1.0,0.7203543734501854,0.8771315121014224,1.0,1.0,1.0,1.0
1824,-25.054845934958962,-109.54950690951341,-25.602406331284215,-109.93799215597562,-25.602016549848713,-25.602377830975826,-109.9379225737479,-109.54946142577501,-109.93761373098363,-109.93798952655266,-109.93799217080328,4.489701774475614e-19,0.7604992160162882,3.697081247732456e-19,0.8234580899672939,1.0,0.7606474446980745,1.0,0.7605100533245978,1.0,1.0,1.0,3.697209875544634e-19,4.861556458810922e-19,1.0,1.0,0.8235951829623316,1.0,1.0,4.861359718831975e-19
1825,-142.03316575294826,-144.20759783654916,-142.03304701231284,-144.20747879516676,-142.0330435196314,-142.03282217092809,-144.78317253775998,-144.2073608601483,-144.1521979821162,-144.2074540129937,-144.20736920668088,0.33715381049120396,1.0,0.337173878716275,1.0,1.0,1.0,1.0,1.0,1.0,1.0,1.0,0.2528387380716753,0.252823727401064,1.0,1.0,1.0,1.0,1.0,0.34660231198853386
1826,-143.71435431129387,-144.16067031886718,-145.78818628378167,-144.33015671847457,-145.94018195397882,-145.6978878999547,-146.16261633679764,-144.15911742879382,-146.3081718520668,-146.4084459796871,-145.80604706621273,0.7999884381055964,0.3545464236680155,0.73498792859066,0.9187481888252533,1.0,0.32860008281920283,0.4107560399214527,0.3709207710395108,0.46365766475058734,1.0,0.5046623986746988,0.29401308296520884,0.8292654031690702,1.0,0.9298074496721204,0.3414591550591485,1.0,0.9268182130272793,0.8319400059084305
1827,-147.50312387015668,-151.44466664663597,-147.503122138515,-151.44466431803238,-147.50311952385854,-147.50312125755738,-150.89701727669453,-151.44465850971554,-151.00653173820533,-151.44466323712032,-151.44465718118897,0.1393493223167539,1.0,0.13934948456151416,1.0,1.0,1.0,1.0,1.0,1.0,1.0,1.0,0.1832421634715039,0.18324200481668917,0.7604684785155971,0.9467149533315888,1.0,1.0,1.0,0.17347771924595023
1828,-88.67943295196739,-128.0011905558771,-89.09404050573062,-128.4904795372948,-89.09403545936382,-89.09401014672528,-128.49038161860636,-128.00115789559052,-128.4897980543085,-128.4904825578547,-128.49048275602433,2.8932690875435293e-09,0.8127727109226934,2.265380065696401e-09,0.7829828464450829,1.0,0.8127747616998907,1.0,0.8127850485018664,1.0,1.0,1.0,2.265490979933935e-09,2.787361029090228e-09,1.0,1.0,0.783236896173299,1.0,1.0,2.7881674148796246e-09
1829,-116.5136454413456,-124.00236984780727,-116.51190642216991,-124.00236898758743,-116.51385106461663,-116.51382877542403,-123.8683221003275,-124.0023685488473,-123.01988965197967,-124.00237040060676,-124.00236888037225,0.02365070858385078,1.0,0.023650718756257356,1.0,1.0,0.9998971936494206,1.0,0.9999083371620803,1.0,0.9990392851552328,1.0,0.02529019950877446,0.02526821899534155,0.9351734823725694,1.0,1.0,1.0,0.999028151327753,0.038657313668715595
1830,-127.52692147066244,-135.49546664799226,-128.9432153805483,-137.02266300953664,-128.94321577506955,-128.94363121225206,-137.82634413016027,-135.49923670887588,-137.03359826877826,-137.03671859402488,-137.0362989965559,0.018605973597562595,0.49255608093055037,0.008670136282656027,0.4659867024530131,1.0,0.4925559837686426,1.0,0.4924536813590037,1.0,0.9997921057611289,1.0,0.005801079084117751,0.011777499677109246,1.0,1.0,0.4643202457809502,0.9981167451122379,0.9999998027394009,0.017506356300049573
1831,-136.33103293173835,-146.89246909101445,-136.58724022417195,-147.33116631331106,-136.58722036301475,-136.3314790279336,-145.0855668684621,-146.8924681464558,-147.1774002816793,-147.331133943427,-147.331154317371,0.005088775334450922,0.8797621903963225,0.0040864988975512695,0.8030417200550674,1.0,0.8797709269872827,1.0,0.9997769767757538,1.0,1.0,1.0,0.012559637643954456,0.014276173471715675,0.40516915233015005,0.3513695688901974,0.8672169805362815,1.0,1.0,0.005016163104509096
1832,-116.84522311188135,-132.41735612214183,-117.08819146816717,-132.8080470386842,-117.08805026218715,-116.84549765471132,-132.8080308936651,-132.41735439315767,-132.33178440736245,-132.8080474375798,-132.8080488546297,0.00041548397802167885,0.8856050651548022,0.0003417565339666267,0.8225504521110437,1.0,0.8856675937276939,1.0,0.9998627380063044,1.0,1.0,1.0,0.0003417592928106493,0.00038590485336814395,1.0,1.0,1.0,1.0,1.0,0.000489626808379727
1833,-133.00915827319776,-133.02370932666742,-133.00915647520304,-133.67633888613514,-133.00915150275426,-133.00915331163986,-134.50618616702144,-133.0554830629385,-133.18585078865252,-133.67633393284993,-133.67633798987782,0.992750875840122,1.0,0.7163472049324429,0.7215780135436588,1.0,1.0,1.0,1.0,1.0,1.0,1.0,0.47306903635014874,0.4730686110625265,1.0,1.0,0.936895187314444,0.9842386625119415,1.0,0.915440743359142
1834,-139.56814271005263,-139.5678992229869,-139.56814173131966,-139.68824993933094,-139.5681277252585,-139.56813874272768,-137.56003972997084,-139.46813490464092,-139.72488489520978,-139.5679003704081,-139.56611141366753,1.0,1.0,0.9417140425721486,0.9415994019561819,1.0,1.0,0.9998857553906141,1.0,0.9998802473005401,1.0,1.0,1.0,1.0,0.38517881909810425,0.3387738231498274,0.8795235001318761,1.0,1.0,0.9246143151862813
1835,-124.67524646010855,-141.20991351982394,-125.81002412476687,-143.0602558313014,-125.8100138921404,-125.80999326589455,-141.54259448850075,-141.20990549261646,-143.0598198662826,-143.0602559107198,-143.06025598722533,0.0002567690462411486,0.5670040500530684,0.0001017995692089074,0.39646355625475516,1.0,0.5670069510308138,1.0,0.5670127986733546,1.0,1.0,1.0,0.00021742121255305128,0.00038345618965632077,1.0,0.46831567609054414,0.3965483962042508,1.0,1.0,0.00017957762593226941
1836,-113.97368462549292,-140.6966206518397,-113.97368548476368,-140.86086654946794,-113.97368660048232,-113.97368574120787,-140.86078479244776,-140.69658923471127,-140.6965922424734,-140.69662363241397,-140.69659054399864,1.5746649898426194e-06,0.9999995703647143,1.45051634925413e-06,0.9211586963644249,1.0,0.9999990125057865,1.0,0.9999994421426799,1.0,0.9999998717779104,1.0,1.450575645413311e-06,1.4505762686320602e-06,1.0,1.0,0.999998496120065,1.0,0.9999994421408325,1.5746889126149279e-06
1837,-87.89285761194265,-129.91215140124095,-87.89378207759563,-129.91215224566136,-87.89377760294673,-87.893780875824,-129.92180462018874,-129.91214265782008,-129.9121436117333,-129.9121523408602,-129.912143516837,7.509763960769046e-10,0.9995378739866418,7.509760790070734e-10,0.9999995777898828,1.0,0.9995401102796696,1.0,0.9995384745949496,1.0,1.0,1.0,7.473604596651842e-10,7.477059940553809e-10,1.0,1.0,0.9999995230434991,1.0,1.0,7.513248475247906e-10
1838,-107.71716065828787,-130.95357655934393,-107.71718512039448,-130.95357862943,-107.71718254078834,-107.71667407381753,-131.03791164872018,-130.9535653976676,-131.81349180614097,-131.8136855938434,-130.95357353391768,9.00070229830005e-06,0.9999877690214947,9.000692982190596e-06,0.9999989649574942,1.0,0.999989058809617,1.0,1.0,1.0,1.0,1.0,8.629055564225067e-06,8.629161107309085e-06,1.0,0.6785547714069124,0.6505330311423767,1.0,1.0,5.855350890349132e-06
1839,-130.09072624827232,-137.08316343266864,-130.09071630504928,-137.0831589727906,-130.26452053452843,-130.29832094396383,-135.557344139939,-137.08326206973794,-137.24996308202012,-138.89822168858927,-137.08328036618332,0.03031178821284726,1.0,0.03031185580636176,1.0,1.0,0.9167713870209676,1.0,0.9014079511761498,1.0,0.9014034697371381,1.0,0.06500383922483265,0.06500351605180023,0.4662846637703556,0.4289952334132999,0.9200286150191277,0.999950682681489,0.9167668292011112,0.030417983780704427
1840,-75.36533760437806,-147.9784977320544,-76.03483491922995,-148.19610856903364,-76.18580958468328,-76.03483072183161,-148.1968453896587,-147.37175157941164,-148.71512862681644,-148.18743149309947,-148.19609294280193,1.7070750759449387e-16,0.7155179038654531,1.5310840372143693e-16,0.8969049216343612,1.0,0.6634936536908436,1.0,0.7155194055238597,1.0,1.0,1.0,1.5305200739570243e-16,2.1390381228599194e-16,1.0,0.7717137263034511,0.5108452747831347,1.0,0.927291476714198,1.7801577194978727e-16
1841,-120.01635841744863,-137.09819764972906,-120.01635683276803,-137.09819743576986,-120.01635455324842,-120.01635604034959,-137.01898209693113,-137.09822597424738,-137.09822534148415,-137.09819703928065,-137.0982254154194,0.0001953105667856102,1.0,0.0001953105876798574,1.0,1.0,1.0,1.0,1.0,1.0,1.0,1.0,0.0002032016261183061,0.00020320146511353205,0.9611527451685971,0.9611530492597039,1.0,0.9999858378411216,1.0,0.00019530748520416318
1842,-123.40220633907603,-142.45972877119473,-123.40438567995625,-142.45973567419918,-123.4043845268776,-123.4043866795956,-142.45148795198358,-142.45973246804408,-142.45973538287856,-142.4597364155028,-142.45973462366814,7.27296645509928e-05,0.9989109230351412,7.272941352482704e-05,0.9999965485037329,1.0,0.9989114989467327,1.0,0.9989104237599309,1.0,0.9999995001804477,1.0,7.302995880221709e-05,7.310958076253601e-05,0.9958862268124761,0.9958847753917766,0.9999985425838209,0.9999981515770345,1.0,7.280867643960824e-05
1843,-112.04472407781094,-140.39836551151012,-112.04501610026813,-140.39836842734917,-112.04499903044751,-112.04491746659278,-140.5070102083576,-140.3983553943938,-140.3983595819882,-140.39836973337088,-140.39835827668648,6.967628577583324e-07,0.9998539994305267,6.967618419348997e-07,0.999998542081539,1.0,0.9998625331311494,1.0,0.9999033102838328,1.0,1.0,1.0,6.599227427128093e-07,6.600191058781312e-07,1.0,1.0,0.9999979062049995,1.0,1.0,6.968607187577503e-07
1844,-137.97634713132922,-141.7697061245179,-139.06290221967683,-142.94796472216024,-139.0627599657603,-139.06279311958107,-142.94803195617595,-141.76970455124305,-142.03286814185,-142.94756859043144,-142.94795921918973,0.1500660877981125,0.5808413958448813,0.08325818843195959,0.554810148339236,1.0,0.580882710795886,1.0,0.5808730816350568,1.0,1.0,1.0,0.08325538958782946,0.14333584035746577,1.0,1.0,0.8767075616438595,1.0,1.0,0.22649008993902026
1845,-129.6287308095014,-141.3032752566294,-129.62870623806913,-142.77083822877495,-130.12966259911212,-130.12966354324718,-141.16141557306432,-141.8650557022654,-141.30395474828558,-142.78218141781804,-141.3386677806597,0.0029167881300361863,1.0,0.0014003211026320768,0.480090099178614,1.0,0.7784380283414962,1.0,0.7784376608662684,1.0,0.7784280972608835,1.0,0.0031311892898771144,0.0031311508212106326,0.7034066783516617,0.9312108153868109,1.0,0.7551112249128068,0.7784284647315964,0.0037457025808068237
1846,-150.5298948373631,-158.12555141726767,-150.52987934115427,-158.12553761768729,-150.5298745230368,-150.52988701241875,-157.65610979891085,-158.13213698323793,-158.13211788701872,-158.12553262869187,-157.67469221130472,0.022419407478300134,1.0,0.022419562168041654,1.0,1.0,1.0,1.0,1.0,1.0,0.999996164375114,1.0,0.028350588779891845,0.02835036911742091,0.7881919777866991,0.7881995035660192,1.0,0.9967126322793719,1.0,0.022345693032112687
1847,-125.22715499513507,-125.22714052441736,-125.79437381514532,-125.79432083228511,-125.79416312644454,-125.22715911099579,-124.65405957199306,-125.22691633737873,-125.7903286349516,-125.79415147965045,-125.79435050362679,1.0,0.7530607252548138,0.753080675174632,0.7530752263854155,1.0,0.7531400601263851,0.753134610907499,0.9999979420717581,0.9999907067539723,1.0,1.0,1.0,1.0,0.7509408569673517,0.5665813932218371,0.7544953613390488,1.0,1.0,1.0
1848,-127.79480090987579,-127.79937189171758,-127.79747376622933,-127.79937101098267,-127.79785924796545,-127.79304756501125,-126.55743077850875,-127.80115424821867,-127.83173102815502,-127.79929531226614,-127.80135044406427,0.9977171188249153,0.9986644644456789,0.9977175581871636,1.0,1.0,0.9984719995384248,1.0,1.0,1.0,1.0,1.0,1.0,1.0,0.5369438593798465,0.528797284947632,0.9848278841634882,0.9991092187308606,0.9998072777052691,0.9832067159037865
1849,-125.54381346251867,-142.30562282835297,-126.33707284193824,-142.90189844246504,-126.46522448015878,-126.53666696794318,-142.6592454494444,-142.30576076139707,-142.90225087814682,-142.90225105417727,-142.90196176568833,0.00022920249604893057,0.6725830439449878,0.00017011387538292536,0.7421990524335702,1.0,0.6308384263985353,1.0,0.6087018204844244,1.0,0.9050210616582414,1.0,0.00019205745354934295,0.0002855520300108125,1.0,0.8855886495469836,0.7421194548749046,0.9999310358560853,0.9379338835222447,0.0002696156318428577
1850,-132.85326498075034,-132.85647121923944,-133.44355136968417,-133.44679527606232,-133.44369373839473,-133.4436077294206,-133.05206916327091,-132.8593755085244,-133.14023624247494,-133.44678359210542,-133.44729349000178,0.9983981650647146,0.7444249822949569,0.7432185384830783,0.7444109619681684,1.0,0.7443719927685746,0.7455662668614036,0.744404004792637,0.7455983302457152,0.9999718205288392,1.0,0.905378590005825,1.0,1.0,0.9568740172594276,0.8689841728224776,0.9985489092093695,0.9999288181782683,1.0
1851,-124.56963025402868,-134.81563463101733,-126.18767815823406,-136.15608731352376,-126.2019561191635,-125.7615950091726,-135.87973299933412,-134.81511780533089,-136.13033839667938,-136.2315207620709,-136.07610533554882,0.005958108652250763,0.4452924809733929,0.003048125310154109,0.5115927701322861,1.0,0.44212486687135644,1.0,0.5510209892335144,1.0,1.0,1.0,0.00349979328852364,0.007859538254212652,1.0,0.8822298123695519,0.5180879333258117,1.0,0.9928864415246531,0.0069835971862782014
1852,-149.25986034607868,-149.2587292770001,-149.3391489850719,-149.33766639947518,-149.3390949818858,-149.25986226006154,-147.31684394495335,-149.2552371780177,-149.31065185062639,-149.2587102572383,-149.33577221424406,1.0,0.9611312340049791,0.961843977810305,0.9613001756034031,1.0,0.9611571864297943,0.9606137725173322,0.9999990430090296,0.9994336688953132,1.0,1.0,1.0,1.0,0.3793877095167461,0.36902017824846817,0.9726729912218721,1.0,1.0,1.0
1853,-113.94721233684527,-143.56632614063585,-113.95157628429635,-143.5663270921114,-113.95114724697623,-113.9515521030747,-143.58307818895122,-143.56629615654816,-143.56629672475117,-143.5663273898391,-143.56629611645934,3.7007620172857346e-07,0.9978204050486726,3.700760256693856e-07,0.9999995242623351,1.0,0.9980344791055619,1.0,0.9978324693797944,1.0,1.0,1.0,3.669893802155174e-07,3.677910156563859e-07,1.0,1.0,0.9999997158985372,1.0,1.0,3.7081048057548643e-07
1854,-113.01666166612716,-136.12865983209926,-113.09385030585702,-136.12866084847963,-113.01651797492354,-113.016663538509,-136.36325578335297,-136.12864993963518,-136.12865325174107,-136.12866314583312,-136.12865095312225,9.578408731268541e-06,0.9621409514553838,9.578403863616481e-06,0.9999994918099459,1.0,1.0,1.0,0.9999990638095232,1.0,1.0,1.0,8.518271965770895e-06,8.853455362112707e-06,1.0,1.0,0.9999983439484267,1.0,1.0,9.577752101917034e-06
1855,-137.37581080656764,-151.28084047112634,-138.38779470142748,-152.6888014469188,-138.38748451447265,-138.38779714114943,-151.09794979949714,-151.2808182050666,-150.01051222758346,-152.68881043702615,-152.68878033138108,0.0009562273759130102,0.6029072264369877,0.0004729620902366352,0.49461258080490456,1.0,0.6030007406668321,1.0,0.6029064909744384,1.0,0.9999987801397674,1.0,0.0010477927225569909,0.0017379004208477502,0.9126213621207884,1.0,1.0,1.0,1.0,0.0029928958261265805
1856,-138.47452124845566,-138.48027008020426,-139.17953474090422,-139.18514119961074,-139.17943348256455,-139.17925507291636,-139.14385131114346,-138.48268494581185,-139.26690984033183,-139.18513324648416,-139.1852026552643,0.9971297113036512,0.7029238277129299,0.700956130248153,0.7029738681958642,1.0,0.7029594170637058,0.7049829215746203,0.7030221272318324,0.7050458122571625,1.0,1.0,0.7155777423263796,1.0,1.0,0.9403254270947439,0.6756281371562189,0.9987932958498961,1.0,0.957204541029096
1857,-141.0730070514609,-141.0810616414145,-144.35645609131092,-144.68659818598812,-144.35645614071876,-144.3564549784055,-141.06679836015502,-141.0743677694,-144.59522290319345,-144.36614252187013,-144.36802082076423,0.9959808037000533,0.19364580812248278,0.16417939660651187,0.16484192867632388,1.0,0.1936458033386718,0.19442724460078006,0.19364591587724636,0.1944273575934945,1.0,1.0,1.0,1.0,0.996222448345248,0.17132168831822184,0.1719713188583451,1.0,0.9999999752960779,0.8874674971459516
1858,-14.073985218951236,-132.06185540608547,-14.201835853193614,-132.0642089171087,-14.201824181663852,-14.201819750456622,-130.48358969466636,-132.06159783014343,-132.06159967622466,-132.0653520976268,-132.0627725579369,2.3947463671603157e-26,0.9380750550603753,2.391929993590421e-26,0.9988239365936529,1.0,0.938080529461811,1.0,0.938082607878726,1.0,1.0,1.0,5.272002018055658e-26,5.620021542643348e-26,0.4542970191104476,0.4542965997760404,0.9999990769598096,1.0,1.0,2.5531417779123775e-26
1859,-145.03160048862824,-146.44298647313954,-145.8669620016203,-147.27069679185098,-145.86694931537696,-145.86600207840732,-143.9664413779109,-146.44387038076195,-147.27004580218244,-147.27323781152288,-147.2713618364895,0.49376627945825313,0.6585724398420433,0.32642725693527785,0.6610966980034059,1.0,0.6585766172604057,1.0,0.6588886051958041,1.0,1.0,1.0,1.0,1.0,0.28975646014584033,0.1917041056435231,0.6616042505041455,0.9995581438359953,1.0,0.49581706373567525
1860,-115.02500511364119,-131.40783848504148,-115.02499909444833,-131.4078427435971,-115.0249997044979,-115.02527069336264,-130.91122630069395,-131.37169964020038,-131.37170644209743,-131.40784660338588,-131.37170311728448,0.00027702115421099214,1.0,0.00027702056435662545,0.999997870724464,1.0,1.0,1.0,0.9998672189554547,1.0,0.999864209763174,1.0,0.0003551001862460386,0.0003550991175393953,0.7943455826818919,0.7943428811580447,0.9999965990572542,1.0,0.9999996949752624,0.0002820705421614156
1861,-105.77373708701958,-128.97967526122528,-105.9687883963235,-129.19862232922918,-105.96873693409313,-105.77738609236036,-129.19496202021924,-128.97965069557705,-128.97965423232995,-128.9796788084685,-128.97965189827875,9.138913185133996e-06,0.9070790704594439,8.191261676536125e-06,0.8963058856780263,1.0,0.9071024109157764,1.0,0.9981771607228335,1.0,1.0,1.0,8.206266677541709e-06,9.046914370304198e-06,1.0,1.0,0.9999982316251138,1.0,1.0,1.0074947620343318e-05
1862,-141.19552435914358,-145.425225015124,-141.1954689272413,-145.44686175896652,-141.19552560364914,-141.1955165992385,-145.27642934319255,-145.42513760630982,-145.1789863054531,-141.3046348390845,-141.48902849351714,0.12065134633131655,1.0,0.11935313014825923,0.9892399362084836,1.0,0.9999993777474092,1.0,1.0,1.0,0.9999761642854852,1.0,0.12996988723341807,0.12996628504429392,0.9283428801119821,1.0,1.0,1.0,0.9999716621976046,0.1364590989156861
1863,-115.91315929423388,-138.7055761130168,-116.27877627272832,-139.41253803823585,-115.91316060962066,-115.91299539906288,-138.7049630237566,-138.70561591819464,-139.41285441409758,-139.41279960850926,-139.4127310566159,1.1238014113619824e-05,0.8329276550659165,7.891775853043782e-06,0.7022393612657423,1.0,0.999999342306825,1.0,1.0,1.0,1.0,1.0,1.1241459594569277e-05,1.3496321710772889e-05,0.9996736060590719,0.7019130835907688,0.7021422585696353,0.9999800976091379,1.0,7.8905327576347e-06
1864,-59.178774913627876,-120.39545778325876,-59.479538125133445,-121.07717562908053,-59.47967081488497,-59.47964598328008,-121.07711448705112,-120.3954114735526,-121.07679820430963,-121.07717562678062,-121.0771756281082,5.092912498930791e-14,0.8603795879712333,3.621871728160173e-14,0.7111592294037152,1.0,0.8603225080878609,1.0,0.860333189748471,1.0,0.9999460723808291,1.0,3.621982454146531e-14,4.209749399898164e-14,1.0,1.0,0.7112769769175823,1.0,0.9999336573250105,4.210694536820836e-14
1865,-86.61297670522072,-152.0386934363491,-86.68826040765515,-152.1037883414469,-86.61489101824213,-86.61488992232364,-151.87021500233155,-152.03869339061745,-152.1057935596022,-152.10418218838686,-152.10416098723363,6.208491981551962e-15,0.963057797110381,6.009674436603664e-15,0.9679765157885243,1.0,0.9990433014174703,1.0,0.9990438488526344,1.0,1.0,1.0,6.754150780625896e-15,7.013235135930029e-15,0.9192113598238177,0.8888833395915934,0.9670064779899618,1.0,1.0,6.009401287681687e-15
1866,-81.05258412009087,-127.58951096926643,-81.05243434585367,-128.2541903392127,-81.05252151032724,-81.05257573308336,-128.27244383315536,-127.58952779007842,-127.574414328567,-127.57440472933072,-127.58952705829051,7.84575482071965e-11,1.0,5.627317782107564e-11,0.7172436445817214,1.0,1.0,1.0,1.0,1.0,0.99992930888389,1.0,5.5761923359730207e-11,5.5757747666316946e-11,1.0,1.0,1.0,0.9999915896293708,0.9999564187129071,7.904953701761526e-11
1867,-122.71938371587356,-125.8787260536321,-122.71930070590707,-125.87872437170427,-122.71834711476552,-122.71920582525735,-125.30106301174123,-125.8787228964481,-125.48769554563836,-125.87872241420138,-125.8787213361689,0.20604284036452278,1.0,0.20604301363919053,1.0,1.0,1.0,1.0,1.0,1.0,1.0,1.0,0.275039749552475,0.2750283342691755,0.7491395914867538,0.910905365474414,1.0,1.0,1.0,0.25040536470713887
1868,-123.64055071115615,-123.77362983224367,-123.64054928621493,-129.07128000878092,-123.64054466783216,-123.63636777493213,-128.3574296570852,-129.07036390389166,-129.0301563723476,-129.07161829444829,-129.07170503170207,0.9356259012547676,1.0,0.06618081585064553,0.07073427078268191,1.0,1.0,1.0,1.0,1.0,1.0,1.0,0.09456768353529392,0.09456761615862286,0.7001454894921768,0.7143634892268182,1.0,0.07076667820991689,1.0,0.06755549624818605
1869,-138.77136477183865,-142.51234709062533,-138.77136428160725,-138.87231917154836,-138.7713626404683,-138.76939004508296,-134.97020869165664,-142.51234703505446,-142.19418254982548,-142.5123449619781,-142.51234654678973,0.1540479811180592,1.0,0.9507756062470243,1.0,1.0,1.0,1.0,1.0,1.0,1.0,1.0,1.0,1.0,0.023027429844593793,0.026998150128495095,1.0,1.0,1.0,0.18061095974024555
1870,-113.65908000816529,-137.24610762903603,-113.65907349114025,-137.24610745944494,-113.65907076299263,-113.65907423998192,-136.87582063666457,-137.24610764096474,-131.51575492303812,-137.24610745744937,-137.2461074647694,7.553392103005793e-06,1.0,7.553392743499815e-06,1.0,1.0,1.0,1.0,1.0,1.0,0.9999996255792344,1.0,9.089684905385808e-06,9.089655286581992e-06,0.8309850271574502,1.0,1.0,0.9999999940356474,1.0,0.00013257764554969417
1871,-94.68430300000671,-137.01220074314372,-94.68407436950378,-137.01221315471975,-94.68427557554327,-94.68409803627321,-136.74889686271027,-137.01220185617223,-137.01221875277352,-137.01224070169337,-137.01223143125438,6.435966721086339e-10,1.0,6.435926780965147e-10,0.9999937942312443,1.0,1.0,1.0,1.0,1.0,0.9999881666852959,1.0,7.341579414667085e-10,7.340740208138109e-10,0.8766455793588919,0.8766381732247608,0.9999915517350393,0.9999994434859033,0.9998994020405682,6.435820516590973e-10
1872,-137.89363290299394,-137.89924677738662,-137.89362912543447,-137.89924482153233,-137.8933486372851,-137.89312954301195,-136.78361672435403,-137.88234667070824,-137.92687335146263,-137.89924092674218,-137.90591541303593,0.9971969985685295,1.0,0.997197973755019,1.0,1.0,1.0,1.0,1.0,1.0,1.0,1.0,1.0,1.0,0.577316305340291,0.5646053352741383,0.9779826588153258,1.0,1.0,0.9833773495255907
1873,-143.91571501271994,-143.9156268667454,-143.91571629899084,-143.9690951875183,-143.915717893774,-143.91571674816856,-142.71974984566498,-143.88418767565835,-143.89816049306705,-143.91379482282443,-143.91555911100858,1.0,0.9999993568647562,0.9736629451867089,0.9736200338977465,1.0,0.9999985594740083,0.99995448752143,0.9999991322760663,0.9999550602982434,0.9999997754111657,1.0,1.0,1.0,0.5586573770175447,0.5547679705676558,0.9930379395137446,1.0,0.9999992026087394,1.0
1874,-66.57656834098367,-133.82726085274442,-66.57654818674524,-133.827263038694,-66.57460156250013,-66.57656522229638,-133.8507725087236,-133.82725818286443,-133.8272606064802,-133.82726327963437,-133.82726025884423,2.4928587368832207e-15,1.0,2.492856012252933e-15,0.9999989070257986,1.0,1.0,1.0,1.0,1.0,0.9999914822607068,1.0,2.4637247012508096e-15,2.4636998741283783e-15,1.0,1.0,0.9999987881928499,1.0,1.0,2.49040879803938e-15
1875,-122.49462521719008,-138.2245951370002,-122.49457617412983,-138.9014796164168,-122.87736194950907,-122.49450993186878,-142.5589308337824,-138.22469653446092,-138.90070786639612,-138.90126049040194,-138.9016341943396,0.0003839550920871948,1.0,0.0002737138885210469,0.7128799543538478,1.0,0.8258283249060454,1.0,1.0,1.0,1.0,1.0,4.3963412313463576e-05,4.396233427654186e-05,1.0,1.0,0.7131912469683365,0.9999493025547965,0.8258080745801861,0.00033156955264560244
1876,-158.1888480310372,-158.1885178623866,-159.5779251862704,-159.5776347915646,-159.5776833730536,-159.57789230852134,-159.38984961617678,-158.18832240916882,-159.54959375337157,-159.57763444938163,-159.5776318252534,1.0,0.49930478524371724,0.4993772882403156,0.4992948556819634,1.0,0.49936515814152727,0.4992827275854991,0.49931299331989687,0.49923057137475235,1.0,0.9998712498106489,0.5485368641120827,1.0,1.0,0.9232344495099836,0.5062950524124247,1.0,1.0,1.0
1877,-105.53466246420663,-133.03363638017447,-105.53464065977363,-133.03365756264554,-105.53465213478353,-105.53466109498626,-134.5529572789649,-133.03364844801982,-133.03358733515458,-133.03362203570933,-133.0336471174873,1.0682519275930145e-06,1.0,1.0682406135451524e-06,0.9999894088205503,1.0,1.0,1.0,1.0,1.0,0.999989782445883,1.0,4.997552255066571e-07,4.997497770966907e-07,1.0,1.0,1.0,0.9999939660955306,0.9999942625115101,1.0682726067986142e-06
1878,-139.19656722067435,-140.9944221292461,-139.19644413385726,-140.42823586603117,-139.19648614955187,-139.19650399119735,-140.9072143275062,-140.99442685943532,-140.410088131842,-140.99443076009595,-140.99442864007,0.4070059582198572,1.0,0.5401900144656955,1.0,1.0,1.0,1.0,1.0,1.0,0.9999700717778128,1.0,0.4251456115114328,0.4251194474064931,0.9573308170028,1.0,1.0,0.9999976349081807,0.9999789923733544,0.5450918365164323
1879,-130.11953821156035,-144.29091241693538,-130.31034842642038,-145.19898239910657,-130.31033062435785,-130.11973223011125,-141.57732300144482,-144.29091363075582,-144.2909175713901,-144.29091752650177,-145.19902277715673,0.0008369994850671147,0.9090046153452712,0.0005315453210286238,0.6350605114004364,1.0,0.9090127064597819,1.0,0.9999029954297977,1.0,1.0,1.0,0.003250675705252301,0.0035760827287082395,0.2574846133471082,0.2574841060212602,0.9999980296847979,0.9999993930899643,1.0,0.0009207762685646798
1880,-141.19855043086125,-141.2080859636861,-143.4326105114804,-143.42855442093577,-143.4325549414925,-143.2563094084742,-141.28401317287475,-141.25689742334583,-143.27984129736637,-143.44222204971976,-143.43028464371733,0.9952435813442064,0.32725027288818004,0.32791462469704136,0.329481777972534,1.0,0.3272593656613519,0.3288233873554306,0.35740721506757406,0.35911531786504847,1.0,1.0,0.9581687474046385,1.0,1.0,0.3686476156903511,0.3636832665402907,0.9758896818685857,1.0,1.0
1881,-117.95525216278457,-142.63333144714935,-118.56339057088627,-143.77060344234363,-118.56335923346597,-118.56335049478491,-143.7703208333191,-142.6333019665926,-143.7611556473205,-143.77058654364163,-143.77065990035263,4.3774699293223796e-06,0.7378098052565121,2.478949590374009e-06,0.5662973430768361,1.0,0.7378213658750647,1.0,0.7378245896749057,1.0,1.0,1.0,2.4792999018865327e-06,3.3603509796465227e-06,1.0,1.0,0.5689704153250092,1.0,1.0,3.375732544642764e-06
1882,-102.90381819820203,-140.40523644757576,-103.39145556687754,-140.69232131642897,-103.35046130396279,-102.903822042647,-140.21136379289567,-140.40522048275872,-140.6914692264366,-140.69151651927504,-140.69361212873113,7.189033301378543e-09,0.7836297057216318,6.227744805835946e-09,0.8662840391408038,1.0,0.7998576114201362,1.0,0.9999980777793668,1.0,1.0,1.0,7.92080656455127e-09,1.0107843675039258e-08,0.9076210394509908,0.7865863936791841,0.8666462758013861,1.0,1.0,7.78938473758949e-09
1883,-118.59205484420445,-143.10494711678328,-118.5920995594108,-143.1048311087344,-118.59139960151302,-118.59108666924436,-145.0271386352966,-143.10457226113485,-142.27167664544604,-143.1044444302213,-143.1047458301675,4.754371077192637e-06,0.9999776426467578,4.754646857846906e-06,1.0,1.0,1.0,1.0,1.0,1.0,1.0,1.0,1.8184212187824612e-06,1.818461874776954e-06,1.0,1.0,1.0,1.0,1.0,7.209301274552686e-06
1884,-162.5846893377558,-164.54048624181996,-163.13173843073605,-165.07696837960793,-163.13173940337634,-163.13152925107,-164.55477215164424,-164.54048627614452,-165.07597183601473,-165.11811174679445,-165.07696838839982,0.37610066249086743,0.7606936637671878,0.28761298031627347,0.7647234078542932,1.0,0.7606932938266235,1.0,0.7607732287512392,1.0,1.0,1.0,0.3734237642795547,0.4908990071380981,1.0,0.7705892152239557,0.7651045560381038,0.9999999828377214,0.9999995136799714,0.3782816646307161
1885,-119.09048969464124,-119.09062191239425,-121.05473888519316,-121.05456415362434,-121.05470484204633,-121.05463700838462,-115.97846141102298,-119.0902245359957,-121.02917370937303,-121.05453007500563,-121.0544762437564,0.9999338933086337,0.37451456112353504,0.3745472823112757,0.3745720440297848,1.0,0.3745209360048866,0.37454569598161336,0.3745336387835437,0.37455839960006476,1.0,0.9999635732833309,1.0,1.0,0.21100328804277718,0.08002980516145264,0.3792822657115562,1.0,1.0,1.0
1886,-128.04247318707044,-130.26037955970457,-131.27242206968123,-133.8091894502636,-131.27251339848019,-131.27257374726963,-129.04131874375207,-130.26037953158473,-133.8000253621562,-133.80897906619282,-133.8084760936599,0.3299041285364668,0.19889575389168865,0.05594657107659143,0.16958433143829924,1.0,0.19888667164389748,0.6028620269961644,0.1988806704495037,0.6028438362738466,0.9999241640814859,1.0,0.6068808634092353,1.0,0.5436060898701132,0.09261044847407741,0.17036315486495984,1.0,0.9999543366431233,0.2825906254356543
1887,-134.3564582616537,-143.56037499042924,-134.4992190326215,-143.7308648581409,-134.3564611652121,-134.49880121209353,-141.77553991278907,-143.55954843845558,-143.50107446417866,-143.55783355874982,-143.73220435974784,0.010032169850258383,0.9311076449245338,0.009212414538089023,0.9182873371957267,1.0,0.9999985482218556,1.0,0.9313021831882532,1.0,1.0,1.0,0.024488765305335093,0.02630068117131602,0.4098335149554191,0.42199269492729075,1.0,1.0,1.0,0.01033409506945365
1888,-98.48289878242687,-131.51611728122018,-102.01599677470784,-133.68923018496452,-102.01581387998084,-101.72369048048157,-133.68465904759026,-131.5161161127332,-133.65894015624636,-133.68937581253283,-133.6888406781668,6.713171516649843e-08,0.1709218240792245,2.2648647467289058e-08,0.33737626710588997,1.0,0.17093745514410044,1.0,0.19782037657903567,1.0,1.0,1.0,2.270047170811709e-08,1.3281201409127906e-07,1.0,1.0,0.3425245237146528,1.0,1.0,1.34518629509363e-07
1889,-107.12249784929327,-154.94683993802727,-108.09272528411316,-154.50902830148652,-108.18785386127416,-108.32528885934107,-154.7813326565795,-153.0646781027743,-154.65388157009568,-154.74492736656265,-155.71372634916048,4.121697028055993e-11,0.615627185254598,5.1303341670544615e-11,1.0,1.0,0.5870307908145598,1.0,0.5480463008374824,1.0,0.890224333759454,1.0,4.477292984612103e-11,7.27273436237304e-11,1.0,1.0,0.45176112034670546,1.0,0.95354916883956,8.128871999817182e-11
1890,-135.08995484950987,-138.78237503761395,-135.7360976640573,-139.43164057480874,-135.73606575132442,-135.73593046220003,-139.40839433786164,-138.7823783977993,-138.7143849934323,-139.43162644356482,-139.43164125346772,0.15783421104253278,0.7239221592144602,0.11408142140763392,0.7227927371011569,1.0,0.7239337104738643,1.0,0.723982682309087,1.0,1.0,1.0,0.11541513924946913,0.1594303168930593,1.0,1.0,1.0,0.9999983199087312,1.0,0.22556213357969748
1891,-152.32070682557318,-152.89656738171868,-152.32060866863182,-152.89682870125688,-152.32066002980952,-152.32070824273313,-151.56470166905396,-152.3708839704744,-152.6241808472219,-152.93778135216274,-152.89682868623993,0.7498138688846232,1.0,0.7497159047777713,0.9998693487665175,1.0,1.0,1.0,0.9999992914202759,1.0,0.9999502141886982,1.0,1.0,1.0,0.6682511849772904,0.5887582687972024,0.8810433591931611,1.0,0.9999743197408951,0.8591941115113149
1892,-38.47007827234356,-123.08116374099131,-38.61147339452961,-123.63314559342297,-38.47023443883913,-38.47008061624163,-123.63283414185179,-123.08121111144385,-123.08121535108626,-123.63316050538697,-123.63314559387209,4.235807710398288e-19,0.9317436450485092,3.214214827827691e-19,0.7588198160972416,1.0,0.9999219198006316,1.0,0.9999988280516494,1.0,1.0,1.0,3.214715402932031e-19,3.4502144661954476e-19,1.0,1.0,0.999997880181043,0.9999763150542254,1.0,4.2360291565906134e-19
1893,-88.94797895770824,-140.38930096461633,-88.94794724299499,-140.3893117644192,-88.94793923691466,-88.9479693422395,-140.4400534640602,-140.59842347744546,-140.59843123841625,-140.38930774869755,-140.59843432945908,6.7555211079752915e-12,1.0,6.755484628925625e-12,0.9999946001131397,1.0,1.0,1.0,1.0,1.0,0.9999889504387879,1.0,6.586248157241315e-12,6.586143717583509e-12,0.9238689866876131,0.9238654016344598,0.9999961195221347,0.900719620862435,1.0,6.084685953576559e-12
1894,-127.71535417601717,-138.5160306224285,-127.84340299115479,-138.51602958411434,-127.84535921200768,-127.84678095586878,-138.33909133697733,-138.5160089671605,-137.89806789035555,-138.51603089639443,-138.51600892298083,0.004515053588435484,0.9379821053885568,0.004515055932458145,1.0,1.0,0.937065103848949,1.0,0.9363992072811556,1.0,0.9983124431710289,1.0,0.004932700952108291,0.005258843344420662,0.9153408081870633,1.0,1.0,1.0,0.9990223677676368,0.006562692362100379
1895,-141.6796080082849,-143.91761596293773,-142.44299659927705,-143.91766193578587,-142.44299619262375,-142.44299688745465,-141.39293916016072,-143.91735823770188,-144.7930907917036,-143.9175747747294,-144.8086816929578,0.3266049385949206,0.6827037269116822,0.32659743120158286,0.999977013840115,1.0,0.6827038657235578,1.0,0.6827036285417276,1.0,0.9999998559112091,1.0,1.0,1.0,0.28302797382931505,0.18266967428545097,0.6454120835264613,1.0,1.0,0.30880437303780667
1896,-115.69151573471851,-128.5680332525574,-116.71539054916491,-129.30470016571329,-116.71536533969442,-116.71440890992218,-126.72253293039012,-128.56912279066205,-129.52352447804964,-129.31343886051727,-129.30945070084283,0.0015991888310001368,0.5993333006070256,0.0011064570497963068,0.6918864291369051,1.0,0.5993408550922151,1.0,0.5996275373533764,1.0,1.0,1.0,0.0040238802811368764,0.006713927420787987,0.3972081095861558,0.24647473792112043,0.6205178896722885,0.9994553793073929,1.0,0.0016547926431055308
1897,-162.672764944141,-163.6495909890558,-163.28716492885872,-164.266059141151,-163.2871456828513,-162.67238792175024,-161.09742224549973,-163.6495841006542,-164.04730756017472,-164.2660416489132,-164.2660591870096,0.6135993903713273,0.7355034911191877,0.4508380483644153,0.7347433120681314,1.0,0.7355105689060633,1.0,1.0,1.0,1.0,1.0,1.0,1.0,0.2791290867673095,0.22879184620269621,0.81966322052787,1.0,1.0,0.6838060606250522
1898,-133.09961711727686,-141.41936262841634,-133.42975272062844,-141.87874812265295,-133.61622251803297,-133.6368993352639,-141.787788657276,-141.41964546918985,-141.6339356627163,-141.87946973879457,-141.87878144740753,0.015609544021155643,0.8478362174227555,0.012406118474679444,0.794777762749854,1.0,0.7723614026300084,1.0,0.7644175490080789,1.0,0.9016099257138932,1.0,0.01298337261231152,0.015313538565005226,1.0,1.0,0.8983953092813777,0.9998585896126375,0.910979487262086,0.018154141321017166
1899,-93.87079323359515,-128.0715004845892,-93.97086310701727,-128.33301061635282,-93.97081671254492,-93.87079537170621,-128.3315571735921,-128.07150210236787,-128.33293168241818,-128.07150397031495,-128.33177127282525,3.744646119786518e-08,0.9511961922536771,3.2856748103932676e-08,0.8774326612685603,1.0,0.9512182576323241,1.0,0.9999989309450429,1.0,1.0,1.0,3.288063448358906e-08,3.4567668322646154e-08,1.0,0.9993129816921855,0.8774680013323273,0.9999991911109877,1.0,3.45431183874805e-08
1900,-64.47596615695832,-136.74051484694863,-64.65939754633914,-136.9655977904606,-64.65939508803245,-64.47628073886216,-137.0230429626569,-136.74051253808307,-136.74054220039295,-136.96565426974058,-136.74053611298277,2.0321353625172803e-16,0.9123645027480124,1.8158354614641225e-16,0.8935602888258252,1.0,0.9123656241845782,1.0,0.999842721417655,1.0,1.0,1.0,1.7644218712970698e-16,1.9339001747467085e-16,1.0,1.0,0.9999851689550386,1.0,1.0,2.22729519382405e-16
1901,-152.83042056737037,-152.83040960292942,-152.9983374175901,-152.89449738040528,-152.9983325805249,-152.9983365151836,-152.42681729609185,-152.83039329233873,-152.79995256863089,-152.89449707501896,-152.99805841261778,1.0,0.9194694821431953,0.9684693858285386,0.9684640764803976,1.0,0.9194717059128041,0.9194666651800107,0.9194698970109065,0.91946485628803,1.0,0.9494052269130714,1.0,1.0,0.8172681719636714,0.8298024353121097,1.0,1.0,1.0,1.0
1902,-110.48664734334758,-126.0551505973765,-110.48664444412555,-126.0552851870479,-110.48659326712132,-110.48653189326618,-126.73539954467464,-126.05514418789846,-126.0552203871191,-126.05512026938698,-126.05516785536508,0.00041623871547192697,1.0,0.0004162107056984235,0.9999327074285446,1.0,1.0,1.0,1.0,1.0,1.0,1.0,0.00029622948979725144,0.00029622906038002976,1.0,1.0,0.9999619011154592,1.0,1.0,0.0004162129373643052
1903,-95.94931752051701,-139.85368330761318,-95.94931375659644,-139.85368985604063,-95.94930129858199,-95.94931592695553,-139.04165692477272,-139.88542296121233,-139.88542999523332,-139.85368996028134,-139.8854297759743,2.92609285455584e-10,1.0,2.9260832739181406e-10,0.9999967257916352,1.0,1.0,1.0,1.0,1.0,0.9999989148210409,1.0,4.3915455551873587e-10,4.3915372904807915e-10,0.6558107528156554,0.6558084463264091,0.9999964829956868,0.9842554353965753,1.0,2.879989307924618e-10
1904,-87.22452261526877,-136.36356734486486,-87.22418709416678,-136.36356659259445,-87.22472526370737,-87.2247655306083,-136.36183402382312,-136.48371370582154,-136.3635644387765,-136.36356656948533,-136.36356425162694,2.135954582797102e-11,1.0,2.1359553862049744e-11,1.0,1.0,0.9998986809138243,1.0,0.9998785497059207,1.0,0.9997108235988004,1.0,2.1378065326984053e-11,2.1374479231776654e-11,0.9408798404645371,0.9991351667073727,1.0,0.9416956173268898,0.9997309514297646,2.1361741216456498e-11
1905,-112.36153419060196,-142.4061097615826,-112.36153040332621,-142.40610921296746,-112.36157348012799,-112.36197126432245,-142.48773720286852,-142.36451455132436,-142.36451768538717,-142.40611294630804,-142.36451443225292,2.991598516563526e-07,1.0,2.991599337181746e-07,1.0,1.0,0.9999803554299426,1.0,0.9997814870171948,1.0,0.9997795937948996,1.0,2.8719583380335734e-07,2.871952899589646e-07,1.0,1.0,0.9999984329698236,1.0,0.9999784618310629,3.054523321871712e-07
1906,-144.30954019847056,-144.2997350799044,-144.3095357356791,-144.31007755791273,-144.30927382083127,-144.3092750942034,-142.9989978372521,-144.31087294608068,-144.3363789661349,-144.31007835914852,-144.3106703644116,1.0,1.0,0.9997313563700754,0.9948421088340502,1.0,1.0,0.9952419849240174,1.0,0.9952413512675136,1.0,1.0,1.0,1.0,0.5189552856139065,0.5123790660787368,0.9873279650145771,0.9944465446748572,1.0,0.9865388499909037
1907,-145.91945783696528,-148.18909132652368,-145.91926181879793,-148.18909017800013,-145.9186766902019,-145.91945471562082,-146.57169536963968,-148.18909134744953,-148.17562160312207,-145.99878256940215,-148.1890902004974,0.32148102901361125,1.0,0.321481213627931,1.0,1.0,1.0,1.0,1.0,1.0,0.999903556239558,1.0,0.72171946636392,0.7216487347665796,0.44543765359361287,0.4484477441572945,1.0,0.9999999895370735,1.0,0.3235270808594182
1908,-118.76197339537475,-124.44642023222039,-118.7618447849342,-124.44641813557982,-118.76192708525409,-118.76194782226483,-124.14823683700618,-124.44642630554708,-123.39570652315922,-124.44641826987754,-124.44642526054403,0.05829590557171066,1.0,0.05829596668452307,1.0,1.0,1.0,1.0,1.0,1.0,0.9999484826617476,1.0,0.06766868775082496,0.06766433644086074,0.8614874986434065,1.0,1.0,0.9999969633412668,0.9999588506867118,0.09857971991020345
1909,-114.8182344913333,-130.8130228441787,-114.81846265787519,-130.81313759566592,-114.81837703016768,-114.81850100202769,-131.52086554203106,-130.81333567247657,-130.81305762432618,-130.81340688422978,-130.81257103848918,0.0003363379242662583,0.999885923236305,0.0003363186271813476,0.9999426259023478,1.0,0.9999287331224136,1.0,0.9998667535309054,1.0,0.999980828107533,1.0,0.00023608573728131938,0.00023611267225083705,1.0,1.0,1.0,0.9998435980831227,1.0,0.00033635604642099726
1910,-130.92913055461298,-134.09943718997363,-131.93197442130116,-135.1957477874234,-131.9319745552553,-131.93197377337657,-133.79470446968014,-134.09943087726452,-133.69855498463465,-135.19574708808057,-135.1957408564346,0.20491637340522953,0.6056688264233316,0.11844475656815914,0.5780150926931071,1.0,0.6056687858574121,1.0,0.6056690226372277,1.0,1.0,1.0,0.2386429069493113,0.3940155024298908,0.8586763495908277,1.0,1.0,1.0,0.9999999330229365,0.4134204295110947
1911,-99.6929856206383,-151.03386256127004,-100.67594403003505,-151.4995311756439,-100.67565283816393,-100.67451866704295,-151.4996361809501,-151.03370318566667,-151.49567940931252,-151.49953553813054,-151.49953269274238,7.103464662183408e-12,0.6117208642409726,5.627967353043712e-12,0.7922848385528269,1.0,0.6118099347965037,1.0,0.6121569817696547,1.0,1.0,1.0,5.627671877582862e-12,9.199738322749063e-12,1.0,1.0,0.7937489022066564,1.0,1.0,9.216614971026194e-12
1912,-116.39576895758006,-133.29860292909595,-116.87616035282915,-133.75352313425233,-116.8761898292403,-116.87624537673844,-133.58598902062292,-133.29859917584525,-133.7548372427094,-133.7548092155021,-133.75414834413485,0.0002135975361639039,0.7864739349247247,0.00017014201482348898,0.7965542013224842,1.0,0.7864623437956061,1.0,0.7864405010911466,1.0,0.999957488948974,1.0,0.00018500826993727356,0.00023523763690271713,1.0,0.9190413978233504,0.7960295000723454,1.0,0.9999852619030282,0.00021619631296196037
1913,-142.97486285746268,-142.9866406618533,-143.31145895998048,-143.32381867935396,-143.38729249496527,-143.4120866457945,-137.45046144343203,-143.01935436997167,-142.25720645976486,-143.399910777078,-143.35441086465988,0.9941284034022358,0.845101913454599,0.8398954065195996,0.8448560604899729,1.0,0.8136582684543856,0.8184639586493839,0.8036335525075504,0.808380033964678,0.9509309347348008,0.9568257502891785,1.0,1.0,0.06176326780778969,0.09041252157607095,1.0,0.983776192880676,0.9627930732381398,1.0
1914,-77.86074765383228,-117.84424122575516,-77.8607373529,-117.84423663406221,-77.86073416877198,-77.86074449629143,-117.71825357943982,-117.84423374518946,-117.84423881229458,-117.84423538356776,-117.84423824060019,2.078235156268587e-09,1.0,2.0782399275829104e-09,1.0,1.0,1.0,1.0,1.0,1.0,0.9999964283106642,1.0,2.213362548026406e-09,2.2133511482069065e-09,0.9389527853552719,0.9389504064720519,0.9999974664506488,1.0,1.0,2.078223651606545e-09
1915,-141.72126504419757,-147.39714777392624,-142.34058300506,-148.13900314585615,-142.34058263588088,-142.34058176997559,-147.252557371473,-147.39714767370268,-147.72480567162916,-148.13899088410338,-148.13900311728952,0.058546066981640686,0.7336971186417369,0.040402280369058935,0.6900938432248334,1.0,0.7336972540745827,1.0,0.7336975717308192,1.0,1.0,1.0,0.06293541962686519,0.08577847456096717,0.9302562891071414,0.7896826286867535,0.8488871700557807,1.0,1.0,0.06773775877235971
1916,-129.02824694787435,-148.75606144747235,-129.43341327276534,-149.53288142087865,-129.43188222337446,-129.42988554407756,-148.9084242902668,-148.75606442751533,-149.5316832285149,-149.53288127945234,-149.53287861120702,5.201870202068449e-05,0.8166185677770379,3.527566401308706e-05,0.6781342602331792,1.0,0.8172439487991923,1.0,0.8180602432374844,1.0,1.0,1.0,4.8203030222541753e-05,5.9027595164481544e-05,1.0,0.7322528002393656,0.6785416606411884,0.9999985099796208,1.0,4.3190046145146614e-05
1917,-101.65642894533286,-137.9480462372591,-101.65642458044024,-137.9480419272417,-101.65642019876287,-101.65642444042251,-138.62351544153876,-137.9480186418627,-137.94802487884536,-137.94797139819846,-137.94804194437666,1.3163622987151465e-08,1.0,1.3163651354904116e-08,1.0,1.0,1.0,1.0,1.0,1.0,1.0,1.0,9.390725833954249e-09,9.390705339221679e-09,1.0,1.0,0.9999968815135271,1.0,1.0,1.3163705996191302e-08
1918,-110.60172854287998,-135.50271113799863,-111.53800493336257,-136.89196969718301,-111.53792009925522,-111.53797334695909,-136.89192101083762,-135.50270743930594,-136.88604397863395,-136.89200171028014,-136.89199676482656,3.915798471130671e-06,0.6261669843805382,1.954999584319009e-06,0.49925949936706226,1.0,0.6261935451024354,1.0,0.626176873640137,1.0,1.0,1.0,1.955047175790774e-06,3.1222457021187167e-06,1.0,1.0,0.5007400025119819,1.0,1.0,3.1313011413198754e-06
1919,-131.0202737023317,-140.22744805351232,-131.02027332236895,-140.22744816015015,-131.02027279167982,-131.02027316217934,-139.87152702760426,-140.22744831523352,-139.4308978529076,-140.22744760083023,-140.22744837271574,0.010015842640201566,1.0,0.010015842106167737,0.9999999466810877,1.0,1.0,1.0,1.0,1.0,1.0,1.0,0.011966709860664141,0.011966707587212331,0.8369753629981143,1.0,1.0,0.9999998691394097,1.0,0.014916123595258731
1920,-119.28447211287971,-125.61407387102798,-119.28446572176108,-125.61408863973111,-119.28446088437451,-119.2844671672421,-125.7584896804168,-125.61404920589231,-125.04006938214232,-125.61409409197154,-125.61410354144488,0.042222548370041885,1.0,0.04222223658505202,0.9999926156757021,1.0,1.0,1.0,1.0,1.0,0.9999992772597519,1.0,0.03928121815953794,0.03928109263427587,1.0,1.0,1.0,1.0,1.0,0.056258156223287864
1921,-95.77785308445192,-130.79955460612783,-95.92324317055699,-130.9976605310726,-95.93537906985114,-96.02650132389886,-131.34554079926647,-130.76890495637946,-130.34245563865178,-130.79957168458543,-130.96258823361438,2.483900192508448e-08,0.929884361487527,2.2496553363589673e-08,0.9056947389206794,1.0,0.9242589546078815,1.0,0.883093566449108,1.0,0.9496810603809186,1.0,1.8904915725407714e-08,2.0330394303185945e-08,1.0,1.0,1.0,1.0,0.9939504231788064,3.37752252360876e-08
1922,-55.34142835455924,-134.94444869449643,-55.34128262893569,-134.96855577657743,-55.34135202506397,-55.34143150390162,-135.54422175063672,-135.3789646206708,-134.96608625858894,-134.9685567774103,-134.9685461092581,5.18112132019086e-18,1.0,5.119045331035702e-18,0.9880188118905333,1.0,1.0,1.0,0.9999984253300517,1.0,0.9999255652874356,1.0,3.838704638070917e-18,3.838424949446997e-18,1.0,1.0,1.0,0.8047223538648572,0.9999653025378299,5.1251744175104326e-18
1923,-37.02324485897702,-138.5058221534153,-37.023243183418685,-139.8654087517462,-37.02323889440348,-37.02316563193594,-135.78884069686993,-138.50591041405727,-139.8664847460587,-139.86648067010336,-139.86648427331576,9.190482995681232e-23,1.0,4.657017363555454e-23,0.5067217213441177,1.0,1.0,1.0,1.0,1.0,1.0,1.0,3.575389520245153e-22,3.5753865248595613e-22,0.25703709689889936,0.130181971752913,0.5064715300769117,0.9999558706527415,1.0,4.6544986942315957e-23
1924,-128.02285366200158,-149.63703612712288,-128.02282957935466,-149.6370326282414,-128.02278560519014,-128.0228505266515,-151.29353238733566,-149.6395276374896,-149.63952128184914,-149.6362956459973,-149.6395193515426,2.025535747856489e-05,1.0,2.02553929141435e-05,1.0,1.0,1.0,1.0,1.0,1.0,0.9999895264064323,1.0,8.847820834390686e-06,8.847714295559548e-06,1.0,1.0,1.0,0.998755020447511,1.0,2.0229515870640034e-05
1925,-86.31674678983919,-142.31073214502064,-86.78053361822171,-142.74224162088112,-86.78053263317139,-86.78049573335906,-142.49010097847597,-142.31072714953032,-143.52797743351294,-142.74185562347225,-143.52875102918938,6.935225235571313e-13,0.7930306446148279,5.589326480429796e-13,0.8059329424171696,1.0,0.7930310352024694,1.0,0.7930456666856288,1.0,1.0,1.0,6.3403192026584e-13,7.995049429316629e-13,1.0,0.5951521287659409,0.5440984131340908,1.0,1.0,4.758268343879264e-13
1926,-111.85526162573908,-117.13710211606019,-111.85526062751183,-117.137101498357,-111.85525812827842,-111.85525874946421,-116.3333479265369,-117.13710584710697,-116.7519090109912,-117.13708394572598,-117.13710543984209,0.07129562990034566,1.0,0.07129565192011822,1.0,1.0,1.0,1.0,1.0,1.0,1.0,1.0,0.10656041790688385,0.10656036472114064,0.6690617238298109,0.8111676369439224,1.0,0.9999981344783527,1.0,0.08643821122803026
1927,-120.0201118965287,-135.6493191380165,-120.60986640007178,-136.23095245917892,-120.60989678186701,-120.60967874983012,-133.92099415630275,-135.64933794030173,-136.23418695503668,-136.2343149367287,-136.23224023134216,0.00040379484404867217,0.7446229830085103,0.0003018983214184382,0.7476527396720503,1.0,0.7446116716029301,1.0,0.7446928506274803,1.0,1.0,1.0,0.0009582123643363392,0.0012868423164496769,0.4214003731972973,0.31455498049803815,0.7464515945047946,0.9999905989015707,0.9999848092177676,0.000404788808813523
1928,-139.67263987579736,-139.8996912816885,-139.76231448724158,-139.91893016316914,-139.67424466156083,-139.7623313091005,-137.7689402166893,-139.68988005525557,-139.51881057769373,-139.8997079522214,-139.7292832870333,0.8926812515786944,0.9561530298061091,0.8841353265873425,0.990426678082195,1.0,0.9991979289493462,1.0,0.9561449877042496,1.0,0.9999915891059185,1.0,1.0,1.0,0.38271299949398785,0.41688904134102334,1.0,1.0,1.0,1.0
1929,-126.1524548290596,-161.2988151328344,-127.53833712205645,-162.3737937447449,-127.56085190308104,-127.60977752130322,-162.29509824030373,-161.29880490638266,-162.4651777651845,-162.37215294990065,-162.36668058630454,2.3338064218681776e-08,0.5001030276439967,1.3634405019844437e-08,0.5842131931803627,1.0,0.49450474272706846,1.0,0.4825545314105163,1.0,0.9649102379640612,1.0,1.4181582721247023e-08,2.8357322266287753e-08,1.0,0.918475762837601,0.5581171293490904,1.0,0.9888057368032701,2.634037428298439e-08
1930,-62.76507810762928,-134.5162980439882,-63.046378686477055,-134.6714113468865,-63.04636983983983,-63.0463586201563,-137.3154892243224,-134.51496583881402,-134.85484500248123,-134.85586173346115,-134.83288510343357,2.626760977575042e-16,0.8687930847084299,2.4307378865540624e-16,0.9253745990996273,1.0,0.8687969276655529,1.0,0.8688018014925133,1.0,1.0,1.0,6.480132920341726e-17,7.458775897734595e-17,1.0,1.0,0.8437157908175251,1.0,1.0,2.552629250455856e-16
1931,-74.71221218107775,-128.41361873239518,-75.1753854269657,-129.18970334619192,-75.1743561727917,-75.17602085322804,-129.25666601480998,-128.413616117646,-129.18961157320152,-129.1898605233774,-129.18991575570433,2.182165735432192e-12,0.7932739767996067,1.480345539812054e-12,0.678383642349172,1.0,0.7936823221392539,1.0,0.7930219832735098,1.0,0.9996823373343049,1.0,1.431602146188608e-12,1.8046755447144253e-12,1.0,1.0,0.6784138847694707,1.0,1.0,1.865246872638959e-12
1932,-141.0355938214628,-141.03829685808074,-141.03608335221242,-141.03824999964732,-141.03440208837475,-141.0360827457564,-140.58157792672824,-141.0374031719116,-141.03674917826598,-141.03738022774394,-141.03869330839623,0.9986493945805959,0.9997552645777984,0.9986727924277752,1.0,1.0,1.0,1.0,0.99975556773164,1.0,1.0,1.0,1.0,1.0,0.7961938261492013,0.7964542215726083,1.0,1.0,1.0,0.9988271433889642
1933,-124.09955926723586,-150.6824865098049,-124.76643266052045,-151.5223268290137,-124.7664310452889,-124.76640845290223,-150.95489496185792,-150.68248378904426,-151.52232644936112,-151.50770587664024,-151.5223289790953,1.68884850155945e-06,0.7164572513541227,1.1097411357334286e-06,0.657099280787302,1.0,0.7164578299765361,1.0,0.7164659232684119,1.0,1.0,1.0,1.4737979533390212e-06,2.0570633496325245e-06,1.0,0.7529806537438033,0.6570985116175413,1.0,1.0,1.548927654859798e-06
1934,-128.73804977230668,-140.73717621625838,-128.91543238602515,-140.73717745656154,-128.73752331738652,-128.73805249534323,-140.99709442139618,-140.7371992943473,-139.2248404392594,-140.73718016657313,-140.73720038037249,0.0024798350776208985,0.9151280237208448,0.0024798335397477303,0.9999993798486106,1.0,1.0,1.0,0.9999986384826545,1.0,1.0,1.0,0.0021776209083753826,0.0023795806181536555,1.0,1.0,1.0,0.9999884610221097,1.0,0.005280900952187546
1935,-110.97856557007373,-129.38675283939784,-111.14675048989739,-129.59899337806112,-111.19002627556733,-110.97858061904375,-127.49545933914726,-129.3867181007933,-129.38672114685946,-129.38675543220427,-129.5989708667891,0.00010062662888675983,0.9193462494921648,9.049518582350524e-05,0.8993164813793377,1.0,0.8996672081630958,1.0,0.9999924755432952,1.0,1.0,1.0,0.00025906103062702733,0.0002817883150881722,0.38843502039929817,0.3884344288003641,0.9999984769680824,1.0,0.9785945269913925,0.00011185049598673462
1936,-129.20476363086956,-137.73572580685334,-136.4632478904733,-137.73569225674592,-136.46324429729793,-136.463247388111,-137.16402675265147,-137.73563410398373,-137.73433946709335,-137.7355537045055,-137.73551252178217,0.014045108574365804,0.02653628785176377,0.014045344183792654,1.0,1.0,0.02653633552657449,1.0,0.026536294517179874,1.0,1.0,1.0,0.01869252512646142,0.7044137156968242,0.7514101215585194,0.7518966806524543,1.0,1.0,1.0,0.5296453830832778
1937,-140.67337756434398,-145.93808846763582,-140.6732954990562,-145.9380662068934,-140.67074619726668,-140.6733565684072,-146.81518940816153,-145.93817293934669,-145.54250538922074,-145.93814925773194,-145.93810090108073,0.07190888470049965,1.0,0.0719096850775336,1.0,1.0,1.0,1.0,1.0,1.0,0.9999694657906757,1.0,0.04637911995925769,0.046377216940387565,1.0,1.0,1.0,0.9999577650364895,1.0,0.08752073029893438
1938,-128.91582685734767,-128.91568507630652,-130.0171785129248,-129.99855600851743,-130.01761885937916,-130.01822574023268,-127.36085995593442,-128.91553136558161,-129.97989154428973,-129.99907802079125,-129.98463803350165,1.0,0.5765600233952974,0.5819535906479736,0.581912337117241,1.0,0.5764330942879934,0.5763922320942507,0.5762582077190324,0.57621735792265,0.9994765234077663,0.9902133382790893,1.0,1.0,0.459628968666249,0.2699507364624475,0.5873231559920826,1.0,0.9997798510091691,1.0
1939,-124.14430009406868,-137.59670176298818,-125.21102405250434,-137.73915809905895,-125.0590358654938,-125.05918081273865,-137.68122796833177,-137.59669961403273,-137.73753241929234,-137.73799511447228,-137.7377651051086,0.0011990798182606,0.5866294147508823,0.0011166423451701218,0.9312493865420379,1.0,0.6329474449042061,1.0,0.6329015745722842,1.0,1.0,1.0,0.0011494589367190685,0.0019594294248050917,1.0,0.9722403557808984,0.9320056494905269,1.0,1.0,0.001765629002200043
1940,-141.57535156834456,-143.75296524673126,-142.61919602871666,-145.2216353213302,-142.68383713454494,-142.76494290755875,-143.6152756685525,-143.75296241779824,-144.49052045978868,-144.9863342235094,-145.22163332742605,0.3366178934691841,0.5933788402906897,0.16151748490843534,0.4798244182560707,1.0,0.5745071230359131,1.0,0.5516752783785293,1.0,0.92971848829033,1.0,0.3606086249732334,0.6077207350308875,0.9334728741700059,0.6455695067133616,0.6915782178323793,1.0,0.9681961742256742,0.405213308601574
1941,-108.83678028372677,-128.6477122723354,-109.11538125804725,-128.86536044889397,-109.11537384944177,-109.1153604795347,-126.56591852504559,-128.64770936276426,-128.64771381389772,-128.86541067817632,-128.6477094801065,4.990117570288396e-05,0.8699665753928294,4.475577449456195e-05,0.896888176764447,1.0,0.8699697980183689,1.0,0.8699756137454826,1.0,1.0,1.0,0.0001413079338806443,0.0001624291528865201,0.3531383336239032,0.35313754769185074,0.9999977744357448,1.0,1.0,5.735962024621832e-05
1942,-101.96651712855655,-148.48711292121303,-101.96651115194214,-151.6507465855627,-104.09895467505282,-104.09895709528263,-148.48604795265558,-148.48710951006836,-151.65074394319794,-151.65074729601577,-151.65074370510317,7.910081828002439e-11,1.0,1.626322440621482e-11,0.2056012157629197,1.0,0.34430796560675525,1.0,0.3443075489548071,1.0,0.3443065200596163,1.0,7.914294943828671e-11,7.914271293519453e-11,0.9994693621317072,0.20549203698298002,0.205601136731894,1.0,0.3443069367103195,4.723459088219101e-11
1943,-128.25442642589718,-131.56154094764958,-128.25423886141905,-131.64034156791655,-128.25452466704667,-128.25365737821315,-131.845870702195,-131.5620640927994,-131.41270612861362,-131.63893424522354,-131.64042073234063,0.19136795066484838,1.0,0.18397460062010562,0.9613657876407365,1.0,0.9999508806316519,1.0,1.0,1.0,1.0,1.0,0.1660075286818515,0.1659919608541148,1.0,1.0,1.0,0.9997384616322096,0.9998571073963145,0.20616247019393286
1944,-118.88336022740995,-145.83605129085163,-118.8831094045737,-145.83604740079534,-118.88335170379324,-118.88335547238859,-143.9926139887285,-145.8360509288392,-145.8360423257863,-145.83604268778183,-145.83604693115842,1.4037749858113479e-06,1.0,1.4037777161958629e-06,1.0,1.0,1.0,1.0,1.0,1.0,0.9998769736609183,1.0,3.5285381992052818e-06,3.528095707973114e-06,0.3978347861501216,0.3978364974506555,1.0,1.0,0.9998788577285495,1.4037752956586385e-06
1945,-89.56957551081084,-138.5769585783791,-89.56754763201934,-138.57696193213215,-89.57004008950247,-89.56988338673293,-138.6454943073399,-138.57695062418344,-138.5769546148657,-138.57696256872555,-138.57695397215466,2.2812977945170498e-11,1.0,2.2812939690655432e-11,0.9999983231248839,1.0,0.9997677376312641,1.0,0.999846073886795,1.0,0.9988328043465602,1.0,2.204446869664147e-11,2.2022128269205387e-11,1.0,1.0,0.999998004660854,1.0,0.9987545474789907,2.2818322992735942e-11
1946,-156.48912748763703,-156.48879987181573,-157.09690569486025,-157.0965844692002,-157.09685395993995,-157.09666579215693,-155.9065195691519,-156.4882450626647,-157.05768345269468,-157.0965329315755,-157.09649666252182,1.0,0.7379426970930925,0.7380612296767444,0.7379403393104466,1.0,0.7379617860432948,0.7378409119653166,0.7380312196261518,0.7379103341753354,1.0,0.9999593393483011,1.0,1.0,0.74761828401088,0.5623775026021061,0.7522254533222755,1.0,1.0,1.0
1947,-63.45358747506856,-137.5191036066255,-63.46770939392118,-137.51914244673222,-63.46815225795899,-63.51773436625177,-138.2400772996031,-137.50415223243039,-137.50419573333738,-137.5191467731996,-137.50419159829568,8.258050272019669e-17,0.9929639105779079,8.257889901799939e-17,0.9999805801352053,1.0,0.9927440609162653,1.0,0.9684354521524235,1.0,0.9752977342235845,1.0,5.75864191712897e-17,5.799447347263014e-17,1.0,1.0,0.9999782497830406,1.0,0.999778592495356,8.380644687433785e-17
1948,-117.2775454241015,-132.59002099786977,-117.69414318244833,-133.11718457646646,-117.69341076636002,-117.27754918425344,-131.55027840224292,-132.5899896572299,-131.87068068809492,-133.11642363118747,-133.1171603161975,0.00047308390940603573,0.8119643212172769,0.0003634678988453199,0.768294781578303,1.0,0.8122617235355111,1.0,0.9999981199257969,1.0,1.0,1.0,0.0007956378093329559,0.0009798925747625904,0.594606386588099,0.851972403508191,1.0,1.0,1.0,0.0008345357624250472
1949,-144.90742235785183,-144.90799826430364,-145.05406871959275,-144.96121370999552,-145.05406537767385,-145.05406704320296,-144.85598915533532,-144.90801764062738,-144.96913717919554,-144.96121627877696,-145.05456590261971,0.9997120882286438,0.9293004493616212,0.9734627916895301,0.9737431438029084,1.0,0.9293020021862853,0.9295696362268504,0.9293012282968384,0.9295688621145274,1.0,0.9546345645979489,1.0,1.0,0.9743212125977786,0.9449965408889099,0.969902459959091,0.9999903118850627,1.0,1.0
1950,-128.90841837601585,-134.46777809110696,-128.90840600103985,-134.4677746767815,-128.90833558783618,-128.90841340609953,-134.46708395558065,-134.46777803956093,-131.89386634975241,-134.46777466832464,-134.46777461854617,0.06205837171691945,1.0,0.062058477660749685,1.0,1.0,1.0,1.0,1.0,1.0,0.9999962974770161,1.0,0.06207991391526154,0.06207952979772768,0.9996530182219668,1.0,1.0,1.0,1.0,0.22475027524526542
1951,-140.43047908657414,-142.63663666441897,-145.23437737466776,-145.23272158979984,-145.23327669978738,-145.23490911643407,-145.2300531045084,-142.63813475817494,-145.21561752783302,-145.2349674691494,-145.23472981256847,0.3318478199078959,0.09054130314503518,0.09061629264220535,0.2730658066922237,1.0,0.09059114512773589,0.27299002643102926,0.09051723404858375,0.27276730060696724,0.9997341644573765,0.9989068346239598,0.09073727745784695,1.0,1.0,1.0,0.2756174611948682,0.9992512335875962,1.0,1.0
1952,-91.80666244641088,-143.54703219434978,-91.80657815969008,-143.54703064832515,-91.80665714660711,-91.80665816492174,-143.4400859669713,-143.54694727331645,-143.54694447544415,-143.54702939719007,-143.5469457273281,5.817300031323562e-12,1.0,5.817304528169882e-12,1.0,1.0,1.0,1.0,1.0,1.0,0.9999599981842608,1.0,6.136836342147528e-12,6.136577720691435e-12,0.947971677552799,0.9479730037055746,1.0,1.0,0.9999605073213405,5.817539764585082e-12
1953,-68.19284235732331,-129.0102497315228,-68.19283231578592,-129.33468604995977,-68.19303782297706,-68.19302546804175,-128.62407636131675,-129.01476502479315,-129.0100210704212,-129.11535646628457,-129.10892755962993,6.21824439197797e-14,1.0,5.2870976959131723e-14,0.8502556931879264,1.0,0.999902271948824,1.0,0.9999084488318446,1.0,0.999903428535408,1.0,7.54265543645234e-14,7.542617566619103e-14,0.8225513787417884,0.8245047676275323,1.0,0.9977448999322155,0.9998972516833999,6.219563193716768e-14
1954,-151.99133801820943,-153.315502559434,-152.35095881995102,-153.542263958672,-152.5621324086713,-152.79164448907378,-152.23651214512287,-153.3106222028713,-153.7769772508899,-153.71417224098627,-153.70094933091502,0.5157762298648081,0.8354285929300332,0.46049053822925745,0.8928107027149319,1.0,0.7517156171565318,1.0,0.6702173371232154,1.0,0.8022437139392304,1.0,0.8846288827421767,1.0,0.5844669586788844,0.46290540580618633,0.7920129597274872,1.0,0.8997963722071068,0.544753205344634
1955,-137.96120893358506,-149.88035875743742,-139.70369429230217,-152.03954963857825,-139.7036683093562,-139.70360290938615,-150.06562048987513,-149.88036501240686,-152.03952709138667,-152.039522133681,-152.03955341214726,0.0025810088949658992,0.41843125015458027,0.000876853740082206,0.3397329400113483,1.0,0.4184366862281741,1.0,0.418450369325266,1.0,1.0,1.0,0.00235266681783052,0.005622588697573083,1.0,0.372710499755825,0.33973783256799683,0.9999968725201731,1.0,0.002095570618667992
1956,-130.78285307103158,-134.53979221684384,-130.78286188926145,-134.53979894448258,-130.78249310757593,-130.78286985010647,-134.62112777493746,-134.53979225022033,-133.7588692121875,-134.53980043510808,-134.53979898513768,0.15282381257900166,0.9999955908947838,0.15282329850816462,0.9999966361862834,1.0,1.0,1.0,0.9999916104977504,1.0,0.9999960195854165,1.0,0.14673348690524593,0.146734133871481,1.0,1.0,1.0,0.9999999833117529,1.0,0.22578138919315477
1957,-151.03696122513549,-151.47345396397708,-151.2864013823423,-151.91386260440396,-151.28639833213876,-151.28638974848474,-150.82077448711334,-151.47345502329705,-151.48015469875793,-151.91380059672977,-151.73098125064666,0.8039273541496037,0.8827439669277443,0.6450350067460662,0.8023548439005236,1.0,0.8827453132031535,1.0,0.8827491018014627,1.0,1.0,1.0,1.0,1.0,0.7215596219393179,0.7191465582354026,0.9966557667162282,0.999999470340155,1.0,0.9076665683363305
1958,-122.7363073920641,-122.75308220369692,-123.32564880918096,-123.56271972195904,-123.3256471111051,-123.32564547966817,-122.04117815934336,-122.76765571808406,-122.92324500289703,-123.34090420190421,-122.76715242174575,0.9916476703372741,0.7447767957159153,0.6615258853187433,0.6670977052704099,1.0,0.744777428059934,0.751050449003348,0.7447780355888822,0.7510510616493176,1.0,1.0,1.0,1.0,0.6954203616365375,0.6433712036048346,0.9251543945172739,0.9927397268549771,1.0,1.0
1959,-87.78865846092108,-129.87611964113165,-87.78864991632608,-129.87611831001203,-87.78775034761378,-87.78865445821873,-129.86039289941561,-129.8761278426046,-129.876125096836,-129.8761181626448,-129.87612637133606,7.258116354252118e-10,1.0,7.258121184964281e-10,1.0,1.0,1.0,1.0,1.0,1.0,0.9999977290562534,1.0,7.315414598306186e-10,7.315383344745456e-10,0.992163395957244,0.9921647580837271,1.0,0.9999958992719323,1.0,7.254801716255271e-10
1960,-110.93942812425425,-111.01733981413824,-110.93953102758505,-115.37795934940658,-110.93893550927521,-110.93953105737563,-115.29991253370744,-115.37795200915517,-114.44944536437737,-115.37795964068067,-115.377952444751,0.961793176242277,0.9999485496582149,0.10868889928356144,0.1130065194558862,1.0,1.0,1.0,0.9999485347636893,1.0,0.999999985104708,1.0,0.11301415476284439,0.11301996967891288,0.9617317265637825,1.0,1.0,0.11300693420477945,1.0,0.17286316908985058
1961,-115.02298727980596,-136.15475727453426,-115.02298778819548,-136.15475894150194,-115.02298643130692,-115.02298780245513,-136.290716131154,-136.15473885734207,-136.154743292141,-136.15476036173877,-136.15474186129876,2.5780684805531794e-05,0.9999997458052728,2.5780663317756588e-05,0.999999166516509,1.0,1.0,1.0,0.9999997386754473,1.0,0.9999999928701726,1.0,2.4086370287810345e-05,2.408637641044024e-05,1.0,1.0,0.9999977826029891,1.0,1.0,2.5780854106481162e-05
1962,-113.46595179298873,-148.15949682324305,-113.46601362361437,-148.1594966012363,-113.46601479456118,-113.46601451645009,-145.71397503620943,-148.15946050196715,-148.1594619713379,-148.15949850656716,-148.15945972572675,2.926795764330702e-08,0.9999690851650535,2.9267960892149255e-08,1.0,1.0,0.9999684997099233,1.0,0.9999686387610967,1.0,0.9999995535822424,1.0,9.941014942447692e-08,9.94132227678503e-08,0.2944215388706501,0.29442132256353176,0.9999992653148978,1.0,0.9999994145267701,2.9269389664057628e-08
1963,-123.92984676488555,-133.74636996998595,-123.92984748009286,-133.74637132899522,-123.9293791029827,-123.92984758764447,-133.79961396430514,-133.74635929861034,-132.36646880098974,-133.74637274560456,-133.74636064105525,0.007385315792664554,0.9999996423964106,0.007385310774309928,0.9999993204955934,1.0,1.0,1.0,0.9999995886206243,1.0,0.9999999462241945,1.0,0.007191297966351042,0.007191300537985929,1.0,1.0,1.0,1.0,1.0,0.014720048821579441
1964,-96.78937312855152,-135.98859094631152,-97.615537712274,-136.47164496570934,-97.81569020757769,-97.81300120807495,-136.56727405604147,-135.987224834777,-134.64887643417933,-135.98695129622288,-136.91285633732022,3.076082672988163e-09,0.6616078356473902,2.4160401984549663e-09,0.7854275893397821,1.0,0.5986018820315597,1.0,0.5994072433958775,1.0,0.9059857079977766,1.0,2.3032366508497413e-09,3.481271724353134e-09,1.0,1.0,1.0,1.0,0.9047684289376976,1.0040959964085423e-08
1965,-103.6095107911782,-117.9806042350981,-103.74105573080658,-117.98060576711941,-103.74102244949981,-103.60951319351483,-118.27976999379814,-117.98060611787855,-117.98061043171558,-117.98060842569433,-117.98060777338094,0.0007574547775551891,0.9363438865546904,0.0007574541973369791,0.9999992339896359,1.0,0.9363594680583985,1.0,0.9999987988324046,1.0,1.0,1.0,0.0006522193662571841,0.0006965596461114815,1.0,1.0,0.9999978430838139,0.9999990586102169,1.0,0.0008089333814295643
1966,-115.08136300209881,-123.54738822499766,-115.18097621737417,-123.63999994591046,-115.18097686257624,-115.18616959562667,-125.17182571707139,-123.54621232806744,-123.64067739336653,-123.63937651305872,-123.63916516796144,0.014508615821263234,0.9514134027956542,0.013852099465143673,0.9547498972881072,1.0,0.9514130958687512,1.0,0.9489460827759651,1.0,0.9974066793546958,1.0,0.006439970256153234,0.006768845422221173,1.0,1.0,0.9538655669123491,1.0,0.9999996773990129,0.014554569708008346
1967,-145.18840101727685,-145.18740124662804,-145.18838776177208,-145.17979481553087,-145.18840110907342,-145.1884010849319,-143.08078760119727,-145.18740254704372,-145.09896397250813,-145.18817139371868,-145.18406977718033,1.0,1.0,1.0,1.0,1.0,0.9999999541017114,0.9995001937221002,0.9999999661724678,0.999500205786824,0.9999933384422712,0.9957061105177105,1.0,1.0,0.3487822514231832,0.36455123111450344,1.0,0.9999993497923736,0.9999933263715949,1.0
1968,-133.79544453774668,-133.7951954535443,-133.79544407163522,-133.7951948519957,-133.7953437837688,-133.79544349198383,-131.0735492297493,-133.79465123068496,-133.72277446942175,-133.79519389787288,-133.794650744967,1.0,1.0,1.0,1.0,1.0,1.0,0.9999258376379115,1.0,0.999875988470297,1.0,0.9998756877333386,1.0,1.0,0.2565193956995247,0.2659059458289711,1.0,1.0,1.0,1.0
1969,-77.79471041613164,-129.68902584830175,-77.7947843138069,-129.68902542232757,-77.79490710933277,-77.79367645218701,-129.5512362175864,-129.68891178102385,-126.94134170816591,-129.68902448017693,-129.68891135904252,5.3863253536021505e-12,0.9999630518449677,5.386326500820027e-12,1.0,1.0,0.999901658235302,1.0,1.0,1.0,1.0,1.0,5.77049701851526e-12,5.770710235611697e-12,0.933478095008913,1.0,1.0,1.0,0.9999386041218699,2.1280769329286386e-11
1970,-91.35358846967935,-136.88312209007591,-92.33544006106456,-137.81539063536107,-92.33628390432699,-92.33511677294501,-138.83566303087213,-136.88282606206917,-137.82125753543122,-137.82483412140675,-137.83114210260908,1.2983368766035348e-10,0.6120594897668296,8.146064605102203e-11,0.6274230326425312,1.0,0.6118013030996066,1.0,0.6121584335441994,1.0,1.0,1.0,4.891009590188769e-11,7.991068959737963e-11,1.0,1.0,0.625492626895996,1.0,0.9995781673651993,1.3275884678854301e-10
1971,-145.98023779982893,-152.65833969724764,-146.4560333295321,-153.3931392780691,-146.45603423852228,-146.45601028694188,-153.39267577155866,-152.6583380970277,-153.39225584079213,-153.3931371029589,-153.39314165618777,0.03547060517611534,0.788283277232176,0.024564554744776267,0.6925327217511691,1.0,0.7882829189613753,1.0,0.7882923593287599,1.0,1.0,1.0,0.02457024832002824,0.03116931315135773,1.0,1.0,0.6928381395870329,1.0,0.9999995455050092,0.031175872484522353
1972,-116.40573274788164,-118.81253946182511,-118.32573846284507,-120.69647609674414,-117.71443019041769,-117.71387719250393,-119.31205760063443,-118.8119595040717,-120.19655928687092,-120.69651070947862,-120.19660929376212,0.3001708828560381,0.382891791867256,0.11702453393303876,0.3898597119733419,1.0,0.519780474343134,1.0,0.5199242129729706,1.0,1.0,1.0,0.23382964855387717,0.6106938135538384,1.0,0.6425884263526651,0.5004238241055958,1.0,1.0,0.2890763183990646
1973,-76.79214829510573,-133.40024369889133,-76.79211534543703,-133.40024735672813,-76.79210870165258,-76.79194621819931,-133.4039000553567,-133.40024329529498,-133.40024699023581,-133.4002473935283,-133.40024695301776,5.10162189106802e-13,1.0,5.101612560626413e-13,0.9999981710832726,1.0,1.0,1.0,1.0,1.0,1.0,1.0,5.092303737193718e-13,5.092219843024239e-13,1.0,1.0,0.9999981525312917,1.0,1.0,5.101512501229611e-13
1974,-131.6447349148749,-135.5957996411952,-131.65286285278196,-135.59888656567017,-131.64855672289562,-131.644727695417,-134.71709133094726,-135.60207941208253,-135.60208876180016,-135.5958085263357,-135.60208917839756,0.13868746049198222,0.9959442777930069,0.1384735667448247,0.9984577282877719,1.0,0.9980909206043036,1.0,1.0,1.0,1.0,1.0,0.21520198902926482,0.21607834276245683,0.6424321694877723,0.6424291662151017,0.9999953251521124,0.9968650388413955,1.0,0.13851647332509154
1975,-52.916073443166795,-141.2980361370913,-52.91606872634608,-141.29803399047813,-52.91568345698306,-52.915887725774525,-141.14106067041868,-141.2980116174317,-141.2980090131201,-141.29803341856126,-141.29800767895597,6.428366824565323e-20,1.0,6.4283737241774e-20,1.0,1.0,1.0,1.0,1.0,1.0,1.0,1.0,6.953243534050013e-20,6.95322713546779e-20,0.9245247350033718,0.9245259388794098,1.0,1.0,1.0,6.427200624656495e-20
1976,-112.39485225126558,-138.2611439579502,-113.36233693218844,-139.6692231473879,-113.36261010384828,-113.36254015214266,-139.66860690025132,-138.26114333198421,-139.6629224644158,-139.66917524214188,-139.66921625585113,2.4166075180806213e-06,0.6164720213472998,1.195213833930466e-06,0.4945833466908023,1.0,0.6163878257547346,1.0,0.6164093848216249,1.0,0.999898395185011,1.0,1.1955821642245526e-06,1.9393940403193107e-06,1.0,1.0,0.49614375470459027,1.0,0.9998634234974989,1.945179727489993e-06
1977,-125.94006572186979,-145.73049247201106,-125.94006589699904,-145.73049311982078,-125.93982523260829,-125.94006617337695,-145.32710957425445,-145.73046732925002,-144.07283562741233,-145.73049381527647,-145.73046761030747,5.041542515393057e-05,0.9999999124353746,5.0415408824132185e-05,0.9999996760951957,1.0,1.0,1.0,0.9999997742464444,1.0,0.9999998618110577,1.0,6.168178273300304e-05,6.16817881341457e-05,0.8173573576438316,1.0,1.0,1.0,1.0,0.00011546937699466796
1978,-106.68414008043379,-134.20575098876765,-106.68431676959187,-134.20575151625113,-106.67435438260009,-106.68431552951893,-133.86372100699393,-134.01024336940282,-134.0070566616565,-134.0075920425457,-134.00672771769942,1.0562290907961405e-06,0.9999116593232267,1.0562288122244786e-06,0.9999997362582952,1.0,1.0,1.0,0.9999122793051182,1.0,1.0,1.0,1.2532248318880837e-06,1.2533355523990062e-06,0.9293580674652435,0.9308400440846526,1.0,1.0,1.0,1.1608580366314101e-06
1979,-121.31805243600519,-143.36139976508866,-121.31801878805757,-143.36140099655606,-121.31805027199059,-121.31805157575565,-143.4019723472648,-143.36138445083915,-143.36138631596918,-143.36140162991921,-143.36138570498636,1.6343608335560504e-05,1.0,1.6343598272253227e-05,0.9999993842664926,1.0,1.0,1.0,1.0,1.0,0.999983606285341,1.0,1.601539748559527e-05,1.6015128045233953e-05,1.0,1.0,0.9999990674354194,1.0,0.9999842581573969,1.634370055548773e-05
1980,-104.62227741866946,-126.45014708987446,-104.62211761633347,-126.45014684459667,-104.62226959517182,-104.62227255516657,-126.44894744659544,-126.4501422038303,-126.45014194764792,-126.45014683313627,-126.4501419549689,1.8202805350864562e-05,1.0,1.820280758323664e-05,1.0,1.0,1.0,1.0,1.0,1.0,0.999922533584125,1.0,1.8213727062625888e-05,1.8212271822698544e-05,0.9994027997776533,0.9994029277923528,1.0,1.0,0.9999240134679497,1.8202780947552976e-05
1981,-132.9036153200886,-135.73255591979623,-132.90360848074397,-132.9608852117076,-132.90360369262572,-132.9035293331079,-135.71401270075597,-135.73255458499528,-134.6547868431707,-132.9606986795728,-132.9991271068771,0.24305432526802287,1.0,0.9717711488532507,1.0,1.0,1.0,1.0,1.0,1.0,1.0,1.0,0.24531830923356396,0.24531747032676893,0.9907719005646641,1.0,1.0,1.0,1.0,0.41661548734403075
1982,-131.1145115209527,-134.05465353372097,-131.11451016687334,-131.2007266184774,-131.11450518538956,-131.1145065645654,-135.26302907124003,-134.05473574233955,-133.64141215750396,-134.05462960266442,-134.0547324137367,0.22990915958901878,1.0,0.9578083734223434,1.0,1.0,1.0,1.0,1.0,1.0,1.0,1.0,0.1256495275378994,0.12564944246821227,1.0,1.0,1.0,0.999958896535481,1.0,0.2826761208378897
1983,-124.47717637507924,-157.33790378345964,-124.47716495596649,-157.32371075971878,-124.47705480660383,-124.47717137851825,-157.33790219851485,-157.33790457519507,-156.49521629674757,-157.32371015851095,-157.32371062039476,7.317853445090092e-08,1.0,7.36996938089266e-08,1.0,1.0,1.0,1.0,1.0,1.0,0.9999967887292744,1.0,7.31785924428922e-08,7.317817462678588e-08,0.9999988116605989,1.0,1.0,0.9999996041323629,1.0,1.1151789729487012e-07
1984,-68.0065318232235,-127.2062347359352,-68.00653326015967,-127.20623668654548,-68.00645444604538,-68.00625224081824,-127.57416128822794,-127.20622348621637,-127.20622782352189,-127.57425004157739,-127.20622543794411,1.3962006869481342e-13,0.9999992815321713,1.3961993252270865e-13,0.9999990246953341,1.0,1.0,1.0,1.0,1.0,1.0,1.0,1.1615919981507856e-13,1.1615928327178658e-13,1.0,1.0,0.9999978313495955,1.0,1.0,1.3961514963381785e-13
1985,-118.34129068036125,-152.3166330755123,-118.34128779063303,-152.31856440914532,-118.34127948735892,-118.3410872942577,-151.6197684293233,-152.3171124704586,-152.33197677159492,-152.3178432450601,-152.5173240283577,4.191294123945821e-08,1.0,4.187248683880067e-08,0.9990347992896417,1.0,1.0,1.0,1.0,1.0,1.0,1.0,5.9384126645431117e-08,5.938404084349972e-08,0.7056245226523025,0.7003996550072988,0.9925953995683651,0.9997603312519959,1.0,4.1592389042864454e-08
1986,-107.0193503807825,-140.85718647114064,-108.1471303733471,-143.6530322612602,-108.14711694109977,-108.14711297795768,-141.8780665751814,-140.8573711460003,-143.653049758669,-143.65301115101676,-143.6527017165885,4.489595904801067e-08,0.5689913789036367,1.1094227152802207e-08,0.24710970403679994,1.0,0.5689952003329338,1.0,0.5689963278384654,1.0,1.0,1.0,2.694796379938926e-08,4.7360935153910544e-08,1.0,0.4116871380599183,0.2471303604853131,0.9999076668331355,1.0,1.9497756899568523e-08
1987,-115.53893936276842,-127.99815268081306,-117.27100820194713,-129.78723647422174,-117.27095867992162,-117.27088247864211,-129.7870679282655,-127.99815516397584,-129.77823201115527,-129.78725901931185,-129.78727149739512,0.001970226715148158,0.4206162338431113,0.0008054184872190104,0.40879482600988093,1.0,0.420626648855984,1.0,0.4206426753057111,1.0,1.0,1.0,0.0008054863650936639,0.0019150149240176682,1.0,1.0,0.410639974187324,0.9999987584193837,1.0,0.0019234464700382036
1988,-160.07015453377113,-160.06913168333324,-160.07015352141778,-160.06527748187978,-160.0700490199829,-160.07014687634654,-155.25983098909268,-160.06953842891386,-159.5778946635324,-160.0691148233604,-160.06953819811275,1.0,1.0,1.0,1.0,1.0,1.0,0.9995414368474109,1.0,0.9994925322986612,1.0,0.9975682642380097,1.0,1.0,0.09027870062034417,0.11543682859469075,1.0,0.9997966478885344,1.0,1.0
1989,-128.998108807108,-129.43198101130054,-128.99809472415942,-129.43197717446625,-128.9980863601324,-128.99809722859055,-131.17936404954176,-128.9985486947404,-128.8575545934341,-128.99802732365248,-129.4319772377284,0.804981404285966,1.0,0.8049829485775712,1.0,1.0,1.0,1.0,1.0,1.0,0.9999987477852155,1.0,0.336005543307215,0.33600317734115037,1.0,1.0,1.0,1.0,1.0,1.0
1990,-132.58692679621734,-137.84382207385724,-133.47768830664506,-138.85038024528328,-133.4775666560195,-133.4772248242137,-138.8484996938467,-137.84381816538962,-138.0242440921058,-138.85043206203937,-138.8504239550404,0.07219044093866925,0.6405803252937556,0.043642373796213774,0.6045450509616777,1.0,0.6406192899774141,1.0,0.6407287913592723,1.0,1.0,1.0,0.04368342895914461,0.06819352270788581,1.0,1.0,0.9137365721404235,1.0,1.0,0.10296782501549659
1991,-123.05686452150692,-127.91908465904982,-123.05693742786082,-127.91908527909959,-123.05693945407137,-123.05693892226202,-125.69033991192774,-127.91907966992974,-127.49771667610713,-127.91908753793714,-127.91908173660656,0.08793915986553205,0.9999635474874626,0.08793913260220813,0.9999996899751605,1.0,0.9999625344196299,1.0,0.9999628003143773,1.0,0.9999992527996773,1.0,0.2680082017994145,0.2680179717278891,0.328121970316177,0.4050728376122794,1.0,1.0,0.999998986895237,0.10856691032855768
1992,-137.76039685141336,-138.6152125823181,-138.45455635618973,-139.2946455508748,-138.4544447931117,-138.45425056619078,-136.33624004168956,-137.92976061183575,-139.29017667261604,-138.48747190928995,-139.2928138181499,0.6521974891486759,0.7067489610925786,0.464346448214085,0.7119721494484803,1.0,0.7067883857369011,1.0,0.7068570277358268,1.0,1.0,1.0,1.0,1.0,0.45078702244073754,0.22832886122328774,0.5065116115965935,1.0,1.0,0.6584504945446847
1993,-77.51502480435366,-121.5335884140145,-77.68778583291973,-121.53359053137146,-77.68776889922452,-77.51515191668997,-121.97712601129348,-121.53359533676402,-121.53360021354464,-121.53359266655886,-121.53359745010954,2.7636965825365555e-10,0.9172451399304634,2.7636936566720074e-10,0.9999989413220822,1.0,0.9172529061381559,1.0,0.9999364458514928,1.0,1.0,1.0,2.2139988756958858e-10,2.413748276566204e-10,1.0,1.0,0.9999975616126618,0.9999965386312304,1.0,3.012997025062383e-10
1994,-125.45473265879676,-143.40298969755395,-125.45443804690018,-143.40307583471272,-125.45434291525572,-125.45473862226027,-143.3782038987328,-143.40298995622845,-142.8844799223568,-143.40307559883672,-143.40307560397287,0.00012664425808994091,1.0,0.00012663880381911215,0.9999569323480506,1.0,1.0,1.0,0.9999970182726914,1.0,0.9998497236125846,1.0,0.0001282235132039595,0.00012820462650884947,0.9876834485783755,1.0,1.0,0.9999998706627563,1.0,0.00016409442993626743
1995,-80.40324752538584,-133.76109011518247,-80.40323656043051,-133.76109560534178,-80.40323078389312,-80.40284364510256,-133.79378540735718,-133.7610884035902,-133.7610942063916,-133.76109591737594,-133.76109389414543,2.59114489134671e-12,1.0,2.591137778457345e-12,0.9999972549241126,1.0,1.0,1.0,1.0,1.0,1.0,1.0,2.5491301286216202e-12,2.5491161531109444e-12,1.0,1.0,0.9999970986035178,1.0,1.0,2.591117901212809e-12
1996,-117.30170930771973,-130.03155745545206,-118.5316236733008,-131.6370251104026,-118.52985262669603,-118.52585985725676,-131.6365128165266,-130.0315565827135,-131.6353052902548,-131.6373373285881,-131.63722413994122,0.0017208721136046019,0.5406640445393662,0.0007711266726436865,0.44810225382085855,1.0,0.5411430271934199,1.0,0.5422244359588442,1.0,1.0,1.0,0.0007713242196791483,0.001426623847968843,1.0,1.0,0.44848755147788366,1.0,1.0,0.0014262219388195766
1997,-126.20139354696892,-140.30621438686154,-126.20139272827731,-140.30621339966103,-126.20030476777862,-126.19361511504741,-139.69414122551603,-140.30618414007256,-139.34566440610143,-140.30621119147668,-140.3061843668236,0.000865320655308203,1.0,0.0008653210824308039,1.0,1.0,1.0,1.0,1.0,1.0,1.0,1.0,0.001175133125773043,0.00117513264473733,0.7363708187730179,1.0,1.0,1.0,1.0,0.001398045877533491
1998,-120.6792041269623,-146.1017694915427,-120.68210258948426,-146.10176850892904,-120.68210015049377,-120.68209438694578,-145.9900033268003,-146.10174375891705,-146.10173751333483,-146.10176818369837,-146.10174287202727,3.0168941519117157e-06,0.9985518183675337,3.016895634132796e-06,1.0,1.0,0.9985530360974717,1.0,0.9985559137057896,1.0,1.0,1.0,3.1902872445145336e-06,3.1949140603740793e-06,0.9456618596500219,0.9456648127590846,1.0,1.0,1.0,3.021314122204563e-06
1999,-134.43139914005604,-135.36464109635983,-134.43138956687224,-135.22906707999485,-134.43138114544894,-134.43139237526623,-135.60088778772268,-135.36261775040305,-135.04417204737013,-135.22697827701984,-135.3626110974129,0.6271177366965077,1.0,0.6711021152088894,1.0,1.0,1.0,1.0,1.0,1.0,0.9999985958039925,1.0,0.5572483187139983,0.5572456514000925,1.0,1.0,1.0,1.0,1.0,0.7360954722310871
2000,-136.03566273676887,-138.05959941467728,-136.03085148115204,-138.3725076940351,-136.0356593159603,-136.0346983783328,-134.6253851942607,-138.05960219196092,-137.60973469264468,-138.05954560980754,-140.62810187183538,0.3635027782608764,1.0,0.3108569381355549,0.8551707352081394,1.0,1.0,1.0,1.0,1.0,0.9980784000514189,1.0,1.0,1.0,0.1795846671723366,0.224883059106595,1.0,0.9999986113591439,0.9975989696914097,0.4551912182879332
2001,-137.12835976985642,-140.0664454264748,-138.81895663999754,-141.92972069591727,-138.81895662161799,-138.81894552384665,-140.06953781116334,-140.0664483705711,-141.61022148669417,-141.9295777784377,-141.9299184673588,0.23014566871204953,0.4294291823572679,0.0906562440738042,0.3939081042938514,1.0,0.4294291863036259,1.0,0.42943156916369407,1.0,1.0,1.0,0.229790094205148,0.5351059118613224,1.0,0.4628548200077631,0.4621403907119169,0.999998527952929,1.0,0.24767634824357207
2002,-95.28892408759867,-146.7954353171027,-96.79801910634981,-147.81420412831588,-96.79801711007667,-96.79794651298857,-147.81416789067111,-146.79546072870653,-147.8089518818656,-147.81420412760542,-147.81420412550432,6.538877411883534e-12,0.47022333825115603,3.92898489299899e-12,0.6008653543280364,1.0,0.47022380759850047,1.0,0.4702404061072355,1.0,1.0,1.0,3.9290560822233345e-12,8.355723254477728e-12,1.0,1.0,0.6024530291462882,0.9999872942787966,1.0,8.377535096811881e-12
2003,-158.59153443664573,-159.64732673714914,-158.59145387352635,-158.6402045391007,-158.59153081617438,-158.59152347936896,-156.7666160156485,-159.1526843421242,-157.66652204827523,-159.64753167748933,-159.15274655923255,0.5898446096465355,1.0,0.97595865882495,1.0,1.0,1.0,1.0,1.0,1.0,0.9999651976843089,1.0,1.0,1.0,0.3032996060286487,0.6376581104468255,1.0,1.0,0.9999615294159939,1.0
2004,-138.85091994460043,-139.13384371765545,-138.85091738579547,-138.87044766175458,-138.8509128708509,-138.85010713765996,-138.13918178244353,-138.90165830731058,-139.12636718474585,-138.86858811698556,-138.90290327724935,0.8680882608124397,1.0,0.9902836531318118,1.0,1.0,1.0,1.0,1.0,1.0,1.0,1.0,1.0,1.0,0.6830151333835055,0.6104293596402529,0.8937274297515508,1.0,1.0,0.8713363973985963
2005,-44.99266693765935,-143.82603237084487,-44.99261883834467,-143.82603229123143,-44.99263822832566,-44.99256235430539,-143.82552946284738,-143.8260302772822,-143.82602963802987,-143.82603229632423,-143.82603021062982,3.4562677754970875e-22,1.0,3.4562679130797684e-22,1.0,1.0,1.0,1.0,1.0,1.0,1.0,1.0,3.4571369771274977e-22,3.457053835167581e-22,0.9997496241318629,0.9997499436780546,1.0,1.0,0.9999903050565006,3.4562228848863863e-22
2006,-99.35186602392196,-141.32518114237232,-99.35186495610151,-141.32518179202629,-99.3518609869841,-99.35186204893722,-141.37676165737275,-141.32514372014262,-141.3251448514885,-141.3251822534055,-142.30431470579413,7.684408229559771e-10,1.0,7.684405733457012e-10,0.9999996751730679,1.0,1.0,1.0,1.0,1.0,1.0,1.0,7.488759127287039e-10,7.488755128963021e-10,1.0,1.0,0.9999994343272257,1.0,1.0,7.684528314537844e-10
2007,-119.89161633118346,-139.0165246311439,-120.94452358078519,-139.81427331367087,-120.94449614273745,-120.94451593930157,-139.81460568668712,-139.01652224438402,-139.80469736233684,-139.81453128289814,-139.81453488746865,7.0320010871974e-05,0.5906960895010203,4.719000287775352e-05,0.6710750224949285,1.0,0.5907041933303596,1.0,0.5906983464025779,1.0,1.0,1.0,4.718216118756651e-05,7.987552656294504e-05,1.0,1.0,0.6742950130744598,1.0,1.0,8.027112346847526e-05
2008,-136.5224742821676,-140.2675304370602,-136.52283273386223,-140.26753002579898,-136.522993201886,-136.5229948093094,-139.30586371271127,-140.26750453431737,-139.66796089321167,-140.26752523176577,-140.2675299995897,0.15373451736266905,0.9998207902126739,0.15373454897519537,1.0,1.0,0.9997405737975901,1.0,0.999739770294717,1.0,0.9999189655598782,1.0,0.24865355038669276,0.24869811952380105,0.6182759434132905,0.8343948142579755,1.0,1.0,0.9999197692067727,0.20752907146839134
2009,-89.2097463071546,-128.47400767686858,-90.81760114085012,-129.43038502905813,-90.8172471404504,-90.8187198232722,-130.46361508269337,-128.91416679287474,-130.1621311082613,-130.1825226562821,-129.4304067445707,2.977652242996913e-09,0.4475677228016409,1.8458621826260117e-09,0.6199052246504824,1.0,0.44764694938937954,1.0,0.44731744973009124,1.0,0.9994408151910888,1.0,1.1011239701504285e-09,2.4602399012549907e-09,1.0,1.0,0.5358065176064015,0.8024549537091739,1.0,2.860006372685433e-09
2010,-138.53225226815024,-148.02661304486787,-138.53224768030313,-148.0266103938514,-138.53224489965578,-138.53221870816557,-146.30921409315815,-148.02557212965124,-148.0255682992774,-148.02660930281596,-148.0255624627158,0.008676124047373633,1.0,0.008676135547655143,1.0,1.0,1.0,1.0,1.0,1.0,1.0,1.0,0.020476427909520405,0.020476380938213915,0.4239333547718094,0.4239341666842005,1.0,1.0,1.0,0.008680625420862542
2011,-79.4353278898767,-143.65573505123393,-79.43531691289502,-143.65599526871642,-79.43532394638848,-79.43532615427102,-143.58599890930608,-143.6557031564463,-143.6556981598709,-143.65569621497718,-143.6556972306443,1.1342682407877751e-14,1.0,1.1341206721749215e-14,0.9998698997225295,1.0,1.0,1.0,1.0,1.0,0.9999953793226725,1.0,1.1745155822948361e-14,1.1745091359945098e-14,0.9657482170973896,0.9657506298172949,1.0,1.0,0.9999964832594535,1.1342869268056903e-14
2012,-97.339611750946,-129.50362545067424,-97.3395954212119,-128.6466903671012,-97.33958793874294,-97.33959339956246,-129.83577250501367,-129.86835734234245,-125.85069073419373,-129.6437431766978,-128.64744136224093,1.0367479067518713e-07,1.0,1.5913080371144232e-07,1.0,1.0,1.0,1.0,1.0,1.0,1.0,1.0,8.781088429862944e-08,8.781016733736033e-08,0.9838395849303736,1.0,1.0,0.8332963432875221,1.0,6.440101193266309e-07
2013,-127.99159663944829,-130.12865326304757,-128.13861823414237,-130.29521169917732,-127.99115404930376,-127.9916158140885,-129.84145298346152,-130.12865399537225,-129.8535707214943,-130.29514413306111,-130.29521212901403,0.3435136906439744,0.9291261136402656,0.31606495590284933,0.9200942044269975,1.0,1.0,1.0,0.9999904127258507,1.0,1.0,1.0,0.39655990215406745,0.4268095539801021,0.866233734162972,0.9939594489165031,1.0,0.9999996338377275,1.0,0.3940772448050818
2014,-141.6577725218506,-141.65587584267217,-141.65776892808213,-141.6515119100235,-141.65776376564327,-141.65757882273485,-141.7243178987156,-141.6423341680938,-141.59736173411778,-141.65149975637996,-141.65228068596872,1.0,1.0,1.0,1.0,1.0,1.0,0.9990564839059413,1.0,0.999148872383428,1.0,0.9969711399243374,0.9672747589851517,0.9672730209059486,1.0,1.0,1.0,1.0,1.0,1.0
2015,-133.21514683622536,-136.8276473593583,-134.04466686669068,-137.7927056841787,-134.04880939427665,-134.05244047428073,-135.03710633861093,-136.82752358287382,-137.7817782344091,-137.79704297777909,-137.79254151345734,0.16426894898132388,0.660498771330521,0.10139014073357171,0.6172203655183732,1.0,0.6591321199764799,1.0,0.6579365248997846,1.0,0.9961207400498641,1.0,0.40213004357593307,0.6088278450024589,0.40852236294402944,0.2535140716816761,0.6205635105376337,1.0,0.9979308797936322,0.15466644941548655
2016,-122.44779276041263,-135.41167701698816,-122.44778644762232,-135.41156003722995,-122.44778130431754,-122.44775657506295,-135.43672556159748,-135.41156390844787,-135.41156646204928,-135.41164592738423,-135.41155357472053,0.0015308347130056608,1.0,0.0015309242539615553,1.0,1.0,1.0,1.0,1.0,1.0,1.0,1.0,0.0015117816839188688,0.0015117769121460215,1.0,1.0,0.9999987232001126,1.0,1.0,0.00153091056685996
2017,-131.71634631120946,-140.92991303446658,-134.92661403645147,-144.92184059476125,-135.03137009982242,-135.3844643178652,-143.26402494105972,-140.92991029081776,-145.27026890347008,-145.28318885193542,-144.55105173227392,0.00998388124827968,0.2008626651076897,0.0013566360421885832,0.1358826300565569,1.0,0.19061265501272903,1.0,0.15976376823114222,1.0,0.7953880734654555,1.0,0.0031078027463221597,0.01547227676510195,1.0,0.36673271942360636,0.1141571459771571,1.0,0.9489700582760605,0.0059793141883195886
2018,-96.26094117188876,-136.61746462328404,-97.04971335337365,-137.481514084144,-97.04969300124407,-97.0492487771752,-137.48117462949932,-136.61748967221558,-137.4809205160604,-137.48152777102538,-137.48152732837735,1.7246154726851084e-09,0.674093744637384,1.1196088472928728e-09,0.6491933216566351,1.0,0.6741006042939068,1.0,0.6742503467797294,1.0,1.0,1.0,1.1197988916319968e-09,1.6611916377215062e-09,1.0,1.0,0.6493941537320226,0.999987475612657,1.0,1.6613858102349428e-09
2019,-139.02595114372497,-139.02085263624883,-139.0259431052341,-139.02582811530908,-139.0259390230369,-139.728498058517,-138.09652331151193,-139.02580091030342,-139.01073965601267,-139.02541146584582,-139.02579287141347,1.0,1.0,1.0,0.9975153523294151,1.0,1.0,0.9974600377825378,0.7037912706106351,0.7019994130034579,0.7037884419064662,0.7037479787796115,1.0,1.0,0.6283620289492227,0.6331118512248465,1.0,0.9975289211271052,1.0,1.0
2020,-116.24662033056762,-146.6502916760798,-116.24658449539925,-146.6502892428007,-116.24662566686345,-116.24662960898883,-146.6408835165419,-146.65028887862817,-143.52261641385093,-146.6502891484932,-146.65027375374262,2.4999231170024086e-07,1.0,2.4999261585095877e-07,1.0,1.0,0.9999973318556453,1.0,0.9999953608001597,1.0,0.9999774434596133,1.0,2.5117106577905436e-07,2.5116656544065573e-07,0.9953083592482518,1.0,1.0,1.0,0.9999794144797827,1.1942461917608961e-06
2021,-103.06551223920732,-135.91488259462403,-103.06789058255796,-135.91490962968652,-103.06798812372966,-103.06792515462729,-135.9168799044455,-135.91488266563294,-135.8987995529087,-135.91490965436822,-135.91490964832423,7.359526277829822e-08,0.9988115351091251,7.359426795875803e-08,0.9999864825601177,1.0,0.9987628236732574,1.0,0.9987942697675332,1.0,0.9999827141147403,1.0,7.352180319421043e-08,7.360928524536696e-08,1.0,1.0,1.0,0.9999999644955444,0.9999512306034167,7.428136571515537e-08
2022,-110.2140109823209,-125.88145612481202,-110.21400956111054,-125.88145458923998,-110.2140045952564,-110.21400600485356,-125.87990001411549,-125.88145465582818,-122.55117794828783,-125.88145457361821,-125.88145311998966,0.00039614804274948676,1.0,0.0003961483469065324,1.0,1.0,1.0,1.0,1.0,1.0,1.0,1.0,0.0003964563877920518,0.0003964561060681898,0.9992229811792488,1.0,1.0,1.0,1.0,0.002094193683054588
2023,-102.99284748092526,-124.64604077654519,-105.08656298068325,-126.71452482011819,-105.08653094340133,-105.08606909487031,-128.80866728821954,-124.64106344234006,-126.71449704206145,-126.71449637050691,-126.71452473353503,1.986409657797868e-05,0.3510390704530243,7.061601649900153e-06,0.3554957368526205,1.0,0.35104469366689595,1.0,0.35112576776556975,1.0,1.0,1.0,2.4783689300718746e-06,7.060094270627706e-06,1.0,1.0,0.354617051521642,1.0,1.0,2.0116241198813552e-05
2024,-105.7011277282291,-140.20879353254693,-105.85478904763343,-140.20874838056346,-105.85478570540823,-105.70113029813217,-140.73490217755403,-140.20878951555312,-140.20880003428667,-140.20880405499315,-140.20879690816105,3.211852398208582e-08,0.9260466573462862,3.2119249097802885e-08,1.0,1.0,0.9260482048758161,1.0,0.9999987150492884,1.0,1.0,1.0,2.4689513832190642e-08,2.6661198586842088e-08,1.0,1.0,0.9999947406470573,1.0,1.0,3.4683312812447904e-08
2025,-127.38643266211994,-127.49116526640944,-127.62455806537287,-127.49288658056989,-127.49661986942544,-127.38643173378176,-125.00658831834883,-127.4925199760064,-127.493156865348,-127.59740189522546,-127.72882424123671,0.9489811893242921,0.8877521355140262,0.948164793313598,0.9991397131788509,1.0,0.946396557632615,0.9972764142000354,1.0,1.0,1.0,1.0,1.0,1.0,0.2885272253577284,0.2884353600282223,0.9996816060273263,0.9993228745544906,1.0,1.0
2026,-37.88026769498592,-140.41540296704173,-37.880540961218,-140.41540335632462,-37.8805377818596,-37.88054391816985,-140.36605546431576,-140.4153857006079,-140.41538665685363,-140.4153929332914,-140.41538658557292,5.429730509756494e-23,0.9998633762178365,5.429729452906038e-23,0.9999998053585747,1.0,0.9998649656811126,1.0,0.9998618979450012,1.0,0.9999985215251699,1.0,5.565368801824001e-23,5.56612926745653e-23,0.975636580314412,0.9756361138403745,0.9999995218772575,1.0,1.0,5.430508094861828e-23
2027,-68.3574895078425,-138.49115540105706,-68.92674476233515,-138.9368793467547,-68.9266529803117,-68.92660560659243,-138.59792213812514,-138.49115431648855,-138.93716270454897,-138.93727390972396,-138.93686703664858,5.897500053064294e-16,0.7522943360822403,4.719328716717359e-16,0.8002252944898629,1.0,0.752328860422609,1.0,0.7523466809417803,1.0,1.0,1.0,5.590927377401039e-16,7.431835000270211e-16,1.0,0.843985231120301,0.8001114935957416,1.0,1.0,6.272071142056158e-16
2028,-116.2933626674423,-134.8227200014741,-116.29336138040418,-134.82271843964523,-116.29332606571748,-116.2933539132703,-134.65767006838738,-134.82273610893398,-134.82273551924652,-134.82271830084917,-134.8227336853359,9.47111649127326e-05,1.0,9.471123887407714e-05,1.0,1.0,1.0,1.0,1.0,1.0,1.0,1.0,0.00010285876745091572,0.00010285870125935993,0.9207810329134587,0.9207813044000128,1.0,0.9999919463024887,1.0,9.47086967957428e-05
2029,-109.12142663457041,-136.3818078007911,-109.12142511252719,-136.37979038595222,-109.12142082002094,-109.12142199589306,-137.02213698203843,-136.38094075072144,-135.77184235030302,-136.3806288500062,-136.38167225015724,1.2036035013739887e-06,1.0,1.2048181976894924e-06,1.0,1.0,1.0,1.0,1.0,1.0,1.0,1.0,8.738516839105998e-07,8.738510188908371e-07,1.0,1.0,1.0,1.0,1.0,1.6328056500035163e-06
2030,-122.68984192801497,-128.6959107182454,-122.68669719690593,-128.69590899448608,-122.68925420615432,-122.68983769061845,-128.36510229153407,-124.08203498304678,-127.93491452531234,-128.69590504929835,-128.6958947576939,0.049636223707700475,1.0,0.0496362664881703,1.0,1.0,1.0,1.0,1.0,1.0,0.9984309853363007,1.0,0.058564288363483014,0.05847227625103029,1.0,1.0,0.14566588027590982,1.0,0.9987223123146507,0.07259711040126145
2031,-103.01830064847121,-146.50498702763892,-103.21286253732364,-146.91212084852825,-103.2128376541572,-103.01861344336046,-144.68562174401757,-146.50497132939563,-146.50497619011267,-146.5049911161236,-146.50497351658532,3.605670482821766e-10,0.9073010691451097,2.9415622857146426e-10,0.8158156159108021,1.0,0.9073123574770922,1.0,0.9998436147848158,1.0,1.0,1.0,8.954806096391326e-10,9.86971844398779e-10,0.40265514914188105,0.4026541705466975,0.9999975696444326,1.0,1.0,3.974033850012884e-10
2032,-124.75013018459416,-133.49332399987583,-127.21578847087255,-135.36129571064777,-127.21341045961935,-127.21563902012676,-135.36101607542332,-133.49331920243202,-135.35627714097288,-135.36104734017283,-135.36129612546793,0.012631053827745964,0.291466808800048,0.004963804663558193,0.39298420632603637,1.0,0.29181357058568297,1.0,0.29148858957980106,1.0,1.0,1.0,0.004964498739394671,0.017032809875790752,1.0,1.0,0.393970608859324,1.0,1.0,0.01705292832595844
2033,-133.12610764393347,-142.89217608713375,-133.12597648361378,-142.94843829528148,-133.1261193016058,-133.12611708938442,-140.4626277739275,-142.8922516503984,-142.89204467654778,-142.8927769904405,-142.89282173747284,0.007573997939133,1.0,0.007363901985350569,0.9722608910814566,1.0,0.9999941711808219,1.0,0.9999952772856738,1.0,0.9999296995858704,1.0,0.025520835934268432,0.02551916232864684,0.29676581935012536,0.29679653232147557,1.0,0.9999622190813875,0.9999285935535547,0.0075745397578587835
2034,-104.35543170130856,-142.64501859675937,-104.35578004435334,-142.64501720180576,-104.35652157333408,-104.35569662028851,-142.09907109769935,-142.64496830971814,-142.64492640408088,-142.64501598511276,-142.64486974010077,4.8475449902747874e-09,0.9998258436445904,4.847548371326182e-09,1.0,1.0,0.9994552124379039,1.0,0.9998675492823953,1.0,1.0,1.0,6.369023357470056e-09,6.37013275657441e-09,0.761131904229683,0.7611478522555035,1.0,1.0,0.99962930423429,4.85041089302904e-09
2035,-140.66529573663792,-141.35947494814877,-140.93344124237916,-141.6371037852725,-140.93343969549386,-140.93331154749353,-141.03301410119857,-141.35935129114546,-141.6221977421043,-141.6371733411009,-141.63719081984976,0.706741997269823,0.8745264379800541,0.6151408430428582,0.8703895416137372,1.0,0.8745271143763617,1.0,0.8745831506220458,1.0,1.0,1.0,0.8320529633783558,0.9514326008258802,0.8494479636845671,0.7448355520639545,0.876846592030375,1.0,1.0,0.7086602783794926
2036,-132.72680103817459,-138.17812523627515,-132.72601910500424,-138.17815913912935,-132.72679050458254,-132.72209554478164,-139.52468395838724,-138.17421092984085,-137.65304096359185,-138.17800054597143,-138.1780969649487,0.06550281900319815,1.0,0.0655017086463481,0.9999830487165753,1.0,1.0,1.0,1.0,1.0,1.0,1.0,0.033408615602046846,0.033395556502691666,1.0,1.0,1.0,1.0,0.9996143745834526,0.08516836392765129
2037,-141.57948700446624,-146.6090452645523,-143.56343835002596,-148.59187776668375,-143.56271030780283,-141.57949195954154,-149.2645164475648,-146.61282222417282,-148.45691747145233,-148.59209371879945,-148.5918369828077,0.08088077436717842,0.3708433017751017,0.030010877457845135,0.3710508176096742,1.0,0.3709783211394891,1.0,0.9999975224654203,1.0,1.0,1.0,0.021439618826565122,0.057813148367358666,1.0,1.0,0.39770385895302046,0.9981133022457662,1.0,0.08654389113016717
2038,-59.690066866060704,-130.7054032201122,-59.68988228828903,-130.7054045607004,-59.69006662892534,-59.69005437195975,-130.8461511526383,-130.70537486492026,-130.7053774481677,-130.7054057693183,-130.70537620709212,3.795033775769422e-16,1.0,3.7950312319815327e-16,0.9999993297061253,1.0,1.0,1.0,1.0,1.0,0.9999139618661329,1.0,3.5371430193380277e-16,3.5368165954126053e-16,1.0,1.0,0.9999987083771159,1.0,0.9999078339293986,3.7950822288102973e-16
2039,-135.67776508927165,-139.1640890036009,-136.44715546951014,-139.92447238235528,-136.51537027351054,-136.45055979045915,-137.71651307877315,-139.16408643673628,-139.47178732096546,-139.9245052353267,-139.92447149291127,0.17496628912878803,0.680658075895096,0.11962975909622832,0.6837303328081218,1.0,0.6578340440752021,1.0,0.6795004721148512,1.0,0.9982992873790227,1.0,0.36082074516866136,0.5301057284807293,0.48491256677754213,0.41576415229310026,0.8574002423901622,1.0,0.966467698499163,0.22804586140826688
2040,-74.91720036459981,-126.60181205316408,-74.91720704608394,-128.31203598837754,-74.91720719833444,-74.91719538785622,-126.81967335259486,-126.60180917715996,-128.3121074545213,-127.38442219230882,-128.31209008038564,5.981762587737333e-12,0.9999966592635116,2.5436582583367704e-12,0.4252355758069194,1.0,0.9999965831385221,1.0,1.0,1.0,1.0,1.0,5.3644004724769185e-12,5.364418393585191e-12,1.0,0.474156875551623,0.4252197696376565,1.0,0.9999999238747563,2.543576058284355e-12
2041,-136.90040868176828,-141.05130991228987,-136.90040826361104,-141.05131370214218,-136.90040692968228,-136.89924564272889,-140.0448159797462,-141.0519528464005,-140.9814238639139,-141.05113992350624,-141.0489657321814,0.12549986259633833,1.0,0.12549962478359125,0.999998105075638,1.0,1.0,1.0,1.0,1.0,1.0,1.0,0.20758722857128112,0.20758718516923413,0.6043701525979813,0.6260632077805244,1.0,0.9996785846096826,1.0,0.12996261236071802
2042,-131.4478035218416,-136.22785132707668,-131.94368972309977,-136.7735920880234,-131.94368691975873,-131.94614677765665,-135.03970200253127,-136.2281509874407,-136.77605866846653,-136.77559241825932,-136.77580315749248,0.09162749371439101,0.7804043465311394,0.06974606448051693,0.7611914465097133,1.0,0.7804054404016696,1.0,0.7794461871861679,1.0,0.9987722270522575,1.0,0.16596983228817486,0.21267158880637058,0.5519904727004006,0.4197154350345965,0.7603671726095207,0.9998501810419705,1.0,0.08926142330017166
2043,-132.8829955290749,-142.49496020471207,-135.31784233592913,-142.49524415163683,-133.21923593119917,-133.21563539881197,-145.35116158142745,-142.49524563571507,-142.49482383484056,-142.49523916206334,-142.49451083471158,0.008180660893386534,0.29599183679692936,0.008179499539077664,0.9998580366153784,1.0,0.8452522283625638,1.0,0.8467752779103093,1.0,1.0,1.0,0.001961426967140103,0.00662662520820051,1.0,1.0,1.0,0.9998572946818761,1.0,0.009679026491405904
2044,-157.3612970619475,-157.3614707693588,-157.36176508508134,-157.36146350198425,-157.36176060062974,-157.3615933603889,-155.93320418562854,-157.361284491986,-157.31541903024947,-157.36145903083633,-157.33946283761597,0.9999131500660348,0.999766015811654,0.9999167834443217,1.0,1.0,0.9997682575153259,0.9998550948642897,0.9998518617528618,0.9999387063634787,1.0,0.999935072905531,1.0,1.0,0.48966188670974176,0.5010209199857497,1.0,1.0,1.0,1.0
2045,-113.01259805808499,-134.4496678706238,-113.01259752051226,-134.44966768797548,-113.01259631016961,-113.01259684833511,-135.9648516833647,-134.4430206190889,-133.57327151007522,-134.44965919794717,-134.44966783764482,2.2130918361648843e-05,1.0,2.2130920382736625e-05,1.0,1.0,1.0,1.0,1.0,1.0,1.0,1.0,1.0374841047997015e-05,1.0374838259381572e-05,1.0,1.0,1.0,1.0,1.0,3.4300946824765476e-05
2046,-123.44279921424447,-130.4701736846605,-123.78765608280864,-130.805653090409,-123.78737246129347,-123.4428027436125,-128.45228300809146,-130.47016299772264,-130.14347929763267,-130.4701568571147,-130.80564508989008,0.029786880466634014,0.8416185176900174,0.02518700887858602,0.8455739064988503,1.0,0.8417378767126036,1.0,0.9999982353175422,1.0,1.0,1.0,0.08169668142914298,0.09707091718154576,0.36460525827067203,0.429300497550839,1.0,1.0,1.0,0.04166668384076806
2047,-136.57225483301625,-139.36329506538385,-139.2265891524194,-142.06471818109836,-139.22662628860803,-139.22708142325655,-140.54865830596069,-139.36370409182132,-142.0648279367718,-142.0647433834858,-142.06471824250008,0.24770416791032318,0.2652275453593597,0.0641692166930553,0.2590558618145117,1.0,0.2652226206350029,1.0,0.265162271499898,1.0,0.9997538948702587,1.0,0.1369414609955935,0.5163168886174703,1.0,0.4685629527783959,0.25909462863772975,0.9997955076926693,0.999981432078067,0.24193145806438243
2048,-89.4549499167754,-143.50617092950182,-89.45573407919173,-143.50583423609515,-89.45225757004329,-89.45574295352807,-146.34539755443726,-143.50624499223966,-143.50560280574112,-143.50603803070078,-143.50350737429483,1.8320042929551846e-12,0.9996079956456305,1.8323127307999088e-12,1.0,1.0,1.0,1.0,0.9996035602266877,1.0,0.9999955628416718,1.0,4.4299238313882056e-13,4.431661061821536e-13,1.0,1.0,1.0,0.9999629693167338,1.0,1.8300595331124698e-12
2049,-85.74072120323862,-129.88432649421858,-85.80093687766114,-129.8865609761192,-85.74030044081684,-85.74071824061406,-130.2344314976842,-129.8843206744404,-129.88664375491803,-129.8866463893491,-129.886555763964,2.596198564233563e-10,0.9703408890508761,2.593299604602228e-10,0.9988833829309994,1.0,1.0,1.0,1.0,1.0,1.0,1.0,2.1792826929355735e-10,2.2458939095797624e-10,1.0,1.0,0.9988391340879403,1.0,1.0,2.5926467701637877e-10
2050,-19.927674047208257,-129.55093451065682,-20.4786814991767,-129.66054529102024,-20.478681878292036,-20.477427455084438,-129.6605283049837,-129.55091678125672,-129.6599364889554,-129.66054529040792,-129.66054516483155,1.568958463443045e-24,0.759189603360295,1.48528490630622e-24,0.9466693611804087,1.0,0.7591894594500983,1.0,0.7596657812502122,1.0,1.0,1.0,1.4852975209116355e-24,1.95642500152462e-24,1.0,1.0,0.9469491777173222,1.0,0.9999998104423506,1.9570043799890585e-24
2051,-134.2752017730396,-137.216885078619,-134.27515962043648,-137.21680291975707,-134.2748491511888,-134.275190460198,-134.78845863103646,-137.21683580851675,-137.06590377378328,-137.21665950651547,-137.21674764546717,0.22973204917509446,1.0,0.2297414866307886,1.0,1.0,1.0,1.0,1.0,1.0,0.9999845802381322,1.0,0.7736556283613818,0.7736393227338831,0.29695086584217034,0.3202278288454102,1.0,1.0,1.0,0.24770238565714725
2052,-50.62356186119882,-147.02888532561425,-51.49336998764625,-148.42460818551433,-51.49335392490582,-50.62359767828323,-145.8677271880351,-147.02882524330423,-148.03056975041,-148.0302870604002,-148.02994205616656,1.16372401498398e-21,0.6473267665423628,5.791254204232037e-22,0.4976484226212141,1.0,0.6473319654841518,1.0,0.9999820916181522,1.0,1.0,1.0,2.079659730982158e-21,3.2126892297231373e-21,0.5595910512596294,0.3391132077488672,0.6060018418549213,1.0,1.0,1.089456600327228e-21
2053,-135.52337518589513,-135.53069848902248,-136.3693735107512,-136.37510746844043,-136.37263106768114,-136.372628484179,-134.24859374172536,-135.5328270948243,-136.00811568660396,-136.37487268506962,-136.38264654080632,0.9963450441075137,0.655079181787539,0.6532037732946259,0.6555999622397277,1.0,0.6540130713879113,0.6564122291326799,0.6540139162105456,0.6564130770544309,0.9983738369244363,1.0,1.0,1.0,0.526177496920676,0.41488206807926475,0.7884831079003942,0.9989362632685415,0.9983725472747913,1.0
2054,-53.16306933321121,-127.495071428926,-53.16304091582714,-127.4950709111996,-53.163063974320636,-53.16306608109679,-127.52892045969185,-127.49500280596851,-127.4950038114797,-127.49507265333853,-127.49500346241132,7.227878283755635e-17,1.0,7.227880154787557e-17,1.0,1.0,1.0,1.0,1.0,1.0,0.9999874174443372,1.0,7.10657930515585e-17,7.10647833067643e-17,1.0,1.0,0.9999994972445292,1.0,0.9999884708197131,7.228103285889097e-17
2055,-79.43667833728335,-134.51902460522228,-79.43597710301671,-134.51902512170048,-79.43667318090758,-79.43649031978987,-134.5567793335856,-134.519290862017,-134.51929171117862,-134.51902545803134,-134.51929137648088,1.0940079621164424e-12,1.0,1.0940076796008466e-12,0.9999997417609356,1.0,1.0,1.0,1.0,1.0,0.9997434245345374,1.0,1.0735496821292373e-12,1.0731733431965058e-12,1.0,1.0,0.9999995754192716,0.9998668804638405,0.9996520216130955,1.0938590436733297e-12
2056,-100.95356601896299,-129.87901485948487,-101.60408571368998,-130.4214517935045,-101.60411012073186,-101.60906826995017,-130.4213347924475,-129.87900576151267,-130.89082618641504,-130.8917052152102,-130.89170038233914,5.235022962722852e-07,0.7223396312048198,3.9914427766051154e-07,0.7624499080571506,1.0,0.722330816171793,1.0,0.7205423220072257,1.0,0.9975118225278651,1.0,3.9916762849471194e-07,5.526038047073843e-07,1.0,0.7907719197456284,0.602956507060268,1.0,0.999987796553524,4.369889042779001e-07
2057,-111.79227357186684,-138.17272453375463,-111.79227300231412,-138.17272363025603,-111.79227193094403,-111.79227249675722,-137.91936322634035,-138.17268918218,-136.25897137573276,-138.1727234446093,-138.1726883334536,1.868778627345471e-06,1.0,1.8687794715650993e-06,1.0,1.0,1.0,1.0,1.0,1.0,1.0,1.0,2.1211655614238667e-06,2.121164957366142e-06,0.8810305493157737,1.0,1.0,1.0,1.0,4.865457915018018e-06
2058,-123.3971786523357,-144.91322567072,-123.39616690593985,-144.91323922179083,-123.39703142613905,-123.39717270187458,-145.2481640409619,-144.91323976514224,-144.9132442565024,-144.9132593321687,-144.91324992803757,2.127402933564605e-05,1.0,2.127388519319527e-05,0.9999932244875429,1.0,1.0,1.0,1.0,1.0,0.9994972284646224,1.0,1.7993631030627317e-05,1.7984530836921724e-05,1.0,1.0,0.9999977543224423,0.9999929528137182,0.9995678333113366,2.127226566430346e-05
2059,-148.59603822278532,-156.00851549212774,-149.8129227650044,-157.59368470890314,-149.80424420234914,-149.79870591407226,-156.5990721075215,-156.0083677540111,-157.59267740542577,-157.59369049729997,-157.59368977908423,0.024569765548720132,0.5441979219890302,0.011122076821674999,0.45267329879972573,1.0,0.5465644807391523,1.0,0.5480800940746664,1.0,1.0,1.0,0.01828787618264165,0.0336051929706014,1.0,0.6084730547576738,0.45286789175675557,1.0,1.0,0.02035931766153817
2060,-142.0744129834346,-142.34822720216778,-142.0744014511,-142.34826155165584,-142.0742175078852,-142.07441147907613,-141.05247909268093,-142.34825143382426,-142.67758475384136,-142.34754251500988,-142.1539033363562,0.8720512277608181,1.0,0.8720362506328143,0.9999828254034545,1.0,1.0,1.0,1.0,1.0,0.9999949860244973,1.0,1.0,1.0,0.523150459631115,0.4437238672724729,0.8481763880803096,0.9999878842451553,1.0,0.7395720114704072
2061,-147.11185476319415,-147.10947661290646,-148.16518248837548,-148.16437363783746,-148.1651749716496,-148.16519289377396,-147.80506377230572,-147.12537694814216,-147.78299221214988,-148.17470643326888,-148.17496577976976,1.0,0.5905719159141669,0.5908108064235539,0.5901087054870336,1.0,0.590574135501938,0.5898723158176798,0.5905688433541005,0.5898670299588638,0.999994797314292,0.9995904559178289,0.7070849218303702,1.0,1.0,1.0,0.7197814663483535,0.9920813513823065,1.0,1.0
2062,-96.17349449035058,-139.9665052747791,-97.80035902043139,-142.91279063073415,-97.8003560679644,-97.800355656014,-139.9514820450454,-139.9665030544428,-142.91279894237258,-143.55290539291312,-142.91280024207484,3.093631172555243e-10,0.4433338127516182,7.090727557816147e-11,0.2292040376603601,1.0,0.4433344672163243,1.0,0.44333455853223813,1.0,1.0,1.0,3.116956835483937e-10,7.030722101113993e-10,0.9925176286657327,0.22748784998797306,0.22920283067797087,1.0,1.0,1.5994014935535505e-10
2063,-87.81303241528923,-157.26235534663715,-87.81303163822372,-154.9521380438982,-87.81289084003862,-87.81302983256225,-157.08951565623448,-157.26221926819989,-157.26221860722126,-157.46561141796693,-157.26221925595752,8.30369023176117e-16,1.0,2.6358971030225713e-15,1.0,1.0,1.0,1.0,1.0,1.0,1.0,1.0,9.05321431365166e-16,9.053210796182052e-16,0.9172714728574057,0.9172717760058757,1.0,1.0,1.0,8.30367015414868e-16
2064,-96.92473243955993,-138.92319506230828,-96.92500228488993,-138.92319823324004,-96.92550012571931,-96.92555891567105,-139.01575492445758,-138.9231855036408,-138.92318950710327,-138.92319906381007,-138.92318867627858,7.588391296641611e-10,0.9998650864366556,7.588379265515639e-10,0.9999984145353756,1.0,0.9996162305786412,1.0,0.9995868473155278,1.0,0.9997217233355759,1.0,7.245203672266841e-10,7.246181280404002e-10,1.0,1.0,0.9999979982707712,1.0,0.9997511105634248,7.591325692874046e-10
2065,-118.22930861317707,-142.11158920937208,-118.22916954912094,-141.67221252647292,-118.22916287505268,-118.2285178000815,-141.68243524090965,-142.137797489861,-142.1378049494979,-142.11159510905586,-142.13780801396373,6.516713991546319e-06,1.0,8.117795290160406e-06,1.0,1.0,1.0,1.0,1.0,1.0,1.0,1.0,8.076408200812214e-06,8.075846651293595e-06,0.7963781648561408,0.7963751945157003,0.9999962701884964,0.9869813451895448,1.0,6.431382486024235e-06
2066,-83.28151429527469,-146.20654080240266,-83.28351726243108,-148.24897427574612,-83.49332895333382,-83.2813324311536,-146.32198303316505,-146.20650349289394,-148.24841882306396,-146.38560676995542,-148.19024051214285,2.1677246051255517e-14,0.9989990177391179,7.807200154815653e-15,0.3601564578985561,1.0,0.899508002493104,1.0,1.0,1.0,1.0,1.0,2.0461437681452863e-14,2.048193973980084e-14,1.0,0.38166275716527676,0.36024977629112354,1.0,0.9004092962261597,8.681822395603026e-15
2067,-129.57819145838468,-142.58144364524333,-130.12542711792736,-142.54991039361283,-130.12543050082536,-130.12539712577242,-142.58145061820227,-142.5814288400167,-142.22057960584107,-142.54991231186924,-142.54991195332033,0.0015009964469893413,0.7606227070758187,0.0015248496444082993,1.0,1.0,0.7606214205223892,1.0,0.7606341135183836,1.0,1.0,1.0,0.0015009912138051645,0.001973371554440782,1.0,1.0,1.0,1.0,0.9999983085524301,0.0023635878180013046
2068,20.979121001500545,-114.57210647447107,20.385506724544825,-114.73841419354204,20.385382804551966,20.386170154099432,-114.73843313264274,-114.57214510614176,-114.73791835990335,-114.73841339544438,-114.73841909057813,3.676418526653264e-30,0.7431873307810413,3.383075450203947e-30,0.9202095533131953,1.0,0.7431412843232135,1.0,0.7434338978936823,1.0,1.0,1.0,3.383043414152335e-30,4.5520735809596914e-30,1.0,1.0,0.9204554962155247,0.9999806843512041,0.9999380419230514,4.553527501255838e-30
2069,-147.64112439902746,-158.96135993608584,-147.64106146136385,-158.96136243025273,-147.64113621834272,-147.6411352908193,-159.12192398935778,-158.96135635383536,-159.12196869950384,-158.96136412828892,-159.12209042691066,0.003482106791467989,1.0,0.0034821024489929595,0.9999987529173313,1.0,0.9999940903598312,1.0,0.9999945541189063,1.0,0.9999630859536105,1.0,0.00321348328337719,0.0032133821604033476,1.0,0.9999776451768445,0.9228337565014086,1.0,0.9999626222091291,0.0032134304367442638
2070,-130.86779536449393,-142.02478277577362,-130.86827022433215,-142.02479449214792,-130.8682985511922,-130.86834775878722,-142.05084703678637,-142.02478265380563,-142.02479461683566,-142.02479474825236,-142.0247943609485,0.003778252394935957,0.9997625982651422,0.0037782302612911554,0.9999941418300078,1.0,0.9997484382978187,1.0,0.9997238409922736,1.0,0.9999612335239026,1.0,0.0037293331698554574,0.0037302187302534176,1.0,1.0,0.9999940185028726,1.0,0.9999858366702774,0.0037791807228771544
2071,-128.19099268632823,-130.70124097672783,-128.98348635513744,-131.46029779377352,-128.98356089929933,-126.33581847398182,-131.46001696206002,-130.70123974240053,-131.1743271424822,-131.46028455588225,-131.46029772231867,0.2850404596230252,0.6728405952308258,0.1950201185434342,0.6841839884813345,1.0,0.6728155175290493,1.0,1.0,1.0,1.0,1.0,0.19504750438312068,0.2898866473955951,1.0,1.0,0.789351386860405,1.0,0.9999627286136502,0.3344114621510809
2072,-104.41283774486601,-138.5112979714312,-104.4128346536024,-138.51129971316865,-104.41240822532274,-104.41283546777478,-138.56533554747503,-138.51128313593927,-138.51128571586605,-138.51130032618173,-138.5112851017195,3.941063578525518e-08,1.0,3.941060146377968e-08,0.9999991291316475,1.0,1.0,1.0,1.0,1.0,0.9999995929138923,1.0,3.83600646606933e-08,3.8360005370203187e-08,1.0,1.0,0.999998710037439,1.0,1.0,3.940241432358063e-08
2073,-86.00353052686273,-142.6518076872614,-86.00352991779371,-141.59307404103907,-86.00352643821873,-86.00352376173927,-141.88669728677579,-142.64392139963383,-142.64392219336293,-142.65181032391135,-142.64392147075867,5.000148583653477e-13,1.0,8.489536895960726e-13,1.0,1.0,1.0,1.0,1.0,1.0,1.0,1.0,7.330346812989155e-13,7.330344580645931e-13,0.6848112292545472,0.6848109574773007,0.9999996031355286,1.0,1.0,5.019891557358542e-13
2074,-120.50403218435872,-129.2950012351053,-120.50389634850993,-129.29457871897418,-120.5040386999546,-120.504038611537,-127.95324275498913,-129.29572978020877,-129.29325404328515,-129.2968289205067,-129.298458970365,0.012332903272968578,1.0,0.012335508973484718,1.0,1.0,0.9999967422073641,1.0,0.9999967864160247,1.0,0.9999288710162499,1.0,0.024122620100305088,0.02412098179765254,0.5110726571870992,0.5117056896357441,1.0,0.9996357937874554,0.9999288268105917,0.012343722167534859
2075,-136.48572110755228,-136.48550626376712,-137.01076035807318,-137.01048076626006,-136.78355213180816,-136.48571771145478,-135.7892075754792,-136.49456793919944,-136.1493096197562,-136.58021783640933,-137.00959914359237,1.0,0.7691112702114627,0.7692187963344105,0.7691361698335275,1.0,0.8616419101152197,0.861549355881774,1.0,0.9998942817447379,1.0,1.0,1.0,1.0,0.7028019262432555,0.8352275952260544,1.0,0.9954794110447115,1.0,1.0
2076,-121.67176112560577,-138.21572249769497,-121.67175652280889,-138.21572178632368,-121.67175207132323,-121.67099280476683,-138.20763442139213,-138.21571840868714,-138.21571763285647,-138.21572171062905,-138.21571763539703,0.0002555785686893313,1.0,0.000255578659594975,1.0,1.0,1.0,1.0,1.0,1.0,1.0,1.0,0.0002566142308890645,0.0002566136403181538,0.9959661642137762,0.9959665505643998,1.0,1.0,1.0,0.0002555780333238361
2077,-93.61177525394885,-110.02064384936227,-93.94543441450554,-110.51978497340008,-93.79564878253947,-93.61177804342091,-111.00550064146353,-110.01721797928838,-110.51975133640855,-110.21234198296219,-110.51978523250185,0.0002734383705458935,0.8463438327281516,0.00021304548728506162,0.7791353015296888,1.0,0.9121628289806522,1.0,0.9999986052649411,1.0,1.0,1.0,0.00016710926237669153,0.00019744843161203447,1.0,1.0,0.7778149173362218,1.0,1.0,0.0002335647360876375
2078,-125.45118177489758,-127.03624848490514,-125.45077052627823,-127.03624932506813,-125.45117490484446,-125.4511815134334,-126.99380805060491,-127.03624830917116,-127.105863130865,-127.41688950393996,-127.41688951822556,0.4526965004326734,1.0,0.45269631026329227,0.9999995799185969,1.0,1.0,1.0,1.0,1.0,0.9997945275347774,1.0,0.4624054673437099,0.4623103953135941,0.9790034335239866,0.9455130959782033,0.9657913992954728,1.0,0.9997978311557604,0.43720892319855764
2079,-65.49964635451283,-138.0609232673868,-65.5053175059277,-138.06092446943654,-65.50727233117948,-65.50322020499317,-138.5358980776544,-138.06095959096308,-138.07356504724916,-138.06092447344332,-138.66715769981,1.7519387493173058e-16,0.9971684407401491,1.7519376963588646e-16,0.9999993989753152,1.0,0.9961942718760631,1.0,0.9982146703601912,1.0,1.0,1.0,1.381590851743256e-16,1.3855140167871407e-16,1.0,1.0,0.9937170923849866,0.9999818383767904,0.9990230648862464,1.7475505641967728e-16
2080,-143.81282292390432,-145.80797674832746,-143.81281116815643,-145.8080265214772,-143.81282524092097,-143.8126036627114,-145.84025070869117,-145.80798363936657,-145.5126527590113,-145.80802443501167,-145.80802640228728,0.3687719262010726,1.0,0.3687627488451209,0.9999751137348051,1.0,0.9999988414923453,1.0,1.0,1.0,1.0,1.0,0.36286881820266736,0.3628666853117637,1.0,1.0,1.0,0.9999965544863826,0.9999929636424838,0.4274517942100641
2081,-114.35313962082577,-126.37658650507018,-114.35313359048143,-126.37656243825523,-114.3531335179039,-114.35313788139936,-126.28544178439697,-126.0210876426138,-126.0210638061472,-126.3765665157803,-126.02105933027627,0.002449862344010401,1.0,0.002449891824379613,1.0,1.0,1.0,1.0,1.0,1.0,0.9999978545433372,1.0,0.0025640914290962157,0.002564083697930757,1.0,1.0,1.0,1.0,1.0,0.0029264501478229793
2082,-142.22198109016483,-142.33662255756866,-142.22199619728082,-147.16902642997854,-142.22199646181588,-142.22199638623883,-146.9309816439127,-147.16902673903138,-147.03234339788597,-147.1690259680764,-147.16902686694098,0.9442911547939021,0.9999924464705356,0.08428741866383069,0.0892599896080007,1.0,0.9999923142040132,1.0,0.9999923519922478,1.0,0.9999999055209985,1.0,0.09494093886488095,0.09494165600947699,0.8877877830885561,0.950581974718405,1.0,0.08925997581497529,0.9999998677324785,0.09024983878964667
2083,-94.9028110138791,-138.0049324961523,-94.90280929624734,-139.629707821699,-94.90280447626594,-94.90241455131817,-138.0391101799167,-138.0339154975769,-139.62971560656808,-138.0339097237721,-139.62971562876206,4.370118776887253e-10,1.0,1.939446311761333e-10,0.44379716222330257,1.0,1.0,1.0,1.0,1.0,1.0,1.0,4.2960729884360925e-10,4.296069298901969e-10,1.0,0.451444555953463,0.45027352186821745,0.9856129957051843,1.0,1.9394324229683669e-10
2084,-99.35757723397649,-131.01516464336868,-99.35757762969192,-131.01516503308358,-99.35732296361095,-99.35757877216838,-129.03112025716234,-131.01512333417483,-128.64963398247448,-131.01516555738127,-131.01512391639304,1.3354949153529773e-07,0.9999998021423036,1.3354946551218705e-07,0.9999998051425697,1.0,1.0,1.0,0.999999230904348,1.0,0.9999994287619314,1.0,3.6014053322804485e-07,3.601406044846353e-07,0.3708337097677787,1.0,1.0,1.0,1.0,4.3576814636498326e-07
2085,-105.18261845841138,-133.77729470658315,-106.23540635064845,-135.78153868156363,-106.23540588157994,-106.23540532535938,-133.83262307898167,-133.77729117885727,-135.7813328339733,-135.78154057188772,-135.78154050601137,6.176535569810569e-07,0.5907313425172176,2.2674039425150902e-07,0.3670996332632844,1.0,0.5907314810639692,1.0,0.5907316453524885,1.0,1.0,1.0,6.008008568683864e-07,1.0170458440689142e-06,1.0,0.37743576734626055,0.3671367709156958,1.0,1.0,3.8386938855194415e-07
2086,-95.62557494896822,-134.6677282809722,-96.13833807991836,-134.66480458113756,-96.13835804867773,-96.13498864130241,-135.35589809746986,-134.66774516781913,-135.34599686393165,-135.35588064777025,-135.3559078267699,3.3273931878240054e-09,0.7738466392915107,3.332260894341845e-09,1.0,1.0,0.7738389129514155,1.0,0.7751437010037329,1.0,1.0,1.0,2.3586850055273452e-09,3.0480005801754524e-09,1.0,1.0,0.7123927901996745,0.9999915566121776,0.9999900156701563,3.0631580593769908e-09
2087,-125.14128631780056,-143.8569400178091,-125.13760390044087,-143.85694180124315,-125.14173963792166,-125.13905960072023,-143.87764876507612,-143.85693554196024,-143.85693744867172,-143.85694213758288,-143.85693704653562,8.628741060019139e-05,1.0,8.628733365627293e-05,0.9999991082833756,1.0,0.9997733656249028,1.0,1.0,1.0,0.999272414678977,1.0,8.539856815563403e-05,8.524147623458259e-05,1.0,1.0,0.999999046644717,1.0,0.997934267827199,8.630708159387262e-05
2088,-49.128920130227755,-133.13147091221128,-49.128759720692074,-133.13148465538595,-49.12874345629689,-49.12884717294153,-133.1331641657855,-133.1314785892357,-132.85166000026595,-133.13148505717942,-133.13148408885164,5.7421940495535995e-19,1.0,5.742154591701287e-19,0.9999931284362782,1.0,1.0,1.0,1.0,1.0,0.9999562748312432,1.0,5.737334611609902e-19,5.736874468472448e-19,1.0,1.0,1.0,0.9999961614951532,1.0,6.603887527206543e-19
2089,-142.1247767356614,-143.91279659048416,-142.5999590805415,-144.42310506358027,-142.59986180600026,-142.59953985509097,-143.06591469989982,-143.8514931887919,-143.01781786073573,-144.36766922139984,-144.362749083806,0.40901235015739457,0.7885249959557837,0.31690153643818186,0.7747969867321439,1.0,0.7885633485920817,1.0,0.7886902981532475,1.0,1.0,1.0,0.624646754317722,0.7921711518613023,0.6751710286365068,1.0,1.0,1.0,1.0,0.8114130643284168
2090,-139.50666916143217,-139.8708525668893,-139.67281431242046,-139.68515108265603,-139.67280842184192,-139.50667189283442,-136.77471365553123,-139.53005992498456,-139.86678370861816,-139.6929456027574,-139.70153110740426,0.8335249004032118,0.9202843547046097,0.914625158381977,1.0,1.0,0.9202870652122344,1.0,0.9999986342998088,1.0,1.0,1.0,1.0,1.0,0.25216462404807233,0.21309120199311846,0.845047963399081,1.0,1.0,0.9075672205198871
2091,-113.69432854016489,-161.5691239215338,-113.69440099397778,-161.56912800391552,-113.69373758880798,-113.69389598665467,-161.57242213732306,-161.5691237424433,-161.56912785538458,-161.56912803676732,-161.56912782276967,4.0190209663055264e-11,0.9999637737497411,4.0190127627250045e-11,0.9999979588112153,1.0,1.0,1.0,1.0,1.0,1.0,1.0,4.012398629076403e-11,4.012543988499112e-11,1.0,1.0,0.9999979435314799,1.0,1.0,4.017825716012356e-11
2092,-82.54540329065807,-128.41550352673843,-83.38625927910371,-129.2001361855098,-83.3333867378573,-83.3333596347525,-129.1999355766787,-128.41554272612365,-129.16250521346703,-129.19994519330533,-129.28897685468328,1.0950508624330723e-10,0.656765667742077,7.396963480383005e-11,0.6754904026967147,1.0,0.6743596374877132,1.0,0.6743687761695981,1.0,1.0,1.0,7.397705465693241e-11,1.1263843146865654e-10,1.0,1.0,0.6883338967918202,0.999980400499466,1.0,1.117720889702144e-10
2093,-64.52573485493443,-132.73958975851423,-67.74250909704222,-132.0971183607858,-67.7425084832673,-67.62517354278071,-132.09728910131093,-132.73955316207966,-132.06010613243836,-132.0971211113103,-132.09712107029998,1.5401024545186237e-15,0.20021026873097864,2.123540285754658e-15,1.0,1.0,0.20021033017300846,1.0,0.21230755087033654,1.0,1.0,1.0,2.1233590063009393e-15,1.0605644854081297e-14,0.7253274794020067,1.0,1.0,1.0,1.0,1.0804660516191158e-14
2094,-93.47901313168433,-126.47018156602553,-93.48383502573569,-126.47018221237622,-93.482209356492,-93.48385693412087,-126.47031465517006,-126.47018137139395,-126.4701820210775,-126.37710137663444,-126.47018201923913,6.855810403275589e-08,0.9975919569728356,6.855808187647062e-08,0.9999996768247097,1.0,0.9984031638978055,1.0,0.9975810292182657,1.0,0.9999890458674074,1.0,6.855354201483818e-08,6.871902037268024e-08,1.0,1.0,0.9999996751582744,1.0,1.0,6.866773955959215e-08
2095,-131.4280448401897,-132.50787862173513,-132.83038548126845,-133.85232747366854,-132.76822975200375,-131.4550325962669,-130.9913554940725,-132.5092554499482,-133.78739772994732,-133.78634756172056,-133.8537284532394,0.5827966861435645,0.4960044797522756,0.2975594277687394,0.510571584985711,1.0,0.5116612694928503,0.8779412815103229,0.9865967562065012,1.0,1.0,1.0,1.0,1.0,0.46815774497821006,0.24708543340256556,0.5277824324236396,0.9993118227960913,1.0,0.6007454435650899
2096,-135.36916371970102,-136.78408819667897,-135.36875079192208,-136.78344086096368,-135.36871119797294,-135.36897889108846,-133.60744618839033,-136.78406193594924,-136.7726378281884,-136.78435852562086,-136.78419621101673,0.49289345767418424,1.0,0.4930530172644383,1.0,1.0,1.0,1.0,1.0,1.0,0.9998859569202174,1.0,1.0,1.0,0.20427097172280992,0.20544111730522163,1.0,1.0,1.0,0.49561130680655985
2097,-165.08955439309125,-165.10712621960892,-165.08955364415738,-165.08004564965023,-165.0895517831419,-165.08955250349956,-160.74640282523953,-165.04998497956043,-163.33095142090303,-165.07998573198086,-165.05028750020242,0.991252570090803,1.0,1.0,1.0,1.0,1.0,1.0,1.0,1.0,1.0,0.9952578527296838,1.0,1.0,0.11627571238556463,0.27464544671474966,1.0,1.0,1.0,1.0
2098,-135.20924515406122,-137.33988364144312,-136.20987457053852,-137.80437628114262,-135.65614982153437,-135.6561291364464,-137.8043649251686,-137.33988327867996,-137.59034789188422,-137.8043748346837,-137.80437700536194,0.3446178201393557,0.6063398095496638,0.2731960626002532,0.7927508289901516,1.0,0.7997530121968168,1.0,0.7997612837202988,1.0,1.0,1.0,0.2731976138083503,0.4505684922968485,1.0,1.0,0.8822919165384944,1.0,1.0,0.3801843413113097
2099,-126.96468001602096,-126.97351189079265,-126.96467930971113,-126.97381767545323,-126.96467654171934,-126.96467724930199,-125.36559764527348,-127.00395825676401,-127.06251767201121,-126.97344739879571,-127.00467158550438,0.9955937985293183,1.0,0.9954415915093769,0.9998471193571453,1.0,1.0,1.0,1.0,1.0,1.0,1.0,1.0,1.0,0.44079282180596024,0.42807365230996763,0.9711447898723005,0.9848921039118597,1.0,0.952256769071748
2100,-100.24173759396885,-153.4511982179747,-101.26656516571026,-153.81882868484948,-101.26656216485867,-101.26656400850982,-153.81914808861035,-153.45312916154734,-153.7971371725452,-153.81970769847496,-153.81965904733323,2.7906953772208644e-12,0.5990478590144155,2.3221084102381663e-12,0.8320895319469312,1.0,0.5990487578419507,1.0,0.5990482056237401,1.0,1.0,1.0,2.3217375947692305e-12,3.875713033327717e-12,1.0,1.0,0.8419758006285737,0.9990349941316138,1.0,3.9185967276990116e-12
2101,-144.46931072044754,-147.15441596005496,-144.46931193892655,-147.1544171972848,-144.46931338214648,-144.46902650513124,-146.69946889070752,-147.15441189123072,-146.85778639988627,-147.20603191653052,-144.6703439851994,0.26117812849168365,0.9999993907606788,0.2611779669230466,0.999999381385272,1.0,0.9999986691514141,1.0,1.0,1.0,1.0,1.0,0.32788934670256964,0.3278895464657744,0.7965451225016187,0.9238932405100003,1.0,1.0,0.9999992783902957,0.3029351542145656
2102,-136.99832750816452,-144.2775177937324,-136.99768836802107,-144.60875638435954,-136.99832177427103,-136.99832350156777,-144.20109081733708,-144.27752403987972,-144.2783362996704,-144.2773817330397,-144.3005839129301,0.026262974568374065,1.0,0.022254424457908387,0.8473687700519352,1.0,1.0,1.0,1.0,1.0,0.9996824836456433,1.0,0.027285996568926996,0.027277278174189616,0.9625044290009815,0.9621136065456816,0.9995939525642437,0.9999968769312086,0.9996833470201606,0.026252153303490122
2103,-141.14654331977587,-143.07950152014917,-144.57406478026795,-146.7520540224502,-144.5740636748901,-144.5740603104573,-140.32656592845254,-143.07950152715813,-146.7341284500433,-146.75485015832663,-146.75485100253675,0.38042010395769044,0.18018688255930493,0.06064274015979846,0.1594099247881575,1.0,0.18018698214662537,0.47365262842855826,0.18018728526037808,0.4736534252154513,1.0,1.0,1.0,1.0,0.2524687502396837,0.040608362495215204,0.16084510442050057,0.999999996495518,1.0,0.33958452714694964
2104,-113.79842752589528,-119.22127434447884,-113.79847950898952,-119.22126661659206,-113.79842790212632,-113.79842801358575,-116.4892902540548,-119.22121946848424,-119.2058041162085,-119.22112962385,-119.2212586946599,0.06644216497903578,0.9999740087906583,0.06644242170829602,1.0,1.0,0.9999998118844963,1.0,0.9999997561547942,1.0,1.0,1.0,0.2604273446251282,0.2604341136226951,0.255134452718982,0.25710854450913945,1.0,1.0,1.0,0.06695810812280503
2105,-114.7272298599494,-115.30801099392286,-115.04075552292284,-115.5996250856549,-115.01504678383378,-115.04073166214386,-115.19391677603426,-115.30792938181742,-115.58578071343334,-115.59962901847135,-115.59967469040507,0.7479713775952912,0.854906791748596,0.6464899585866286,0.8643244620737727,1.0,0.8659670133697855,1.0,0.8549169911804411,1.0,1.0,1.0,0.7918815487258765,0.926278228654834,0.9445881157112799,0.8220681591417912,0.8702927185599507,1.0,1.0,0.7517383421872328
2106,-126.4846274248628,-141.01832485319935,-126.48495438676619,-141.0183239573259,-126.48495254701245,-126.48482530050427,-138.0529255463681,-141.0183180349054,-141.01831511090745,-141.01832195498793,-141.01831711469487,0.000698309101662416,0.999836532410584,0.0006983094144607805,1.0,1.0,0.999837452137505,1.0,0.9999010670734468,1.0,1.0,1.0,0.003075926689292426,0.0030764295858208275,0.22702474826065158,0.22702508017084397,1.0,1.0,1.0,0.0006984260308946845
2107,-89.13560255975835,-126.4240114675419,-89.52152492555933,-126.93705009909235,-89.48058278611617,-89.48057246570508,-128.212231822329,-126.42387931352354,-126.65978662523625,-126.93704536968002,-126.66068722885274,7.996959309007478e-09,0.8245139787591019,6.1875676878124855e-09,0.7737400490262634,1.0,0.8415666091891428,1.0,0.8415709518570318,1.0,1.0,1.0,3.2705272343582374e-09,3.966612232918597e-09,1.0,1.0,0.8887372394265136,1.0,1.0,8.445754739108146e-09
2108,-116.84776952879122,-136.26981282544938,-117.02232237569277,-136.793640170663,-117.02222172439153,-116.8477722587898,-136.79364783238475,-136.2697976753626,-136.78754397664287,-136.26979347891867,-136.7936792566573,6.0611758544170726e-05,0.9164237396055188,4.664544297173153e-05,0.7695774564557258,1.0,0.9164698603869768,1.0,0.9999986350016393,1.0,1.0,1.0,4.6645264279871226e-05,5.089923172434407e-05,1.0,1.0,0.7719209345099837,1.0,1.0,5.105224049215001e-05
2109,-63.871413101361156,-145.9964458333656,-63.871411539953556,-145.99644545313424,-63.871410654360034,-63.87139322066062,-143.98556971691426,-145.96300201989544,-145.96300265155102,-145.99842517917708,-145.96300166099562,1.468167916063806e-18,1.0,1.4681681951855776e-18,1.0,1.0,1.0,1.0,1.0,1.0,1.0,1.0,4.012655999643732e-18,4.012652866949161e-18,0.3720540455628354,0.3720539280578467,0.9999996841722593,1.0,1.0,1.4929226000195817e-18
2110,-96.18335528431857,-136.1026129858477,-96.18735104472569,-136.10261241109322,-96.18733993970324,-96.18734830061402,-135.760956562454,-136.1025301827127,-134.23318532699764,-136.1026094758245,-136.10253166977108,2.1460672609288076e-09,0.9980041142306583,2.146067877659797e-09,1.0,1.0,0.9980096556750905,1.0,0.9980054835489652,1.0,1.0,1.0,2.5458515667819415e-09,2.550942957529273e-09,0.8430012736482915,1.0,1.0,1.0,1.0,5.475826062403084e-09
2111,-111.67195180003745,-129.85689935383803,-111.67188241987392,-129.85316660190728,-111.67195486822632,-111.6711027209142,-124.77287900858369,-129.85271235092222,-130.09417755719545,-129.90254993804484,-130.0941943527094,0.00011250940082745295,1.0,0.00011271958174633271,1.0,1.0,0.9999984659067395,1.0,1.0,1.0,1.0,1.0,0.0014294527442682988,0.0014294031572958195,0.07887297190937342,0.06990282090192965,0.8862709139735392,1.0,0.9999637764798884,9.992293246145599e-05
2112,-141.83553873624004,-144.24369205934804,-142.43963234224873,-145.98874923083102,-142.43983333228124,-141.83553812797123,-144.48899875436382,-144.24328968552376,-145.7493034072299,-146.0240303539342,-145.98842973988639,0.299968844449474,0.7393034624566239,0.1253550400590943,0.4178935325405396,1.0,0.7392291698762263,1.0,1.0,1.0,1.0,1.0,0.2653435150967508,0.3589101479587874,1.0,0.5325106793762279,0.4709483454897402,1.0,0.9998995100331997,0.19114269464759562
2113,-115.76413976168536,-144.75116872680098,-115.76423555269105,-144.75116782691828,-115.7640712523945,-115.76423368741536,-144.48409683435767,-144.75112965679878,-142.64786835146484,-144.75116609393413,-144.75113004793383,5.076292480177557e-07,0.9999521056441257,5.076294764211987e-07,1.0,1.0,1.0,1.0,0.9999530382377386,1.0,1.0,1.0,5.801503537852658e-07,5.801781410436236e-07,0.8750131088266659,1.0,1.0,1.0,1.0,1.452973299686241e-06
2114,-116.87888444256993,-153.28538014809192,-116.87886834002217,-153.27202611277508,-116.87883781026096,-116.87871768263179,-153.285119103829,-153.2851179726953,-152.46483225681953,-153.27211570689087,-153.27211609824892,1.2428820183774299e-08,1.0,1.2512085307618298e-08,1.0,1.0,1.0,1.0,1.0,1.0,1.0,1.0,1.2430442525749663e-08,1.2430342445255312e-08,1.0,1.0,1.0,1.0,1.0,1.873266166986787e-08
2115,-120.92506965976489,-134.92020765315607,-120.92506576259487,-134.92020412156046,-120.92506097807518,-120.92494942410218,-135.1827249451996,-134.92020606622833,-134.92018160368994,-134.92019928443767,-134.92020252968373,0.000914101450320355,1.0,0.0009141030644401148,1.0,1.0,1.0,1.0,1.0,1.0,1.0,1.0,0.0008016586671756715,0.0008016571050771321,1.0,1.0,1.0,1.0,1.0,0.0009141093883096293
2116,-122.96858430368218,-122.97510770385725,-122.96858779440183,-122.97513284078246,-122.96858538256637,-122.98340556284327,-119.75821631219353,-122.98776402605068,-123.20911306720387,-122.97151063311884,-122.98775538040093,0.9967436134775406,0.9999982546416984,0.99673108602143,0.9999874316163744,1.0,0.9999994605580474,1.0,0.9926167614315302,0.9958596654242787,0.9926184939064587,0.9958721819279034,1.0,1.0,0.19893565327399634,0.17809318089194653,0.8952300804856572,0.9936918195455905,1.0,0.8866864604403668
2117,-114.14047702081845,-147.53117830069556,-114.14061251936937,-147.53117770314546,-114.14061267183342,-114.14060666375093,-147.0459983955967,-147.53117212870688,-147.53117212256956,-147.53117706621106,-147.53109954196538,5.614374051240761e-08,0.9999322530194713,5.6143757286759016e-08,1.0,1.0,0.9999321767926118,1.0,0.9999351806346267,1.0,1.0,1.0,7.155777386863015e-08,7.156262202019075e-08,0.7845955895024405,0.7845955919101004,1.0,1.0,0.999999923767976,5.6147722062824836e-08
2118,-127.90759735391808,-131.691543853924,-127.90781885925972,-131.69154845257202,-127.9074965370028,-127.90775953542487,-131.79235735120233,-131.69154268296234,-130.93192613620545,-131.6915504227547,-131.69154727427093,0.15077400031110544,0.9998892534620296,0.150773653633225,0.999997700678634,1.0,1.0,1.0,0.9999189125343688,1.0,1.0,1.0,0.14336234124753347,0.14337821988900654,1.0,1.0,1.0,1.0,1.0,0.22042124804745442
2119,-82.76078681774868,-152.94743562185312,-82.76085927324755,-152.94743900448793,-82.76085791789777,-82.76083691127852,-152.6314912941138,-152.94742358848498,-152.94742070886807,-152.94743211789546,-152.94742862097368,5.743317964083534e-16,0.9999637729067837,5.743308250318092e-16,0.9999983086840224,1.0,0.9999644505573536,1.0,0.9999749535487495,1.0,1.0,1.0,6.726192611211759e-16,6.726436290446276e-16,0.8538786876759518,0.8538799170985929,1.0,1.0,1.0,5.74356496978415e-16
2120,-51.36250292788313,-141.9092984617597,-51.362503831217936,-141.90930047084672,-51.362505046499194,-51.36250414057935,-142.227061443769,-141.90927665531268,-141.9092810036283,-141.90930273598173,-141.90927869557098,2.1777758265820388e-20,0.9999995483326981,2.1777736389125835e-20,0.9999989954569984,1.0,0.9999989406925278,1.0,0.9999993936520744,1.0,0.9999998453193064,1.0,1.857855010210545e-20,1.857855849343286e-20,1.0,1.0,0.9999978258445497,1.0,0.9999993923595553,2.1777971435700682e-20
2121,-116.73858144355299,-133.47535640821013,-117.40507674654654,-134.01776343325713,-117.51857481412515,-117.57514246561237,-132.96074272228222,-133.4693013629622,-134.20571401512623,-134.20952109357918,-134.0123382553038,0.00023208950058015404,0.7165927069226681,0.00017695926469348382,0.7624613101891249,1.0,0.6770591187517316,1.0,0.6581775764578885,1.0,0.9184821030126903,1.0,0.00030019429607415846,0.0004189189942545063,0.7754751658054639,0.5366089583802922,0.6919743945931933,1.0,0.9448311603104236,0.00023792154047795562
2122,-88.03433423404596,-135.71418012803412,-88.06274106508283,-136.03193807109656,-88.03433770098357,-88.03433540868645,-136.03167350669278,-135.7141749337988,-135.71418260940686,-136.03342842304008,-135.70238363411454,4.430502797574544e-11,0.9858969771195919,3.779660173536037e-11,0.8530996020598804,1.0,0.9999982665326957,1.0,0.9999994126799284,1.0,1.0,1.0,3.7801601883769823e-11,3.83423448504847e-11,1.0,1.0,0.9999961622033342,1.0,1.0,4.430504980849039e-11
2123,-120.39838220202498,-146.9504958183731,-120.39837290858753,-146.95436590684753,-120.3983726978756,-120.39837534171241,-145.77470852895783,-146.9547923230555,-147.0226196435475,-146.9528665327984,-146.9565024195286,1.7150697490488176e-06,1.0,1.7117542220947189e-06,0.9980668267538743,1.0,1.0,1.0,1.0,1.0,0.9999987834383016,1.0,3.08745582604484e-06,3.087441479539382e-06,0.5543040605437041,0.5358207704628227,0.9666549617862233,0.9978540535013876,1.0,1.6543150980336955e-06
2124,-101.30001158554825,-135.0231000063926,-101.30190178657884,-135.0231004617853,-101.30142969247214,-101.30179634025126,-135.06493541522923,-135.0230643584969,-135.02306505654607,-135.02310089428892,-135.02306481222007,4.75471393607385e-08,0.9990553459515336,4.7547128534429783e-08,0.9999997723036788,1.0,0.9992911978570564,1.0,0.9991080206987513,1.0,1.0,1.0,4.656289233570144e-08,4.660691975113083e-08,1.0,1.0,0.9999996509754722,1.0,1.0,4.75816962588835e-08
2125,-141.85959709819144,-146.11544490456697,-141.86379569791757,-146.15100536863258,-141.85959791684112,-141.8594904456702,-146.88588082373226,-146.1157155767828,-146.12731291152213,-141.97713148557307,-146.12734399340695,0.11908426786161956,0.997902902125748,0.11698563433077175,0.9823769036117641,1.0,0.9999995906752431,1.0,1.0,1.0,1.0,1.0,0.08101330627750719,0.08118355614051369,1.0,1.0,0.9942181124527688,0.9998646730496011,1.0,0.11837976233807142
2126,-92.7623382098879,-128.91602122806552,-92.76225933620674,-128.99252834664992,-92.76233794453208,-92.76233803655819,-128.99227986898435,-128.91596073657766,-128.9159624428686,-128.91602293274659,-128.91596120341296,1.4103518818684055e-08,1.0,1.3574197778473619e-08,0.9624688670242205,1.0,1.0,1.0,1.0,1.0,0.9999606505984822,1.0,1.3575884325726748e-08,1.3575348946297753e-08,1.0,1.0,0.9999991468548985,1.0,0.9999606966097291,1.410393149256158e-08
2127,-141.8043171240849,-142.25902685973085,-141.80431109300972,-142.25902250520835,-141.8043053990251,-141.8043124490428,-142.52527044733853,-142.25373630157716,-142.2183936367113,-142.25902113121418,-142.2537323426332,0.7966380309196884,1.0,0.7966397654106927,1.0,1.0,1.0,1.0,1.0,1.0,0.999999321983682,1.0,0.6973438497840918,0.6973417469206724,1.0,1.0,1.0,1.0,1.0,0.8129837812924441
2128,-127.02945471637537,-127.9907987037652,-127.1439502401449,-127.99081679204718,-127.02945829551527,-127.02929996298903,-126.80323489773795,-127.13632003256484,-128.06573272539885,-127.99049970155869,-127.99057868312582,0.6183677129507583,0.944360063949566,0.6183621203712655,0.999990955899903,1.0,0.9999982104316513,1.0,1.0,1.0,1.0,1.0,1.0,1.0,0.846586779158983,0.5319270549323252,0.6283195863993443,1.0,1.0,0.5956290440882188
2129,-139.84115204415082,-161.67900098030475,-139.84115572596778,-161.67894194135573,-139.84115615878972,-139.84104453553712,-161.9075572711328,-161.67892998526978,-162.6981941892353,-161.67894695876228,-162.69818447427124,1.8112206258213114e-05,0.9999981590932128,1.8112740928915605e-05,1.0,1.0,0.9999979426826673,1.0,1.0,1.0,1.0,1.0,1.61562657162355e-05,1.6156295458469454e-05,1.0,0.6734655339001177,0.60071654058828,1.0,0.9999997835890561,1.0880710501491015e-05
2130,-133.47956080948296,-133.46336437256042,-133.88831246851274,-133.8721052062322,-133.85185017569893,-133.69656572573246,-131.86435460399753,-133.45996997415446,-133.82621036712746,-133.83559724497306,-133.87071566495067,1.0,0.815155953943849,0.8217885147334776,0.815160366133305,1.0,0.8301534771074576,0.8234578607675254,0.897176689442038,0.8899404962954821,1.0,1.0,1.0,1.0,0.4503151152919266,0.3749630161163985,0.8326680659460444,1.0,1.0,1.0
2131,-130.82437964520003,-139.9718970568792,-133.80284727427698,-142.36147254313377,-133.8029584967045,-133.76967485155043,-142.36274196997852,-139.97189470890038,-142.2623518071683,-142.36057518220423,-142.36149195069532,0.010319100270302821,0.22554539895983525,0.0031242955382486137,0.30276821199615367,1.0,0.2255328564551979,1.0,0.22931753889747786,1.0,1.0,1.0,0.0031223131351305177,0.013843390951577479,1.0,1.0,0.31815119630013583,1.0,0.9999443903325218,0.014556805609561267
2132,-29.107933466250785,-147.3065166202614,-29.10793218254213,-147.30651726653983,-29.1079282875738,-29.107923238829926,-147.28516901948814,-147.30652674570226,-147.3065263088747,-147.30651718129405,-147.30652649118187,2.155280420990814e-26,1.0,2.1552797245352932e-26,0.9999996768608337,1.0,1.0,1.0,1.0,1.0,1.0,1.0,2.1784086675421208e-26,2.1784072693215384e-26,0.9893779535260361,0.9893781696198326,1.0,0.9999949372923824,1.0,2.155264399460501e-26
2133,-135.4849078412317,-137.36335804737533,-136.6645709852486,-138.6896603356326,-136.6645159425003,-136.66449324237868,-137.58028114564053,-137.36333942859326,-137.57080070362665,-138.689629434559,-138.6896499987755,0.3909306489777211,0.5544206568287527,0.20141733151723126,0.5152252248421428,1.0,0.5544359154570544,1.0,0.5544422083741183,1.0,1.0,1.0,0.3507482139136957,0.6326391515062781,1.0,1.0,0.9014680864029929,1.0,1.0,0.6356276261639302
2134,-139.05458505518408,-139.21208550729474,-139.05456642413213,-139.21206272509374,-139.05456621253413,-139.0545764991806,-140.3943141549329,-139.21205522309072,-138.73695985435788,-139.21206846461212,-139.212038409925,0.9242707543684946,1.0,0.9242812828895126,1.0,1.0,1.0,1.0,1.0,1.0,0.9999949624884559,1.0,0.5117778934719679,0.5117731260139151,1.0,1.0,1.0,1.0,1.0,1.0
2135,-138.99961371938784,-139.0061095289901,-138.9996080368668,-140.6730864212522,-138.9996093893146,-138.99959678087222,-138.62104259484767,-139.42109857034248,-139.37766839874794,-139.0059172261328,-139.0233327300689,0.9967573639360079,1.0,0.4331217767415616,0.434530801991013,1.0,1.0,1.0,1.0,1.0,1.0,1.0,1.0,1.0,0.670301285550042,0.6850161242470663,1.0,0.8126176943563782,0.9999993237763233,0.8277620834486913
2136,-113.89496614281717,-129.24159655302245,-114.40072192686256,-129.7310375370612,-114.40070063124807,-114.39992060147716,-129.73101149528458,-129.2415958173078,-129.72929766825632,-129.73104990800016,-129.7310496777315,0.00046507345128310207,0.7765627005351718,0.0003641168602814808,0.7829233409839039,1.0,0.7765709692691419,1.0,0.7768739025771781,1.0,1.0,1.0,0.00036412160143732005,0.00046888886265897663,1.0,1.0,0.7836044410166007,1.0,1.0,0.00046928583517220543
2137,-82.04177872567686,-134.70923226207321,-82.07973772152457,-134.7092336212545,-82.04178106142183,-82.04178007046701,-134.896039991499,-134.70919835708403,-134.7092015014213,-134.70923540318637,-134.70919973155537,3.659382245300442e-12,0.9811994786630197,3.659379758419364e-12,0.9999993204095894,1.0,0.9999988321281988,1.0,0.9999993276051513,1.0,1.0,1.0,3.3330589402661547e-12,3.3969228609943476e-12,1.0,1.0,0.9999984278326077,1.0,1.0,3.659442801985082e-12
2138,-125.92495450115172,-143.0652613136288,-125.92492803438225,-143.0652650034244,-125.9249258594136,-125.924946233741,-143.09851184223226,-143.06525645032008,-143.20631717498068,-143.06526532774174,-143.06527034210683,0.00018968354894004008,1.0,0.00018968319899360155,0.9999981551039064,1.0,1.0,1.0,1.0,1.0,0.9999909003620275,1.0,0.00018655607934509356,0.0001865536105930561,1.0,0.9475243279919638,0.9318994444575092,1.0,1.0,0.00017676389228359396
2139,-118.62614468838393,-124.90589913590225,-118.62600448403771,-124.9058996938549,-118.6264441944889,-118.62645489835774,-124.9067292519718,-124.90589900749032,-124.9058998040745,-124.90589969244968,-124.90589951458008,0.04328811232742138,1.0,0.04328810025106435,0.9999997210237089,1.0,0.9998502581599457,1.0,0.9998449070412544,1.0,0.9997748181972149,1.0,0.04327014897676402,0.04326711575160896,1.0,1.0,0.999999601707992,1.0,0.9997801689407942,0.04329458087567084
2140,-87.52825176605,-135.67355562772119,-89.20200100962711,-136.2587931136839,-89.20196463647079,-89.20200189451936,-136.25879413372064,-135.67354661312646,-136.25479575149598,-136.25879321660028,-136.25879145753913,3.5105899212882996e-11,0.4330618927627796,2.6199765022280854e-11,0.7463066211010518,1.0,0.4330697687483589,1.0,0.43306170115626685,1.0,0.9999995575539755,1.0,2.6199751659922853e-11,6.04988619358259e-11,1.0,1.0,0.7477963711256201,1.0,1.0,6.0618829244291e-11
2141,-116.37061600955971,-125.95716425601944,-116.37061442981792,-125.95716229195341,-116.37061081953703,-116.36762801685757,-125.76976493826845,-125.95714394307242,-125.0245005510651,-125.95715933417364,-125.95714234457131,0.008285285877811055,1.0,0.00828529401423932,1.0,1.0,1.0,1.0,1.0,1.0,1.0,1.0,0.009099148289915343,0.009099141102765771,0.9105654467361135,1.0,1.0,1.0,1.0,0.01320783762977449
2142,-54.15096233218088,-152.21205313849237,-54.96473257476458,-152.80944378596777,-54.96473046789626,-54.963613399676206,-152.80989462799826,-152.2722099860335,-152.80826556595764,-152.80944220594301,-152.80944381780907,5.085160755727768e-22,0.665720663038651,3.772097900529259e-22,0.7417853794062429,1.0,0.6657213643319086,1.0,0.6660932962803328,1.0,1.0,1.0,3.7712476862226133e-22,5.664910067548359e-22,1.0,1.0,0.7648865246399948,0.9703694305348245,1.0,5.669520219789354e-22
2143,-126.01106011575772,-130.00326497892218,-128.16440496942124,-130.00328752541807,-128.00613202189254,-126.9614891767352,-127.54514056761946,-130.0202252052492,-130.73580938972106,-132.0245434292057,-132.1636491330202,0.13586379104098065,0.34072743681830653,0.1358622594234101,0.9999887268155935,1.0,0.3687870310928992,1.0,0.6217516574695028,1.0,1.0,1.0,0.4643855124448488,1.0,0.29009630677198545,0.2028406849927532,0.6992184328364622,0.9915557415737934,1.0,0.25542187632215135
2144,-84.32411410525663,-133.40253596676547,-86.25656564713455,-134.7235594743848,-86.25663264233168,-86.25666456195688,-134.72355080427684,-133.40252446106538,-134.71542350491023,-134.72355364030656,-134.72355947448173,2.2016896585140932e-11,0.38051648770432545,1.1373640388010823e-11,0.5165869015203004,1.0,0.3805037415292572,1.0,0.3804976688093086,1.0,0.999950543811832,1.0,1.1373689693462797e-11,2.989013633044086e-11,1.0,1.0,0.518689665369768,1.0,0.9999665029624731,3.0012851841357945e-11
2145,-137.68983868647962,-137.7620293919483,-137.71359149103378,-139.53911923348886,-137.6898399340759,-137.68984008876197,-137.91466894211626,-139.4966412022456,-139.16660488085807,-139.49624456385004,-139.49741510744062,0.964548316778674,0.9881938438231189,0.3966740875919685,0.41125372435125973,1.0,0.9999993762020507,1.0,0.9999992988590705,1.0,1.0,1.0,0.8936731918834154,0.9043500902879312,0.4533974658837705,0.5347435625304,1.0,0.42008176623170246,1.0,0.4778862844701356
2146,-117.51022309006711,-117.52117348254913,-117.50590553063722,-117.50556074208131,-117.51022041502816,-117.50929362393518,-115.68792434403838,-117.48843360044674,-116.52362355595065,-117.51011184084874,-117.48895071800035,0.9945397653276351,1.0,1.0,1.0,1.0,1.0,1.0,1.0,1.0,0.9983073874381281,0.9981352997907842,1.0,1.0,0.4064661488172244,0.6584612496286006,1.0,1.0,0.9978448834101913,1.0
2147,-143.48826539471415,-151.14910630048584,-143.48564328926662,-151.1472754761874,-143.48824542923785,-143.48817527617695,-148.59240856234587,-151.1491063468191,-151.14908355651,-151.1490562143944,-151.1484252241496,0.02170048967795724,1.0,0.021720363664909308,1.0,1.0,1.0,1.0,1.0,1.0,0.9987348075764815,1.0,0.07792008071207111,0.07781799031558702,0.27849674919379497,0.27849992272537777,1.0,0.9999999768333654,0.9986997760389863,0.021700519825378562
2148,-125.04004071195521,-148.20571572125135,-125.4261718214265,-149.05931767918185,-125.42618317956982,-125.4261976554765,-148.52277068974612,-148.20569739218968,-149.0591926149204,-149.05931715190684,-148.5316274365643,9.324758371738065e-06,0.8244279272127893,6.085275948298076e-06,0.6525934191218967,1.0,0.8244232452408046,1.0,0.8244172781254174,1.0,0.999987083058421,1.0,7.957744210626893e-06,9.652443770955562e-06,1.0,0.7647464311984392,0.6526282473957215,1.0,0.9999943209444632,7.381713847344766e-06
2149,-152.97380058061844,-153.82693455583671,-152.97373680222373,-153.8268721888212,-154.19642839752044,-152.97369482870266,-152.48370943760605,-153.82693453758682,-155.1665927005451,-153.82685777215502,-155.16886836333123,0.6527461382078028,1.0,0.6527664934394399,1.0,1.0,0.5426374245787815,0.8313146456425791,1.0,1.0,1.0,1.0,1.0,1.0,0.5108840870692631,0.26146845559073106,0.5117960457345043,1.0,0.5426201205827614,0.6156466183860072
2150,-148.4551471727354,-148.50165561935813,-148.54063815008493,-150.3971392288568,-148.4545779822596,-148.4551426906244,-149.84551371470104,-150.3393089478929,-150.09082525339608,-148.51002905961508,-150.33931029391704,0.9770140724458884,0.9581552203918445,0.37870564873651313,0.38761534702202316,1.0,1.0,1.0,1.0,1.0,1.0,1.0,0.4989829905015589,0.5207746927449772,0.7812206734688767,0.8845681056146603,1.0,0.39898691214678667,1.0,0.4412588406057303
2151,-76.07577648001865,-130.46217872178107,-76.22781567252923,-130.5463865177764,-76.22781515384145,-76.07577902951087,-130.54638426705213,-130.4621763378127,-130.54632745720193,-130.46217173478448,-130.5463761245518,1.549325995964975e-12,0.9267980446103428,1.4854475347438583e-12,0.9587701610974853,1.0,0.926798284969786,1.0,0.9999987252547011,1.0,1.0,1.0,1.4854492064112062e-12,1.6027755076196148e-12,1.0,1.0,0.9587973314018474,1.0,1.0,1.6028206193026687e-12
2152,-40.85548149078724,-136.03817632965053,-41.23835455006525,-136.90796743587165,-41.21234192294452,-41.17981299492769,-136.4566833159949,-136.0393812426925,-136.85989180517697,-136.86491053604837,-136.48173805402246,2.1445710022861245e-21,0.8257720354924037,1.3882500266449243e-21,0.6473322753898298,1.0,0.8365824348432929,1.0,0.8503002538317362,1.0,1.0,1.0,1.7396536475336206e-21,2.1066996371417076e-21,1.0,0.817418361675708,0.6634808542987691,0.9993977249194972,1.0,1.6998024046685513e-21
2153,-93.78312523549602,-133.38968160616443,-93.7848160895058,-133.38950498008518,-93.78483763650169,-93.78483948894961,-135.65428094748714,-133.38888610401665,-133.3888478951229,-133.38960502190525,-133.388752837169,2.50925940443678e-09,0.9991549302678304,2.5094810145473816e-09,1.0,1.0,0.9991441659322243,1.0,0.9991432405013855,1.0,0.999988300346532,1.0,8.087123245454107e-10,8.093963208775133e-10,1.0,1.0,1.0,1.0,0.9999892265600859,2.512455866442291e-09
2154,-133.64767618164967,-139.40182678364795,-134.86663385482996,-140.42876010138988,-134.86663337111432,-134.86567415348495,-140.42891866461082,-139.40182655650918,-140.4105863688419,-140.42875548783437,-140.4287589689344,0.05629918043770831,0.5436341174691144,0.03369041309898901,0.5984174696160176,1.0,0.5436342489512922,1.0,0.543895043263681,1.0,1.0,1.0,0.03368774217466019,0.06196767475060855,1.0,1.0,0.6038799215657993,1.0,1.0,0.06253827567643563
2155,-105.79159126679897,-143.35052919826524,-104.79713683339645,-144.21460209880752,-107.08078589507113,-105.7932973269302,-143.9541244339254,-143.35053177285977,-143.29773511375032,-144.2146150798789,-143.29809482015946,6.985222674902182e-09,1.0,4.534706764476592e-09,0.6491857132586116,1.0,0.5248738588399036,1.0,0.9991473336611024,1.0,0.6076961672931271,1.0,5.165486311834898e-09,3.1417250771265152e-09,1.0,1.0,1.0,0.9999987127035624,0.319236034149846,1.3664363338250725e-08
2156,-135.61850456555908,-147.39848861741734,-136.29412251831891,-148.0856765589664,-136.2940867872465,-136.29397144941692,-149.60158728216965,-142.97119439562732,-148.08564030263628,-144.5709288656676,-148.08567314813175,0.0027669987610710912,0.7133315380570869,0.001962402096465081,0.709216832357903,1.0,0.7133442822213485,1.0,0.713385421198186,1.0,1.0,1.0,0.0009196279624907815,0.0012892013228457374,1.0,1.0,0.07751971766454602,1.0,1.0,0.002751038622508689
2157,-132.04436613702774,-132.3939915259192,-133.89229621129482,-134.04550426283703,-133.92963013082877,-133.89117536099536,-134.08299210308482,-132.09546538784298,-134.36901235001196,-133.94493313940663,-134.04550496856064,0.8396142704581753,0.3969420268143492,0.3676701541824686,0.4379036506630979,1.0,0.38960105593946953,0.46402386148923525,0.3971645454558579,0.47303215229908624,1.0,1.0,0.36084276013531186,0.9090565769295043,1.0,0.8667452943866638,0.32085259045746267,1.0,0.9815061888664334,0.8027667266111543
2158,-73.43700033073037,-129.4181769070821,-73.78502667991802,-130.25626529036458,-73.7850138501378,-73.43700386994664,-130.2563305296328,-129.4181967576935,-130.254963512335,-129.418183903436,-130.25643489278502,6.97978365108063e-13,0.8402858271610378,4.590430126253815e-13,0.6576751308821877,1.0,0.8402912175195684,1.0,0.9999982303934328,1.0,1.0,1.0,4.590280390544856e-13,5.462760696623227e-13,1.0,1.0,0.6581098756538654,0.9999900747435655,1.0,5.466460750296962e-13
2159,-111.9521524677321,-139.41175918486135,-116.30753417013614,-141.28026302628112,-116.30753416754607,-115.33970429470492,-141.28017595459025,-139.41175354338785,-141.259085399161,-141.28016556238606,-141.27975695276382,1.0894872790691194e-06,0.11330286196538614,4.2803739260789075e-07,0.3928796607644785,1.0,0.11330286211211733,1.0,0.18382410797544102,1.0,1.0,1.0,4.280560279833058e-07,3.7779807196227443e-06,1.0,1.0,0.3970607736033253,1.0,1.0,3.818031372074614e-06
2160,-158.91492417516562,-158.89325083370454,-159.96787428233816,-159.96349499970148,-159.9923891534279,-159.96688619607886,-159.94354329999575,-158.9094610161665,-160.0017928695358,-159.9933572416648,-159.9632404664419,1.0,0.5906834317369012,0.5919782336436368,0.5855977942460469,1.0,0.5834873604324812,0.5771984370719302,0.5909753269266178,0.584605697023644,1.0,0.9983058385257744,0.5979132739340445,1.0,1.0,0.9712952540492579,0.5791661242927713,0.9919276664598565,0.98781738082062,0.9953091783766125
2161,-49.58416068599033,-141.03508550051626,-49.58380504602144,-141.0350856711344,-49.58407246153493,-49.583169058112105,-141.03750911932082,-141.03506005143765,-141.03506023536903,-141.03508570113232,-141.03506020498497,1.3857471499311384e-20,1.0,1.3857470317143442e-20,0.9999999146909354,1.0,1.0,1.0,1.0,1.0,1.0,1.0,1.384068905567196e-20,1.3838228123367392e-20,1.0,1.0,0.9999999080343158,1.0,0.9998663011817381,1.385703527776822e-20
2162,-115.02755484076064,-135.31762370668196,-116.66926535026766,-136.630955927557,-116.70092829370162,-116.4475115128082,-136.41613187351996,-135.31775539328103,-137.04078539724506,-137.04320785150804,-136.97417742974238,3.9270599123936194e-05,0.44005513427319676,2.0364842649737148e-05,0.5185773353104866,1.0,0.4331432707098899,1.0,0.4916548485445392,1.0,1.0,1.0,2.267407137761968e-05,5.152552398932605e-05,1.0,0.7317423836545871,0.422521476306541,0.9999341588680846,0.9842931873190783,3.830506014746881e-05
2163,-100.95305999727321,-136.67688511062744,-101.58505220321123,-137.1584288905589,-101.58504684979829,-101.58458043443903,-137.0521350827055,-136.67688052451663,-137.15830811781555,-137.15831652429074,-137.15837338207876,1.7485173272906538e-08,0.7290622913404312,1.3743711723470934e-08,0.7860209051955431,1.0,0.7290642428287969,1.0,0.729234286036087,1.0,1.0,1.0,1.449390613053887e-08,1.988020269693394e-08,1.0,0.9482979645117247,0.7860665690829536,1.0,1.0,1.885230528942782e-08
2164,-117.26767127099896,-137.425384330557,-117.26767021922208,-137.42537044205005,-117.26766643014957,-117.26766044169574,-136.3300174302129,-137.42278417808984,-137.42258202936722,-137.4253580899163,-137.4226769522884,4.1957366868436846e-05,1.0,4.195765823203902e-05,1.0,1.0,1.0,1.0,1.0,1.0,1.0,1.0,7.2554461891616e-05,7.255442373607341e-05,0.5790401999009925,0.5790987289772154,1.0,1.0,1.0,4.201609496614384e-05
2165,-71.48971770251592,-140.46199297820291,-71.72111174657442,-141.6528428067675,-71.72110976303156,-71.7210972025268,-140.89326943101608,-140.4619879118066,-140.4619957145448,-140.89312013768856,-141.65282483452916,1.0540488086532904e-15,0.8907450585486328,5.811268838686749e-16,0.5513282488418668,1.0,0.8907459419645709,1.0,0.8907515360914577,1.0,1.0,1.0,8.495916392592835e-16,9.537988800562022e-16,1.0,1.0,0.9999960986385124,1.0,1.0,1.1833310901317012e-15
2166,-128.84495511319872,-140.41259641162824,-128.8449582223456,-140.4140478449578,-128.84492195696618,-128.84509077342926,-139.94002909326244,-140.41404860825796,-140.33685135410445,-140.41404333747124,-140.4087024635847,0.0030769370250007724,0.9999984454277642,0.00307470485058632,0.999274546603874,1.0,1.0,1.0,0.99993217218514,1.0,0.9999337266543491,1.0,0.0038970438905748354,0.0038970499488204884,0.7889835894744441,0.8200326434580574,1.0,0.999274165230734,1.0,0.0031956502249600154
2167,-23.591399045736466,-132.96833535986246,-23.591395068436896,-132.96710805994775,-23.591392003630006,-23.59139598118321,-132.99021624177738,-132.96827653871696,-132.96827749705645,-132.9683363167095,-132.9670442565506,1.7745982775297036e-24,1.0,1.7756875938823215e-24,1.0,1.0,1.0,1.0,1.0,1.0,0.9999995436269462,1.0,1.7552892073192033e-24,1.7552857166671674e-24,1.0,1.0,0.9999995208303727,1.0,1.0,1.7746433712655758e-24
2168,-127.44354851871518,-132.95749506528733,-129.20914605839138,-134.9291806342263,-129.05764836338005,-128.74844128641334,-134.1522271962377,-132.9565118076731,-134.80339369130286,-134.8026850954747,-134.93151957166123,0.06348362544872652,0.41362365278514,0.02368730430377773,0.3731246307429173,1.0,0.4461723697649097,1.0,0.5207702132993575,1.0,1.0,1.0,0.03493244104266723,0.08445465051973987,1.0,0.7221060642157926,0.3971501167971147,1.0,1.0,0.05653628333834702
2169,-140.48175807264911,-143.83199120455112,-141.1308410436631,-144.1374129316432,-141.15591706750757,-141.17087683205412,-141.5150947519977,-143.8319848769687,-143.91330433914516,-144.13873267287437,-144.52150931904396,0.1872863469983723,0.7228587188673811,0.16076245641614806,0.8583778742694214,1.0,0.713852088241079,1.0,0.708532478489899,1.0,0.9801811335969919,1.0,0.5965045917374001,0.8252021815162439,0.3139740114802952,0.3014639636299839,0.9601557855335536,1.0,0.9875402614768013,0.25190742103413494
2170,-137.22629701817016,-138.37416712533513,-137.51786314386015,-138.67302469565283,-137.53317060418735,-137.84738363459206,-138.89460025673228,-138.37378802744507,-138.68878004019942,-138.68895302486425,-138.67290885580164,0.5633044385392625,0.8643451914340928,0.4851176506795781,0.8611997660404823,1.0,0.8577549785970052,1.0,0.7330485767019066,1.0,0.8480970149040302,1.0,0.43424272836218947,0.5023950299783682,1.0,1.0,0.8542802252746756,1.0,0.9923754850464854,0.5611288515045194
2171,-136.45197526522722,-144.4297187420207,-137.09774211416385,-145.3389656984588,-137.09776840053615,-137.1405022168643,-144.76025706241418,-144.4297178205586,-145.3383505331114,-145.33897237920752,-145.338971654656,0.01852059841619137,0.7240582569244547,0.011754781128337761,0.6346868964051027,1.0,0.724048740554537,1.0,0.7087421670244961,1.0,0.9788468817895734,1.0,0.015699272604990915,0.02168233350680359,1.0,0.7489772008741207,0.6348818526138362,1.0,0.9999868569002194,0.016239786899484552
2172,-38.62409968732348,-131.97940875048764,-38.871717140703765,-131.9794107538541,-38.87177690091417,-38.928378655689755,-132.6319532991167,-131.18239353687488,-132.78325406794045,-131.9794156615758,-132.36706360839327,5.347517429233843e-21,0.8835488240292452,5.347512072718012e-21,0.9999989983172711,1.0,0.8835224238918529,1.0,0.8588684738182388,1.0,0.9720667952468585,1.0,3.858815021041417e-21,4.367404399277076e-21,1.0,0.9271402926019896,0.4491356749368993,1.0,0.9999701203412034,4.049317584884765e-21
2173,-89.03801333624628,-133.70028886625073,-89.03757039247802,-135.8481203268911,-89.0380056878166,-89.03800852782251,-132.42569052503248,-133.69470111824168,-133.69469554203292,-135.84788195306655,-135.84277928092877,2.0031344223442375e-10,1.0,6.844069614662276e-11,0.3416680148031584,1.0,1.0,1.0,1.0,1.0,0.9997809563213226,1.0,3.7886597763784476e-10,3.787820787669072e-10,0.530197714059616,0.5301991923082467,1.0,1.0,0.9997823760142476,2.0087366715113105e-10
2174,-8.104931888139816,-140.35520090598285,-8.999331376664315,-141.36392789675173,-8.999320373793552,-8.999268905259527,-141.36506268979144,-140.3551780138338,-141.36670010526427,-141.3644061319162,-141.3674164167848,1.9152213202863985e-29,0.639416175806005,1.1565826809461102e-29,0.6038898317888176,1.0,0.6394196935224545,1.0,0.6394361487313112,1.0,1.0,1.0,1.1559266260972292e-29,1.807784460003926e-29,1.0,0.9991816273133225,0.6030464548227874,1.0,1.0,1.8062950813354587e-29
2175,-126.99880681741877,-140.42545665981976,-126.99879836896207,-140.42624578514852,-126.99860815635091,-126.9988018190378,-145.6244995633954,-140.42508719231776,-140.42642862721263,-140.4265020819425,-140.426033446371,0.001214618891185459,1.0,0.0012141397424528595,0.9996055151652289,1.0,1.0,1.0,1.0,1.0,0.999998274963626,1.0,9.025727333867479e-05,9.025689207214736e-05,1.0,1.0,0.9993295074332329,1.0,1.0,0.0012139081654832032
2176,-70.07646492929126,-116.34309030610669,-70.0762889168667,-116.3364655233193,-70.07662059663033,-70.0767020174664,-117.66819078779875,-116.34309109143882,-116.34309073208922,-116.3430905177415,-116.3430910190473,8.981108669302315e-11,1.0,9.010906940888104e-11,1.0,1.0,0.9999221693594254,1.0,0.9998814629385026,1.0,0.9997934710301941,1.0,4.630075125056978e-11,4.629667667612314e-11,1.0,1.0,1.0,0.9999996073340103,0.9998341738688565,8.981805816104994e-11
2177,-95.14576356850776,-129.29894276548936,-95.14576248926895,-129.17662162793332,-95.14574453626065,-95.1457533024957,-127.24151858532258,-129.17955255161812,-128.70328840168352,-129.17661690683144,-129.17955216055645,3.834699772065881e-08,1.0,4.07655273850577e-08,1.0,1.0,1.0,1.0,1.0,1.0,1.0,1.0,1.0727421664448831e-07,1.0727415875725478e-07,0.37945586633644535,0.4814827335094123,1.0,1.0,1.0,5.165019155312596e-08
2178,-115.38715098046902,-123.34005774070354,-116.36602437826,-124.46150622513454,-116.36600565834061,-116.3659981987951,-124.46152698524946,-123.340061629963,-124.46073144400245,-124.46150370468607,-124.46150701608033,0.01875202785555923,0.6129715845228347,0.010703573489030109,0.570795519901968,1.0,0.6129773219390084,1.0,0.6129796082093883,1.0,1.0,1.0,0.010703462385898891,0.017461596354798332,1.0,1.0,0.5710177939542058,0.9999980553721607,1.0,0.01746837994235339
2179,-109.78990074749146,-140.5584625902144,-109.78990517022413,-140.55846655418625,-109.82488399898935,-109.78989457360959,-140.7070531106929,-140.55845809047167,-140.55846339337913,-140.55846789429282,-140.55846207863715,2.083011596755714e-07,0.9999977886361088,2.0830074682601254e-07,0.9999980180160323,1.0,0.9826604646760495,1.0,1.0,1.0,1.0,1.0,1.9338628307440542e-07,1.9338671072279462e-07,1.0,1.0,0.9999973485497883,1.0,0.9826626377007238,2.1197665268255702e-07
2180,-143.30546653398454,-146.87158366452738,-143.33416535011662,-146.8715842971451,-143.30546852216267,-143.30546686006875,-146.17144803336555,-146.8715818075855,-146.40505080287193,-146.8715852610014,-146.87158243609235,0.16812314447423418,0.9857530540143359,0.16812309129540304,0.9999996836911936,1.0,0.9999990059114306,1.0,0.9999998369579108,1.0,1.0,1.0,0.23859427835180122,0.24204264686795615,0.7046409567452703,0.889761895893459,1.0,1.0,1.0,0.21229230849298758
2181,-115.63390761527907,-136.33434104540348,-115.63390562315345,-136.33434118557523,-115.6335844525021,-115.63390304296155,-136.33122191941374,-136.33431957470157,-133.8789844981472,-136.33434115590165,-136.87052814827902,3.198585720948564e-05,1.0,3.1985854967728924e-05,0.9999999299141276,1.0,1.0,1.0,1.0,1.0,1.0,1.0,3.2035780087566674e-05,3.2035748177933426e-05,0.9984523711706207,1.0,1.0,1.0,1.0,0.00010915954581910689
2182,-86.63398367619061,-138.46511851488498,-86.67181248831821,-138.59548005012974,-86.63403585602998,-86.63371507164356,-138.59349653968718,-138.46507072281076,-138.46507312052816,-138.5954812609149,-138.59547648622015,5.559197129026295e-12,0.9812633488408591,5.208401156715699e-12,0.9368980872293624,1.0,0.999973910420653,1.0,1.0,1.0,1.0,1.0,5.213569178039867e-12,5.3131192398029745e-12,1.0,1.0,0.999998801142021,1.0,1.0,5.559468352738022e-12
2183,-147.37013875841427,-147.36199581199048,-147.97160440819317,-147.9753721748036,-147.9906596347516,-148.11468466621918,-148.112313331713,-147.36052839629295,-148.0777308597789,-147.97537306996787,-147.9754765205711,1.0,0.7402755295241241,0.7388822496132433,0.7358800262105726,1.0,0.7332559635141699,0.7302766008146837,0.6891661062709833,0.6863658893031823,0.9309589183827327,0.9327143893789801,0.6899837125638439,0.9320633805191296,1.0,1.0,0.6986528964081813,1.0,0.9905176306253608,0.9573984581181899
2184,-135.983457407849,-144.36302257273286,-135.98345361466767,-144.36291661144082,-135.98344972311241,-135.9834518657305,-142.99742321692457,-144.36293607152103,-144.3629038599603,-144.36285437656565,-144.36285148159493,0.015149578299329208,1.0,0.015150380955036822,1.0,1.0,1.0,1.0,1.0,1.0,1.0,1.0,0.029987252492548883,0.029987195619059808,0.5052224623014117,0.5052305993689497,1.0,1.0,1.0,0.015150419336635869
2185,-147.0453389394075,-147.03657717359553,-147.1578927405557,-147.14914614735298,-147.09662172127884,-147.07296919059974,-145.23220784292033,-147.01536861533467,-146.99010093091107,-147.08787524571602,-147.1375098053903,1.0,0.945277351806584,0.9494203827850258,0.9452701806718449,1.0,0.9746845576610332,0.9704239182390907,0.9862798653112487,0.9819685393112786,1.0,1.0,1.0,1.0,0.41000727062587783,0.4152200974680754,1.0,1.0,1.0,1.0
2186,-131.8326808768091,-138.5009446189901,-131.83125170764737,-138.50094754922998,-131.8326730288709,-131.83267961729868,-138.52556076753132,-138.50094381933764,-138.5009470560214,-138.50094792812752,-138.5009466789418,0.03564551768757337,1.0,0.03564546546265301,0.9999985348811368,1.0,1.0,1.0,1.0,1.0,0.9992862999794471,1.0,0.03520947891184352,0.03518432774849993,1.0,1.0,0.9999983816594259,1.0,0.9992895918476858,0.035645334381513474
2187,-118.66791252806325,-124.77398568299492,-119.36245744095825,-125.63132956673954,-119.21705728014109,-118.77788045860092,-124.61639034371467,-124.78113545401928,-125.4744232329908,-125.4574106504055,-124.78114328385462,0.047215333471339695,0.7066127808205258,0.030754820913653995,0.6513735825316698,1.0,0.759897003923464,1.0,0.9465003247100631,1.0,1.0,1.0,0.0510863005953457,0.07229744774220442,0.9209287980085734,0.6511492211797191,0.7070570738886343,0.9964314967834426,1.0,0.043775412554413445
2188,-122.57237430087056,-122.98547926210901,-122.57236797272387,-122.98547272645095,-122.57236590172764,-122.5723709413819,-123.62740321519885,-122.98544467506014,-122.74634503700742,-122.98547138167208,-122.98543841155754,0.8133835734632237,1.0,0.8133862314660202,1.0,1.0,1.0,1.0,1.0,1.0,0.9999985156720828,1.0,0.5900697922293566,0.5900679252082072,1.0,1.0,1.0,1.0,1.0,0.9166866587886018
2189,-51.96372921186503,-134.29850684430397,-51.96509064859069,-134.29850914947247,-51.96476875404218,-51.96518151894841,-134.350074727119,-134.29850289366715,-134.29850739156166,-134.29852363413013,-134.29850490245843,1.3219961876798736e-18,0.9993195132733524,1.321994663968774e-18,0.9999988474164175,1.0,0.9994803639690149,1.0,0.9992741100439864,1.0,0.9999545658533002,1.0,1.2883456020542507e-18,1.289222901126158e-18,1.0,1.0,0.9999977510552747,1.0,1.0,1.3226831397606384e-18
2190,-133.55840358955606,-147.61501923925087,-133.55810516908906,-147.6150175328819,-133.55826471799892,-133.55811057429455,-147.61184212469513,-147.61501865399924,-147.61501662616234,-147.61501750423756,-147.61501694287423,0.000886430507863576,1.0,0.0008864312641526577,1.0,1.0,1.0,1.0,1.0,1.0,0.9999972974009096,1.0,0.0008878397725506479,0.0008877073076536779,0.9984129959727556,0.9984140082826257,1.0,1.0,0.9999202287269655,0.0008863701180889865
2191,-118.77648070815457,-130.0056362494291,-126.45722271008808,-128.70978320213317,-126.45721773312533,-126.4571324008026,-130.00234215056082,-128.70978275075967,-128.32193388796392,-126.51323988130838,-128.70977847878075,0.003644348124111139,0.021485628677237033,0.006966437896864487,1.0,1.0,0.02148568214389027,1.0,0.021486598875028178,1.0,1.0,1.0,0.003650355491484234,0.1698975415763191,1.0,1.0,1.0,1.0,1.0,0.39362441827843825
2192,-61.947595122568345,-139.72947163470621,-61.94746478110332,-139.72947390782267,-61.94773551380894,-61.9476219734394,-139.79436069368504,-139.72945751232092,-139.72946028977563,-139.72947450591846,-139.7294597828398,1.2878939982883887e-17,1.0,1.287892534522708e-17,0.9999988634424206,1.0,0.999929806843359,1.0,0.9999865746545948,1.0,0.9999214069205601,1.0,1.2467794609213319e-17,1.246698210038202e-17,1.0,1.0,0.9999986112736089,1.0,0.9998646428088035,1.2879917120471107e-17
2193,-100.99278554262386,-157.87133311018425,-101.7708761493048,-159.06999222348355,-101.7708749990062,-101.74500254103214,-158.68545037616673,-157.87133331254577,-159.06460039063634,-157.87140074801576,-158.68600671109584,4.456360605327959e-13,0.6777035670830686,2.4473428096373493e-13,0.5491797065774573,1.0,0.6777039568639133,1.0,0.6865278412768296,1.0,1.0,1.0,2.9661766259183075e-13,4.3768053910135726e-13,1.0,0.8273106602851827,0.5506623023885313,0.9999998988192453,1.0,3.6209756753769623e-13
2194,-119.66616322697067,-142.25354487674264,-119.66616170232044,-142.25354510746587,-119.66614801993117,-119.66615927926554,-140.3696393186799,-142.2643378167417,-140.85566742869648,-142.25354301616085,-142.2643379907501,1.2451233982735393e-05,1.0,1.2451232546340999e-05,0.9999998846383913,1.0,1.0,1.0,1.0,1.0,1.0,1.0,3.1937233136019315e-05,3.1937208789473635e-05,0.3877675375127191,0.7842604909063936,1.0,0.9946180647874356,1.0,2.5046919691973914e-05
2195,-30.74072267234925,-136.3644511585187,-30.740619285087746,-136.34129939539045,-30.740694532131045,-30.74071764988247,-136.55596845880166,-136.3644520354787,-136.36445301649573,-136.36445220180607,-136.34130054237886,1.1590409498400036e-23,1.0,1.172535827462238e-23,1.0,1.0,1.0,1.0,1.0,1.0,0.9999508188120725,1.0,1.0532011553576917e-23,1.0531467129732383e-23,1.0,1.0,0.9999995094916083,0.9999995615200954,0.9999623771861066,1.1590235654020365e-23
2196,-149.97591016521744,-149.97540495145856,-150.16099847134936,-150.15974485459571,-149.9762903077068,-150.16022570741717,-149.4029047045639,-149.97518943959776,-149.82135339813115,-150.1595956489584,-150.15977269336145,1.0,0.9116089597453331,0.912180542995558,0.911950149015881,1.0,0.9998099468177205,0.9995574198433878,0.9119612570637916,0.9117309184702539,1.0,0.9997596024893863,1.0,1.0,0.7511556681668166,0.8112132221498779,1.0,1.0,1.0,1.0
2197,-54.06202929656297,-123.88838112100652,-54.0618011119779,-121.7052978246733,-54.06202838783304,-54.06202856882402,-123.82746926249968,-123.88846446928483,-123.82790696546414,-123.8936115753308,-123.88846461026736,6.877021080411647e-16,1.0,2.0485702910806637e-15,1.0,1.0,1.0,1.0,1.0,1.0,0.9998862780437725,1.0,7.089689212353544e-16,7.088880379599604e-16,0.9699627566843692,0.999781172464008,1.0,0.9999583267292002,0.9998863685289755,7.088134572531487e-16
2198,-149.10135708987036,-149.57120796830637,-149.10150889683408,-149.57149009304936,-149.0994474163558,-149.10139647578401,-149.54655232492144,-149.57149232673865,-149.5671988230791,-149.5714974014794,-149.57149289823195,0.7906297974070768,0.9999240993987393,0.7905182771587184,0.9998589475773311,1.0,1.0,1.0,0.9999803072370789,1.0,1.0,1.0,0.8004368662701169,0.8004976245211259,0.9876074273749638,0.98972985277197,1.0,0.9998578308908448,1.0,0.7914601856223955
2199,-106.68964177887563,-124.40576976713436,-106.69004903406483,-124.37159645524622,-106.68948101798992,-106.68961776201999,-124.34530424355358,-124.37163255544621,-124.3716307072068,-124.37159618192999,-124.37163098056689,0.00014223015620457732,0.9997963931360904,0.00014468127502634227,1.0,1.0,1.0,1.0,1.0,1.0,1.0,1.0,0.0001465958272623105,0.0001466256812574399,0.986922112588849,0.9869230246234404,1.0,1.0,1.0,0.00014466716836047483
