,model_1,model_2,model_3,model_4,model_5,model_6,model_7,model_8,model_9,model_10,model_11,p_val_21,p_val_31,p_val_41,p_val_42,p_val_43,p_val_51,p_val_52,p_val_61,p_val_62,p_val_63,p_val_64,p_val_71,p_val_73,p_val_87,p_val_97,p_val_98,p_val_82,p_val_53,p_val_95
0,43.81692676207783,43.81696700903382,43.57057716401516,43.57221206520046,43.57072364678061,43.570577496341514,43.74560802844448,43.817202965890914,43.57353418790788,43.572164673299284,43.573905385198174,1.0,0.8841091076375819,0.8848321186242051,0.8848143129036938,1.0,0.8841738633824737,0.884156070908214,0.884109254543971,0.8840914633698527,1.0,0.9991830494564798,0.9649689379474842,1.0,1.0,0.9175603540203263,0.8852949709557477,1.0,1.0,1.0
1,52.011768069897386,48.669021812999375,52.01177732781525,48.66900211122993,52.01177445105904,52.01176796056262,50.421165028842836,48.669030312838686,48.66901791201809,48.669026573199915,48.669013395090076,0.1879887556244777,1.0,0.18798690377803792,0.9999901491637968,1.0,1.0,1.0,0.9999999453326197,1.0,0.9999953163846529,1.0,0.4514450944361381,0.45144300472017174,0.4164173160372576,0.41641473408704777,0.9999937996089253,1.0,0.9999985616229281,0.18798778916333397
2,31.340417934626174,30.727540540618804,30.91170339125648,30.31206999208439,30.998696901045207,31.094161971469106,31.63852311599541,30.72801512822565,30.38028584022092,30.410459263307587,30.31253673874255,0.7360636397028959,0.8070599938249783,0.5979943511755266,0.8124220772770414,1.0,0.842939141128904,1.0,0.88415050034294,1.0,1.0,1.0,1.0,1.0,0.6342868425073988,0.5330614141610898,0.8404106445813146,1.0,1.0,0.7340298890558576
3,49.3857392076431,49.38616810979218,49.38618193480559,49.38618316338179,49.385753579684206,49.38642762983284,48.274195355116376,49.38622868954923,49.20535743987753,49.386210484529244,49.38629169413204,1.0,1.0,1.0,1.0,1.0,1.0,0.9997927564239302,1.0,1.0,1.0,1.0,0.5736292907332147,0.5735023241525168,1.0,1.0,0.9135331408539795,1.0,0.9997858453736834,0.9137501809360519
4,37.06573911116942,37.06815121176311,35.993587865511245,35.9925261878918,35.99358869613022,35.993599363566545,35.79567573575514,37.063559596190544,35.91909056650863,35.99252684574688,35.99388758164676,1.0,0.5850396695638574,0.5847291902165597,0.5840244024932766,1.0,0.5850399125364325,0.5843347502922943,0.5850430329827626,0.5843378669774778,1.0,1.0,0.5299186961430655,0.9057825028140667,1.0,1.0,0.564263174513066,0.9977068255648052,1.0,0.9634361474222503
5,37.13747766485909,37.13748780423032,37.13750032287007,37.125173210536786,37.137473691184084,37.13748050304585,37.44152937259682,37.137964424013745,37.130895782163634,37.125160043942515,37.13742676504472,1.0,1.0,0.9938666590377917,0.9938616204590606,1.0,0.9999980131644703,0.9999929435017803,1.0,0.9999963494144296,0.9999900901369944,1.0,1.0,1.0,0.8591751530994877,0.8561439122220071,0.9964719174355249,1.0,0.9999866842456636,0.996716448175974
6,41.355667962966095,41.35778126207725,41.35630272799952,41.35573941915865,41.355707559185674,41.35569770928865,41.92984925823521,41.35570186802252,41.35904493159447,41.35569635060355,41.35570645686286,1.0,1.0,1.0,0.9989795995037101,1.0,1.0,0.9989636858989392,1.0,0.9989587660663348,0.9996975363959059,0.9999791452824606,1.0,1.0,0.7504564218333521,0.7517118825753875,1.0,0.9989608432703234,0.9997024598669252,1.0
7,44.966285038885076,44.966278845365366,44.31585483408185,44.31587392916498,44.3158548028382,44.31585642533096,45.19065833234515,44.96628761150973,44.318236324663246,44.31587429677717,44.315878400559484,0.9999969032449402,0.7223719529871979,0.7223788498963695,0.7223810869336558,1.0,0.7223719417024319,0.722374178718325,0.7223725277242927,0.7223747647420004,1.0,0.9999912481212899,1.0,1.0,0.893878552441388,0.6464813015051848,0.7232316960055654,1.0,0.999999984378178,1.0
8,54.50696334449424,53.41270556594924,53.41189292153311,53.411890379340946,53.411870136342145,53.41222236861128,54.13229996221159,53.41191118343596,53.416088983099286,53.41189089372875,53.41191185994833,0.5786086774262429,0.5783736236278488,0.5783728884598693,0.9995924897507199,1.0,0.5783670344886511,0.9995823724271355,0.5784689032252277,0.9997584305136299,1.0,1.0,0.8291686628680646,1.0,0.6975407183778889,0.6989993339876474,1.0,0.9996028876133661,0.9999886074694133,1.0
9,47.813253247067706,47.20178723756308,47.904021915620945,47.20180110026013,47.81327033717176,47.65014475328206,46.212214089703366,47.26813767852923,47.26815516481352,47.20180483269846,47.71783787803483,0.7365832574334903,1.0,0.7365883629664576,1.0,1.0,1.0,1.0,0.9216827100745444,1.0,0.88078776789058,1.0,0.4490955630065564,0.429169251182021,1.0,1.0,1.0,1.0,0.955638295774041,0.7614295800924815
10,50.2191279587243,47.93988076157237,48.70996741252927,46.30161769839822,47.96288484922974,48.69482179593189,47.5368581475997,47.74385209005857,45.914338745313756,45.91453888120208,45.91434014674812,0.3199394248100565,0.4702079322368292,0.14103388051004706,0.44081432162909273,1.0,0.32364062698683144,1.0,0.4666605863432668,1.0,0.9924557931707209,1.0,0.2615486670408183,0.5562404398339337,1.0,0.44429803082113495,0.40061409470918063,0.9066359063488066,0.6882925718569624,0.35905738662055087
11,50.10509065025994,50.106759551634354,50.10514131325212,50.10674151862878,50.10511042202057,50.105152985794206,50.80434167645808,50.10884900039409,50.102699223767615,50.106811489375445,50.10873249454892,1.0,1.0,1.0,0.9999909835378614,1.0,1.0,0.999175775053251,1.0,0.9991970396252796,1.0,0.9992060489287884,1.0,1.0,0.7062780093636032,0.7041096188545326,0.9969298343140761,1.0,0.9999845545035099,0.9987951273161859
12,44.42185063180446,44.178319986467756,44.35680222056709,44.098410036612705,44.3849864102678,44.421851682271864,45.2204951663758,44.178835360845284,44.12996777066371,44.12950731441015,44.098960438741045,0.8853561171358535,0.9679990185325924,0.8506791082592777,0.9608326997403523,1.0,0.9817367216811929,1.0,1.0,1.0,1.0,1.0,1.0,1.0,0.5940273584014317,0.5796889004630646,0.9758622936543649,1.0,1.0,0.8802852117120752
13,43.44022934371219,43.44029683002154,42.747105093904395,42.747115536917335,42.74710481735124,42.74713604982787,44.02183590301891,43.44037130641749,42.749293463229094,42.749064257404825,42.747252944641275,1.0,0.7071148884781957,0.7071185806928001,0.7070947206837173,1.0,0.7071147907007768,0.7070909308195779,0.7071258332600858,0.7071019730062826,1.0,1.0,1.0,1.0,0.7477158160227886,0.5292622517882988,0.7078387810539079,1.0,0.9999998617234336,1.0
14,44.40398597845592,43.74009059889505,44.40401472753331,43.740256898942306,44.40436433210371,44.40410948547293,44.74359849114265,43.740170213821585,43.74037527612222,43.74002171823534,43.74021161246952,0.7175248557555055,1.0,0.7175845204447405,1.0,1.0,1.0,1.0,1.0,1.0,1.0,1.0,1.0,1.0,0.6054918726269272,0.6055539575879028,1.0,1.0,1.0,0.7174912489624566
15,39.70164803926784,39.7036038365857,39.70221907322153,39.70187064070993,39.70174482709979,39.701640757449354,39.81711822990593,39.70376096487587,39.74347399306828,39.703682119584414,39.70375842531212,1.0,1.0,1.0,0.9991337774496624,1.0,1.0,0.9990709271127632,0.9999963590973865,0.9990189419842221,0.9997108839160255,0.9998850649752495,1.0,1.0,0.9448976799695878,0.9638475708309044,1.0,1.0,0.9997629050505807,1.0
16,27.53209319014033,23.622284657897296,27.523378339286836,23.296491321667986,27.523380832831265,27.523378154732313,23.274664932369262,23.622115376886654,23.30566913966655,23.62214524442649,23.622071026745203,0.14157802985928158,0.9956520543772499,0.12029587639904471,0.8496789828097636,1.0,0.9956532957293402,1.0,0.9956519625012092,1.0,0.9999999077227428,1.0,0.11899020158464488,0.11950982379991132,1.0,1.0,0.8536592934434927,0.9999153630765856,1.0,0.12137676065282353
17,42.92047826960032,42.922284008545205,41.3666888380194,42.34018995559981,41.59909393108953,41.366688856266194,41.7197587870661,42.92058470102327,42.4231403447003,41.60110203543957,42.340212431738365,1.0,0.4598317046996415,0.7481557079218113,0.7474805258190167,1.0,0.5164937096710837,0.5160275937205089,0.4598317088948687,0.4594167282473165,1.0,0.6146203310700731,0.5486142414082879,1.0,1.0,1.0,0.7797965878148909,0.9991507070925835,1.0,1.0
18,47.75663413177273,46.796310783591366,47.7566496313452,46.796567339771656,47.75664832564283,47.756636556371376,48.982794993842276,46.7965572907371,46.79664704571661,46.79661544696813,46.796477447077535,0.6186833586505447,1.0,0.618762727260715,1.0,1.0,1.0,1.0,1.0,1.0,0.9999934625344584,1.0,1.0,1.0,0.3351695179030669,0.33518455980719225,1.0,1.0,0.9999993471490284,0.6187829958077247
19,39.72204737047389,39.72244997747322,39.15939241418175,39.72229362120916,39.15939253095809,39.15939282301082,39.1120628358033,39.723434989427005,39.577550526691624,39.72225522464015,39.718215619735645,1.0,0.7547811206816076,1.0,0.999921824923802,1.0,0.7547811647518952,0.7546292399539591,0.7547812749698539,0.7546293501497329,1.0,0.754688347968841,0.7371290743415668,0.976613026139154,1.0,1.0,0.9296545333455057,1.0,1.0,1.0
20,26.475047682849066,24.709661556802217,26.414418668162597,24.662181259126527,26.42941878828617,26.475048229214224,25.445471552213093,24.699316340588666,24.663210206412458,24.67424416897279,24.650712623820482,0.41366737793493447,0.970140369292713,0.40396250616047,0.9765394316977278,1.0,0.9774438343084024,1.0,1.0,1.0,1.0,1.0,0.5976272391364694,0.6160214109759945,0.6886117904929633,0.6762917772570642,0.9821089133151794,0.9948407467940593,1.0,0.4134973013347709
21,49.18449856929513,48.84009224815526,49.18450034814245,48.840093890156226,49.18450536853467,49.1845034683503,50.85690816954346,48.8400844972131,48.84009016030845,48.840097942387786,48.84008611294874,0.841808133574644,1.0,0.8418088246998126,1.0,1.0,1.0,1.0,1.0,1.0,1.0,1.0,1.0,1.0,0.36479787855437007,0.3647989114984175,1.0,0.9999961245364296,1.0,0.8418043929721672
22,52.629200033502,52.6290224440811,50.99604605008048,50.99605897171014,50.99604564548562,50.996041653869014,51.01179658220596,52.62906102196666,50.99925446876671,50.99605892524545,50.996059136227046,0.9999112092316834,0.4419418389225376,0.44194469423614857,0.44198393832961624,1.0,0.4419417495188489,0.44198099335082985,0.4419408674887154,0.44198011124237313,0.9999978018966829,0.9999913411169247,0.44543598911064575,1.0,1.0,0.9937485653181675,0.4426821430126814,1.0,0.9999997977025918,1.0
23,43.670067856790865,43.669814687831376,43.36397436330435,43.36392798204221,43.36392456828574,43.36392846679982,43.469399591741166,43.66971682930918,43.36464293926173,43.36397591582016,43.36392839367892,0.9998734235317328,0.8580896079792096,0.8580697085704279,0.8581783337530577,1.0,0.8580682439511664,0.8581768689483866,0.8580699165483621,0.8581785417573204,0.9999770520110436,1.0,0.9045351329293478,1.0,1.0,0.9489697787529469,0.8585271750636182,0.9999510719359189,0.9999751028006346,1.0
24,44.32141751184628,44.076351029840765,44.32140175803707,44.07635562321201,44.32140384607254,44.321455598194376,44.1993931279805,44.07634912689721,44.1828982796699,44.07637487511616,44.076360461109886,0.8846764969208377,0.9999921231264186,0.8846785287469616,1.0,1.0,0.9999931671364762,1.0,1.0,1.0,1.0,1.0,0.9408117693921332,0.9408191801058778,0.9403322576928616,0.9917864925414555,1.0,0.9999990485286766,1.0,0.9330907805891034
25,48.3063830245259,45.67915371224001,46.101379975566886,45.67928056579163,46.102398478772244,46.10140445764992,44.406867432893876,46.09379964250752,45.68573983729411,45.67986711983718,46.093809860694904,0.2688465102376745,0.3320394391569544,0.2688635628457969,1.0,1.0,0.3322085738358956,1.0,0.33204350369039115,1.0,1.0,1.0,0.1423085351353642,0.4285892528209435,1.0,1.0,0.8154379871012991,1.0,1.0,0.8119396041282978
26,35.80825733988655,35.810476338432295,35.808322193932156,35.810537791906825,35.80833363330632,35.80826397984879,33.81959627128322,35.81064709054678,35.80430418529437,35.80828965841448,35.81071145514409,1.0,1.0,1.0,1.0,1.0,1.0,0.9989292211302747,1.0,0.9988944322990292,0.9999708933819222,0.9988637400037922,0.3699710445786681,0.3699590477136819,1.0,1.0,0.9968335711174169,1.0,1.0,0.9979873041881234
27,38.97080803851864,38.9708406124154,38.33251947810297,38.3325316773236,38.332519545865466,38.3325207353065,38.7819657817156,38.9708461997389,38.333813478767155,38.332531751062135,38.33253243862515,1.0,0.7267706831162524,0.7267751161477294,0.726763279295322,1.0,0.726770707740152,0.7267588709595436,0.7267711399657322,0.7267593031780845,1.0,0.9999945290064166,0.9098994970237707,1.0,1.0,0.7992542676610893,0.7272271800682468,1.0,1.0,1.0
28,50.589921853425295,49.00432874991367,50.58990503585943,49.00432608543261,50.59012194850118,50.58990005866525,48.937067339808976,49.00432863119417,49.00432478394819,49.00432488577047,49.00432598398257,0.45257736786244473,0.9999915912524215,0.452576764920934,0.999998667760358,1.0,1.0,1.0,0.9999891026793539,1.0,0.9999975114060063,1.0,0.4376099647320252,0.43761364451469875,1.0,1.0,0.9999980763788613,0.9999999406402527,1.0,0.4525311935135904
29,38.30070353379435,38.299454679073904,38.300683090257536,38.301355930565194,38.300708480292684,38.30129861503107,38.35034482302021,38.30066699495808,38.217132444087895,38.3006771317562,38.30127913555529,0.9993757675539701,0.9999897782838362,1.0,1.0,1.0,1.0,1.0,1.0,1.0,1.0,0.9999713426435691,1.0,1.0,0.9754670334252101,0.935563563585969,0.9590929590935268,1.0,1.0,0.9590730651536912
30,44.48613463779765,44.48581897944473,44.486618165562874,44.48582858551646,44.48613869544096,44.48632998729508,44.056727115593105,44.48569017721084,44.45610696581687,44.48585885572106,44.48570002759604,0.9998421832779104,1.0,0.999846985567308,1.0,1.0,1.0,1.0,1.0,1.0,0.9998559212464434,1.0,0.8067804045180567,0.8065853777312106,1.0,1.0,0.9853172527114062,0.9999356009567633,0.9997602936731951,0.9850963111112719
31,48.742929891056974,48.341066907844294,48.74293959051383,48.34106747914146,48.74293221176643,48.742966977665674,48.42700084401207,48.34106157097801,48.4353876012955,48.34105768185475,48.341057200166716,0.8179684673401384,1.0,0.8179687009917047,1.0,1.0,1.0,1.0,1.0,1.0,1.0,1.0,0.8538800740884269,0.853875933012,0.9579404760347844,1.0,1.0,0.99999733157042,0.9999963106331068,0.8574672395867057
32,33.43436000815734,33.33792965491662,32.7647597602903,32.66836739644438,32.7708121077612,32.98829459152796,33.22354378327853,33.33866758574749,32.686603249227346,32.66848766336855,32.66925106112757,0.9529287170343811,0.7154810796054526,0.6818154180053466,0.7154946700811275,1.0,0.7176495290543111,0.7530988585250272,0.8000886793142652,0.8396102090450472,1.0,1.0,0.8999571639160162,1.0,1.0,0.7645481547626252,0.7217819685881832,1.0,1.0,0.9587696517325017
33,63.84875160797557,63.84967968169502,63.84851326509829,63.848500340600395,63.84848001436234,63.84847756696203,64.55232500390377,63.84852515086115,63.8531166685861,63.848582177258976,63.8508426228567,1.0,0.999880835661993,0.9998743742039929,0.9994105032741963,1.0,0.9998642124133517,0.9994003461979065,0.9998629888801108,0.9993991232322985,0.9999821510911644,0.9999886132456478,1.0,1.0,0.7033505051863265,0.7049670832687471,1.0,0.9994229011686883,0.9999833747702241,1.0
34,64.16775365066312,63.77500873305013,64.17162298577463,63.775008395948106,64.16772859641347,64.167791475857,63.91729193727758,63.7750104443368,63.964009848686516,63.77500766239072,64.16377246829671,0.821706125992312,1.0,0.821705987492925,0.9999998314490028,1.0,0.9999874729536404,1.0,1.0,1.0,0.9980860789284355,1.0,0.8822931957827319,0.8805879018824763,0.9313308013794679,1.0,1.0,1.0,0.998054699873092,0.9031565501553387
35,39.67588737845648,39.67660358165105,39.532851264693534,39.53348206908194,39.53285228701711,39.53285563979503,44.27216435414695,39.67212696347099,39.31780599067244,39.53052463979009,39.52981117312453,1.0,0.9309794668572007,0.9312731461349157,0.9309397154383714,1.0,0.9309799427384499,0.9306466170197126,0.9309815034242578,0.9306481771467365,1.0,0.9996868344031303,1.0,1.0,0.10025696936735554,0.08397978349890133,0.8376453430502941,0.9977641940558063,1.0,0.898055733861302
36,51.13959176272485,51.14129376784413,51.13962984172909,51.20027418757476,51.139636366268036,50.486892279978036,50.847202497456635,51.14145402740391,51.13710348974658,51.19882809720025,51.14149151221892,1.0,1.0,1.0,1.0,1.0,1.0,0.9991716424896184,0.7215527864342406,0.7209390043681647,0.7215390485592146,0.6999887931879684,0.8639895262614783,0.8639730764876591,1.0,1.0,0.9978270953540181,1.0,1.0,0.9987343633337801
37,45.19517651801223,44.03654873810973,44.74986758756893,43.555730417377646,44.74986784856617,44.749872048031875,41.04223834316082,44.03654467754052,43.555833043922746,43.55583851164883,43.55570984475574,0.5602826502763634,0.8003913645717295,0.4405536488053302,0.7863060699595535,1.0,0.8003914690217048,1.0,0.8003931496317324,1.0,1.0,1.0,0.1253721095470886,0.15663850848037605,1.0,1.0,0.7863480154410888,0.9999979697174557,1.0,0.5504509639180664
38,31.040654750835927,30.343944223681746,30.3587751439195,29.589895167678606,30.359058037247934,30.359691628748124,31.234417663718432,30.343944240412725,29.592294801632136,29.58989520166986,29.5898955846601,0.7058480695557141,0.7111017127820218,0.4841406614881991,0.6858992499518124,1.0,0.711202302861111,1.0,0.7114276444198545,1.0,1.0,1.0,1.0,1.0,0.6406726034107971,0.43996441469081127,0.6867226916658202,1.0,1.0,0.6815527569825928
39,46.26787788763892,46.269068263378955,46.26811250887957,46.26910732606416,45.61135238283248,45.61134404438761,46.233305865479565,46.269188258373674,46.26714604410836,45.61252759735402,45.612631987300745,1.0,1.0,1.0,1.0,1.0,0.720173767455014,0.71974525629929,0.7201707648966442,0.7197422555274748,0.7200862861726967,0.7197281981321775,0.9828625348560828,0.9827472414051296,1.0,1.0,0.9989794140198309,1.0,0.720089288378855,1.0
40,30.534535962996614,30.536586069531864,28.340221628549017,28.340256765096854,28.34921749489874,28.763862946439218,28.8635295743467,30.5346676814965,28.35302139398823,28.349254852445597,28.342406946993634,1.0,0.33381872688240477,0.33382459155275374,0.33348257888491717,1.0,0.3353236030875969,0.3349800546403509,0.4125753149078114,0.41215261991257823,1.0,1.0,0.43365621317646963,1.0,1.0,0.7747196243021123,0.3359398530730262,0.9990412658618503,1.0,1.0
41,40.81906817940978,40.82121687671227,38.940213314165476,38.94021747834867,38.94223315228086,40.17017986024058,40.461269566854014,40.819080745213284,38.94285636344409,38.94224383024286,38.94308450475842,1.0,0.39085156015657463,0.39085237394617117,0.39043268771042505,1.0,0.3912464879849095,0.390826378560644,0.7229290751826487,0.7221528143678259,1.0,1.0,0.8361900942510041,1.0,1.0,0.4680376199882127,0.39136596264934265,0.9989325044297153,1.0,1.0
42,50.15349651886723,50.155131677293866,49.38689046533602,49.31425864226361,49.541776749930676,49.6646456584221,50.655433718409256,50.16075004720034,49.42331447407105,49.54343462558916,49.389339443777374,1.0,0.6816063230290219,0.6572972429022992,0.6567600699601686,1.0,0.7364898058876815,0.7358879132125637,0.7831543858362451,0.7825143567624508,1.0,1.0,1.0,1.0,0.7808737174637981,0.5400683236395138,0.691620567527363,1.0,1.0,0.9424888990460485
43,54.84993103550539,54.84285312667171,54.85005448869157,54.84285741519753,54.84994015527113,54.84993586791302,57.971039269941286,54.834872276945276,53.546433780871126,54.84289634626748,54.834876531792645,0.9964673003017791,1.0,0.9964694369919407,1.0,1.0,1.0,1.0,1.0,1.0,0.999940691369551,1.0,1.0,1.0,0.2084442839952667,0.10944832657463031,0.5250723333680652,0.9960175263023838,0.9999428349237646,0.5211313346157405
44,26.165276473354794,26.165319348089866,25.865436720028583,25.865473107342524,25.865436957254616,25.94135582791955,26.254002269072714,26.1653349405681,25.869568250099974,25.865522482077722,25.865478237543073,1.0,0.8607769419830592,0.8607926028059331,0.860774149876326,1.0,0.8607770440824147,0.8607585914863423,0.8940797314505715,0.8940605649402021,1.0,1.0,1.0,1.0,0.9566347094101297,0.825127788503784,0.8625317275102489,1.0,1.0,1.0
45,44.92611372432577,44.92665226312752,44.124616561068876,44.12462846556099,44.12461691652368,44.124620407645295,44.18652791947787,44.9303411027056,44.12587308951532,44.12462866864135,44.12463402533746,1.0,0.669818444532255,0.6698224314683154,0.6696420930643984,1.0,0.6698185635773568,0.6696382262148042,0.6698197327874109,0.6696393951100681,1.0,0.9999959710502698,0.6908773948565374,1.0,1.0,0.9701278471527963,0.6688242180987942,1.0,1.0,1.0
46,54.094497254331316,54.09452757748039,51.05630850995743,51.05679007358745,51.056513805675166,51.225568726714386,51.057270312305604,54.09455700915595,51.26443867902762,51.05678367699207,51.05675533788241,1.0,0.21891004823672686,0.21896276414172594,0.218959444346623,1.0,0.2189325200377842,0.21892920070122612,0.2382429652101875,0.23823935309909508,1.0,1.0,0.21901534765322025,1.0,1.0,1.0,0.24291124116440835,1.0,1.0,1.0
47,40.002327530566134,39.75513390863239,39.57532835327527,38.047888016768695,39.848894520354634,38.97222528787589,38.96300311956165,39.754614887334185,39.72856292755944,38.8240695761113,38.70840313385125,0.8837360817580613,0.8077524924231709,0.3763560068208287,0.4258692324433835,1.0,0.9261523758627318,1.0,0.5974700503648669,0.676072939305917,0.7396697081955396,1.0,0.5947214076628418,0.7362668803147128,1.0,1.0,0.9870584910187469,0.9997405230208745,1.0,0.941608405360301
48,36.119628722046514,36.11965180279725,36.11340841165986,36.115644292351334,36.01803811103295,35.934487545483364,36.698559890350225,36.11968617207637,36.022501485777696,36.01806008838071,36.113460971272815,1.0,0.996894676329111,0.998009768295242,0.9979982509543521,1.0,0.9504732072529263,0.9504622384986291,0.9115848614844471,0.9115743415136678,0.9144244453598626,0.9134027445859348,1.0,1.0,0.7486850640396188,0.7131744612694164,0.952569371988536,1.0,0.9534339281987907,1.0
49,23.226512308720743,23.226553509921985,22.51248463107791,22.51488320091758,22.550967707872644,22.560349522607453,23.66537160079858,23.23095438165285,22.565605132638325,22.5510075506717,22.512537087206454,1.0,0.6997628137749904,0.7006025321951851,0.7005880995108866,1.0,0.7133577006528626,0.7133430052071397,0.7167118564128604,0.716697091870226,1.0,1.0,1.0,1.0,0.8047620707211538,0.5770171823891168,0.7170034515568648,1.0,1.0,1.0
50,42.383179984800364,41.11300376151979,42.38318251731357,41.11300656724225,42.383186148721194,42.383210847190355,42.34970629130075,41.11297247100987,41.11297790473995,41.113013595089285,41.112973939831306,0.5298887968895065,1.0,0.5298895402504771,1.0,1.0,1.0,1.0,1.0,1.0,1.0,1.0,0.983402436135083,0.9834011908960427,0.538823666932876,0.5388251308460483,1.0,0.9999843548674245,1.0,0.5298803132521421
51,50.9680102482001,50.968731874428954,48.845359687248106,48.84495355982148,50.80362518336241,50.87902032453715,49.99796060868664,48.84500066900492,49.07735938592191,48.844957388737186,48.8450205966019,1.0,0.34599696332647734,0.34592671103139605,0.345801918652143,1.0,0.9210946010518235,0.920762317989785,0.9564804189910232,0.9561353705649014,1.0,1.0,0.6156819154992808,1.0,0.5618726985171743,0.6310939029783963,1.0,0.34581006397108255,1.0,0.42183843288404554
52,36.04027895427822,36.04034111719568,36.04027500009394,36.02495113538177,36.040282064545096,36.04027809104562,36.204530056662804,36.040317213212035,36.02734590667879,36.040551134407764,36.040304886301925,1.0,0.9999980229098147,0.9923653834253776,0.9923345397410039,1.0,1.0,0.9999704741106054,0.9999995683837931,0.9999684874215022,1.0,1.0,1.0,1.0,0.9211739205617417,0.9152188380891533,0.9935353331877254,0.9999880480796018,1.0,0.9935527940624156
53,36.7387574369709,36.73801986509025,36.55557258331018,36.55481551581235,36.36881953824215,36.20112669783853,36.07548123712817,36.73721934198528,36.303185365280655,36.36804671900637,36.554457284030946,0.999631282052852,0.9124769748998076,0.9121316369348611,0.9124680802922646,1.0,0.8311300905690652,0.8314366561861177,0.7642843527739979,0.7645662620766094,0.8375930284245455,0.8379101456696633,0.7177470285639289,0.7865919341611216,1.0,1.0,0.804916294987248,0.9995998185414833,0.9108504799919204,0.9677155516586066
54,41.942275617544794,41.61877067155237,40.79332863013576,40.43721991818677,40.79332877399298,40.793331856370116,41.86093927588331,41.618704755720955,40.437315735984726,40.43723900790155,40.437196212796806,0.8506517377587435,0.5630012144699645,0.47117398904820884,0.5538976388735013,1.0,0.5630012549658612,0.6618469462593821,0.5630021226576271,0.6618479662911148,1.0,1.0,0.9601476821001445,1.0,0.8859300692700602,0.490754257704751,0.5539424326223578,0.9999670426273993,1.0,0.8369369674754379
55,35.74455229925411,35.158289194583176,35.74459076269295,35.158380880935795,35.74457402740575,35.744558501855266,33.75798045588084,35.1555470837433,35.15556894222101,35.15831103824422,35.15556337811739,0.7459240061973555,1.0,0.7459582025069127,1.0,1.0,1.0,1.0,1.0,1.0,0.9999838697112521,1.0,0.37035772292841046,0.3703506003810875,1.0,1.0,1.0,0.9986298840471417,0.9999916323914066,0.7449020523569221
56,36.349692555759646,35.987281753122375,36.12914609815326,35.76432045871417,36.129363828770494,36.12905229462456,35.76432679694511,35.98728120971663,36.21236325530154,35.764321803163085,36.125683677033436,0.8342639821738816,0.8955894010436265,0.7462563922202441,0.8945087024801048,1.0,0.8956869049674677,1.0,0.8955473973056172,1.0,0.9999530993355209,1.0,0.7462587571966712,0.8332599250583572,1.0,1.0,1.0,0.9999997282971633,1.0,1.0
57,54.85468631960299,54.85475358075283,54.85469185971169,54.8543242952162,54.72068498248805,54.85468828133321,55.00104877083973,54.854019236867515,54.686713501596785,54.720309346018155,54.85402168151103,1.0,1.0,0.9998190041883244,0.999785380265798,1.0,0.9351945761052486,0.9351631255028473,1.0,0.9999673508231873,0.9999982108123594,1.0,1.0,1.0,0.9291224253522672,0.8545607928348187,0.9197504758437197,0.9996328954567121,0.9351919855690318,0.9831577039256847
58,47.98591687313609,47.98570410659346,47.5311034214906,47.53112927969511,47.53116007830732,47.531110091083406,47.787578424843105,47.98975798690799,47.534089038635756,47.53113018696723,47.53113338368411,0.9998936223871838,0.7965967199360304,0.7966070192830585,0.7966917694516431,1.0,0.7966192865728496,0.796704038046538,0.7965993764283364,0.7966841257838059,1.0,0.9999904057401741,0.9055894474549009,1.0,1.0,0.88095855868386,0.7962560498983525,1.0,1.0,1.0
59,45.1359079238411,45.13654814442583,44.443897301304276,44.444629964881244,44.44040519313302,44.43933556653465,44.58061263382078,45.13818183361255,44.42281210401387,44.44104106574565,44.4447974470458,1.0,0.707508729327756,0.707767959745211,0.7075414321955256,1.0,0.706274458685521,0.7060484091443846,0.7058968347003085,0.7056709060211508,0.9977217318166816,0.9973563015687003,0.7575637058444356,1.0,1.0,0.9241320882520714,0.699293412256483,1.0,0.9982554693799924,0.9912420318426395
60,37.86606851700583,37.86925590433046,34.773937182723216,34.77773426612649,34.7738972714763,35.0075139557307,34.77618578524755,37.86785147371222,35.28803633238974,34.77770541135874,34.77730243226077,1.0,0.21308467285132343,0.21348960725951036,0.21314964119828486,1.0,0.21308042065625515,0.21274110619376363,0.23948193794883302,0.23910058106582494,1.0,1.0,0.2133243789436394,1.0,1.0,1.0,0.2752962273620932,0.9992980311863506,0.9999800445756545,1.0
61,36.80289061877471,36.802417413303516,36.52422680402492,36.52373610222796,36.52422688197669,36.524228144227834,36.57182015234247,36.80234668726507,36.497027662226856,36.52373616399086,36.52370509153991,0.9997634252526223,0.8699392412857128,0.8697258270929916,0.8699316309488192,1.0,0.8699392751923642,0.8701451295565711,0.8699398242334612,0.8701456787275881,1.0,1.0,0.8908891827929882,1.0,1.0,0.9632943590865694,0.8584219539865273,0.9999646376060419,1.0,0.9864924470342636
62,54.906389685063345,51.83271015952835,54.905523436408004,51.83271137618047,54.9055343798814,54.90552634834387,51.834649147400995,54.88806460374954,51.832711623059424,51.832711395576695,51.832711603419966,0.2150596682169264,0.99956696945713,0.2150597990433672,1.0,1.0,0.9995724388393636,1.0,0.9995684247956438,1.0,1.0,1.0,0.21526826836316007,0.21536152648188586,1.0,0.9990317069277924,0.21703937498786072,1.0,1.0,0.21515181615046425
63,54.31893598578634,54.319812289407366,53.65351633163908,53.65353976076361,53.65351542064542,52.42846237702713,52.66262679751972,54.319062218110474,53.6562481295413,53.653540441785,53.65354025344698,1.0,0.7169782116395345,0.7169866107746314,0.7166725306054287,1.0,0.7169778850583052,0.7166638087114534,0.3885875407740994,0.38841731773405624,0.5419795671133512,0.5419732180971555,0.4368547171775169,0.6092998505192355,1.0,1.0,0.7179128872212077,0.9996250346686321,0.9999995445032723,1.0
64,30.924223906616106,30.926305402187467,28.846755150403396,28.866477615417722,28.85907262705871,28.865599682560514,29.874698671345413,30.926601230489837,28.95141306679875,28.859739650855317,28.84896733151558,1.0,0.35390230514377996,0.35740948218281626,0.35703770255362405,1.0,0.3560886224020715,0.3557182167396711,0.3572526258487244,0.35688100938249423,1.0,0.999561129903063,0.5916958058465378,1.0,1.0,0.630247422686619,0.37247175041682234,1.0,1.0,1.0
65,52.73984355025317,52.742581116292826,52.431422626709946,52.4317424440041,52.43141077208492,52.431415054444756,52.704995766956955,52.74034748365142,52.49139903765868,52.433069124259816,52.431437066014894,1.0,0.8570916170079009,0.857228684327631,0.8560561269318125,1.0,0.8570865367730894,0.8559141738133292,0.8570883719515361,0.8559160064815331,0.9999962138745724,0.9998363186175868,0.9827270265532828,1.0,1.0,0.8987068657964619,0.8829610211624956,0.9988838070865452,0.9999940727050519,1.0
66,34.60845606227062,34.60971209485896,33.81577631594868,33.815783891489104,33.81584915617535,33.81584453846662,33.82317549540818,34.60851464774959,33.816561793288884,33.81578389982815,33.81578396599588,1.0,0.6727779978906507,0.6727805462239361,0.672358161724562,1.0,0.6728025009877814,0.6723801027047864,0.6728009475865849,0.6723785502788451,1.0,1.0,0.6752716102892931,1.0,1.0,0.9966986105504151,0.6730225607561897,0.9994014556444938,1.0,1.0
67,51.67160209974901,51.59837265942019,50.79759923195573,50.71977224071452,50.963292492299644,51.31086461627524,51.51850697349127,51.59754216488051,50.88451990344791,50.885460403317865,50.71858086358705,0.9640474918655395,0.6459705051550236,0.6213163356799162,0.6444872694783945,1.0,0.7017663229056856,0.7279375018627863,0.8349622692018098,0.8661007639634689,1.0,1.0,0.9263088550935861,1.0,1.0,0.7283354637834637,0.7001146786483863,0.999584838933373,1.0,0.9613792619569581
68,33.64361776778554,33.13306786176682,33.10139098329904,32.56197111569779,33.10139623735461,33.101390806599625,34.17053609436269,33.133071035607145,32.56194856870988,33.13338853606598,32.56195932664315,0.7747034616267948,0.762530026512398,0.582268658019139,0.7516019830303027,1.0,0.7625320297025943,0.9842889150144727,0.7625299591430958,0.9842862423021371,0.9999999116502959,1.0,1.0,1.0,0.5952745630440923,0.4474037881964449,0.7515923171797035,1.0,1.0,0.7635903426653966
69,47.32791999391682,47.32804302716818,47.328014189459196,47.32793384020977,47.328717984511286,47.327937708613035,47.9104931192783,47.329046768846496,47.33006060310379,47.32812697415352,47.32797622808155,1.0,1.0,1.0,0.9999454080109911,1.0,1.0,1.0,1.0,0.999947342108904,0.9999617603080752,1.0,1.0,1.0,0.7477226375287074,0.7481017670266471,1.0,1.0,1.0,1.0
70,26.322730497393934,26.05640320138133,26.32280737924276,26.056242450498928,26.32273211016829,26.322730900944975,26.36959029712969,26.056208772984462,26.05622417770047,26.056186658226096,26.05621608384098,0.8753218357139915,1.0,0.8752514841625599,0.9999196277888188,1.0,1.0,1.0,1.0,1.0,0.9999617615822143,1.0,1.0,1.0,0.8549684066004357,0.8549749918985472,1.0,0.9999027905267136,0.9999623661709344,0.8752427817672648
71,46.01578146115199,46.01587324279757,45.51664587620476,45.516671025864355,45.51664581108872,45.51662207131929,45.774810235827374,46.020302881150116,45.519563149632376,45.51667045061433,45.51667548438749,1.0,0.7791374593831815,0.7791472569657224,0.7791115020774426,1.0,0.7791374340160087,0.7791016795785018,0.7791281857993768,0.7790924317862684,0.9999880976280975,0.9999755230270336,0.8864898414823398,1.0,1.0,0.880184668376558,0.7785127845924369,1.0,0.9999999674419803,1.0
72,36.76477732355346,36.76685604488742,36.76477926829503,36.76687259047898,36.76477905362853,36.764778429221764,37.49619118550021,36.76968326846665,36.76691662618879,36.76493154341941,36.76494211053381,1.0,1.0,1.0,1.0,1.0,1.0,0.9989620434205252,1.0,0.9989617315412443,0.999999580463455,0.9989534673690295,1.0,1.0,0.6954098058291518,0.694448495798067,0.9986176352087262,1.0,0.9999998926667559,1.0
73,59.633648824767874,59.26629257069192,59.41765007858331,59.05027453450174,59.417665758689225,59.41765822808014,59.49140379334614,59.26629263203981,59.05018618459994,59.049950097930804,59.05042994697425,0.8322036245678763,0.8976281591602778,0.7470022026942877,0.8976195015759159,1.0,0.8976351966401701,1.0,0.897631816776651,1.0,1.0,1.0,0.9313477804021134,1.0,0.8935476817645257,0.8020303697025003,0.8975798226219978,1.0,1.0,0.8321523124688073
74,37.924991811109834,37.9250003488504,37.48652650617345,37.48654123330263,37.49240966513162,37.49241798629279,37.650164020672804,37.926910639391224,37.49255760381806,37.49241752124084,37.486556494817364,1.0,0.8031348451122249,0.8031407590693069,0.8031373305729037,1.0,0.8055008082197734,0.8054973696486482,0.8055041595777711,0.8055007209923395,1.0,1.0,0.8716093965028062,1.0,1.0,0.9242217856087731,0.804787897387944,1.0,1.0,1.0
75,50.54501951943189,48.936772346257044,48.696878040686556,46.91696822108486,48.696878010687215,48.6968780109558,49.119895982106925,48.93671727857492,46.91682344026563,46.91700091600575,46.91681626129781,0.4474799321691898,0.39690007137074335,0.1629966469617908,0.3642546519832817,1.0,0.39690006541737294,0.8869672959262608,0.39690006547067375,0.8869672960453739,0.9999999851346218,1.0,0.49038633063264214,1.0,0.9124797808295431,0.3323600961400326,0.3642383131359704,0.9999724665379895,0.9999999850003293,0.4106445480764306
76,54.743692172681534,53.50116899765703,54.393862462172905,52.8932655860435,54.393863442817974,54.393873449538575,52.893363593088964,53.501149579008995,52.894344545383916,52.893269040094566,52.89326600779438,0.5372662015269538,0.8395284991667162,0.39644685059179013,0.7378965017063355,1.0,0.8395289108065588,1.0,0.8395331112826903,1.0,1.0,1.0,0.39646627836005616,0.4722487428998222,1.0,1.0,0.7383018576422727,0.9999902907231167,1.0,0.4724801947891316
77,22.193119443162374,22.193117180530862,20.069656325310888,20.069984476251108,20.068923927686342,20.067373194394094,22.611868413046523,22.19388490765931,20.06808988260545,20.068881054149898,20.07014488032351,0.9999988686848842,0.3458564207682402,0.3459131719786817,0.34591356331592454,1.0,0.34572979174485174,0.3457301828746337,0.3454618282941474,0.34546221912077785,0.998859085879579,0.9986952110497771,1.0,1.0,0.8114019274961211,0.28030155723644307,0.34545340322448675,1.0,0.9996338682303282,0.9995830644013671
78,33.87197161936788,32.76171525594668,34.0291282153635,32.39460112212194,34.04313021196387,34.05914308601129,32.41782395146049,32.761723875304796,31.986934694089115,32.394589243472836,32.39459092166928,0.5739986803479479,1.0,0.4777416142419256,0.8323043773416463,1.0,1.0,1.0,1.0,1.0,1.0,1.0,0.4833212009885386,0.44679646128455397,1.0,0.8061829084294845,0.6788231848195929,1.0,1.0,0.357686720197546
79,41.21985770896731,40.38013196947179,40.061644242193836,40.081612264986234,41.20380351356718,41.21986266504473,40.0192542097262,40.37934858909162,40.106794036999105,40.08161203567619,40.08161547127389,0.6571369269892599,0.5603987285281221,0.5660217794132633,0.8613452633175706,1.0,0.9920050334179913,1.0,1.0,1.0,1.0,1.0,0.5486460573739929,0.9790280195941958,1.0,1.0,0.872600647684423,0.9996083865105028,1.0,0.5778131466399543
80,18.988101621624736,18.99006254936046,18.988194706312783,18.990165687497438,18.988203937714673,18.953680315483382,18.633650936203793,18.987164120546424,18.952505545262227,18.990363449818346,18.987256488842206,1.0,1.0,1.0,1.0,1.0,1.0,0.9990711258480344,0.982936604210654,0.9819733426845536,0.9828908571016648,0.9819227045396823,0.8375910182249247,0.83755203568278,1.0,1.0,0.9828200008646095,0.9985518351970862,1.0,0.9823091571170428
81,58.48361676307189,58.48546912910291,57.261514064142375,57.26447452679173,56.60702825003031,56.3693485447333,57.26111334444448,58.484093907777236,57.70569529550352,57.264071927681755,57.264329143150434,1.0,0.5427799176164678,0.5435839523848458,0.5430807272359098,1.0,0.391294714842453,0.39093247210093984,0.34745013899827026,0.34712848555876363,0.6401307928341241,0.6391839521272014,0.5426711772081326,0.9997996602217475,1.0,1.0,0.6775992068747008,0.9993126256871996,0.7209086079690676,1.0
82,46.22227112532738,45.765456612817644,43.58228035659738,43.57958423936651,43.582280361485516,43.68566270611214,42.836334221528205,45.76894106551978,43.52713616135395,43.579588756041375,43.58018556864286,0.7958000992636736,0.26713653496774514,0.26677666187979165,0.33523074717712503,1.0,0.26713653562064527,0.3356829634324213,0.2813082573672721,0.35349110615537344,1.0,1.0,0.18397259882362207,0.6886837805462867,1.0,1.0,0.32598547556716595,1.0,1.0,0.9728045407534883
83,48.971455269894676,48.972627215572004,45.72247317721252,45.72407815260868,45.722375058023886,45.96872925448935,45.728019277122655,48.97147006223196,45.93515435724916,45.72406712141958,45.724180419986595,1.0,0.19701191962949338,0.19717008272485273,0.19705458025573858,1.0,0.1970022545417252,0.1968868503865606,0.22282623919180497,0.22269570731569888,1.0,1.0,0.19755900171676882,1.0,1.0,1.0,0.21911515783805227,0.9994215906731836,0.9999509416090846,1.0
84,36.22591679944091,34.07495879974002,35.483408217491984,33.67024559429129,35.59975756178392,35.59981130072464,33.45517486918865,34.07469746329656,33.48143915870622,33.45543924280048,33.45543039186845,0.34113431287482066,0.6898684919210432,0.2786397353895327,0.8168036016118367,1.0,0.7311916936251981,1.0,0.7312113406226892,1.0,1.0,1.0,0.2502309556137743,0.3627226906927846,1.0,1.0,0.7433196196295162,0.9998693403149912,1.0,0.3467472323386604
85,37.51635822926997,34.659528487851134,37.5163502858741,34.659568588741536,37.51647715249561,37.36273173286722,37.31620305319535,34.65966606893687,34.467187725510456,34.659636441945565,34.46660559916293,0.2396885586327902,0.9999960283099513,0.23969336454328052,1.0,1.0,1.0,1.0,0.9260627813487654,1.0,0.9260664593977067,1.0,0.9047672162000575,0.9047708096692786,0.26493560245554754,0.2406269033747727,0.9082467631550067,1.0,1.0,0.21769838842708494
86,45.5028905290485,45.50282928977913,45.29601913532022,45.50307744771973,45.29604708976785,45.29589046260429,45.711666720469765,45.50422486361333,45.295591143436695,45.50274635772166,45.502745361773236,0.9999693808340907,0.9017340052018554,1.0,1.0,1.0,0.9017466090279513,0.9017742206024247,0.9016759927862809,0.9017036021984776,0.9999356657115736,0.9015917266848421,1.0,1.0,0.9014768388788892,0.8121763451927997,0.9009397803307437,1.0,1.0,0.9997720528183286
87,43.93625493048273,43.094131159114056,41.248940068768775,40.31042761586917,41.26843796538097,41.26843771537466,43.21984934745274,43.09413340234556,40.312096632958486,40.31192436695494,40.3120665098663,0.6563494815154607,0.26088973534775545,0.1631779987196703,0.24861450083407516,1.0,0.26344557401815555,0.40138002914221843,0.26344554108662993,0.4013799789684519,1.0,1.0,0.6989313232920591,1.0,0.9390768389035635,0.23366276992627244,0.24882177926897844,1.0,1.0,0.6199163891719154
88,36.657528861072706,35.212107974951635,36.65752966619581,35.13510254900274,36.657532742287174,36.657530385021374,35.579753326718844,35.13550237946265,35.13550392326118,35.135103081825946,35.135502959530385,0.48543472803441823,1.0,0.4670994186659613,0.96222909423333,1.0,1.0,1.0,1.0,1.0,1.0,1.0,0.5833967646893538,0.5833965298362928,0.800814876882492,0.8008154950311466,1.0,0.9624214777135273,1.0,0.4671922622767106
89,48.42060145180088,48.41898946155476,48.42060527232326,48.421285196464396,48.420606597224946,48.42060132018284,48.20932167817497,48.42139773720589,48.26553974231064,48.420236576008676,48.420142236814115,0.9991943296037613,1.0,1.0,1.0,1.0,1.0,1.0,0.9999999341909835,1.0,0.9999980239317436,0.9996581203134052,0.8997486010788255,0.8997468823256336,1.0,1.0,0.9250301037102724,1.0,1.0,0.9253960902414569
90,52.38727467517083,52.38833180673197,52.30445016488986,52.38834184484119,52.30188893600973,52.2973616324343,52.52947438286117,52.38730177583872,52.38997476445678,52.3872984495363,52.389007462417766,1.0,0.959433517007327,1.0,1.0,1.0,0.9582056389781419,0.9576992980956492,0.9560390481991716,0.9555338521998256,0.9964620072699321,0.9555290563352732,1.0,1.0,0.9313815071645336,0.9326271254438531,1.0,0.9994851171510672,0.9987202051966924,1.0
91,38.61014455640395,38.61107351440114,38.25673547690161,38.54912935676043,38.25673388157327,38.25673789557018,38.616509274017034,38.61112349995679,38.26922315782667,38.25780187429078,38.25770739651273,1.0,0.8380273517179246,0.9699530605688234,0.9695026423555647,1.0,0.8380266832537983,0.8376375278434189,0.8380283651737465,0.8376392089823321,1.0,0.8639885776351792,1.0,1.0,0.997310735537705,0.8405968883701386,0.8428635714193196,1.0,0.9999992023361469,1.0
92,55.63622340439318,54.98961931584111,55.53962197249322,54.70920881918434,55.485535311526974,55.372143729026845,55.08869801901781,54.995689850356115,54.63030173841602,54.59827907972621,54.747376768171364,0.7237552152302178,0.9528472076369319,0.6290734272524943,0.869179819384643,1.0,0.9274243543924978,1.0,0.876306084379851,1.0,0.9196711470174707,1.0,0.7605125290327838,0.798147408039176,0.9545606618204505,0.7951709624812556,0.8330229751609275,1.0,0.9733190662252317,0.6520612455623738
93,44.30748158027052,44.30574953612239,43.459912341184776,43.45968133248442,43.5271493178102,43.533685138471355,43.78319212006636,44.30573282972503,43.51550800424067,43.515636109975816,43.4542687263459,0.9991343528148242,0.6545648472037398,0.6544892464826051,0.6550562941197414,1.0,0.6769444035494433,0.6775309062713268,0.6791602157248472,0.6797486382201496,1.0,1.0,0.7693996603575723,1.0,1.0,0.8747282100927498,0.6736043132846656,0.9999916468362076,1.0,0.9941962504183587
94,47.1026786220055,47.10273202724753,46.693929103253424,46.693012192215605,46.69392922508072,46.69392902306305,47.69569703994745,47.10175030963205,46.63285654908208,46.69399959868804,46.692993166280104,1.0,0.8151568262743711,0.814783198780926,0.8147614422244404,1.0,0.8151568759285497,0.815135109394038,0.815156793590506,0.8151350270581929,0.9999999599048132,1.0,1.0,1.0,0.7430638034855985,0.5877695995142627,0.7910082509161735,0.9995092616437385,1.0,0.9699251862860717
95,26.541962442932345,26.54200243491067,26.54195719789044,26.500102499131202,26.541980002146033,26.541971605739917,26.892965809262506,26.54201359294447,26.547055055118165,26.54199576755417,26.497559392692096,1.0,0.9999973774824864,0.9792875398135419,0.9792679581862859,1.0,1.0,0.9999887836805844,1.0,0.9999845855334271,1.0,1.0,1.0,1.0,0.8390574435610071,0.8411751497051563,1.0,1.0,1.0,1.0
96,56.5582905514442,56.55882597604008,56.55808113434702,56.55866558845227,56.55810089262761,56.5583247422494,56.71263845696342,56.55810977878369,56.55915903733833,56.558090866649735,56.558267560020596,1.0,0.9998952969331579,1.0,0.9999198094215305,1.0,0.9999051750878688,0.9996375240040651,1.0,0.9997494145064477,1.0,0.9998295914197546,1.0,1.0,0.9256451370707759,0.9261308850177501,1.0,0.9996419654814636,1.0,1.0
97,22.223176313305856,22.224502154316326,22.223177488358687,22.22456536782849,22.223181790223123,21.80324733975729,24.11284508648697,22.22652764037008,22.4751428601939,22.224523180191454,22.225577119268905,1.0,1.0,1.0,1.0,1.0,1.0,0.9993400358256179,0.8106130329426334,0.8100758390193917,0.8106125566862041,0.8100502355545636,1.0,1.0,0.38939589690820675,0.4409379514269587,1.0,1.0,1.0,1.0
98,39.440272640697856,38.604575942060904,39.44028532838155,38.5860582005123,39.44028531739397,39.42732782075322,39.47434349235107,38.59549162734544,38.5772489868298,38.6045861823612,38.57700362066936,0.6584620770763243,1.0,0.6523935987755703,0.9907838605866282,1.0,1.0,1.0,0.9935484909556708,1.0,0.9935421880611697,1.0,1.0,1.0,0.6444062476020245,0.6385551373337197,0.990920152791693,0.9954681426383629,0.9999999945062115,0.6495222636758841
99,43.985500306799764,43.9856963112872,41.72524744332131,41.725286210004924,41.80839831691716,41.8424992591699,43.51313756161636,43.98531297805323,41.808384267371935,41.808604206520926,41.72541851433522,1.0,0.322992417347547,0.32299867808065064,0.3229670250365409,1.0,0.3367040262401836,0.3366710301070172,0.34249421093066157,0.3424606473742088,1.0,1.0,0.7896374423546295,1.0,1.0,0.42640032364125713,0.33673319940631274,0.9998083517498878,1.0,0.9999929752520594
100,34.64076744343731,34.640794610026546,34.640793994854334,34.64235116564919,34.64076871977204,34.64176671329702,35.57950283574306,34.640821537889735,34.646145308995386,34.64079588722214,34.64082217909683,1.0,1.0,1.0,1.0,1.0,1.0,0.999987054956535,1.0,1.0,1.0,0.9997078165178244,1.0,1.0,0.6254145000869391,0.6270814996059039,1.0,1.0,0.9999873625387065,1.0
101,38.69833949528018,38.52261724259469,38.69826809571316,38.522100223764,38.69827111714616,38.69827724062645,39.49902574924127,38.694153903682604,38.523762528422935,38.52184499842471,38.52231419724703,0.9158880606164895,0.9999643008537199,0.91565132552986,0.9997415239953339,1.0,0.9999658115174309,1.0,0.9999688731575866,1.0,1.0,1.0,1.0,1.0,0.6686891852978909,0.6140790517099243,0.9183325604949951,1.0,1.0,0.9164440194525474
102,38.73108531732362,38.73311695419798,38.341414515077844,38.34344270960159,38.32937412764821,38.299151056143955,38.67994051733871,38.731112129880415,38.3433976717198,38.329386573250645,38.341433880366054,1.0,0.8229701068638389,0.8238051019073478,0.8229686903892299,1.0,0.8180305508595944,0.8172000022585636,0.8057617863528665,0.804943694261176,0.9790899810728854,0.9780975918785817,0.9747518043876888,1.0,1.0,0.8451244175078018,0.8237755070600105,0.9989980900884512,0.9939978913413173,1.0
103,53.34980425196332,53.350085724186584,53.18807615270029,53.35010237155879,53.18807613692209,53.18809524003302,53.318507793029084,53.350862651576904,53.46526105040758,53.35034015413305,53.3507749761724,1.0,0.9223190725393845,1.0,1.0,1.0,0.9223190652631179,0.922189270797787,0.9223278748868987,0.9221980791818228,1.0,0.9221904031264335,0.9844735679434164,1.0,1.0,1.0,1.0,1.0,0.9999999921109008,1.0
104,14.906705872657597,14.906673270578665,14.478382206511952,14.478379927845623,14.4783822046262,14.478382218256513,12.790599675684376,14.906672504606178,14.478077525509633,14.906872726162106,14.906718884335419,0.9999836990933954,0.8072177399243294,0.807216820234911,0.807229978815404,1.0,0.8072177391632231,0.8072308977586958,0.8072177446645382,0.8072309032601006,1.0,1.0,0.34713098270530546,0.4300338874339489,1.0,1.0,0.807108243037959,0.9999996170138298,0.999999999057124,0.9998476720447976
105,42.4587751080322,42.45777280564678,42.458828753552694,42.45777450826532,42.45883485707415,42.45883156955546,42.41659701823377,42.45541530684028,42.306400274128976,42.45777855629848,42.45541700208622,0.9994989743625761,1.0,0.999499825245677,1.0,1.0,1.0,1.0,1.0,1.0,1.0,1.0,0.9791317739974473,0.9791055113328428,1.0,0.9463920448463616,0.9282004973477092,0.9988219450489375,1.0,0.92661483917954
106,42.5208929432049,42.52275966021014,40.30914304013268,40.311019493587764,40.31686483865286,40.47877434633611,42.40392369848513,42.52280936111811,40.572307408000654,40.31876847167848,40.30908548702166,1.0,0.33092121551244175,0.3312318403370162,0.3309228265152711,1.0,0.3322013386115411,0.3318914203225,0.36021316476025045,0.3598771135926688,1.0,1.0,0.9431927443667304,1.0,1.0,0.4001930812382319,0.37709769900281653,1.0,1.0,1.0
107,56.839489092602435,56.840021215054236,56.83944365171902,56.83963119712462,56.83944580102832,56.83946271184453,57.73125539629001,56.840287043881176,56.99110559743602,56.83972629951171,56.84025507855179,1.0,0.9999772798164015,1.0,0.9998050100482032,1.0,0.9999783544472105,0.9997123343707353,0.9999868097080418,0.9997207873822487,1.0,0.9999157609082691,1.0,1.0,0.6405140792676574,0.6906825969692187,1.0,1.0,1.0,1.0
108,32.51321083351152,32.513937943309884,32.51316794837811,32.51115582859333,32.51333760803314,32.513168016770635,33.27185180368963,32.51485347272114,32.318523883023005,32.51434201637889,32.50905511844735,1.0,0.9999785576631849,0.9989730252408032,0.9986099097135414,1.0,1.0,0.9996998774074265,0.9999785918587141,0.9996151108192276,1.0,1.0,1.0,1.0,0.6848885426051182,0.620851124848341,0.9064995049950794,1.0,1.0,0.9071868307300354
109,31.26362471150324,29.115893644642938,27.44306986018148,24.961952516082448,27.443069960945422,27.443069591917435,28.959718861333215,29.11584548849106,24.961917823344265,24.961950454786603,24.961914935004245,0.3416851659053866,0.14803931099432424,0.04281631327579817,0.12530925409753993,1.0,0.14803931845283666,0.4332623515000037,0.14803929113751332,0.4332622715570442,0.9999998658679862,1.0,0.3160190049095019,1.0,1.0,0.13548416364049887,0.125310097645543,0.9999759222139362,1.0,0.289217560727335
110,24.682590488403036,24.68172428470274,24.409905970337803,24.40906148403434,24.40991483603827,24.409926463842737,27.265627469324784,24.679971045919473,24.111904562136345,24.409313594688882,24.40839545637695,0.9995669919249188,0.8725439453308017,0.8721755973969696,0.8725534200738011,1.0,0.8725478131960056,0.8729257971151031,0.8725528861184331,0.8729308722350984,1.0,1.0,1.0,1.0,0.2744933589178928,0.20662257614732235,0.7527416217349279,0.9991237647268958,1.0,0.8615646890720328
111,55.419650327535635,55.41962401305301,55.09314682739142,55.4196415392459,55.09749308001298,55.10197697353735,55.97652846922227,55.419620643996836,55.43716361239558,55.09717884489646,55.092975387573006,0.9999868428452436,0.8493773306921238,0.9999956058647876,1.0,1.0,0.8512251419536783,0.8512363418019616,0.8531356842714013,0.8531469092573163,1.0,0.8531394330814253,1.0,1.0,0.7569531529391297,0.763621960472228,1.0,0.9999983154733321,1.0,1.0
112,26.51673153751952,26.516925329789274,26.516735925969044,26.516951021824667,26.516740024137988,26.516734963502017,25.190267040557274,26.517187718108858,26.604084226616465,26.51696139782422,26.51599294643981,1.0,1.0,1.0,1.0,1.0,1.0,0.9999073514664977,1.0,0.9999048213861434,0.9999995187666023,0.9998919766736148,0.5151834395284043,0.5151823091013842,1.0,1.0,1.0,1.0,1.0,1.0
113,49.656544288505245,47.579686024456294,47.76273492872954,45.51717155156996,48.67845783145012,48.43529979066997,46.611690179766185,46.49242080560359,45.899184386262164,45.899486993664596,45.51887812514781,0.3540103489249246,0.3879399653197718,0.12622536375188112,0.35655840044001064,1.0,0.6132128181337511,1.0,0.5430128747535277,1.0,1.0,1.0,0.21818170496183464,0.5624110029034813,0.942108635183294,0.7002954953828164,0.7433277535414679,0.5806351958573661,1.0,0.24916580449952253
114,37.308358361153864,36.565741074460874,37.19669976099368,36.45351930058891,37.278827064639614,37.30835714640892,37.82265945717049,36.565736509399926,36.565735121725965,36.56573978151536,36.45349297086625,0.6898309969510963,0.9457005531217253,0.6521898814201372,0.945434293765684,1.0,0.9853428293566869,1.0,0.9999993926277139,1.0,1.0,1.0,1.0,1.0,0.5334118380636884,0.5334114679629576,0.9999993061632599,0.999997717472131,1.0,0.7000902865594509
115,54.40388740539066,52.04050197378922,54.308771990784265,51.79393546230594,54.30874535130016,54.30874648322245,51.79393037814083,52.04050203702835,51.79454509095575,51.79393546632011,51.793945100646226,0.3067590429976448,0.9535554444317142,0.27117905098165435,0.8840132252718512,1.0,0.9535427434037491,1.0,0.9535432830720443,1.0,0.9999872463004214,1.0,0.27117836162299597,0.28438656945072416,1.0,1.0,0.8842826982774777,1.0,0.9999866803466549,0.2844777800645416
116,46.63808467485117,46.63972343056125,46.6381063345618,46.6381015263504,46.55153895764255,46.551606887075195,47.07878514337162,46.638111665440306,46.64070034150134,46.63967232464216,46.63811409153385,1.0,1.0,1.0,0.9991893766273653,1.0,0.9576500513579623,0.956865695498798,0.9576825782226731,0.9568981957226321,0.9576722067150762,0.9576745090630551,1.0,1.0,0.8022486041074857,0.803287657283672,1.0,0.9991944420756679,0.9576396802026248,1.0
117,22.018168925390228,22.013836106056004,22.019025982214146,22.014925001023585,22.019019315028203,22.017923640862534,21.429166548486137,22.013833580798632,21.70858080075459,22.014926250881757,22.01492203346453,0.9978359353046157,1.0,0.9983793524864629,1.0,1.0,1.0,1.0,0.9998773652564082,1.0,0.9994489811908485,1.0,0.7449030610595111,0.7445839173196558,1.0,1.0,0.8584503875360896,0.9999987373721111,0.999996666412585,0.856227422927896
118,53.03686136890494,52.87518077003466,53.036927225418765,53.03666673814601,53.03688703917817,53.03678071509799,52.4917800434923,52.8751816586817,52.92874113053881,52.875269535936866,53.036690068358894,0.9223409780586084,1.0,0.9999026893555247,1.0,1.0,1.0,1.0,0.9999596739096452,1.0,0.9999267475227063,1.0,0.7614424662343074,0.7614173936739541,1.0,1.0,1.0,1.0,0.9999799070815671,0.9473629897582396
119,48.19571447093472,48.19620839961382,48.195726979011965,48.1962202444023,48.19573352546058,48.19572137657673,47.737086919781376,48.196409164129534,48.19635330832216,48.196227019740405,48.19641839438256,1.0,1.0,1.0,1.0,1.0,1.0,0.9997625911093313,1.0,0.9997565181279756,0.9999971987863047,0.9997505971932671,0.7950790179838362,0.7950740455444976,1.0,1.0,0.9999720724862928,1.0,1.0,1.0
120,30.038475700723637,30.040967388542356,30.03851826576954,30.038502620130572,30.03852410717826,29.983475345487875,30.3529268739737,30.04115618496934,30.0365100978629,30.04170063060286,30.041197343436465,1.0,1.0,1.0,0.9987683748676681,1.0,1.0,0.9987791052171597,0.9728745097535296,0.9716632146699571,0.9728538047497753,0.9728614152392417,1.0,1.0,0.8556572905596596,0.8536718684109881,0.9976796526242733,1.0,1.0,0.9989935022013595
121,51.34848720290549,51.34777024554455,50.383044339903535,50.386628986613374,50.38289105868367,50.3836919320635,50.38288990366718,51.34766265184936,50.85137540633846,50.38662917945342,50.38660643019756,0.999641585565337,0.6171017045276732,0.6182087421133626,0.6184303964943005,1.0,0.617054411288962,0.6172756517927306,0.6173015519937166,0.6175228811080403,1.0,0.9985325504836039,0.6170540549350543,0.9999227848630634,1.0,1.0,0.7802478738807886,0.9999462045994292,0.9999233623268835,1.0
122,42.47968365600923,42.47942504069135,41.88083957790343,41.88043338105308,41.88088287576488,41.880853984363,42.3149094809518,42.47883593168717,41.86587649600139,41.88041866378262,41.880303989807175,0.9998707007009373,0.7412465084370488,0.7410959777253117,0.7411918133072434,1.0,0.7412625558050645,0.7413584129282105,0.7412518478252068,0.7413477035636393,1.0,1.0,0.9209154148218774,1.0,1.0,0.7989024007132363,0.7360334463739688,0.9997054888748276,1.0,0.9925248887770639
123,43.05562899949567,43.05770928835156,42.44954061565875,42.45005782085309,42.44954360251677,42.44955619516543,42.78871387873642,43.05572271237341,42.452680692223566,42.449819900789294,42.44962607898913,1.0,0.7385664569806453,0.7387574768826608,0.7379894619019717,1.0,0.738567559978042,0.737799742435663,0.7385722102535788,0.7378043878767564,1.0,0.9997492186070811,0.8750646055992439,1.0,1.0,0.8453398076280875,0.7396922852010488,0.9990072051581466,1.0,1.0
124,57.30774150391471,57.30934631463737,57.27377066841535,57.2737907252594,57.27377087888135,57.27377153045512,57.580565355424426,57.30776196338951,57.27631325279734,57.27379093434968,57.27578846675317,1.0,0.9831580211867487,0.9831678807597405,0.9823792980049606,1.0,0.9831581246474214,0.9823695497178584,0.9831584449474968,0.9823698697610265,1.0,0.9999904026439144,1.0,1.0,0.8724920854907612,0.8588800109639338,0.9843986269294687,0.9992081380643436,1.0,1.0
125,51.505743169247694,51.507019905713975,51.384101748333194,51.38411756011226,51.47690793067608,51.50574666735034,52.52751636660318,51.50854012774002,51.47970559294245,51.47692393003274,51.384124963304515,1.0,0.9409919346666408,0.9409993740743346,0.9403988616609379,1.0,0.9856858168893193,0.9850567871736159,1.0,0.9993635834171775,1.0,1.0,1.0,1.0,0.6008030395153483,0.5922032431828723,0.9856861637394295,1.0,1.0,1.0
126,27.642068569164053,27.642106023109562,27.500329510291692,27.500357743468555,27.580665051304095,27.64207144594701,28.2156934104799,27.64211414656043,27.584086106087227,27.580691052350204,27.500361208939267,1.0,0.931583428414116,0.9315965792867872,0.9315791334663827,1.0,0.9697647536289147,0.9697465930408419,1.0,0.9999827115681708,1.0,1.0,1.0,1.0,0.7506696291266644,0.7292026134438416,0.9714028450734079,1.0,1.0,1.0
127,23.66927125557521,23.66931903269173,23.66926026764048,23.669407367488446,23.669264655155814,23.669268033821083,23.99243135539129,23.669295681749503,23.6731404704571,23.66928200905872,23.66937631794272,1.0,0.9999945060477272,1.0,1.0,1.0,0.9999966997957472,0.9999728116016524,0.9999983891242337,0.9999745008897837,1.0,0.999930335592996,1.0,1.0,0.8508088133426035,0.8524459765339809,1.0,0.9999883245970437,1.0,1.0
128,41.10340849462355,41.10345213584114,40.694251826431355,40.69380742708262,40.69378952859421,40.69379812492929,41.11979156783022,41.10346812052333,40.69672781133252,40.693810748495565,40.69381554948461,1.0,0.8149908978416468,0.8148098272471916,0.8147920477946899,1.0,0.814802535347696,0.8147847560543064,0.8148060375130308,0.8147882581432225,0.9997731749776524,0.9999953489341511,1.0,1.0,0.9918714927838299,0.8093434801886193,0.8159761481974651,1.0,0.9997688777942801,1.0
129,43.25374671752334,41.7092498285013,43.25378661752981,41.70924550971088,43.253777149220156,43.253811248536834,41.694597980632466,41.709249856542755,41.7092453993628,41.70924537293905,41.709245537034946,0.46197317862447895,1.0,0.46197218104288784,0.999997840607123,1.0,1.0,1.0,1.0,1.0,1.0,1.0,0.4586011648972532,0.4585920158937915,1.0,1.0,0.9999977714125059,1.0,0.999995265856378,0.46196512630920705
130,47.81724931423864,47.347286368504825,47.81727229840891,47.347286675200166,47.81723373686768,47.81733679685868,47.57862177213849,47.34728640722656,47.48687502623187,47.347297499989565,47.34728655797335,0.7905854967757713,1.0,0.7905856180102249,1.0,1.0,0.9999922113448521,1.0,1.0,1.0,1.0,1.0,0.8875292760748184,0.8875190765714239,0.8907711930119443,0.9551629039909423,1.0,1.0,0.9999807194152572,0.8477416434799179
131,36.939255859564184,36.517753843485934,36.84007004215505,36.413331456383844,36.74500983123056,36.74500968906639,36.12231002111014,36.51751747292565,36.30373652863511,36.41382608277843,36.413582948291264,0.8099757192179182,0.9516167405505342,0.7687709550816135,0.949128395878224,1.0,0.9074443707538506,1.0,0.9074443062508158,1.0,0.9535816968980984,1.0,0.6646644718754475,0.6984581539527377,1.0,1.0,0.8986240919694023,0.9998818217034614,0.9535817646806752,0.8020080359342139
132,32.78977968244325,32.68956540351303,32.78182027988248,32.64589940017839,32.78185951058549,32.781825881146915,32.645899574552885,32.689563751672694,32.720416171663516,32.645899320840954,32.64589935808229,0.9511275157482962,0.9960282072360985,0.9305865980039865,0.9784036131809841,1.0,0.9960477448711104,1.0,0.9960309967486908,1.0,1.0,1.0,0.9305866791392725,0.9342975152496723,1.0,1.0,1.0,0.9999991740801732,1.0,0.9697454452899366
133,44.62033016218851,44.62024683687474,43.327055195160426,43.32694105488255,43.32705555498916,43.327055868816416,45.011854498335765,44.62014423638345,43.31945259842681,43.32694138390602,43.32680928637194,0.9999583382109929,0.5238041188622249,0.523774226141385,0.523796048421837,1.0,0.5238042131021191,0.5238260366319341,0.5238042952941455,0.5238261188273847,1.0,1.0,1.0,1.0,0.8221313274144282,0.429041790968144,0.5218652746361879,0.9999487010701907,1.0,0.9962057381900697
134,51.638861672131725,51.64016113483322,51.638969010434295,51.63888496046732,51.63897107284285,51.63888123660138,51.6042618309574,51.63877719655508,51.63077305369299,51.6403873402742,51.638883519911246,1.0,1.0,1.0,0.9993621163513842,1.0,1.0,0.9994051460006492,1.0,0.9993602556078408,0.9999561140465584,0.9999981380687611,0.9828488638173744,0.9827961165684747,1.0,1.0,0.9960059261842573,0.9993082702163635,1.0,0.9959093798980605
135,43.005648284125016,43.00588143894865,41.64183169094096,41.64189822311306,41.64991943902706,41.65459273407157,42.81980056858072,43.006325936163165,41.66543736033486,41.64997039512366,41.642004910034984,1.0,0.5056511387462843,0.5056679600603646,0.5056090140342968,1.0,0.5077000682754043,0.5076408853652279,0.5088877714634477,0.5088284501019781,1.0,1.0,0.9112628832407087,1.0,1.0,0.5614786076397393,0.511481282345912,1.0,1.0,1.0
136,46.06794212555769,45.47347960758705,46.06797674476272,45.4742244888881,46.06798300555974,46.06794792147332,45.034974747813095,45.47341940135044,45.47346248630282,45.473445129207164,45.473445438412995,0.7428721966253249,1.0,0.7431489239585465,1.0,1.0,1.0,1.0,1.0,1.0,0.9999855884591483,1.0,0.5966147469584719,0.5966044198837281,1.0,1.0,1.0,0.9999698973347887,1.0,0.7428506531662417
137,48.13229518648129,48.13172565913433,48.13255526467873,48.13175489149543,48.132319119985254,48.13230639442031,47.95261586528912,48.13168315867537,48.0977586650979,48.13176245575434,48.13171294328288,0.9997152768678494,1.0,0.9997298889936216,1.0,1.0,1.0,1.0,1.0,1.0,0.9998755726125209,1.0,0.9140777362013252,0.9139588780846172,1.0,1.0,0.9831808021667867,0.9999787499963044,0.999881934623528,0.9828682193916597
138,24.85306696593159,24.853093684045945,24.65363411051689,24.65364399023221,24.653634223578536,24.65363570091722,24.730826481276495,24.853097719619228,24.654693099644533,24.65372997902719,24.653645128788014,1.0,0.9050940412409637,0.9050985122877401,0.9050864211057265,1.0,0.9050940924066759,0.9050820012837073,0.905094760972181,0.9050826698402811,1.0,0.9999958553510937,0.9407101198008894,1.0,1.0,0.9626487389204808,0.9055594857622196,1.0,1.0,1.0
139,41.942361388043906,41.94443467179363,41.94238461260181,41.943441611192384,41.94240570374501,41.94236497776674,41.70287620302466,41.940902128801355,41.84997797834191,41.94454232788158,41.94418395350664,1.0,1.0,1.0,0.9995035929501466,1.0,1.0,0.9989860303906378,1.0,0.9989656882560709,0.9999901826306558,0.9994618281536257,0.8871487660665177,0.8871384643073864,1.0,1.0,0.9555558411205434,0.9982352874433896,1.0,0.9548377361755298
140,48.30164209094022,48.303368258147486,48.3016523145597,48.301663150755246,48.30165948200698,48.18246285708426,49.12521932181491,48.30390680694458,48.302981469668055,48.303375662144276,48.30166513674624,1.0,1.0,1.0,0.9991478096245248,1.0,1.0,0.9991459768153101,0.9421510971208014,0.9413382927662428,0.9421462810359544,0.9421411764091175,1.0,1.0,0.6632148676024571,0.6629080898564805,0.9995374383763661,1.0,1.0,1.0
141,44.001609468905,43.99968667549629,42.76862805740029,42.76647721502542,42.7686278780009,42.7686285867843,43.16895342902964,43.13636713723008,42.55004914826665,42.76648140787549,42.76488254698086,0.9990390652893917,0.539835559225422,0.5392553206836321,0.539774008264057,1.0,0.5398355108023384,0.5403547564438477,0.5398357021155977,0.5403549479411234,1.0,1.0,0.6594639176891312,1.0,0.9838388694476712,0.7338488922861353,0.7459035367225522,0.6494302953337135,0.9999999103003074,0.896470972759037
142,55.36877902536986,55.37002343180774,54.15959136290479,54.160639623441426,54.48222268495397,54.48599216296225,54.724595530746456,55.370101543838786,54.589366402214836,54.48334170072849,54.16087484804416,1.0,0.5462962700664077,0.5465826755273474,0.5462426958064248,1.0,0.6419286168328713,0.6415293310124919,0.6431396255941304,0.6427395865145663,1.0,1.0,0.7246317042691497,1.0,1.0,0.9346206403548859,0.6768080538854508,1.0,1.0,1.0
143,20.71237455352309,20.71239716612186,20.712385799681556,20.712406077664838,20.712387862367848,20.712379159322836,20.361826784874125,20.71240982129467,20.74790509293473,20.712410339395603,20.7124187331884,1.0,1.0,1.0,1.0,1.0,1.0,0.9999953481338137,1.0,0.9999909966410183,0.9999966798261519,0.9999865409195734,0.8392271381322041,0.83922241910478,1.0,1.0,1.0,1.0,1.0,1.0
144,47.58618149297459,47.58618122582777,45.81013394212221,45.81010453627522,45.83581423513516,46.15634118384574,46.15369294286842,47.58618202621352,45.83043842892488,45.83575796446195,45.81010477180223,0.9999998664266005,0.4114681031713572,0.41146205343179054,0.4114621083921832,1.0,0.4167854787839408,0.4167855344554017,0.48923117311299147,0.4892312384612709,1.0,1.0,0.4885838007870471,1.0,1.0,0.8507582596565166,0.41566659322913435,1.0,1.0,0.9973157060719802
145,42.457794286975684,42.45779215133291,42.4578021732753,42.457797249115,42.4578257075309,42.45779501422314,42.80435901969102,42.459148898989326,42.4576345464163,42.45878558536748,42.45907480233018,0.9999989321791832,1.0,1.0,1.0,1.0,1.0,1.0,1.0,1.0,0.9999964204803266,0.9999988825546913,1.0,1.0,0.8414698790469544,0.8408329791618989,0.9992431102991153,1.0,1.0,0.9999044240103759
146,20.487338339305893,20.487308452219935,20.48733855576174,20.487354663255985,20.487343312946933,20.48735375985197,19.651241193843873,20.487498152329977,20.48729811450184,20.487824789588103,20.487366857366453,0.9999850565686751,1.0,1.0,1.0,1.0,1.0,1.0,1.0,1.0,1.0,0.9999995482980947,0.6583302507500265,0.658330179500315,1.0,1.0,0.9998999860876565,1.0,1.0,0.9999774010328139
147,38.14407154058745,38.145705869393595,37.6029896663926,37.60483101297038,37.60349025762332,37.603406479713556,38.05131415255909,38.14643527352371,37.606393996670676,37.60343004323545,37.60301952772039,1.0,0.7629666657161793,0.7636694322051428,0.7630456436330488,1.0,0.7631576568283952,0.7625342862900971,0.7631256896212812,0.7625023451947766,1.0,0.9992879869732489,0.9546803619885796,1.0,1.0,0.8005469655929195,0.7633637395478333,1.0,1.0,1.0
148,48.78663568918384,48.78848305673151,48.786646194979056,48.78849092935394,48.78665155978558,48.786644152657345,46.54974636252271,48.789612047832065,49.04527328411314,48.78849925900735,48.789723385154645,1.0,1.0,1.0,1.0,1.0,1.0,0.999084670696709,1.0,0.9990809705294232,0.9999989788396659,0.9990770378435329,0.3267876644039783,0.3267859478263461,1.0,1.0,1.0,1.0,1.0,1.0
149,43.13623456735144,43.13765765417111,43.07893441109616,43.07895290034364,43.13603399388805,43.136036766600455,43.454023419722205,43.13947329529836,43.081510362080564,43.0789958000062,43.136162652227796,1.0,0.971756443814328,0.971765427378543,0.9710742200339644,1.0,0.999899718296852,0.9991884993034028,0.9999011045149899,0.9991898845355371,1.0,1.0,1.0,1.0,0.8544689943588841,0.8300606331922401,0.9714344682746997,1.0,1.0,0.973106433429081
150,31.119975382509494,31.12233550487997,31.11997627500014,31.12000836483773,31.119975479091693,31.11989319269145,32.23727192035034,31.12780136850259,31.130843989089072,31.122319261445455,31.127996880848855,1.0,1.0,1.0,0.9988371066639946,1.0,1.0,0.9988206830473094,0.9999589059353619,0.998779589213433,0.9999584597084761,0.9999424155849058,1.0,1.0,0.5742242520623435,0.5750984901527278,1.0,1.0,0.9999996020458549,1.0
151,51.237996065107495,49.00187076477681,50.80382968609197,48.50935822798533,50.803845351093855,50.803839800984804,48.621659229660395,49.00187349422541,48.509396615505096,48.50936042634282,48.509360171663786,0.32691252544177446,0.8048630103622522,0.2555546702717641,0.7817218686448899,1.0,0.8048693144772268,1.0,0.8048670809240921,1.0,1.0,1.0,0.2703147068760448,0.3358518199940406,1.0,0.9454149880605822,0.7817358061161489,1.0,1.0,0.3175168574289666
152,53.194176356631175,53.17233578556204,53.104482090990814,53.07381262514235,53.10443438932717,53.10443503109508,53.244122320368916,53.193783193469585,53.07788942578341,53.07379683310012,53.104047951502025,0.989139124329296,0.9561436336426852,0.9415932744498453,0.9519320905320674,1.0,0.956120829093635,0.9666191596070476,0.9561211358975181,0.966619469779677,0.9999764703289595,1.0,1.0,1.0,0.9751445491353036,0.9202439810603749,0.9437000718266731,1.0,0.9999761494526055,0.9868152092265368
153,36.76003840932333,36.760066269058456,36.76004235270861,36.76006954612632,36.76004785833783,36.76005251678123,37.93367465913323,36.76009187114602,36.76534409888171,36.76007549952908,36.76009515662193,1.0,1.0,1.0,1.0,1.0,1.0,0.9999907946820552,1.0,0.9999931238850274,1.0,0.9999914853637057,1.0,1.0,0.5561087590860869,0.5575710832848767,1.0,1.0,1.0,1.0
154,35.01667641234516,35.01813047834369,35.016680020663614,35.018131148627276,35.01669097035747,35.0166799117373,35.68104782317337,35.01903975585799,35.104506423508894,35.018144880198605,35.019049873790635,1.0,1.0,1.0,1.0,1.0,1.0,0.9992805049676624,1.0,0.999274979651162,0.9999999455368439,0.9992746447524111,1.0,1.0,0.7182022720526087,0.749558659369989,1.0,1.0,1.0,1.0
155,37.883374266682665,37.88507958233262,37.88337464819634,37.88337861499295,37.883375769084324,37.88338116184738,38.33464631946424,37.88338009029576,37.88397571360554,37.88337963803227,37.88338036181537,1.0,1.0,1.0,0.9991498778888928,1.0,1.0,0.9991484561452766,1.0,0.9991511502343503,1.0,1.0,1.0,1.0,0.7980108264980148,0.7982485188148876,1.0,0.9991506149134757,1.0,1.0
156,33.645429779552416,31.9607738212801,31.963077331263804,31.96249809495788,31.963078071562876,33.64543318562204,32.49754006507433,31.94030787353148,31.940351748881426,31.96062479441315,31.96235245683644,0.43070667925518324,0.4312030336074717,0.4310781674639502,1.0,1.0,0.431203193217104,1.0,1.0,1.0,1.0,1.0,0.5632989161230821,1.0,0.7568303978404665,0.7568470011218617,1.0,0.989819204869935,1.0,0.9887011555322569
157,51.257672193210226,49.60805710136469,51.018330579257395,49.40265038384487,51.016076635056436,50.67019355703147,51.23969697271116,49.60805726856813,48.968279638180206,49.4026156040446,49.40266300357288,0.43831934069235545,0.8872124527995907,0.3955370154268437,0.902394621241367,1.0,0.886213152315735,1.0,0.7454707968678731,1.0,0.8402393299547892,1.0,0.9910526575919442,1.0,0.44227657731288883,0.3211944206901277,0.7262297783020477,1.0,0.9988736626940906,0.35919189801783324
158,55.71717023109767,55.71719286682247,55.71717351404246,55.71719593019375,55.71717504296504,55.71717191691002,56.495841292176635,55.72095756757781,55.72130520628261,55.71719749234853,55.72097204658962,1.0,1.0,1.0,1.0,1.0,1.0,0.9999910881109944,1.0,0.9999895250986353,0.9999992014340995,0.999987993430212,1.0,1.0,0.6787910964578104,0.6789090937414188,1.0,1.0,1.0,1.0
159,33.00499809015628,32.592297598084855,32.975136720692745,32.55374676914016,32.975144397076235,33.00500320495155,32.83059687981719,32.591990438230454,32.553972893376454,32.55408768162019,32.55381283546183,0.8135480843857763,0.985180225267989,0.7980167749536804,0.9809091684558241,1.0,0.9851840065858535,1.0,1.0,1.0,1.0,1.0,0.9164932239123929,0.9302797603992591,0.8875386397859079,0.8708269572515649,0.9811707549562302,0.9998464318655927,1.0,0.8101095837793175
160,27.756049164608356,27.756037781014186,27.756386940308175,27.759163430871894,27.756099111257782,27.756054905855763,27.5115295148413,27.756137032006023,27.634448118096657,27.756085185832518,27.635835951445472,0.9999943082191131,1.0,1.0,1.0,1.0,1.0,1.0,1.0,1.0,0.9998339965538907,0.9984469447323693,0.8849184148060155,0.884768975457194,1.0,1.0,0.9409695896693882,1.0,0.999856095830002,0.9409874309739827
161,46.42001642707643,46.41998059758021,46.4199770339516,46.41999098428701,46.42019644614325,46.4200244473663,46.177808366948994,46.419986731910114,46.45697847964544,46.42198210927282,46.419997133763985,0.9999820854123548,0.9999803036315577,0.9999872786862056,1.0,1.0,1.0,1.0,1.0,1.0,1.0,1.0,0.8859417902178777,0.8859592403975015,1.0,1.0,1.0,1.0,1.0,1.0
162,38.27346473319105,38.2734279116807,36.718593648935126,36.71857315843573,36.71859401466301,36.718597642900505,38.17473251010313,38.27327081000149,36.72532585793684,36.71853466179516,36.71851960526254,0.9999815894143023,0.4595830828396076,0.4595783743202876,0.4595868355831094,1.0,0.45958316688078993,0.4595916282318475,0.45958400061998506,0.4595924619863925,1.0,1.0,0.9518325890012601,1.0,1.0,0.48446827673838533,0.4611774084660556,0.9999214522454329,1.0,1.0
163,42.59846972146471,42.600229900747195,42.598791882581224,42.59846808362437,42.598642386087334,42.598503857103026,41.87419714594799,42.60098391919868,42.598734512099156,42.6007813653699,42.601609018641,1.0,1.0,0.9999991810801645,0.9991194793246279,1.0,1.0,0.9992065576120845,1.0,0.9991373504741407,0.9998559976302375,1.0,0.6961874795448753,0.696075346308503,1.0,1.0,0.9988759286922237,1.0,0.9999252545466356,1.0
164,38.079558600325356,33.867555053679325,37.97545745709647,33.77341713969216,37.97545742743486,37.97545871544395,33.95038176369033,33.86755596332728,33.77341683103549,33.77341074427406,33.773410819985884,0.12172367364176251,0.9492808589633831,0.11612701496408076,0.9540216088601393,1.0,0.9492808448847856,1.0,0.94928145622616,1.0,1.0,1.0,0.12687049739634737,0.133649063075906,0.959432898133532,0.915319159501749,0.9540210277158504,1.0,0.9999999851691969,0.1223315498971096
165,52.31143768359408,52.31144682886978,52.311439377991064,52.313038946776715,52.31145114572692,52.311444083299335,52.621636867718564,52.311479516012525,52.31988829880126,52.31304338048753,52.31863872640034,1.0,1.0,1.0,1.0,1.0,1.0,1.0,1.0,0.9999986272157216,1.0,0.999202886125502,1.0,1.0,0.8563478009394745,0.8599558016730913,1.0,1.0,1.0,1.0
166,28.915063398714153,28.42703231056504,27.944857713392054,27.427877238878892,27.94525966118249,27.945887195210844,29.38940784866537,28.42667087956309,27.427544264500682,27.42797467090611,27.427428516074826,0.7834754557673131,0.615633880082053,0.4754026832309739,0.606786951309634,1.0,0.6157576188546763,0.7859309622553796,0.6159508535979601,0.7861776001581513,1.0,1.0,1.0,1.0,0.6179371754430245,0.3749615498198747,0.6067955849250362,0.9998193008270883,1.0,0.7719328625553981
167,39.37341389470228,37.06850180704441,37.06658566960192,37.06771390890489,37.06751556052788,37.066623273821676,37.5017191069378,37.06812976376375,37.12301042281655,37.06780993147768,37.06809518724796,0.3158600498146934,0.3155575790976776,0.31573564154876366,0.9996061285179855,1.0,0.3157043302753915,0.9995069983070245,0.31556351230173074,0.9990611743614408,1.0,0.9994548311169794,0.39225333158432746,1.0,0.8050952612671428,0.8274932390797879,1.0,0.999813995660621,1.0,1.0
168,36.75874516522464,36.758778071131076,36.479578012772805,36.47960981701175,36.47959540983561,36.479608507897126,39.45662145715855,36.758904539188165,36.4869219044775,36.479627248632596,36.48711877852671,1.0,0.8697203322238516,0.8697341627304487,0.8697198531526744,1.0,0.8697278975463766,0.8697135880716824,0.8697335934397797,0.869719283871372,1.0,0.9999993454429028,1.0,1.0,0.25953636301045074,0.22653636924284878,0.8728502111040479,1.0,1.0,1.0
169,46.578818110146074,46.57854657050959,45.9479681286885,45.94793357149547,45.94795806005925,45.947962603832224,45.96545718940402,46.58011312884497,45.94694137578949,45.94793046326518,45.94792760598574,0.9998642393980616,0.7294787866603678,0.7294661823996381,0.7295652286142281,1.0,0.7294751142438871,0.7295741616712342,0.7294767715304242,0.7295758191827963,0.9999972375756768,1.0,0.7358857079883354,1.0,1.0,0.9907848156700734,0.7286324364493157,1.0,0.9999949656980465,0.9994917870490936
170,39.21763282321638,39.217739557712434,38.6486265773695,38.64867734568594,38.648626794672595,38.648631914293446,38.82615201865278,39.21779431514068,38.64968902592028,38.6486361634594,38.648637343497256,1.0,0.7523880058101853,0.7524071047887728,0.7523669519636256,1.0,0.7523880875583114,0.7523479357480343,0.7523900135316473,0.7523498616185889,1.0,0.9999772845617528,0.8222256548791418,1.0,1.0,0.9155489059441912,0.752727016642726,1.0,1.0,1.0
171,37.558750863194405,37.55995881306703,37.558885852868684,37.558731500789946,37.559476474854534,37.55890602999898,36.36158881413698,37.558699861714246,37.55526456986058,37.559843671117136,37.55870078632785,1.0,1.0,0.9999903188446335,0.9993865321098793,1.0,1.0,0.999758859972685,1.0,0.9994737469856936,1.0,1.0,0.5495909391191798,0.5495538458200673,1.0,1.0,0.9982838283826989,0.9993707224018589,1.0,0.9978962634651407
172,28.39692299621953,26.5091701777491,27.58815116370843,25.909166351655756,27.58812508437154,27.58865266410686,25.90898013853422,26.509179839448706,25.91574656360291,25.909162925664816,25.895704552481675,0.38911653311546185,0.6673865162597866,0.2882640662372955,0.7408168034632425,1.0,0.6673778138176284,1.0,0.66755388454463,1.0,1.0,1.0,0.2882372282109124,0.43188949909607277,1.0,1.0,0.7432545926904912,1.0,0.9999869604165706,0.43335879840193636
173,48.97026804656562,48.96942227035922,47.580724306248214,47.48601207315954,47.58071740768918,47.708058529708694,47.7985023413419,48.86258825858346,47.48614202807465,47.48620281419687,47.4860458802566,0.9995772013013687,0.4991883147474593,0.476099702951126,0.47630108242893343,1.0,0.49918659291039913,0.4993977376239662,0.5320037406179501,0.5322287662476937,1.0,1.0,0.5566142364952702,1.0,1.0,0.8554050695907722,0.5024681042190606,0.9479846148804392,0.9999965507264308,0.9538129558497852
174,34.86494756498712,34.86766321366065,34.864936838765885,34.86577073777096,34.86493927705479,34.864970764219464,35.5609420033276,34.86497802261633,34.86941337615039,34.866188746390634,34.864995924125196,1.0,0.9999946369037646,1.0,0.9990542095971076,1.0,0.9999958560424205,0.9986389587549764,1.0,0.9986546810334119,1.0,0.9996000932082987,1.0,1.0,0.7061115929185431,0.707679257837632,1.0,0.9986583053559906,1.0,1.0
175,38.83263675479705,40.50751336998712,38.51091593395199,38.510799201855065,38.51097718576523,38.51087935949087,38.52879997214308,38.83340052247726,38.62922981266837,38.51078948069329,38.510789458782426,1.0,0.8514109109018666,0.8513612188615565,0.36848433292421384,1.0,0.8514369865322101,0.36851712652457913,0.8513953410966022,0.3684991016366477,0.9999817129366503,1.0,0.8590583844953468,1.0,1.0,1.0,0.9029524769571813,0.4329831684154495,1.0,1.0
176,29.64405231217242,29.647273893654784,29.644048704060594,29.640348717386587,29.637147369981903,29.644048677707218,30.30209366587721,29.64410555165182,29.642336963101997,29.644082401889904,29.63721697387311,1.0,0.9999981959457146,0.998149916126016,0.9965433997110537,1.0,0.9965534818303352,0.9949495348669753,0.9999981827690503,0.9983886915798048,0.9999999868233119,1.0,1.0,1.0,0.7196472935171321,0.7190111948261861,0.999116096598047,0.9984170831350554,0.9965552796701581,1.0
177,33.79001839203059,33.78835809212808,33.03808210730591,30.53927457208445,30.53537683118222,30.830201326968847,30.53764484339365,33.788319284200014,31.090009695936345,30.539292618673443,33.04194589996561,0.9991701945278856,0.6866242069190676,0.19683845540480271,0.19700192868324118,1.0,0.1964552163183848,0.1966183713188234,0.22765851077931895,0.22784757994796784,0.33156202255210193,1.0,0.19667812409869373,0.28644216460296773,1.0,1.0,0.25945946465866365,0.9999805962242238,0.28611752154776715,1.0
178,42.513240109177985,42.51329807262235,42.19497572928083,42.348914733754356,42.12699035083119,42.04717216704296,42.62868000982442,42.516759329123914,42.129481285851,42.12701019465163,42.347190671476625,1.0,0.8528836088766798,0.9211220912605548,0.9210953959428508,1.0,0.824379019940249,0.8243551283627322,0.7921266636788675,0.7921037068166347,0.9287629114155045,0.8599583824928603,1.0,1.0,0.9455766363849706,0.7791128627812058,0.8239552806209642,1.0,0.9665785710503055,1.0
179,53.05010320972332,53.051772982941145,52.64878040804123,52.65045356438975,52.755255642420934,53.01694086801214,54.025701085373754,53.05234209931112,52.92127587756249,52.75692441734074,52.650610468250534,1.0,0.8181894229071578,0.818874188710897,0.8181908069292015,1.0,0.8629282050521662,0.8622080585114966,0.9835555401056961,0.9827347254474005,1.0,1.0,1.0,1.0,0.6146640054745631,0.5756746601980436,0.9365680356597144,1.0,1.0,1.0
180,31.71895147030162,31.71892162974123,31.718921768504487,31.71893611104872,31.718950053439926,31.718905551195945,31.955268231347247,31.71892651070084,31.721345877412887,31.718942771754115,31.71903324419742,0.9999850798311133,0.999985149211708,0.9999923204030389,1.0,1.0,0.9999992915694045,1.0,0.9999770407107318,0.9999919607596717,0.9999918913786043,0.9999847201903502,1.0,1.0,0.8885442226910618,0.8896197302289739,1.0,1.0,1.0,1.0
181,42.53155756593506,42.533211799517034,42.53155949381514,42.533241854924796,42.53156064345353,42.53155934089659,42.78469049628467,42.53339077532368,42.53371709233073,42.531348358724244,42.53157973020569,1.0,1.0,1.0,1.0,1.0,1.0,0.9991747626640286,1.0,0.9991741119232305,0.9999999235407302,0.9991590967433728,1.0,1.0,0.8819235890305357,0.8820674941028945,1.0,1.0,1.0,1.0
182,39.455346314942716,39.45509713327402,38.96039365456835,38.960412976007746,38.960393817459675,39.455067074574686,39.1073237058377,39.455204133557515,38.96251457249306,38.9604131701679,38.96314047820303,0.9998754169267693,0.7807687012412223,0.7807762440652284,0.7808735276891124,1.0,0.7807687648314492,0.7808660475234311,0.9998603895624292,0.9999849707632713,1.0,1.0,0.8402873985317215,1.0,1.0,0.9301545101648758,0.7816526798342283,1.0,1.0,1.0
183,34.21577810785152,34.21579310654883,32.17225479875697,32.172269442791304,32.19348076335143,32.220302135113684,35.052399545105146,34.215800269615215,32.195630856270185,32.19349594514611,32.17227609916196,1.0,0.3599602556685607,0.3599628913133817,0.3599601918362792,1.0,0.3638008515287647,0.36379812326956823,0.36871253135742227,0.3687097662639644,1.0,1.0,1.0,1.0,0.6581649878031747,0.23969587554738353,0.3641881291003358,1.0,1.0,1.0
184,43.577237380472695,43.577989922032714,43.1997599975648,43.20069000749476,43.1997568600342,43.2003597657972,43.63092282619334,43.57866924554196,43.29939219325064,43.20074174795667,43.20085430647555,1.0,0.8280028426472242,0.8283879576133186,0.8280763180644622,1.0,0.8280015437061161,0.8276900495261711,0.8282511847829745,0.8279395966880566,1.0,0.9998348927829198,1.0,1.0,0.9742115611766764,0.8472450453165041,0.8696725424744303,1.0,0.9999984312359315,1.0
185,37.561115490404916,37.56228174201567,37.56125006239765,37.56238322136005,37.56124936275222,37.53651670717744,34.88028531864333,37.56229835097818,37.54919529579789,37.56113422342378,37.56113030242099,1.0,1.0,1.0,1.0,1.0,1.0,0.9994839435712229,0.9877759367559806,0.9872001070242322,0.9877094755038708,0.9871500180851748,0.26173700269474937,0.2617193920522186,1.0,1.0,0.993469886875393,1.0,0.9999996501773482,0.9939910926552155
186,46.558628885190956,46.4662633695184,46.39191035301161,46.25351760902882,46.39191148948635,46.39218589903405,46.2535156712774,46.46626336875559,46.32663821356053,46.25351483578902,46.25351391840687,0.9548674367365837,0.9200205556510632,0.8585111267159018,0.8990893329130635,1.0,0.920021078441271,0.9635066010687244,0.9201473183854392,0.96363880784352,1.0,1.0,0.8585102949257271,0.9331425147541321,1.0,1.0,0.9325685877729171,0.9999999996185949,1.0,0.9678901902517562
187,25.47947670183325,25.23069097356202,25.479140592504393,25.230709300760253,25.479143071974534,25.479113824229643,26.19683808899839,25.23068777600227,25.33361306389679,25.2307047658812,25.23072215814048,0.8830328607876232,0.999831959455966,0.8830409525838414,1.0,1.0,0.9998331989834788,1.0,0.9998185776572206,1.0,0.9999866159521918,1.0,1.0,1.0,0.616883458830794,0.6494609859150775,1.0,0.9999984012214034,1.0,0.9298193081360423
188,39.5218559840456,39.519486779743374,39.52185711170483,39.52204186200774,39.52190410034174,39.52195413412011,40.64653465655229,39.52220524029741,39.24761454588071,39.52213853516383,39.52229564018896,0.9988160992130418,1.0,1.0,1.0,1.0,1.0,1.0,1.0,1.0,1.0,0.9999561370181929,1.0,1.0,0.5699739003124341,0.49685350477684587,0.8717127301872822,1.0,1.0,0.871843993835678
189,32.206016746690096,32.20816053900853,32.206077604486524,32.20822019313442,32.2060783985541,31.915264147183365,32.23296657533899,32.2082640312085,32.20477334888702,32.20823975902445,32.20832508038578,1.0,1.0,1.0,1.0,1.0,1.0,0.9989594714983845,0.8646968466717354,0.8637704780170987,0.8646705352997176,0.8637447146649047,1.0,1.0,0.9877246918237094,0.9860022787999981,0.9982561810614139,1.0,1.0,0.9993476880144897
190,32.843735944171186,32.845740399261985,32.84369298285907,32.84371862560755,32.843692054672545,32.84369400422719,33.25970810322224,32.847092608239194,32.824131354111046,32.843816917340064,32.82612689541929,1.0,0.9999785195746485,0.9999913407556736,0.9989896239467457,1.0,0.9999780554914635,0.9989763519907232,0.9999790302478695,0.9989773257706909,1.0,0.9999876893855952,1.0,1.0,0.8135826597296867,0.8042956330782904,0.9885850238567254,1.0,0.9999995359068461,0.9902673218019156
191,44.28046530654626,44.02349631272969,44.31379095436654,44.0525053042071,44.280564359154766,44.28046548896586,43.8543664227133,44.02310699381363,44.05182132445654,44.05183550815255,44.05184900340987,0.8794271961532114,1.0,0.8922758001763911,1.0,1.0,1.0,1.0,1.0,1.0,0.9834753227728106,1.0,0.8081161814160016,0.7947622498659251,1.0,1.0,1.0,0.9998053594868912,0.9835239421700268,0.8919265281413038
192,32.41980033105634,32.420359248521464,30.751323087427323,30.7517098599196,30.07381989401003,30.751326854027468,32.26407907137576,32.42055768302191,30.792560627038455,30.75179312901659,30.751779661872206,1.0,0.4342049497881303,0.43428892717319856,0.4341675782968356,1.0,0.30944026246527917,0.3093537987638075,0.4342057675271137,0.434084441887193,1.0,0.9998085153894526,0.9250933479670859,1.0,1.0,0.4791415459633436,0.4430828403032937,1.0,0.7126594540579749,1.0
193,39.26617595286103,39.2660583696896,39.26604998624538,39.26601225376558,39.265991690359186,39.2659941425228,39.92250962701249,39.26768434710334,39.270036839613425,39.26686278324735,39.266047219471574,0.9999412101424761,0.999937018675579,0.9999181538018567,0.999976942303822,1.0,0.99990787299303,0.9999666608905523,0.999909098962633,0.9999678869322343,0.9999720785285227,0.9999909444196114,1.0,1.0,0.7207862564452866,0.7216345773994808,1.0,1.0,0.9999708524817016,1.0
194,21.045117865440744,20.104742938169863,21.045110250114107,20.104759799547196,21.045146308826276,21.04510846580314,19.457185303286423,20.104742856725352,20.10477157128534,20.10476472585742,20.104759795785924,0.6248851140667507,0.9999961923439302,0.624890382300807,1.0,1.0,1.0,1.0,0.9999953001922416,1.0,0.9999991078449143,1.0,0.4520482843476554,0.4520500055986031,1.0,1.0,1.0,0.999999959277745,1.0,0.6248851733464628
195,46.48615362193519,46.23634041707416,45.82894722323343,45.580507974123265,45.82895261546034,45.82895693692768,45.7875608086205,46.23645263181686,45.65652162123888,45.58057415202259,45.58037941578033,0.8825793294995529,0.7199286282249178,0.6358307776608598,0.7204233731843616,1.0,0.7199305692367957,0.8157120217680788,0.7199321248166987,0.8157137843064151,1.0,1.0,0.7051840780338648,0.9795194278807781,1.0,0.936580695507279,0.7482893791592673,1.0,1.0,0.9173965136190527
196,44.08026311833993,43.766140741976216,42.239595066368395,42.23924269514151,42.239596349807016,42.239619408326405,42.33067564414793,43.76385009636937,41.9195726779661,42.23887088745252,42.23889449609169,0.8546517626302713,0.39838594759854795,0.39831576390884393,0.46605621298081634,1.0,0.3983862032505856,0.46613863174460035,0.39839079637505925,0.4661440060089199,1.0,1.0,0.41694801171743423,1.0,1.0,0.8141981760493955,0.39766763552330775,0.9988553328284107,1.0,0.8521337031197949
197,38.130699473789036,38.131074654744936,38.13068829882792,38.13106150739324,38.130691730743536,38.13072887848347,38.777606881305985,38.13131021762763,38.05877270975185,38.13108098891772,38.131258454294056,1.0,0.9999944125350517,1.0,0.9999934263457594,1.0,0.999996128484744,0.9998085563269792,1.0,0.9998271268135572,1.0,0.9998336993745951,1.0,1.0,0.7238664739587436,0.698083130078903,0.9643810774398288,1.0,1.0,0.9646793520810223
198,30.448109999863107,30.447992308028773,30.448141951055135,30.447986468877787,30.44806363521556,30.448080586537372,30.467169016307565,30.448519943887987,30.448621075984903,30.44842323892115,30.44798064666321,0.9999411558142204,1.0,0.9999382364147887,0.9999970804287686,1.0,0.9999768179449353,1.0,0.9999852934452753,1.0,0.9999693182118146,1.0,1.0,1.0,0.9907188024690088,0.9907689004706008,1.0,1.0,0.9999608428468746,1.0
199,38.38044183748934,38.3831971600747,37.559150948909604,37.55918106780527,38.38039381497629,38.3803916993906,39.34884313917536,38.38045072292104,38.386474811935585,38.383175335814656,37.55921475406845,1.0,0.663222039079955,0.6632320269128595,0.662318946923211,1.0,0.99997598903174,0.998599309334947,0.9999749312648545,0.9985982530243027,1.0,1.0,1.0,1.0,0.6161922881157218,0.6180510846962659,1.0,0.9986277238563611,1.0,1.0
200,41.42272056348634,39.80653684315729,41.422295034755734,39.80653665839955,41.422261019265335,41.422535525870586,39.805260876908164,39.80653706440461,39.80653684140944,39.806536643777434,39.80653685380227,0.4457077279991738,0.9997872582674312,0.4457076868252,0.9999999076211352,1.0,0.9997702542850888,1.0,0.9999074854718576,1.0,1.0,1.0,0.4454234646774661,0.4455182450007984,1.0,1.0,0.9999998885024217,1.0,0.9999829923994311,0.4458101505814186
201,52.39047176383161,48.731251836839476,52.390477447678336,48.73071143440626,52.390482324951364,52.390971015666025,52.14062919473895,48.73089076591398,48.730723882107924,48.73067109549385,48.732547346179416,0.16047614712565322,1.0,0.16043279213301287,0.9997298352844528,1.0,1.0,1.0,1.0,1.0,1.0,1.0,0.8825663714627443,0.8825638632803192,0.18179616093835213,0.18178099215358487,0.999916561578149,0.9998194808327996,1.0,0.1604329434678862
202,53.774679800249345,47.53577871523419,53.03869373839865,46.74576472332714,53.03869699826876,53.038813840421085,46.74577775423916,47.53577817736908,46.74778930690539,46.745782264114695,46.74577061191144,0.0441814375735488,0.6921220051218451,0.029763944370719907,0.6736753262311099,1.0,0.6921231332366838,1.0,0.6921635689961027,1.0,1.0,1.0,0.029764138297021823,0.04300417856499443,1.0,1.0,0.6743578088748619,0.9999997310674835,1.0,0.043047382744032116
203,45.96702435149024,44.353286441539694,44.99326961389235,43.433306519111284,44.993274116206464,44.97234631885817,43.311472017230415,44.353286485527974,43.43314519025364,43.4335660630731,43.433304664816774,0.4462531197058385,0.6145423903953835,0.281715124290333,0.6312899828600286,1.0,0.6145437738283793,1.0,0.608146777179438,1.0,0.989592885184323,1.0,0.2650660689891812,0.4313226770551065,1.0,1.0,0.6312390483843479,1.0,1.0,0.45837646204175675
204,58.73544567911799,36.822904035788156,58.70613543557843,36.82290158515994,58.640006494740135,58.49488636181408,36.76116685191582,36.869187666239384,36.86918097665179,36.82289728261247,36.869185428319724,1.7448256616602797e-05,0.9854517418571959,1.7448235237020916e-05,0.9999987746866428,1.0,0.9534010907116617,1.0,0.8866724364227663,1.0,0.8997624122635689,1.0,1.6917881582558203e-05,1.7167640853396348e-05,1.0,1.0,0.9999966552117973,1.0,0.9674761839832653,1.872946212827591e-05
205,59.34941732829702,57.361598772460184,59.34987887245347,57.36159735473592,59.34943558952173,59.34999991449271,57.34947518332811,57.36159892362656,57.361597341668784,57.36159720010056,57.36159750572193,0.3701269300743887,1.0,0.370126667705517,0.9999992911381196,1.0,1.0,1.0,1.0,1.0,1.0,1.0,0.3678900831636176,0.3678051941999453,1.0,1.0,0.9999992090214251,1.0,0.9997783830947846,0.37012328581959464
206,59.618661993345086,48.460013057572866,59.618665826096134,48.46001273520898,59.618665087364775,59.618665899950116,48.403002154765204,48.394051676076714,48.394051198887894,48.460013789255015,47.99493225698899,0.0037751148689389017,1.0,0.003775114260458596,0.9999998388180688,1.0,1.0,1.0,1.0,1.0,1.0,1.0,0.0036690228004074435,0.00366901576918869,0.9955347596178717,0.9955345220888715,0.9999997614056184,0.9675572422151986,0.9999996306343888,0.0036526332094728923
207,15.723431857284112,14.34242943849523,15.723446678543695,14.34244427293794,15.72347938028804,15.72347943952883,18.57429023060311,14.34242942591834,14.34244851392333,14.342471830802197,14.342444260975185,0.5013247374183658,1.0,0.5013284558687039,1.0,1.0,1.0,1.0,1.0,1.0,1.0,1.0,1.0,1.0,0.12052110425481326,0.120522254514022,1.0,0.9999999937115547,1.0,0.5013176067323374
208,52.29961501363218,49.65956208557259,52.29963692609516,49.659592355054826,52.29961474287418,52.2997180531959,49.81763524443477,49.65964981238449,49.65956045190944,49.65954982644047,49.65955724216383,0.26712823258280255,1.0,0.2671322755300427,1.0,1.0,0.9999998646210123,1.0,1.0,1.0,1.0,1.0,0.2890979026915109,0.28909473528531693,0.9240466551531784,0.9240053694514788,0.9999553207606247,1.0,0.999988908451023,0.26712805054764227
209,41.50745794885725,31.3505562511466,41.507467133664704,31.350592970617186,41.50746961204925,41.50747428826449,29.49078529304967,31.350745645070305,31.35078441316054,31.35061159981734,31.350641411977193,0.006229552062454161,1.0,0.006229666436430951,1.0,1.0,1.0,1.0,1.0,1.0,1.0,1.0,0.002458174376544065,0.0024581630876408184,1.0,1.0,1.0,1.0,1.0,0.00623022644429559
210,46.69917400560783,46.42568686589058,45.82676887958334,45.48069414302236,45.635702897512346,45.816054601276164,45.480649383144055,46.42411546867126,45.484365009430746,45.48068991770299,45.480690510749014,0.8721938542517425,0.6464867583661438,0.543764010055025,0.623443982555371,1.0,0.5875842999106827,0.6736854393623,0.6430326990395024,0.7372589200266289,0.9946571847266126,1.0,0.5437518407857405,0.841087359870999,1.0,1.0,0.6250802549181644,0.999214609970669,0.9088883759903692,0.9271230853818759
211,43.61006057244421,43.610887734549095,42.04335984435312,42.04327108034022,42.03757230198241,42.01986865974237,43.56055199515933,43.60997981026,42.03163610200215,42.03748339145332,42.043243322488024,1.0,0.4568727542056401,0.45685247772607485,0.4566635712642855,1.0,0.4555525800563536,0.45536421109645275,0.4515379049140731,0.4513511960044363,0.9883231178868553,0.9883669826232439,0.9755495861949842,1.0,1.0,0.46558623519870335,0.45422080064783454,0.9995461408806765,0.9971104117347035,0.9970363004639091
212,51.92949579698296,51.370608920802596,51.92951829091942,51.37136285388351,51.92950129120712,51.92950751628081,53.006817236280824,51.37170349000726,51.37448203059492,51.37133858526832,51.37089892938317,0.7562044989762218,1.0,0.7564896165065875,1.0,1.0,1.0,1.0,1.0,1.0,0.9999946126952063,1.0,1.0,1.0,0.44150900042303265,0.4421228020312251,1.0,1.0,0.9999915001799732,0.7576682679904979
213,40.16956087247797,39.733064562132256,38.879930822671724,38.489860032273754,38.87993386518286,38.94541240208352,38.56047411981359,40.16375521500231,38.72967515119768,38.48986018280493,38.48986018061893,0.8039259185359553,0.5247596005875703,0.4317751034749102,0.5370831982394897,1.0,0.5247603988816427,0.6527472081473547,0.5422249996400923,0.674471350081048,1.0,1.0,0.4472921241053833,0.8523753040526614,1.0,1.0,0.48819516153283093,1.0,1.0,0.9276234839830045
214,54.28612867074415,47.2516261039961,54.28527711705061,47.251626002875014,54.28566731332651,54.28521072035977,47.25138979839576,47.25162621271508,47.25158666575288,47.25158655893833,47.25158673926549,0.029680907548404297,0.9995743137833303,0.0296809060477215,0.9999999494394571,1.0,0.9997693478954703,1.0,0.9995411301208125,1.0,0.9999668022056387,1.0,0.029677400873231705,0.029690039513825126,1.0,1.0,0.9999802267143943,1.0,1.0,0.029687169680913863
215,39.54587593824439,39.546860008223604,38.86895458935845,38.86897689523079,38.86895916809209,38.8702285644012,39.08971365313772,39.54593893322618,38.8715528253378,38.86897915248221,38.86898063445142,1.0,0.7128668127221691,0.7128747633245635,0.7125240902765806,1.0,0.7128684447376645,0.7125177747978828,0.7133210446409487,0.7129701520609563,1.0,1.0,0.7960596629010537,1.0,1.0,0.8966583108073805,0.7137710302881572,0.9995395685324053,1.0,1.0
216,55.82029065377324,47.38253109201679,55.82029805319809,47.38253682708415,55.82030337296098,55.82030328524618,45.34390724352255,47.388622402870624,47.56719393797118,47.3825435364391,47.38862812352775,0.014715119433582552,1.0,0.014715161629743642,1.0,1.0,1.0,1.0,1.0,1.0,1.0,1.0,0.005309849934102182,0.005309830289220758,1.0,1.0,1.0,1.0,1.0,0.016138384444998318
217,33.45825046202009,26.186560985264293,33.57120498913011,26.155146991711888,33.57121195322091,33.571288944360305,26.781611499933774,25.889097752432235,25.890420220877076,26.15515070581651,25.89041747019104,0.0263616562763996,1.0,0.025950828706140773,0.9844157147809173,1.0,1.0,1.0,1.0,1.0,1.0,1.0,0.0354965602684003,0.03354737216383793,0.6400193467741101,0.6404426894181054,1.0,0.8618003769379328,1.0,0.02148509443931393
218,42.211709686335496,39.55851308935928,42.21171198118799,39.558514622660454,42.21171592451779,42.212726306814716,39.58419405527684,39.55851658527118,40.590470543278826,39.558514888836214,42.17416434114898,0.26537846594502124,1.0,0.2653786693976558,1.0,1.0,1.0,1.0,1.0,1.0,1.0,1.0,0.2688080250910584,0.2688077166538521,0.9872433299764698,1.0,1.0,1.0,1.0,0.4445811435056404
219,39.985549402843105,31.00566793105301,39.98555041188368,31.00566852915219,39.9872606227967,39.98574035967778,31.008683460655618,31.00566683564881,31.005667471592773,31.00566856681729,31.00566743336836,0.011221308810706616,1.0,0.011221312166434898,1.0,1.0,1.0,1.0,1.0,1.0,1.0,1.0,0.011238240666576426,0.011238234996657452,0.9984928244282122,0.9984931419210042,1.0,0.9999994522980494,1.0,0.011211709277479644
220,43.191724340506454,36.68090577362068,43.10661632422554,36.68094994662533,43.106611849246804,43.19172243419524,36.60073926252895,36.68088887970546,36.680904938594125,36.68092358359138,36.68088780061785,0.038565033403216015,0.9583387060318026,0.03856588517932233,1.0,1.0,0.9583365617615349,1.0,0.9999990468448483,1.0,1.0,1.0,0.0370497920852936,0.03866043586896937,1.0,1.0,1.0,0.9999915530780674,0.9999977625131343,0.04024162161873367
221,54.148330917976125,41.223555702967616,54.1503477545605,41.22351155245258,54.14830783467977,54.14830464990507,40.3627872745472,41.223721595440594,41.2235382749638,41.223571235912374,41.22373688589886,0.0015610640490574573,1.0,0.0015610295885469332,0.9999779249861378,1.0,0.999988458418427,1.0,0.9999868660507244,1.0,0.9989789692792338,1.0,0.0010150962720109095,0.0010140731463179173,1.0,1.0,0.9999083439622746,1.0,0.998980560041973,0.001561068463200634
222,50.951856205124216,49.77520207546846,50.110783242762125,48.97727864556964,50.110785688681744,50.15736848761324,51.43477579718183,49.77506354328952,48.97746453433109,48.977370946910895,48.9772878331062,0.5552554144799893,0.6566944210972525,0.3725854841732836,0.671016390758151,1.0,0.6566952242086279,1.0,0.6721700910831445,1.0,1.0,1.0,1.0,1.0,0.4361120265771937,0.2926857908894098,0.6711252454708518,0.9999307363093717,1.0,0.5674171240681465
223,54.46926045628845,46.38314962248742,53.515371846717755,45.78824340812545,53.515379634786484,53.51661191496254,45.78819767432441,46.383150050867954,45.792675804805896,45.78824120254487,45.78824126934964,0.01754378685864285,0.6206770970749492,0.013029900500223306,0.7427074100483724,1.0,0.6206795140176002,1.0,0.6210620573860541,1.0,1.0,1.0,0.013029602550191357,0.020992562173786776,1.0,1.0,0.7443550628090505,1.0,1.0,0.0210395366227166
224,45.035251510305244,32.775937605570874,42.096476215219724,30.77468448400245,42.09693597160316,42.1531827749354,34.951862406843304,32.775935163485,30.737335006831387,30.774642347828205,30.72355712322647,0.002177327759747827,0.23006632373957606,0.0008004924051931025,0.3676490145359715,1.0,0.2301192170493287,1.0,0.23668281496765073,1.0,1.0,1.0,0.006462787506325063,0.028090975685953184,0.3369018552765107,0.12157016416926923,0.3608474167335501,0.9999987789578094,1.0,0.0034142395763784488
225,64.91577770530628,60.903743615505135,64.91569965111054,60.90374774004866,64.91695034216724,64.9156817643705,62.040870778789696,60.904091114555,60.90377759833629,60.9037391444906,60.90397612787751,0.13452340974983482,0.9999609736636774,0.13452368717395005,1.0,1.0,1.0,1.0,0.999952030682675,1.0,0.9999910566699721,1.0,0.2375318727976659,0.2375411431582092,0.5664367630934943,0.5663479764966337,0.9998432541765551,1.0,1.0,0.13444684373614582
226,41.49961877887387,41.49962699086484,41.499622492637144,41.49963070586665,41.49962740962724,41.49962369565816,40.71815537135987,41.499637863516256,41.74278260824195,41.49963562139098,41.4998432491532,1.0,1.0,1.0,1.0,1.0,1.0,1.0,1.0,0.9999983523980164,1.0,0.9999964949018969,0.6765616506400665,0.6765603943463264,1.0,1.0,1.0,1.0,1.0,1.0
227,53.058750842970085,47.119647988376954,53.057881829026286,47.1196488741661,53.057031012349654,53.05720662952905,47.122019376141964,47.11964844871525,47.11964940560969,47.119648987146945,47.11964937950978,0.05132632875886286,0.9995655874125842,0.05132635149102046,1.0,1.0,0.9991404543109997,1.0,0.9992281912771754,1.0,0.999662457231764,1.0,0.051387222166219965,0.05140955512407932,0.9988152386711747,0.9988157165516629,1.0,1.0,0.9995746821349814,0.05137052043893749
228,42.886993378530235,36.408932538949784,40.65589269513649,34.36089656345479,40.25701130439785,40.65577210170741,33.79221199452232,36.419274738512,34.370223608716,34.36116291300897,34.361015901314374,0.03920188605127424,0.3277348630982906,0.014079317428205826,0.3591489809901167,1.0,0.2684767295676086,1.0,0.3277151023585665,1.0,0.9999397051032735,1.0,0.010594813479399454,0.03232739226837144,1.0,1.0,0.35896673143050956,1.0,0.8191888010616981,0.052686614613977736
229,48.554158075904866,47.66153181995486,48.55418105885772,47.66154768929397,48.55418587362968,48.554162890704305,46.612567357772434,47.66149323853216,47.66154284193334,47.661480743311245,47.66154971986768,0.6399833439949267,1.0,0.6399884220714278,1.0,1.0,1.0,1.0,1.0,1.0,0.9999909159645515,1.0,0.3787816508436275,0.3787772981082251,1.0,1.0,1.0,0.9999807094747145,1.0,0.6399779759183224
230,55.44821214763138,41.02569087051887,55.06101100241236,41.0241043505587,55.059597645947434,55.051274792691856,41.64401545227358,41.025455934337714,40.34457612165451,40.342720863883756,40.348017072021094,0.000738225932544595,0.8239869615087964,0.0007376405596631821,0.9992070545674345,1.0,0.8234048735579325,1.0,0.8199854543573535,1.0,0.9951437251578402,1.0,0.0010056729619529606,0.0012204962079879031,0.7339754050994446,0.5221921448173172,0.7114572793438041,0.9998825388085268,0.9992935714057927,0.0006377840815027091
231,57.43757366306633,56.50389608141569,57.441539860928515,56.50381105340443,57.437577862762765,57.437624838037976,58.112627741248275,56.50379715889406,56.503801356420695,56.503801348284895,56.50381180395763,0.6269811573806177,1.0,0.6269545024667715,0.9999574868980796,1.0,1.0,1.0,1.0,1.0,0.9980444032307227,1.0,1.0,1.0,0.4473494192557177,0.44735035813725443,1.0,0.9999505399623729,0.9980209618007585,0.6269501461888041
232,61.6196989690082,42.17875789294419,61.619761213021775,42.178757930383654,61.61969227364972,61.61974723958116,42.19369947474743,42.17878757612888,42.17878765094258,42.17875806043497,42.178787520927756,6.00417419758172e-05,1.0,6.004174309978255e-05,1.0,1.0,0.9999966523263639,1.0,1.0,1.0,0.999993013304099,1.0,6.049198100221198e-05,6.049009839966391e-05,0.9925717773285135,0.992571814457497,1.0,1.0,0.9999655309080446,6.0042836347314265e-05
233,47.9883832266502,46.71415871996021,47.98838503017629,46.71415800468915,47.988382739380995,47.98838292612041,46.692527156335046,46.71415886892896,46.714157384840234,46.71415724269886,46.7141581214571,0.5288173116616686,1.0,0.5288171225378436,0.9999996423645356,1.0,0.9999997563654274,1.0,0.9999998497351157,1.0,0.999998947972613,1.0,0.5231285586121956,0.5231280868744066,1.0,1.0,0.9999992579559116,1.0,0.999998854603009,0.5288170874826332
234,32.947997766562594,23.17030600503864,32.94800923101357,23.170303405766163,32.948013146924865,32.90505234551139,23.142860513007804,23.170306081306478,23.170616300794222,23.170303176679766,23.17030350541765,0.007530108104530926,1.0,0.007530098318135917,0.9999987003646059,1.0,1.0,1.0,0.978756186846608,1.0,0.9787505764115264,1.0,0.007427480122923339,0.0074274375470544845,1.0,1.0,1.0,1.0,1.0,0.007531218558798096
235,42.70458371753668,38.18468550692674,42.418257379116255,37.86597433318926,42.418260919524386,42.41826557150105,39.65488728947835,38.18461512806405,37.865378603370004,37.53803356414531,37.86618740770572,0.10435579577601321,0.8666126528563052,0.08898346685562498,0.8526930985856981,1.0,0.8666141869389039,1.0,0.8666162026757366,1.0,1.0,1.0,0.21765409119563428,0.25115498888489457,0.47944021197248443,0.40870798826577137,0.8524691464328561,0.9999648111877968,1.0,0.10264886854045219
236,38.613192744496814,38.61321773470894,38.61325020755953,38.61322089668661,38.61319914321473,38.613290438719616,39.407724652947905,38.613243294011056,38.618214637041575,38.613573672571704,38.61324645801196,1.0,1.0,1.0,1.0,1.0,1.0,0.9999907042960999,1.0,1.0,1.0,1.0,1.0,1.0,0.6721722281082165,0.6738451057197556,1.0,1.0,0.999974468153542,1.0
237,47.61377673619819,46.80531100281783,47.54708036161222,46.80530208275488,47.61377341563772,47.54708067118193,46.76225788760448,46.80531100211772,46.684126630655356,46.80400454240828,46.68390979255031,0.6674886672929199,0.9672017335997761,0.6674856902790924,0.9999955399784693,1.0,0.9999983397211449,1.0,0.9672018833079697,1.0,1.0,1.0,0.6532734849455307,0.6754262965536126,1.0,0.9616875929855495,0.941206999163585,0.999999999649944,1.0,0.6282460483621789
238,65.57486778161632,57.950461372342204,65.57487052893245,57.950471886968046,65.57487473385626,65.57487261315401,54.318062363365016,57.95155305531381,57.829813662510134,57.950732543466444,57.95198620680631,0.0220994357018568,1.0,0.02209955188581107,1.0,1.0,1.0,1.0,1.0,1.0,1.0,1.0,0.003594311906227103,0.0035943069688749536,1.0,1.0,0.940945840416866,1.0,1.0,0.02080565330544419
239,35.693111479264616,34.3276640260502,34.919303368321664,33.54013389175378,34.92615117836468,34.92820897497205,37.48001684863621,34.32801282299749,33.489007516622564,33.48870716276659,33.484502423237075,0.5052389836951781,0.679156253127301,0.3407900113909301,0.6745125027734129,1.0,0.6814856050971176,1.0,0.682187145325075,1.0,1.0,1.0,1.0,1.0,0.20680023234582515,0.13594503001672173,0.6573736812315827,1.0,1.0,0.4874479171480508
240,26.251226508954858,25.529689826066942,25.734020904374688,25.818958171613104,26.251590011696265,26.25122998545453,25.619527860766823,25.529422494656927,26.537586606908008,25.81895811767305,25.529723668763495,0.6971404783186219,0.7721296502727015,0.8056272046907387,1.0,1.0,1.0,1.0,1.0,1.0,1.0,1.0,0.7291693101372103,0.9443612350331082,0.9559471182918988,1.0,1.0,0.9998663432278548,1.0,1.0
241,28.155328090331523,25.036760212204314,28.128915043839697,25.036756707752886,28.11223640069963,28.055547422380698,24.526766442046835,25.03820512046721,24.987151432055327,24.988582215258475,25.038201622612746,0.2102865953184679,0.986880300249768,0.2102862268492111,0.9999982477758212,1.0,0.9786846088248966,1.0,0.9513337477704246,1.0,0.9639808875804421,1.0,0.16295505960373527,0.16512140283121796,1.0,1.0,0.9747962109842744,1.0,0.9916953541145799,0.20960248214256252
242,54.16330073165949,43.05164054981947,54.00602202280339,43.05168531269214,54.006021535852085,54.00602233010983,42.82695734095327,43.05163243300993,42.828283852414415,43.05164491414962,42.826971234753984,0.003864858953351584,0.9243732354521009,0.0038649454554142214,1.0,1.0,0.9243730103897505,1.0,0.9243733774850342,1.0,1.0,1.0,0.003454174790308783,0.0037367749928624693,1.0,1.0,0.8943355038175612,0.9999959416034657,0.9999997565243758,0.003739255162808488
243,54.69598493885948,48.11821125024207,54.695960293061205,48.11821048438554,54.69598263365597,54.69595473588711,48.22017812872875,48.11821154953577,48.11821065143124,48.11821035253723,48.11821075316391,0.03729534182017326,0.9999876771767882,0.03729532753873551,0.99999961707181,1.0,0.9999988473989098,1.0,0.9999848986278427,1.0,0.9999972214168145,1.0,0.03924609205982847,0.03924657568844235,0.9502945502051382,0.9502941234733133,0.9999995509478352,1.0,1.0,0.03729537364043598
244,44.53413794578347,42.137854572221386,42.26689812342403,40.65611887964215,42.266880924972725,42.32022083850177,40.65536089567195,42.13763170155843,40.72428879408551,40.656129508473214,40.6563971040097,0.3017544454811731,0.32186601864904035,0.14384635429941606,0.47670003359864643,1.0,0.3218632508624167,1.0,0.33056282279942617,1.0,1.0,1.0,0.14379184801342568,0.44674442060382613,1.0,1.0,0.49328338445888353,0.9998885708772097,0.9999914008113217,0.4624133617868508
245,43.646569751475624,42.702091033020395,43.4605125432748,42.34232178017368,43.15027909856238,43.01748189024141,43.303312028884534,42.71629217412422,42.195727330605564,42.175404348286236,43.29242562670774,0.6236042296255577,0.9111674367985275,0.5209381357452461,0.835366585082405,1.0,0.780246544572703,1.0,0.7301217845399084,1.0,0.8013036408601912,1.0,0.8422917222239457,0.9244093765942919,0.7456418205575439,0.57476595884464,0.770833854805604,1.0,0.8563152205199218,0.6204713275802778
246,45.856895775302576,45.85841824388683,45.24421738163295,45.244228551560354,45.24424679410953,45.24420947839636,45.36432402720246,45.85681458144282,45.24666459761559,45.24422879047046,45.24422996302553,1.0,0.7361368818030873,0.7361409931123328,0.7355808305790494,1.0,0.7361477076870884,0.7355875400443856,0.7361339728768639,0.7355738156855911,0.9999960483895111,0.9999904634634743,0.7816987256000573,1.0,1.0,0.9428673118426524,0.7370680981718735,0.999198490158745,1.0,1.0
247,33.54729358329723,33.54780673237852,33.547044286188054,33.548519571137575,33.54691234453506,33.54753997738982,34.076521062301225,33.54836041042725,33.33859290285943,33.54806885598575,33.54831148603205,1.0,0.9998753592137192,1.0,1.0,1.0,0.9998093987856331,0.9995529060545687,1.0,0.9998666314000322,1.0,0.9995103230570286,1.0,1.0,0.7679118539400663,0.6914502470900981,0.9004291879886307,1.0,0.9999340313495295,0.9010813644564948
248,39.14905493840672,39.14954745122503,38.25147458379041,37.84641876012037,37.84591865170296,38.25274684639106,37.900216466997904,39.15008515749312,37.84760817099928,37.84642104626576,37.846457543648626,1.0,0.638400035455705,0.5213581271817076,0.5212297552082829,1.0,0.5212277756859117,0.5210994358084265,0.6388062708962277,0.6386489801255355,1.0,1.0,0.5355723795313643,0.8389291193398197,1.0,0.9740387926019404,0.5213996268006871,1.0,0.8164595030353455,1.0
249,62.22941962301476,61.40702690672967,60.67031588232501,59.71947718181033,60.67031589864206,60.67031646786799,61.73663512328156,61.407031982697276,59.719474499874906,59.71947443251719,59.71947624100204,0.6628567614987033,0.458611482668444,0.28508405265374726,0.4300839475623346,1.0,0.45861148641003624,0.6918711749626371,0.4586116169368303,0.6918713718781724,1.0,1.0,0.781615576182453,1.0,0.8480619680816488,0.3647364242123881,0.4300822792907891,1.0,1.0,0.6216234848304805
250,46.049835351645726,46.05131981451876,46.04983942630122,46.051326728691464,46.049842952860445,46.049839167036026,44.29748287189747,46.05335860642171,46.05353381483707,46.0498571881927,46.0498761160043,1.0,1.0,1.0,1.0,1.0,1.0,0.9992618417437894,1.0,0.9992599502306392,0.9999998703674122,0.9992564957086759,0.4163719782086114,0.4163711299232914,1.0,1.0,1.0,1.0,1.0,1.0
251,58.65359369517037,55.26441004469609,58.65359674680698,55.26440972733536,58.6535993517125,58.65366059194383,55.26655982281258,55.26441112002746,55.26441067670157,55.26440960235331,55.2644108045568,0.18367418489599374,1.0,0.18367415575050935,0.9999998413196477,1.0,1.0,1.0,1.0,1.0,1.0,1.0,0.18387172041298427,0.1838714398583615,0.9989262255162775,0.9989260040913741,0.9999997783370805,1.0,1.0,0.18367372345773675
252,41.136855006819616,40.432982158082496,40.7864692391895,40.432982820194894,40.7842901344477,40.78194840387309,40.983543256352874,40.43150558545244,40.05800728085961,40.05947067849084,40.06015090467858,0.703324834875485,0.8392951187111097,0.7033250677155704,1.0,1.0,0.8383811607175982,1.0,0.8374001037738218,1.0,0.9977421351619462,1.0,0.9262085300653782,1.0,0.7587986383126635,0.6295386762523991,0.8296518265403072,0.9992619861512577,0.9989110409757712,0.695488065895896
253,42.24314118166927,37.26445918680389,41.88745323538771,36.768228687250684,41.88768340827306,41.8878009120763,39.050205252527775,37.263787960132305,36.76778421605323,36.76854501786863,36.767467406410105,0.08296462246320846,0.8370730191744041,0.06473480697749334,0.780270012151272,1.0,0.8371693604741235,1.0,0.8372185472109219,1.0,1.0,1.0,0.20261088449048156,0.24204684639138713,0.40934021540831333,0.3194321092873517,0.7803584824147343,0.9996644429760632,1.0,0.07730863700114003
254,54.585045821975626,47.93799858635333,54.14601699426325,47.33384235180159,54.58506196353858,54.585050446270685,47.94850860374595,47.93800136938245,51.19395585566593,47.93799900424662,47.93800191552384,0.03602566716343434,0.8029085846007533,0.026633066463104045,0.7392803120697323,1.0,1.0,1.0,1.0,1.0,1.0,1.0,0.03621548065663733,0.045105359876860054,0.9947601589296321,1.0,1.0,1.0,1.0,0.18349771682484742
255,63.73664658480993,54.99628421068718,62.11976783559055,53.00217923021518,62.12287428672789,62.12386181502603,54.80906267773733,54.78811499030567,52.72702041057104,52.998933881921346,52.73358883087835,0.012648948534553691,0.4455528650354883,0.0046670239637861405,0.3689653690215455,1.0,0.4462454468663216,1.0,0.44646584127662137,1.0,1.0,1.0,0.01151860236524071,0.025852380871399523,0.9895808159864239,0.3530939417262417,0.35681162773378367,0.9011490478026711,1.0,0.00911415173170028
256,44.84598255965366,39.96192327062789,44.6830764656699,39.47881497148728,44.70238319031887,44.84589579708006,40.25294784418563,39.970421083708146,39.494554382002946,39.47638417522859,39.50004138498585,0.0869841253243588,0.9217759889933305,0.06831787770076525,0.7854062732252792,1.0,0.9307173140876938,1.0,0.9999566196541534,1.0,1.0,1.0,0.100608618125522,0.10914649473067357,0.8682605988959478,0.6844109545069836,0.7882552258817901,1.0,1.0,0.07398340969987502
257,53.28150434310311,53.281371047046264,53.28139201890144,53.28145391478344,53.28220708211728,53.28144530499898,53.47922560547744,53.28137221405143,53.281796629786555,53.28308599951012,53.281380220504644,0.9999333541925082,0.9999438394762282,0.9999747861580405,1.0,1.0,1.0,1.0,0.9999704813836198,1.0,1.0,0.9999956951170367,1.0,1.0,0.9058091052805339,0.9060013454959059,1.0,1.0,1.0,0.9997947948920858
258,33.030206775039545,33.030365589332746,33.030213124650174,33.029493102076145,33.03021789986269,33.0302123580407,32.358009542512065,33.03044266574804,32.949446999398674,33.02949760784941,33.02898889153113,1.0,1.0,0.9996432271768653,0.999563851512116,1.0,1.0,0.999926157991428,1.0,0.9999233872888806,0.9999996166953362,1.0,0.7145526358301797,0.7145503672682751,1.0,1.0,0.960311245335877,1.0,1.0,0.9604191740040684
259,39.88205972327029,39.88207836096606,39.88206212091359,39.88321625657818,39.649462063644705,39.88206374858194,40.412821387266376,39.88552915526097,39.88701764826675,39.88208478397132,39.8821120450543,1.0,1.0,1.0,1.0,1.0,0.890209162508627,0.8902008668235071,1.0,0.99999269383463,1.0,0.999423912004328,1.0,1.0,0.768245361296565,0.7688173380395152,1.0,1.0,0.8902080953072498,1.0
260,45.41655568181196,30.728371736934037,45.320110713997934,30.494303033875127,45.319992056694105,45.320167310610316,30.649137709423968,30.8832294896458,30.883173974411676,30.72836615568002,30.64916342432653,0.0006464000506250343,0.9529217537365289,0.0005750081611470588,0.8895546350763074,1.0,0.9528652198505556,1.0,0.9529487201896427,1.0,1.0,1.0,0.0006212922429319271,0.0006519866300625005,1.0,1.0,0.9999722427681773,1.0,0.9999406731079948,0.0007329676130639018
261,53.09001931681496,52.98598595827491,53.08995154217027,52.98589232463797,53.089952867050584,53.08995138575213,53.86531610598786,52.98585600477608,52.98586714414063,53.089586481927455,52.98585191799691,0.9493130328624269,0.9999661132518233,0.9492685900868406,0.999953184277422,1.0,0.9999667756697526,1.0,0.9999660350454072,1.0,0.9999999217909337,1.0,1.0,1.0,0.6442103017932388,0.6442138898499287,1.0,0.9999350253615295,1.0,0.9492881780983992
262,48.79602890630889,48.79635581198133,48.795541662432186,48.7950887249504,48.795621178561134,48.795530793515496,49.59091569447233,48.797963976879885,48.7997418002312,48.7955420855329,48.78503571944063,1.0,0.9997564077350621,0.9995300197960679,0.9993666571308555,1.0,0.9997961569049494,0.9996327507424266,0.9997509746152725,0.9995875758373196,0.999994565556422,1.0,1.0,1.0,0.6726865159674775,0.6732847407106676,1.0,1.0,1.0,1.0
263,51.269662307610275,45.971551334114054,49.5363852859854,46.18012531440371,49.54324632513715,50.514351831165726,46.17948456188162,45.965380104549695,45.058765033434554,46.29096265913225,46.18012440363711,0.0707179755915116,0.42036221999945234,0.07849122086180275,1.0,1.0,0.4218067571639629,1.0,0.6854667826795947,1.0,1.0,1.0,0.07846607816571481,0.18666301211801817,0.8984787454185639,0.5710036002249301,0.6355226577551631,0.9969191408345214,1.0,0.10622023561072962
264,39.90989032494872,39.91099326627085,39.41504473251416,39.4149598539388,39.41394840298125,39.406533022141076,39.47670318192709,39.91114333569726,39.40675149027089,39.90984273215892,39.41632774487317,1.0,0.7808105000081936,0.7807773636699047,0.7803469065641583,1.0,0.7803826044921472,0.7799523650244895,0.7774945447097686,0.7770658974832708,0.9957531881315758,0.9957954480843223,0.8052571822661577,1.0,1.0,0.9656287399384591,0.7770924730876265,1.0,0.9994519854484002,0.9964080103298721
265,60.578884365661764,53.951277626956085,60.578897994386836,53.95341556357022,60.57900901639627,60.57932717993134,53.951276559869115,53.9512882610272,54.14123614202808,53.95341539658631,54.09264241891091,0.036377553037597,1.0,0.036416460280482676,1.0,1.0,1.0,1.0,1.0,1.0,1.0,1.0,0.03637753362859575,0.03637728573973805,1.0,1.0,1.0,1.0,1.0,0.03999957550961658
266,41.54648561699457,41.548496910548295,41.54648745529428,41.54649459776553,41.54649058700596,41.546489920473306,42.36198694697467,41.546518121796225,41.54979060925777,41.54651663835284,41.54651943108763,1.0,1.0,1.0,0.9989993445984743,1.0,1.0,0.9989973412273931,1.0,0.9989970082952727,1.0,0.9999976613566223,1.0,1.0,0.6651555122958263,0.6662447597269292,1.0,0.9990110949132011,1.0,1.0
267,42.11294567314741,42.11211383367157,42.11294481202668,42.11196585211741,42.11313709021522,42.11294334378073,40.861583394078394,42.11122433573604,42.025935257351364,42.11197955916242,42.11124230914487,0.9995841667447057,0.9999995694397302,0.9995102094715611,0.9999260119601678,1.0,1.0,1.0,0.9999988353173382,1.0,0.9999992658772919,1.0,0.5348969649380975,0.5348971952435784,1.0,1.0,0.9582519505477783,0.9995553499183959,1.0,0.95733593828894
268,31.87573281646732,31.87572662118319,31.87572746314285,31.87572868996392,31.875776356880493,31.87572684050039,38.899554254156186,31.866695446640705,31.359891589735696,31.875756220377127,31.86669751559822,0.9999969023627331,0.9999973233413482,0.9999979367504293,1.0,1.0,1.0,1.0,0.9999970120209998,1.0,0.9999996886788183,0.9999990752686626,1.0,1.0,0.029705311708578253,0.023055951755709996,0.7761558599990022,0.9954945926643992,1.0,0.7726397475665825
269,40.104251514664355,38.548034011969435,40.104256845503215,38.54803924755768,40.10425926248493,40.10425436855115,38.01621285291915,38.54760659319689,38.547613721334784,38.548041143928,38.54761139860966,0.45927379139172253,1.0,0.45927499367752844,1.0,1.0,1.0,1.0,1.0,1.0,0.9999987615247359,1.0,0.35203688185609533,0.3520359435314007,1.0,1.0,1.0,0.9997863134479513,1.0,0.4591755084872168
270,29.766684072875705,29.766594849286975,29.11320395044018,29.113235933503404,29.11320665158334,29.1132020864344,29.23248915316188,29.766608712995122,29.11689413112481,29.113236080144333,29.113260227871564,0.999955389200726,0.7212712050199261,0.7212827393434275,0.7213149177784379,1.0,0.7212721791489749,0.7213043571128654,0.7212705327933913,0.7213027106838334,0.9999990679975435,0.9999830766086996,0.7655984527136122,1.0,1.0,0.9438410455004878,0.7226304722028358,1.0,1.0,1.0
271,55.854232114033266,54.98107855043287,55.85398847100362,54.982896731236195,55.854097893844596,55.854156097598036,55.58556199840001,54.981081447645806,55.14750507553617,54.98108160086079,54.98108209071361,0.6462448761362601,0.9998781859051152,0.6468326382742593,1.0,1.0,0.999932892157497,1.0,0.9999619925046881,1.0,1.0,1.0,0.874297075452737,0.8744035901346333,0.7391604414973031,0.8032988547926004,1.0,1.0,1.0,0.7023689739261847
272,45.80732501850815,43.243652639528335,44.323906268952726,41.75626682651631,44.3240352264871,44.32410854962933,41.75600607669,43.24364608962611,41.779948628875985,41.756225377534975,41.756238012197,0.2775272397116956,0.47629904568513726,0.13192402424600333,0.4753552277716967,1.0,0.47632975785054565,1.0,0.47634722116795203,1.0,1.0,1.0,0.13190682578394758,0.2769411926790758,1.0,1.0,0.4810188933301799,0.9999967250542505,1.0,0.2802583847077904
273,22.124272359703355,22.12441308820229,22.124275222176834,22.12442492740874,22.12427857870506,22.12427594085574,23.34414527290332,22.11991304265291,21.9786312170244,22.12442990758609,22.124611213745283,1.0,1.0,1.0,1.0,1.0,1.0,0.9999327475129353,1.0,0.9999314286778458,1.0,0.999925509498055,1.0,1.0,0.5422022917716653,0.505222158844062,0.9317964282172814,0.9977525066291267,1.0,0.9297647509137438
274,49.34808282501521,47.70315620245756,49.16852468878352,47.573247848983954,49.156573112936655,49.13687050404528,47.60285825797439,47.703156249956095,47.573242147491555,47.5732471228456,47.573246987435596,0.4393480693955397,0.9141331241165211,0.41171764674207656,0.937110403850238,1.0,0.9086867478353369,1.0,0.8997789468069712,1.0,0.9842974978907775,1.0,0.417858557243739,0.4571090864337568,1.0,0.9853010448247843,0.9371077101345038,1.0,0.9940420315843517,0.4530895537125629
275,44.042609594309056,41.651865006797664,43.473713291344495,41.095339734613475,43.473710480186014,43.47371633385089,41.03341642863569,41.651793018602206,41.09538668879193,41.10127615464489,41.0953288634704,0.30259128036535693,0.7524293668000017,0.22909123930902578,0.7570979541525941,1.0,0.752428309201647,1.0,0.7524305114364516,1.0,1.0,1.0,0.22210687748741148,0.2951863487625521,1.0,1.0,0.7571429810054581,0.9999640065500507,0.9999985944217473,0.30447634009239666
276,62.71551756282108,49.85687858134639,62.71540722207146,49.856876461313504,62.71541019346171,62.71540471518341,49.8096850424987,49.85687931045683,49.85687658433906,49.85687585056917,49.8568770354436,0.0016135484956570694,0.9999448311470499,0.001613546785270036,0.9999989399841174,1.0,0.9999463167613118,1.0,0.9999435777729605,1.0,0.9999987465567597,1.0,0.0015759196692065245,0.001576006615683752,1.0,1.0,0.9999986369420436,1.0,1.0,0.0016136335095966378
277,26.474454424033354,23.526009433102274,26.119626258355822,23.233985265297093,26.11962767843866,27.42968543604391,23.874802303969943,23.525983393333945,23.233971166459384,23.233936854678404,23.233960776891962,0.22895667271070486,0.8374329461064319,0.1978522815763375,0.8641472608502269,1.0,0.8374335407187208,1.0,1.0,1.0,1.0,1.0,0.2725792013284313,0.32549376352550186,0.8399529040547982,0.7258473349155437,0.8641524202268722,0.9999869802005937,1.0,0.23625861303315515
278,56.79979523748224,56.78275711164744,56.79980779289468,55.95758344536972,56.799811075357155,56.79980042839355,53.86434712677078,55.95788042347766,55.96232678658848,55.95793115645529,55.95754004525139,0.9915171214738213,1.0,0.6563205959663043,0.6619357162393014,1.0,1.0,1.0,1.0,1.0,0.9999963177562146,1.0,0.23044937881361857,0.2304479321246607,1.0,1.0,1.0,0.6620340137454659,1.0,0.6578738098551076
279,51.066279909931154,51.06630471261792,51.149768661617514,51.149792292215324,51.066290402462556,51.0662859520925,51.864916422672934,51.14981898981884,51.154955860836196,51.151849213444166,51.14993020154466,1.0,1.0,1.0,1.0,1.0,1.0,0.9999928449479152,1.0,0.9999906197812839,0.9591178197502984,0.9591064875535201,1.0,1.0,0.699388626397794,0.7011872698412603,1.0,1.0,0.9591199539672858,1.0
280,51.7713385105946,35.39295964731187,51.771357785268776,35.39298130457519,51.77134964296482,51.50141134613813,35.39063218625435,35.39295987880763,34.631344419950636,34.621467650321165,34.62146694602322,0.00027763883831544747,1.0,0.00027764184478043985,1.0,1.0,1.0,1.0,0.8737477310540829,1.0,0.873739310493246,1.0,0.00027731592944922547,0.0002773132568750123,1.0,0.6841049871505007,0.6833092572518353,1.0,0.9999959288563098,0.00018971215437658384
281,55.32197069581406,55.322468943040604,55.321707761479416,55.321575087851926,55.32169656340858,55.32155550931904,55.284779903448026,55.32258932267965,55.310051554909506,55.32159415492626,55.322851539153646,1.0,0.999868541474108,0.999802215580851,0.9995531722629212,1.0,0.999862943190403,0.9996138847456759,0.9997924282984778,0.9995433874184874,0.9999238768173285,0.9999902107814719,0.9815764314803626,0.9817054850362856,1.0,1.0,0.9937507245717359,1.0,0.9999944009802562,0.994194413677505
282,55.678309225669466,40.93557903957017,55.71019944569892,40.935581615096226,55.678312372790174,55.710197523953354,39.32880503728305,40.99247609426135,40.99247802740143,40.935581165649694,40.99247939524983,0.0006290089370302128,1.0,0.0006290097470451867,1.0,1.0,1.0,1.0,1.0,1.0,0.9999990391276794,1.0,0.00028167627872876865,0.0002772205375220983,1.0,1.0,1.0,1.0,0.9841828889419177,0.0006471598874800917
283,54.647844512605246,47.520712677920756,53.289975124097,46.77575976479645,53.28997200090694,53.28997206187998,46.775050213235716,47.5204184906232,46.787606062283174,46.77578290173477,46.775766755892164,0.028337594811943045,0.5071569819344415,0.019525336015488857,0.6890258734047459,1.0,0.507156189961239,1.0,0.5071562054226656,1.0,0.9999984688926629,1.0,0.01951841012780831,0.03848593398706552,1.0,1.0,0.6932211477546459,0.9998529171689626,0.9999984384061917,0.03872836625370042
284,38.649720436411,38.65163040758108,35.70614628828048,35.70795153404305,35.70614630431288,35.76376847396725,37.1764190390918,38.649722939629584,35.55684522166632,38.65165288785195,35.70867361976269,1.0,0.2295149582454849,0.2297222172226702,0.22950294053636153,1.0,0.229514960085323,0.22929588123211392,0.23622371425245522,0.23599823169393275,1.0,1.0,0.4787145928768761,1.0,1.0,0.4449528717016735,0.2130051662266516,0.9990467206839467,1.0,0.9280677509948718
285,20.20515268325579,20.207158890222843,20.20513710353123,20.207182083446895,20.2051620981959,20.20514087875324,21.091977816193946,20.209516859454766,20.48788434596719,20.206128368610848,20.20944809499491,1.0,0.9999922101680604,1.0,1.0,1.0,1.0,0.9990021022180035,0.9999940977661439,0.9989915031403185,1.0,0.9989799182906117,1.0,1.0,0.6432444355582263,0.7393035126486516,1.0,1.0,1.0,1.0
286,34.712960318954515,34.597046354599314,34.52065463031451,34.40115060333622,34.5047757761904,34.496991510700354,34.917969842333434,34.59706922497182,34.3916487974021,34.37969409109141,34.39607415583032,0.9436905420757848,0.9083251731148723,0.8556405940191933,0.9066961634871186,1.0,0.9011421439538679,0.9549127640631795,0.8976415958255242,0.9512033402931331,0.9882381578694869,1.0,1.0,1.0,0.8517601476057435,0.7686185068700754,0.9023884353249265,1.0,0.9920920069446365,0.9450064847013095
287,36.594730379286204,27.062257477504858,36.59473064730969,27.377986146859655,36.594733770255715,36.59473449739906,27.371523992951353,27.377717490946964,27.37801714593661,27.377348299416354,26.987427497324973,0.008512356621899768,1.0,0.009968031904865548,1.0,1.0,1.0,1.0,1.0,1.0,1.0,1.0,0.00993587640312471,0.009935875071600694,1.0,1.0,1.0,1.0,1.0,0.009968169505063188
288,55.34733237176653,53.34016005274293,55.016502992720405,53.05101943352017,55.01196683169849,55.00873238755119,53.68456412434503,53.57365446429634,53.573675877678795,53.06250052824515,53.30513466666622,0.36656252955320273,0.8475421643471227,0.3172210374327641,0.8653940647436601,1.0,0.845622048793404,1.0,0.8442555953772649,1.0,0.996122235437821,1.0,0.43544615766391026,0.5137752149467896,0.9460547559756142,0.9460648851459958,1.0,1.0,0.997734489640173,0.4871683747194008
289,19.000455458073674,19.001470944790242,18.304927087095365,18.305619120288924,18.304930115141474,18.304927413096976,19.112294313023796,19.00097233289955,18.194136128429278,18.305578919841224,18.305684358853853,1.0,0.7062654042095746,0.7065098260457296,0.7061511914288696,1.0,0.7062664735124887,0.7059079624248978,0.706265519331414,0.7059070087281794,1.0,0.999654206204487,1.0,1.0,0.9458597373945926,0.6318652672475538,0.6680327349465695,0.9997507251287991,1.0,0.9461094742130246
290,36.84198725287578,36.84249192460027,36.8419953726974,36.84201349427087,36.842068157736435,36.84199087070348,36.97090986136462,36.84202278005509,36.84560049460583,36.844722659251715,36.8420288264351,1.0,1.0,1.0,0.9997608134449689,1.0,1.0,0.9997881390137928,1.0,0.9997495044308635,0.9999977490055767,0.9999886882802833,1.0,1.0,0.937589048431496,0.9392677624643386,1.0,0.9997654552373353,1.0,1.0
291,44.94800455869051,41.69551724058749,44.94792160468796,41.69551676626034,44.94792360292618,44.94792131627713,41.69269515663569,41.69551843532972,43.72460897336612,41.69551659166035,41.69551790700666,0.1966669364343159,0.9999585238588836,0.19666688979208757,0.9999997628364522,1.0,0.9999595229370524,1.0,0.9999583796594594,1.0,0.9999998557945948,1.0,0.19638962682549593,0.1963977726472292,1.0,1.0,1.0,1.0,1.0,0.5424511114451944
292,42.388873912722914,42.38952321107524,42.38894990167731,42.38883277302722,42.388834338095364,42.388807411427734,42.36123674202943,42.388927039633415,42.39413812457855,42.38883758290535,42.389403918740754,1.0,1.0,0.9999794303637097,0.9996548405572183,1.0,0.9999802128819926,0.9996556228214986,0.9999667499052067,0.9996421642147476,0.9999287574130872,0.9999873192806592,0.9862764530347801,0.9862389806884515,1.0,1.0,1.0,0.9997019587022206,0.9999422198783641,1.0
293,23.91258782403804,23.914262633697717,22.97601617263814,22.977618670504427,23.1835838556176,23.184116512572643,23.32569179652853,23.91469443647435,23.17848314004442,23.18525787192644,22.97814830265571,1.0,0.6260745498846803,0.6265763924734145,0.6260519140071441,1.0,0.6945424578728518,0.6939610881189954,0.6947274589426651,0.6941459343328666,1.0,1.0,0.7456879873750686,1.0,1.0,0.9290392157071594,0.6920440646063515,1.0,1.0,0.9974528916128667
294,61.45123017268577,49.326116870081904,59.85925390478528,49.136094776265,59.85925306259287,58.86580815199463,47.68145442634528,49.30400744140712,48.6034658071583,49.13149955882474,48.648016218103805,0.0023284402613289543,0.45113523256439747,0.0021173971623568767,0.9093628887641613,1.0,0.4511350425931039,1.0,0.27452553179738454,1.0,0.6085215961451149,1.0,0.0010231308693459294,0.0022679028271193214,1.0,1.0,0.7044972739559036,0.9890061644780035,0.9999995789038855,0.0035961421694313913
295,52.37812156661016,43.080002363294284,52.37801730913739,43.23749153417231,52.37806375079788,52.22714343345507,43.08000068298554,43.23311161401563,43.54768467311746,43.084365860926056,43.084363297294345,0.009570597874368805,0.9999478726222937,0.01035469730619089,1.0,1.0,0.9999710925116877,1.0,0.9272898689304492,1.0,0.9273382086395123,1.0,0.009570589833592545,0.009571088749350844,1.0,1.0,1.0,1.0,1.0,0.012092261954550647
296,62.76295745988398,46.557305212829704,62.76294761361797,46.55730625916627,62.762942980903404,62.76293938148686,46.55441761672074,46.55730868830622,46.55730852676973,46.55730503872283,46.557308557503404,0.00030268251001784905,0.9999950768791134,0.0003026826683717793,1.0,1.0,0.9999927605359178,1.0,0.999990960842294,1.0,0.9999958839429168,1.0,0.00030224581292582564,0.0003022473009258257,1.0,1.0,0.9999999192317578,1.0,0.9999976836454008,0.00030268520283276146
297,27.86292611056635,26.876249028565212,27.593958695718072,26.876266299347947,27.593957593024868,27.593957559914656,26.77995722464368,26.876246959385156,26.57285673490162,27.85595909282324,26.57281485223075,0.6105845261759633,0.8741671211946876,0.6105897988350754,1.0,1.0,0.8741666392257486,1.0,0.8741666247538276,1.0,0.9999994320984533,1.0,0.581883837578486,0.6656437006956404,1.0,0.9016307192845243,0.8592502156807353,0.9999989654105074,0.9999994486535498,0.6001651395443419
298,51.81053253992724,47.529093489691974,51.81054641879078,47.5290921452559,51.81053869245147,51.81051300620868,47.525380725152445,47.52909356827206,47.529092186623785,47.529092143069334,47.52909222538116,0.1175702178556313,1.0,0.11757013882283691,0.99999932778219,1.0,1.0,1.0,0.999990233188417,1.0,0.9999832938485,1.0,0.11735216504505777,0.11735135069054091,1.0,1.0,0.9999993091761011,1.0,0.9999961368378094,0.11756977957863543
299,53.92660822813093,53.926411191026205,53.92661060710921,53.92641295451773,53.926613066934436,53.92666114951962,54.214550221641616,53.922411368346786,53.67501859964665,53.9267346452755,53.9261789165526,0.99990148630043,1.0,0.9999023679597173,1.0,1.0,1.0,1.0,1.0,1.0,1.0,1.0,1.0,1.0,0.8640977096950704,0.7635582903543866,0.8836480895474622,0.9980020871504844,1.0,0.8817936267380547
300,49.730766783801755,49.73207642082971,49.48133245488927,49.481276620739465,49.48133394519613,49.48133721318018,49.57448956113589,49.730636408757164,49.34086095737263,49.479863762043806,49.479320824073255,1.0,0.8827465393773168,0.8827218960200439,0.882144062588497,1.0,0.8827471971591724,0.8821693471653944,0.8827486395622336,0.8821707886242526,1.0,1.0,0.9248362248767688,1.0,1.0,0.889750402798994,0.8229270464339526,0.9992802531058729,1.0,0.9321733405162314
301,30.280926483256195,29.902741964277936,30.281097960848996,30.280701010207963,30.28111936523814,30.28100667964091,29.450154401786648,29.902741457633795,30.213405461991243,29.90274213156738,30.28004497248429,0.8277101390573915,1.0,0.9998872698304071,1.0,1.0,1.0,1.0,1.0,1.0,0.9999543604374738,1.0,0.6600854116559016,0.6600288191533061,1.0,1.0,1.0,0.9999997466779612,1.0,0.9667097810119355
302,30.65834287854625,30.65835715272044,30.658348700084048,30.658361118910477,30.65835740144007,30.658349069986684,30.787123878651954,30.658372676549902,30.661326264109874,30.65836692174048,30.65837692456671,1.0,1.0,1.0,1.0,1.0,1.0,1.0,1.0,0.9999959586412879,1.0,0.9999939755562506,1.0,1.0,0.9376527500238219,0.939038492749113,1.0,1.0,1.0,1.0
303,29.40506652753814,23.667848841223503,29.359775948962692,23.550288407110088,29.35978355022212,29.339138294090247,23.503922691027043,23.667836379179505,23.548135748550322,23.548166347400866,23.550106558020417,0.056777858570190534,0.9776091907316784,0.05353663675902733,0.9429139827956646,1.0,0.9776129062692772,1.0,0.9675732786651722,1.0,0.9897342290133392,1.0,0.052309780473388905,0.05350786487004929,1.0,1.0,0.9419055118630688,0.999993768997414,1.0,0.054703701604131204
304,51.51726864935824,51.20125788450076,51.51726984075003,51.20125891473276,51.51727254900399,51.517280609056854,51.49227392682883,51.201186562891195,51.203352566182275,51.2012616542134,51.20118767745339,0.8538451861952435,1.0,0.8538456260246734,1.0,1.0,1.0,1.0,1.0,1.0,1.0,1.0,0.9875804064537166,0.9875798181562984,0.8645521239101916,0.865488942479502,1.0,0.9999643398310551,1.0,0.8547382550052784
305,50.539300106818246,42.92748909558756,50.53843839066553,42.92748886528045,50.53848418017884,50.53905375480821,43.096326696678005,42.92748913355257,47.17737026229881,42.927488865341104,42.92748889303587,0.02223905046088425,0.9995692347296554,0.0222390478999787,0.9999998848464524,1.0,0.9995921198860175,1.0,0.9998768315808337,1.0,1.0,1.0,0.024197965851630605,0.02420839398701102,0.9190462958496382,1.0,1.0,1.0,1.0,0.18627020228881008
306,48.60863747150688,48.609426116630516,47.72138455638225,47.72202700369226,47.72146280724411,47.72208946652336,48.309646347616365,48.58433742300571,47.060586963636496,48.6096550460785,47.72619764697163,1.0,0.6417050801429811,0.6419112441048589,0.6416581739175455,1.0,0.641730187621939,0.6414771888152075,0.6419312922147321,0.6416782141235552,1.0,1.0,0.8611422598077099,1.0,1.0,0.5355132254627204,0.4667902668010534,0.9875340055375185,1.0,0.718608969979702
307,53.322536361420276,43.28292164249348,43.06027941815947,43.06027090051293,43.06044267655079,43.06028105019797,43.329778992577246,43.28173692264079,43.05958285761409,43.06019077642992,43.060151808766705,0.006605799131440187,0.005909887568837771,0.005909862399724681,0.8946476091888403,1.0,0.005910370007896758,0.894724451999525,0.005909892391421773,0.8946521493960878,1.0,1.0,0.006762391465369971,1.0,0.9762651738350095,0.8736302327701865,0.8948698122031253,0.9994078154841601,1.0,0.9995701829294824
308,49.5414267359572,48.79975691440265,48.47174256195905,47.72344818316614,48.47171978901497,48.47013309282249,48.68657027724723,48.79979258563958,47.723072967084846,47.723388225602264,47.723430584804845,0.6901578697806483,0.5857617822426088,0.4029312704392909,0.5838247857223648,1.0,0.5857551125204262,0.8487262670881313,0.5852905891057942,0.848053198743957,0.9991955891437458,1.0,0.6521842079977458,1.0,1.0,0.6177022985889564,0.5837048549420365,1.0,0.9999886135927866,0.6877544485274594
309,42.87201541150557,42.87152243937507,41.39340244685843,41.39215287314846,41.3934025025456,41.393422075891436,41.77147172651149,42.871610479254,41.31608695220467,41.39419309869598,41.392147935356036,0.9997535443099436,0.4774449172196167,0.477146709079322,0.4772643335899963,1.0,0.4774449305133943,0.4775626285405562,0.4774496031336306,0.4775673023126703,1.0,1.0,0.5767929922192522,1.0,1.0,0.7963691955560162,0.45943318145627055,1.0,1.0,0.962079900444366
310,51.97140482207229,51.390040754012176,51.97140546660776,51.390523583395975,51.97140967525269,51.971430836996774,51.521999603069276,51.96363242780842,51.510565897909885,51.96807753965382,51.39050184708924,0.7477534003575049,1.0,0.7479339408059504,1.0,1.0,1.0,1.0,1.0,1.0,1.0,1.0,0.79875372521006,0.7987534677975453,1.0,0.9942994575263883,0.7972928199666496,1.0,1.0,0.7941984684769858
311,43.924302231415055,39.53912675267844,43.92431551352087,39.539623372929725,43.92431497911525,43.92430525593528,40.546348362466745,39.50984550975733,39.509859349476756,39.541120522669615,39.540262579527024,0.11162751163732261,1.0,0.11165523332040721,1.0,1.0,1.0,1.0,1.0,1.0,0.9999948712203591,1.0,0.1847083961546567,0.18470716950049887,0.5955610203381352,0.5955651415511064,1.0,0.9854660313157747,0.9999997327972283,0.110005180942758
312,39.859480102389284,39.43570202279835,39.85948451979448,39.435765886629895,39.859488660927326,39.85997872065167,38.56307727576754,39.43499659681203,39.527211599597564,39.43576641356671,39.435640373149056,0.8090544654350412,1.0,0.8090803005065652,1.0,1.0,1.0,1.0,1.0,1.0,1.0,1.0,0.5229855662392923,0.5229844111209896,1.0,1.0,1.0,0.9996473492027524,1.0,0.8469289004387413
313,45.34949775848693,28.456135609041297,44.281829243472174,26.834430392940703,44.28182958216823,44.28182991092808,28.448360137030505,28.456138750348657,26.834438175355075,26.834430416987345,26.85960712628679,0.00021461151425231103,0.5863524278268877,9.53902980020728e-05,0.4444789383011659,1.0,0.586352527124523,1.0,0.5863526235091165,1.0,1.0,1.0,0.00021377878111334482,0.00036459093706773203,1.0,0.4462120547671766,0.4444799697395212,1.0,1.0,0.0001626848436281234
314,35.606391017224524,33.837250995636,35.60639220482841,33.83725076094095,35.60704341713313,35.606410255651326,33.86424445850767,33.837253541812174,33.837253114890956,33.83725056901585,33.83725330791924,0.412891674077593,1.0,0.41289162562577963,0.9999998826524814,1.0,1.0,1.0,1.0,1.0,1.0,1.0,0.41850213841247763,0.4185018899051687,0.9865951970798562,0.9865949864806669,0.9999997865394136,1.0,1.0,0.412757448166052
315,48.787072460186636,48.78769769116914,48.46907538810714,48.469609508611,48.469009981602284,48.46902063586944,48.850592333258305,48.78830584239495,48.37142203876505,48.469349594396164,48.46986738480075,1.0,0.8529976077228116,0.8532254398999299,0.8529587500977391,1.0,0.852969712382861,0.8527031025125591,0.8529742562785605,0.8527076449879883,0.9999726242558715,0.9997056069713546,1.0,1.0,0.9693367100750414,0.7869542635003881,0.8118482002393842,1.0,0.9999672972823159,0.9523773264362488
316,36.11094804108603,29.042750243400633,36.11170685859699,29.04274978493376,36.110983432064955,36.11095298527596,29.042824532118004,29.042750254497747,29.042749796837484,29.042749852657295,29.042749798054615,0.029185043820834176,1.0,0.029185037130647077,0.9999997707665905,1.0,1.0,1.0,1.0,1.0,0.9996231343711824,1.0,0.029186127900703712,0.029175056528660252,0.9999628618795086,0.9999626330579012,0.9999997711698945,1.0,0.9996383521443398,0.029184520865401662
317,55.10186434825715,45.35212458564499,55.14471212724658,45.58314761071301,54.912575735400424,54.61286338455068,44.549322065890095,45.354924920871525,45.24319367594373,45.581262864615866,45.25905981639352,0.007636087751984874,1.0,0.008571107123541491,1.0,1.0,0.9096964501080471,1.0,0.783095611028119,1.0,0.7664970944510641,1.0,0.005111455195770829,0.0050031126478047045,1.0,1.0,0.9456662036471,1.0,0.8904144985882548,0.007949143994758913
318,32.476113061299486,31.17830859474418,32.47610890851246,31.17831183914015,32.476119714474066,32.47620704952914,31.017616599501764,31.178346056604,31.17833530960675,31.178434747784507,31.17857060963405,0.5226191759139573,0.9999979236086417,0.5226200237064189,1.0,1.0,1.0,1.0,1.0,1.0,1.0,1.0,0.48227141058971135,0.48227241197598003,1.0,1.0,0.9999946265158134,1.0,1.0,0.5226244182516724
319,38.86554989742936,38.69940383184462,38.865675392540766,38.699398003207364,38.865653187379735,38.86556384555519,37.77987196797932,38.69939269588599,38.72545322372639,38.69938541009304,38.69938555690348,0.9202839338603015,1.0,0.920281251863598,0.9999970856856184,1.0,1.0,1.0,1.0,1.0,0.9999442280625228,1.0,0.5810961968152517,0.5810597355932119,1.0,1.0,1.0,0.9999944320361862,0.999988897481118,0.9323006021287755
320,44.05270235519947,40.8314026303336,43.84691459225439,40.627283222306176,43.84692733299889,43.84691507816237,40.64503247673221,40.83140014584097,40.62728086515966,40.6273194894095,40.62728006950604,0.19975775682319277,0.9022227109471945,0.18037638807059306,0.9029756387895653,1.0,0.9022284584600202,1.0,0.9022229301458264,1.0,1.0,1.0,0.18198428546471532,0.20170661108016225,1.0,0.9911634678968155,0.9029756962847858,0.9999987577544587,1.0,0.19992295054825537
321,39.10852854798429,39.1085417020887,39.10847194921692,39.10854858150111,39.10847596859631,39.10847309174156,39.46918849150421,39.108614473741596,39.10953503385292,39.108560905517606,39.10884152993316,1.0,0.9999717010167376,1.0,1.0,1.0,0.9999737106515795,0.9999671337939099,0.9999722722630539,0.9999656954148446,1.0,0.9999622558325526,1.0,1.0,0.835030515841329,0.8354149522010479,1.0,1.0,1.0,1.0
322,35.420971352061486,35.422698657828704,35.42097793957106,35.422704354556004,35.4209809405956,35.420975146354095,35.54787565707284,35.420971558548814,35.42102407610062,35.42270618306628,35.42422121883587,1.0,1.0,1.0,1.0,1.0,1.0,0.9991415100969435,1.0,0.9991386154675341,0.999998603392493,0.9991357695614738,1.0,1.0,0.9385191209061894,0.938543765593035,1.0,0.9991368231117411,1.0,1.0
323,57.40542982003166,39.78717347533356,57.40538440979759,39.787171779613175,57.40538506029131,57.405383834437146,39.73695601890225,39.787172748675744,39.78717070087606,39.787171200819785,39.78717126108958,0.00014936341834909613,0.9999772951407265,0.00014936329170985314,0.9999991521401667,1.0,0.9999776203802535,1.0,0.9999770074670769,1.0,0.9999997123198187,1.0,0.00014565978422086348,0.00014566309148085675,1.0,1.0,0.9999989761006828,0.9999996366711578,1.0,0.00014936655391469122
324,39.256547485234194,38.8660844302847,39.25655053994822,38.86608717474488,38.481138109900826,38.47936876378449,37.37707993708088,38.86530011093788,38.04118507034502,38.04193543255201,38.86530296309735,0.8226441712778172,1.0,0.8226453001356752,1.0,1.0,0.6786127163810141,0.8249164585058951,0.6780126314725159,0.8241869998536008,0.6780115959059583,0.8241858688801775,0.3907318444590179,0.3907312476724502,1.0,1.0,0.6622861800590885,0.9996079172111438,0.6786116798979133,0.8025376415033172
325,55.31670715465637,54.960802081916,55.23638774013875,54.81627028688504,55.232542736809165,55.23254755468989,54.81627205773506,54.96080198377126,55.17714513558769,54.81627087628971,54.81627044706525,0.8369821487568783,0.9606360063571954,0.7786306851684499,0.9302835028499779,1.0,0.9587909561600281,1.0,0.958793265833042,1.0,0.9980817494743497,1.0,0.7786313745878372,0.8105373621591246,1.0,1.0,1.0,0.9999999509276319,0.9980793451578358,0.9726812936959413
326,47.876142562328255,44.03276853452019,47.497604072513695,43.523185562280275,47.87614335348013,47.87614316492497,44.06209689552196,44.03277213990759,44.446476200663795,44.03276811402637,44.03277204189442,0.14635984265241453,0.8275636593950877,0.11344030812323447,0.7750780956538764,1.0,1.0,1.0,1.0,1.0,1.0,1.0,0.1485219034846346,0.17946885632121348,0.9854445914084367,1.0,1.0,1.0,1.0,0.1799936734142617
327,54.13053574363107,43.6591484808051,54.13056855969816,43.65914468176871,54.13060850007531,54.131583837156825,43.6427790496748,43.65914835085616,43.65914480063188,43.65914456604591,43.65914525833759,0.005323130912163701,1.0,0.005323120800789276,0.999998100483608,1.0,1.0,1.0,1.0,1.0,1.0,1.0,0.005279740411410673,0.005279653781963602,1.0,1.0,0.9999982248894365,0.9999999350255301,1.0,0.005322927474990624
328,39.90382969053141,39.902154934519274,39.32961058611227,39.32786596870207,39.32961071782054,39.32961086042832,39.96976931972472,39.60546538646747,39.722105403865896,39.90217415930172,39.01519891481587,0.9991629724970532,0.7504295131224035,0.7497751923518867,0.7504033005527515,1.0,0.7504295625412938,0.7510582189268499,0.7504296160498407,0.7510582724802224,1.0,1.0,1.0,1.0,0.8334746704554634,0.8835282983335284,1.0,0.862133822346812,1.0,1.0
329,41.99172957445148,41.9917139251198,41.85245744576872,41.85236746004864,41.85280484024045,41.852462600855716,42.08612634418418,41.99156216882511,41.86920829185948,41.85237121606173,41.85226948235865,0.9999921753647694,0.93273321301977,0.9326912476289402,0.9326985456548401,1.0,0.9328952402721072,0.9329025398941877,0.9327356171832968,0.932742915556375,1.0,1.0,1.0,1.0,0.9538182992467604,0.8972156564324769,0.9406567866657799,0.9999241247313316,1.0,1.0
330,45.38067751616745,44.46180980943342,45.3805356440875,44.461808929220695,45.3444698629595,45.290268805258904,44.61479063301121,44.472564955352254,44.47256158227697,44.46180618948736,44.47256421980356,0.6316411458065336,0.999929066475926,0.631640867817308,0.9999995598937348,1.0,0.9820590632074,1.0,0.9558021384938333,1.0,0.9558699417173556,1.0,0.681851462638122,0.6818998321962851,0.9313567929877244,0.9313552222207578,0.9999983134637784,1.0,0.9821287290592464,0.6466473802836461
331,40.33875305545857,40.338917408727184,40.30605188249547,40.33950701876486,40.3060026641989,40.305983449578775,41.98380164668828,40.34219944376733,40.349204344549605,40.33974182265305,40.33935620402099,1.0,0.9837823587936599,1.0,1.0,1.0,0.9837581490456054,0.9836773104335119,0.9837486978214419,0.9836678599859862,0.9999657841270305,0.9833779125050776,1.0,1.0,0.4400789653530949,0.4416230225107931,1.0,1.0,0.9999753911545189,1.0
332,39.65770344388869,31.975758708437525,39.40426953704076,31.788386020195787,39.18873839764868,39.40431948690963,31.788263397432274,31.972309295160983,31.792878888401475,31.78834652279059,31.788341731752922,0.021472711818631966,0.880982996531062,0.01955237118155562,0.9105683225623115,1.0,0.7909800576341237,1.0,0.8810049992983952,1.0,1.0,1.0,0.019551172435410644,0.022192451514268585,1.0,1.0,0.9141915068515245,0.9982767798135359,0.8978380522083493,0.024774763254761203
333,52.68159736109888,52.681789644753025,52.574355230526805,52.57435816932309,52.574355878678944,52.5743565268225,52.664351710386455,52.681604248131435,52.57472018032996,52.574358709793756,52.57436050931341,1.0,0.947791189446274,0.9477925821299107,0.9477014639995814,1.0,0.9477914966027667,0.947700378576797,0.9477918037552915,0.9477006856997929,1.0,0.999999178750041,0.9914142445766447,1.0,1.0,0.9561736262276421,0.9479608890062168,0.9999073059855611,1.0,1.0
334,42.51711600345183,40.8166619555883,42.517946532073665,40.81671256063103,42.51716993464689,42.51712314303089,39.94735502956328,40.81696714779059,40.81671737212733,40.816823606896435,40.81693459305106,0.42731790954400106,1.0,0.4273287219013264,1.0,1.0,1.0,1.0,1.0,1.0,0.9995883902131714,1.0,0.2766836489644216,0.2765687759725702,1.0,1.0,0.9998751199665288,1.0,0.9996117766647995,0.4273182269011595
335,48.15308084068795,46.095144387567984,48.045631370627916,45.88354238475742,48.04558440187242,48.15310346886574,45.883552791453695,46.09514408076808,45.883576448439726,45.88354289262878,46.095142111392306,0.35737550096136395,0.9476929372692959,0.3214963051307842,0.899603650126933,1.0,0.9476706815516986,1.0,1.0,1.0,1.0,1.0,0.32149797799233715,0.33924277089023025,1.0,1.0,0.8996191101654019,0.9999998466000595,0.9999765158980067,0.3392547507378767
336,56.9300620182654,50.044899550236295,56.930046723778304,50.04480624630767,56.930057475174635,56.93004774280982,45.96815463787706,50.04485915006228,50.0456662286463,50.04494245214357,50.04480583216318,0.03198202559937313,0.9999923527856905,0.03198053360985867,0.9999533491238748,1.0,0.9999977284571961,1.0,0.9999928622976816,1.0,1.0,1.0,0.004165355344507123,0.004165387198115709,1.0,1.0,1.0,0.9999798001170128,1.0,0.03199436059036308
337,39.24377210828797,36.40502222805844,39.243811349803224,36.40501866488697,39.24421508760179,39.24376472766778,36.30163566568916,36.4050224591322,36.40501743529259,36.40501719270864,36.40501889681366,0.24186514986135402,1.0,0.24186471895823644,0.9999982184158495,1.0,1.0,1.0,0.9999963096967144,1.0,0.9999766892039793,1.0,0.22968000502308425,0.22967549857158412,1.0,1.0,0.9999974880833521,1.0,1.0,0.24181100569206573
338,31.642554817009113,30.486024528462394,31.0028189822649,29.80276803087216,31.002819037202187,31.002819179651567,29.13999074319554,30.486046480496896,29.802880971873293,29.80173722236475,29.801139034815947,0.5608705525103173,0.7262449550811609,0.39856152824131,0.7106123266009376,1.0,0.7262449750301256,1.0,0.7262450267567008,1.0,1.0,1.0,0.28613772248836744,0.3939961585776392,1.0,1.0,0.7106446562769801,1.0,1.0,0.5488286315912682
339,54.13701863360504,50.93933881009161,54.003023369223456,50.4599872032087,54.00302227557438,54.003022790446266,50.459736533654905,50.93914664893066,50.47390469428211,50.45988153899253,50.459849178939805,0.20213087168073682,0.935197415703208,0.15905333143079012,0.7868829244550672,1.0,0.9351969043144535,1.0,0.9351971450677812,1.0,0.999999710611447,1.0,0.15903339776619735,0.17005329045591358,1.0,1.0,0.7924538745982006,0.9999039240351145,0.9999994531756119,0.17126233236094432
340,53.06656929212784,53.068506781723784,53.06657314720812,53.068507906072284,53.02145453518125,52.99737734703453,54.02821140324926,53.07391774710629,53.029068298532394,53.02147228283863,53.066662916425,1.0,1.0,1.0,1.0,1.0,0.9776951369295737,0.9767484584706214,0.9659956261772858,0.9650602760704867,0.965993764183736,0.9650597335386021,1.0,1.0,0.6205514082375091,0.6067905820208996,0.9778248408851525,1.0,0.9776932523847688,1.0
341,44.26827906433701,44.265996376341775,42.988164918370956,42.98893164706445,42.98814895545436,42.98834840841269,44.58081602883624,44.26945299593524,42.85896826497466,42.98933788176893,42.98900146047447,0.9988593070877161,0.5272623307502464,0.5274645030795935,0.5280668652099505,1.0,0.5272581224447366,0.527860248889321,0.5273107066628744,0.5279128931584036,1.0,0.9997084231909042,1.0,1.0,0.8558317152938243,0.4227713110571497,0.4939888339052778,1.0,0.9999920185735557,0.9374514161630314
342,48.888138804624475,48.69459740818212,47.47388591714872,47.242089338627636,47.4758047823463,47.477176018062124,49.571820465294195,48.69424683206796,47.2438631394449,47.2442038322468,47.24174261248476,0.9077641342010158,0.4930589965020997,0.4391014790739769,0.48371758976846935,1.0,0.4935322803821569,0.5436789820040071,0.49387077095137255,0.5440518658363404,1.0,1.0,1.0,1.0,0.6448182295123563,0.3122414029552765,0.484231661985439,0.9998247273049747,1.0,0.8905012064517477
343,51.23261603202559,50.379155720398444,51.23261695136705,50.3791565823779,51.232628354215734,51.23262007338758,50.440400636177,50.37915583715403,50.63043223141034,50.363131270548024,50.379156861620544,0.6526396394813172,1.0,0.6526399207623593,1.0,1.0,1.0,1.0,1.0,1.0,1.0,1.0,0.672934218416108,0.6729339090880155,0.9698417166496672,1.0,1.0,1.0,1.0,0.7400052032403988
344,35.597234751689115,35.59929012417632,35.59723608841023,35.59929226560203,35.597237503917654,35.5972362155203,36.05223487681329,35.60012890967886,35.599278116041546,35.59732777830473,35.60012906077549,1.0,1.0,1.0,1.0,1.0,1.0,0.9989742163467829,1.0,0.9989735728091201,1.0,0.9989725031958463,1.0,1.0,0.7976758368346971,0.7973365802358439,0.9995746936497418,1.0,1.0,1.0
345,43.49810950226228,43.49867918836787,43.482450831372375,43.4824717491189,43.48245227044811,43.46727501248668,43.72295349418761,43.49882982347282,43.484988861520776,43.4824717781695,43.48247587367234,1.0,0.9922012339703752,0.9922116113316,0.9919290269952116,1.0,0.9922019478969903,0.9919193663127722,0.9847009924211199,0.9844205471276901,0.9924408060658798,0.992430426307549,1.0,1.0,0.8939889756633719,0.8878235005979049,0.9931034104073913,1.0,1.0,1.0
346,37.24816900828304,36.879713963833694,37.24817210177682,36.87971519543589,37.24820878828734,37.248164099831996,37.06783487445938,36.87971388435312,36.87971488892066,36.879714881392005,36.87971529669338,0.8317465414733114,1.0,0.8317470536639034,1.0,1.0,1.0,1.0,0.9999975457774883,1.0,0.9999959990355937,1.0,0.9137785103642959,0.9137770969813227,0.9102276963023288,0.9102281534950409,1.0,0.999999960259715,1.0,0.8317303829087155
347,50.40203400379664,46.082573025674236,50.402063066113044,46.08256479378278,50.40203788575076,50.40208148674205,46.10320186347121,46.08252944111416,46.082568195847955,46.08257405572493,46.0825679869325,0.11535620660846281,1.0,0.11535573180955408,0.9999958840627422,1.0,1.0,1.0,1.0,1.0,1.0,1.0,0.11655219621169569,0.11655050258559914,0.9897170238780983,0.989736202173806,1.0,0.9999782079574127,0.9999874098981131,0.1153557041305875
348,39.4969589539827,38.125590368697715,39.496962592768256,38.080722011125005,39.49696680133266,39.49696313937346,37.94788784630762,38.080795721672644,38.080810408240694,38.08072601098385,38.080800421086565,0.5037454023344028,1.0,0.4925701108584294,0.9778155960844781,1.0,1.0,1.0,1.0,1.0,1.0,1.0,0.46091780279903727,0.4609169642092781,1.0,1.0,1.0,0.9778516344101139,1.0,0.4925899494614425
349,43.31909633771676,42.70198003873924,42.73831223454229,42.14981142221566,42.82368152294393,43.05953735806935,43.30025922337154,42.70084873650316,42.21697257957618,42.23934038808275,42.123739209073875,0.7345052398531422,0.7479702671574321,0.5573050863086544,0.7587489592587287,1.0,0.7805883042401116,1.0,0.8782890812489873,1.0,1.0,1.0,0.9906256585121279,1.0,0.7410366139011723,0.5817913958370116,0.7851047909416817,0.9994345088323959,1.0,0.7383373303021542
350,40.74081678529697,38.90193821240047,40.74082275754907,38.90195452764874,40.74078328117133,40.740805191011674,44.701551772603636,38.90193823752307,38.90194405429099,38.90194402833367,38.90194149249493,0.39874255877032133,1.0,0.3987458115755108,1.0,1.0,0.9999832480774954,1.0,0.9999942028741549,1.0,0.9999912167698756,1.0,1.0,1.0,0.05503385335587647,0.055034013415685694,1.0,1.0,0.9999802620059285,0.39875040331306566
351,39.62523099708267,39.208190550382994,39.625336010337634,39.20818295934191,39.6252397775051,39.62523157021408,39.70211382510712,39.20818105035053,39.25841585660339,39.20819034961238,39.20817596225814,0.8117846175322271,1.0,0.8117815363928833,0.9999962044866616,1.0,1.0,1.0,1.0,1.0,0.9999477813016685,1.0,1.0,1.0,0.7811669501592823,0.8010363243007981,1.0,0.9999952499950503,0.9999518847413097,0.8324251588476238
352,56.352485230574246,52.717404797456936,56.352517149033076,52.71319399845109,56.35254442107913,56.35248547235301,50.803898354509755,52.715228127813816,52.98293955037042,52.71319896384634,52.713193894021856,0.16242478976645605,1.0,0.1620831804330675,0.9978968152959918,1.0,1.0,1.0,1.0,1.0,0.9999841617853926,1.0,0.062393546025636744,0.06239255028066733,1.0,1.0,1.0,0.9989122571999899,1.0,0.1854810728388092
353,66.36193490697474,37.84703765456021,66.36201136863446,36.92145925015441,66.36195547482899,66.36201344715971,37.84702873593963,37.84703656556067,37.1103992509951,36.92145924169705,36.92145925676513,6.427894433024451e-07,1.0,4.0465223067752805e-07,0.6295253210733447,1.0,1.0,1.0,1.0,1.0,1.0,1.0,6.427865769112568e-07,6.427620031167409e-07,1.0,0.6918993772938136,0.6918966686441544,0.9999994555003785,0.9999720534877777,4.4473905861013506e-07
354,20.840457065189185,17.272719003875125,20.633682492077156,17.172943285250966,20.589020833032208,20.39778427006584,16.662484871043404,17.27734779605504,16.986040730721584,16.974083142785105,17.048932246780822,0.1679869416863954,0.9017776594795439,0.15981204229152224,0.9513361020040805,1.0,0.8818633948628983,1.0,0.8014470301111685,1.0,0.8887412786137542,1.0,0.12381260616313275,0.13729837378605106,1.0,1.0,0.8644571574721605,1.0,0.9779166578287835,0.16505276783374168
355,56.43853491493354,56.438817596229256,56.364897703832554,56.36561040525271,56.36489605585734,56.43810490078286,56.93736162125546,56.43949075331375,56.20793603715484,56.36562927029223,56.365800023632346,1.0,0.9638509567064601,0.9641944868842679,0.96405821664132,1.0,0.9638501625055458,0.9637139409261894,0.9997850160370246,0.999643715761111,1.0,1.0,1.0,1.0,0.7796303093929619,0.6943960583090867,0.8906735024831952,1.0,0.9999991760127342,0.924520541512228
356,39.709418744735785,34.04173581437897,39.64912440857688,34.04167871438179,39.594711696216365,39.57710856057395,38.371794166114626,34.042068938456936,34.041386030507795,34.04226480733726,34.04211226976855,0.05878659271203428,0.9703027254517774,0.05878491437885358,0.9999714504089581,1.0,0.9442601914678697,1.0,0.9359856890659182,1.0,0.964632649702307,1.0,0.5123167005997427,0.5279967655055342,0.11476570073443318,0.11472652021932504,0.9996586043142034,1.0,0.9731604031393581,0.06224588608218822
357,37.110813550958085,36.41428223859816,37.099719906486,36.40970154501406,37.10100467322101,37.109805862402624,36.826853908418485,36.413101879881395,36.413096470640795,36.409891790181234,36.40774654056827,0.7059113215978787,0.9944685329784173,0.7042963899496966,0.9977122740509009,1.0,0.9951075682543515,1.0,0.9994962826304826,1.0,1.0,1.0,0.8676387641578053,0.8724647742842513,0.8131204590728771,0.813118259893751,0.9999972953833574,0.9994099947631984,1.0,0.7089614677194714
358,50.05431232402262,37.96362414924039,50.05432490549538,37.963622924409435,50.05431451665052,50.0543140583045,37.99726115122641,37.96363199999695,37.963631812209115,37.96362321013311,37.96363196316881,0.0023688656019481293,1.0,0.0023688641512186167,0.999999387584711,1.0,1.0,1.0,1.0,1.0,0.9999945764192683,1.0,0.002409043287592595,0.002409028132984012,0.9833260003506314,0.9833259080223062,0.9999999061060878,1.0,0.9999948055910628,0.002368872081208094
359,46.08111342389813,46.08045048311334,45.000837433654794,44.94628968647791,45.00098860660208,45.00066732693938,44.987578997330445,46.080224462081986,44.950408411880886,44.94629445439219,44.999814767126054,0.9996685845378449,0.5826678415062827,0.5669909884822162,0.5671789603594884,1.0,0.5827118849782512,0.5829050687309971,0.5826182857574054,0.5828114384796386,0.9999149502592264,1.0,0.5788179841400213,0.9933927066297173,1.0,0.9815863488469444,0.5684124240289514,0.9998869958697717,1.0,0.9750270182324458
360,51.319091949227584,37.489239173593944,51.26541866457097,37.374134825803935,51.31908384838903,51.318918472022204,35.75646682801565,37.49000497979597,37.48943140612383,37.48883745150067,37.48956705245564,0.000992854542214165,0.9735202605386042,0.0009373268020080521,0.9440726331550238,1.0,0.9999959495889247,1.0,0.9999132651589941,1.0,1.0,1.0,0.0004174638682192078,0.0004288188804496415,1.0,1.0,0.9997132542833428,1.0,1.0,0.0009929539981425733
361,71.31146420303858,40.87063576500958,71.3114693168327,40.87129463435352,71.31147663820406,71.31148426648281,40.07810745775379,40.81951841167441,40.86783498470675,40.86665999625859,40.07751096418795,2.453906959961402e-07,1.0,2.45471549516825e-07,1.0,1.0,1.0,1.0,1.0,1.0,1.0,1.0,1.6510596242635744e-07,1.6510554026794767e-07,1.0,1.0,1.0,0.9747651813151551,1.0,2.450457701897871e-07
362,50.04763699956527,42.776682333799414,50.047649041318266,42.77668334934256,50.04787730200667,50.04766182473696,42.75921130185003,42.77668238513911,42.776679522737,42.776679470543996,42.77667974507503,0.026371343473227768,1.0,0.026371356863849747,1.0,1.0,1.0,1.0,1.0,1.0,1.0,1.0,0.026141979446152243,0.026141822048996424,1.0,1.0,0.9999985687999678,1.0,1.0,0.0263681380531959
363,33.47714382655349,33.47713975890329,33.33471366573403,33.47637963739473,33.336390462785886,33.34212345976789,31.092794922618424,33.479667768907774,33.476513287261156,33.477166440295235,33.334710008850635,0.9999979661769706,0.9312615744651609,0.9996179784094582,0.9996200114596582,1.0,0.9320426701854432,0.9320445657991456,0.9347182019649553,0.9347201030202269,1.0,0.9350754209645487,0.303560468235254,0.3259669211731343,1.0,1.0,0.9984240023673088,1.0,1.0,1.0
364,42.89261845524271,42.892647632014956,42.509465636126635,42.50947673208725,42.509383450704576,42.50943877966296,42.71998774263028,42.89509125448981,42.512540186419415,42.509476636958425,42.50947990041726,1.0,0.8256565346452525,0.8256611153841549,0.825649070408856,1.0,0.8256226068769614,0.8256105624634356,0.8256454476123261,0.8256334028655932,0.9999865718583199,0.9999810239679007,0.9173049077151824,1.0,1.0,0.901474269964541,0.8259049918622728,1.0,0.9999589081332644,1.0
365,32.55232314034902,27.87294929565121,32.111683177769834,27.34664796559889,32.11168348548466,32.11168449337242,30.99354635557691,27.87294932556111,27.346648204826693,27.34664819400504,27.346648241871463,0.0963578009826013,0.8022620480423608,0.07406311918564976,0.7686260835178549,1.0,0.8022621714763343,1.0,0.802262575771548,1.0,1.0,1.0,0.45868646166606253,0.5717414438154291,0.21007335179161818,0.16146787453811767,0.7686261639614592,1.0,1.0,0.09231786151444343
366,48.03362337917616,46.28358188012666,46.11629262055666,45.21070270566699,46.11629458414333,46.14039374211208,45.20990857308584,46.28358224249578,45.278955604608484,45.21070174478905,45.21070180806751,0.41685337007945167,0.38340424390141525,0.24378701194494762,0.5848267746965375,1.0,0.3834046203253312,0.9197589556544912,0.38805243042294857,0.9309087038182916,1.0,1.0,0.2436902315558111,0.6355960723754304,1.0,1.0,0.6051291825044973,1.0,1.0,0.65792160916114
367,46.80373442627348,46.624132922874196,46.72135408860791,46.51723378735977,46.73705526183551,46.75091112148863,46.623865709523756,46.624216926840205,46.533998649081525,46.53389171932588,46.51740673783462,0.9141133026492246,0.9596466177171031,0.866537130640803,0.9479537472318371,1.0,0.967210056478077,1.0,0.9739340847810486,1.0,1.0,1.0,0.9139911791685209,0.9524247387468611,1.0,0.9560610288862875,0.9558931510326576,1.0,1.0,0.9034556054253078
368,50.368281683155004,46.19945297191086,48.511456720741336,44.24305799171927,48.51305493628877,48.51375886734266,46.376380584360646,46.43689957422228,44.511799642641165,44.22280176213937,44.523674615491814,0.1243799412533897,0.395180569245199,0.04676539158265013,0.37598821089148615,1.0,0.3954964873195876,1.0,0.39563571294902583,1.0,1.0,1.0,0.13588442789757907,0.34385402135818693,1.0,0.39365103077069397,0.38191776600409033,1.0,1.0,0.13525036712739177
369,45.16281214516502,42.57700718897996,45.16284159372913,42.223538443609385,45.16284058629395,45.162829374715955,45.72296298296325,42.57700720024374,42.577020665714,42.57702064434045,42.22353268345174,0.2744729740440467,1.0,0.23000899761064747,0.838002351276072,1.0,1.0,1.0,1.0,1.0,0.999993890512077,1.0,1.0,1.0,0.20742656794644246,0.20742796449928466,1.0,1.0,0.9999994962825401,0.2744709203907441
370,60.49646690818477,60.4968456906262,60.49647375090646,60.496851129260676,60.49647676776769,60.49647224543514,60.45274595304292,60.4971041368764,60.49755898515173,60.49686549210102,60.497096501148945,1.0,1.0,1.0,1.0,1.0,1.0,0.9998155555827068,1.0,0.9998132948360494,0.9999992472646246,0.9998105760302195,0.9783767310269267,0.9783733836528143,1.0,1.0,1.0,1.0,1.0,1.0
371,38.414101010194514,35.168405669563185,38.02038134760366,34.72344843118111,38.02193428142792,38.02380830398366,35.6498500748292,35.168404436002334,34.72344904899339,34.7234496434271,34.723447664781276,0.19733595047426863,0.8213057466073891,0.15797376729680399,0.8005321225916348,1.0,0.821943710991436,1.0,0.8227142424603706,1.0,1.0,1.0,0.251044398840436,0.30566497297436224,0.7860594766218282,0.6292664438065643,0.8005328636338076,0.9999993832197643,1.0,0.19219541920374136
372,44.77531304770247,44.77534107471055,44.77533038083638,44.75077030529104,44.77530991350912,44.775312125701475,45.22269478710027,44.77535101431209,44.75396912322458,44.75077014040423,44.775496061557845,1.0,1.0,0.9878036150285413,0.98778977253558,1.0,0.9999984329045533,0.9999844195206598,0.9999995389996098,0.9999855256002161,0.999990872474204,1.0,1.0,1.0,0.7995774435716201,0.7910747366382979,0.9893659995017599,1.0,0.9999897663887335,0.9893863315791828
373,38.56143886042159,38.56249709622361,37.80343387739802,37.80450488064406,37.80343906706449,37.803463622768476,38.13363782012337,38.56725738754935,37.76067909952815,37.80442754389935,37.804230522365685,1.0,0.6845439071149423,0.6849105796563388,0.6845482770668969,1.0,0.6845456833945269,0.684183573827159,0.6845540881967069,0.6841919741833841,1.0,0.9994795065659363,0.8074287039146291,1.0,1.0,0.8298756901618498,0.668118888817006,1.0,1.0,0.9788469479420546
374,52.05845250039221,52.0597232379227,51.534755981551854,51.53498780872252,51.53474873697954,51.53475120021102,51.61984114932784,52.058492220678204,51.536432158469154,51.53492916017956,51.53476543013633,1.0,0.7696277986160158,0.7697170141040689,0.7692281152871956,1.0,0.7696250108089431,0.7691361704295231,0.7696259586918047,0.7691371177103209,0.9999976093324404,0.9998817027419226,0.8030761998862906,1.0,1.0,0.9591531728451023,0.7702577875756106,0.9993846807643273,0.9999963777204023,1.0
375,18.55017809119849,18.5511147946074,18.550179604515847,18.551114844549147,18.550179251956877,18.550216132286977,20.310129863131266,18.554922251811576,18.603883145650144,18.55112212697506,18.554740752353553,1.0,1.0,1.0,1.0,1.0,1.0,0.9995323380626876,1.0,0.9995507697739158,1.0,0.9995507448142603,1.0,1.0,0.41577800388797137,0.42608204441171516,1.0,1.0,0.9999998237205303,1.0
376,36.11543025847482,35.920572849734356,36.11542461999474,35.920575344809436,36.115412671753575,36.116058224831164,36.041035588380055,35.92057325883263,36.00109210250446,35.92057614385135,36.113100349766114,0.9071670162939941,0.9999971807639362,0.9071681480196079,1.0,1.0,0.9999912066780405,1.0,1.0,1.0,1.0,1.0,0.9634859870353049,0.9634887033374043,0.9415468559596224,0.9802263712329661,1.0,1.0,0.9999940258972619,0.9444426775939658
377,44.77875631539959,43.18957639844973,44.39701366839995,42.7585930287905,44.39709356921179,44.39731578970748,43.174875838372316,43.22168329825155,42.78873033419217,43.18957673919073,42.78913100632863,0.4517664399491339,0.8262388988410186,0.3641892447442943,0.8061449734630572,1.0,0.8262719080797762,1.0,0.8263637204568226,1.0,1.0,1.0,0.44845800396419433,0.5427703834729338,1.0,0.8244219935341444,0.8053514749320313,1.0,1.0,0.4474539652494248
378,34.916573271379804,34.29442898582957,34.91667121039214,34.29442940772208,34.92015279404069,34.919845528253234,33.64465300976224,34.294430148703356,34.35437948790667,34.91407041049226,34.29442942226572,0.7326610177636483,1.0,0.7326611723157621,1.0,1.0,1.0,1.0,1.0,1.0,1.0,1.0,0.5294269251112369,0.5294009999709384,1.0,1.0,1.0,1.0,1.0,0.7536052018572346
379,44.61925126309379,44.621005142894404,42.67394209089741,42.67396190452641,44.619712241916716,44.61911660726693,45.437577212004896,44.61915597035818,42.67829345455414,42.67396186515262,42.673985950811186,1.0,0.37807806402565525,0.37808180959345455,0.37775039990347004,1.0,1.0,0.9993537584152553,0.9999326743530456,0.9990561778668242,1.0,1.0,1.0,1.0,0.6641743286454671,0.25166866482635264,0.3789195907941996,0.9990758410300694,1.0,0.37881421435369245
380,54.083208596391614,42.804988284542475,54.0832939836838,42.805893630292786,54.08323992811714,54.083180866939045,42.80508834486284,42.804988106761755,42.93020870659137,42.805893555900326,42.80589355049537,0.0035560313121612702,1.0,0.0035576413954725183,1.0,1.0,1.0,1.0,0.9999861353698305,1.0,0.9999434432270162,1.0,0.0035562092254279067,0.0035560574011307897,0.9999498822053969,1.0,1.0,0.999999911109644,0.999972972581915,0.003785733533403697
381,27.583223580002738,27.282458111739118,26.726094800978444,26.40589400535646,26.726095349735942,26.72609686975494,27.55733925623494,27.282454131201376,26.452153728786385,26.405853725732527,26.40586564156621,0.8603786171374999,0.651443643065339,0.5550679238975799,0.6451437923275039,1.0,0.6514438218076553,0.7571594747147767,0.651444316911336,0.7571600501633884,1.0,1.0,0.9871412277581426,1.0,0.8715844101744116,0.5754558534170313,0.6602411042458614,0.99999800973311,1.0,0.8719956789004926
382,33.61404190169415,32.602113457302494,33.61404457583703,32.60185434564633,33.6140457970055,33.614073988328755,32.9580243895353,32.60211685522478,32.60211688780285,32.602110184665605,32.601920087498286,0.602923942412702,1.0,0.6028458351618063,0.9998704525639123,1.0,1.0,1.0,1.0,1.0,1.0,1.0,0.7203567121770991,0.7203557490093576,0.8369811186123763,0.836981132245992,1.0,1.0,1.0,0.6029238022898795
383,34.79003918102126,29.220435311427337,34.789862151062835,29.22043538748619,34.78986683662927,34.789978778334955,29.219464446909114,29.22043562779757,29.22043535857543,29.22043504658143,29.220435368827594,0.06174131662640184,0.9999114889381241,0.06174131897438874,1.0,1.0,0.9999138315167249,1.0,0.9999697991129052,1.0,1.0,1.0,0.06171135267291457,0.06171681529377183,1.0,1.0,0.9999998653889384,1.0,1.0,0.06174663869609825
384,36.72163149075624,34.14040397124785,36.72156684130377,34.14065301934758,36.7215902925642,36.7215640935795,33.675969672648165,34.140561287934986,34.14027113998458,34.140446181245295,34.140613821678926,0.27510188479837533,0.9999676757962039,0.2751361437321825,1.0,1.0,0.9999794011161417,1.0,0.9999663019794233,1.0,0.9999986261388104,1.0,0.21809360904838318,0.2181006589785321,1.0,1.0,0.9998549365475158,1.0,1.0,0.2750892808718082
385,54.590318038036685,52.092071825416895,54.59031825173108,52.74743827561255,54.59039157561003,54.59032241451624,52.16983153916951,52.74743808295341,52.74743916104893,52.74757022689454,52.092078054307734,0.2867561412938097,1.0,0.3979456339227738,1.0,1.0,1.0,1.0,1.0,1.0,1.0,1.0,0.2981247519320624,0.2981247200782703,1.0,1.0,1.0,1.0,1.0,0.3979311783849819
386,67.07487754969884,64.36967412611946,67.07490259145086,64.36966385873666,67.07490574019266,67.0748820622292,64.42279702556496,64.4606258836196,64.36330973236093,64.36966401003153,64.36330962251796,0.25856666882924906,1.0,0.25856534143117155,0.9999948663217747,1.0,1.0,1.0,1.0,1.0,0.999989735441845,1.0,0.2655265981221432,0.2655232735173436,1.0,0.9706943424487342,0.9525067592992131,1.0,1.0,0.257741533610664
387,35.35753142507318,35.357576487230006,35.35753373014404,35.35756206848123,35.357543553093905,35.3575396592326,36.12365934235339,35.35758735605879,35.363080269090716,35.35756430233076,35.35758965987199,1.0,1.0,1.0,0.9999927906515993,1.0,1.0,0.999983533067531,1.0,0.9999815861708339,1.0,0.999988795438457,1.0,1.0,0.6817883591355149,0.6836634349454147,1.0,1.0,1.0,1.0
388,51.60873027117913,51.608233397825245,51.60873496032656,51.60823453149055,51.608737674130566,51.60873685966206,52.20474959679038,51.606845841827806,51.53966159899292,51.60916772108223,51.60684604259072,0.9997515941808949,1.0,0.9997521608729047,1.0,1.0,1.0,1.0,1.0,1.0,1.0,1.0,1.0,1.0,0.7415950960002251,0.7170971166864446,0.966965828865496,0.9993064626095899,1.0,0.9660515927336693
389,59.900038357200344,56.0583008363208,59.890290612007476,55.97310547018844,59.89031376307477,59.890324283527434,56.06117340964394,56.058310229598334,55.962405605597866,56.057731140644336,56.05831131794537,0.14647965111085182,0.9951379854479212,0.14037098847918775,0.9582968515740035,1.0,0.9951495047678273,1.0,0.9951547394932233,1.0,1.0,1.0,0.14669018904015035,0.14740688345257336,0.9985694342133722,0.9518156555941275,0.9531792412051194,1.0,1.0,0.14030255532614833
390,52.84556494573994,50.133484617430014,50.21543146517925,48.57598604231083,50.215430492055106,50.265630770875305,49.105054328231546,50.13344426787245,48.631814659512486,48.575986010736216,48.575985993547846,0.2576791264158355,0.26845640578555313,0.11826948919351217,0.4589797040938902,1.0,0.26845627516487974,1.0,0.27527984310712555,1.0,1.0,1.0,0.15408431771770129,0.5739640194720703,1.0,0.7892912924180133,0.47198182326023785,0.9999798254247267,0.9999995134380459,0.4530250231552889
391,48.00972974362983,48.009764855986845,48.00971446793616,48.00976325140104,48.00979799877064,48.009715043921574,48.31086269019272,48.009711754671685,48.01093603213616,48.00971746366275,48.00971832632601,1.0,0.9999923621823332,1.0,0.9999991977074195,1.0,1.0,1.0,0.9999926501728803,0.9999750942775173,1.0,0.9999758965507598,1.0,1.0,0.8602128092234497,0.860739540001649,1.0,0.9999734496948856,1.0,1.0
392,45.49864093048265,44.77404730576197,45.25370615905584,44.53011912978141,45.253649168713366,45.25365809159854,47.80971835008103,44.773795781244644,44.52965138540054,44.529414788244765,44.53032914523047,0.6960757332960683,0.8847347594659507,0.6161524265559046,0.8851801565302244,1.0,0.8847095491566691,1.0,0.8847134962463328,1.0,0.9999759665601579,1.0,1.0,1.0,0.21915823311591232,0.19397354749384663,0.8850844649365941,0.9998742456490792,0.9999715052347476,0.6962831395622959
393,45.105258187280526,44.39830341045666,45.105262275387645,44.39830457461298,45.105264061021785,45.1052600638921,44.949824954249436,44.39862422087481,44.60054396273679,44.39830651148728,44.39862817238503,0.7022418712124618,1.0,0.7022422799722357,1.0,1.0,1.0,1.0,1.0,1.0,0.9999988942528406,1.0,0.9252265833294274,0.9252246921186695,0.7591162382883295,0.8397588633841592,1.0,1.0,1.0,0.7769649421406597
394,38.055244737977546,37.92705261879814,38.05525188678925,38.05381880810896,37.30763037995095,38.05695318288397,37.320053640187126,38.05288854349462,37.183762123148796,37.166321655293956,37.30508927085799,0.9379148994828929,1.0,0.999287289164813,1.0,1.0,0.6881095810062365,0.7336588654105152,1.0,1.0,1.0,1.0,0.6923971658636465,0.6923946909595879,1.0,0.9341243070780251,0.6475474474533482,1.0,0.6881071214277189,0.9399448004187945
395,57.823153732721266,56.61065951358225,56.1682509475049,56.164796721151134,56.16827701432379,56.094937006880315,55.57390388247495,56.608284812302344,55.78226897510967,55.67895574711201,55.678966640431554,0.545393836470049,0.4371620221168826,0.4364076454625022,0.8001697420841096,1.0,0.4371677198656413,0.801563366933372,0.4214271452252951,0.7727024345432592,0.9640067615768763,0.9656731489629818,0.3247742591816595,0.7429150812529308,1.0,1.0,0.6616570434120648,0.9988133539819133,1.0,0.8244786600522054
396,39.618228685205565,39.61771536511131,39.61822868329145,39.61852817862052,39.6182286801737,39.61832540753875,39.925076704615094,39.61754302479943,39.55582552860926,39.61771536052305,39.61703576656595,0.9997433728872439,0.9999999990429416,1.0,1.0,1.0,0.9999999974840676,1.0,1.0,1.0,1.0,0.9998986195984532,1.0,1.0,0.8574719259389101,0.8314155175280029,0.9696125230194842,0.9999138335566026,0.9999999984411261,0.9692801699739687
397,37.632026828090716,35.239741086043665,37.63203451062597,35.239738755959024,37.63204188907653,37.632030568121394,35.21275986296433,35.239741484976605,35.23973908315472,35.23973844911444,35.239739479948554,0.30235820021792903,1.0,0.3023578479580351,0.9999988349583583,1.0,1.0,1.0,1.0,1.0,0.9999980287496544,1.0,0.298306593964025,0.29830544809076337,1.0,1.0,0.9999987990897771,1.0,1.0,0.30235562052770254
398,55.80041263878678,52.32168178420807,55.80041425964134,52.321683290780726,55.80041916252662,55.80041766737776,53.332024215347815,52.32980653927868,52.32981280156892,52.32168797005454,52.32980804411878,0.17563181642036493,1.0,0.17563194872146104,1.0,1.0,1.0,1.0,1.0,1.0,1.0,1.0,0.29106920805504266,0.2910689721647114,0.6058584881815628,0.6058603852153819,1.0,1.0,1.0,0.1763467272955407
399,39.78675201598435,39.787759749639235,39.36928588783607,39.36931369041761,39.36929018816315,39.369285203740446,39.456994136441494,39.78753970075485,39.42293004267023,39.369324871091635,39.369313713306354,1.0,0.8116118550923477,0.8116231376231593,0.8112142906585866,1.0,0.8116136001924423,0.8112047580322541,0.8116115774823358,0.8112027363410674,0.9999996579522462,0.9999857567628526,0.8479963565069758,1.0,1.0,0.9831121784465289,0.8333472732429628,0.9998899816102735,1.0,1.0
400,43.99172931735973,43.99317838057428,43.99173053221688,43.99317932973,43.99172894291223,43.99161757548907,44.95960274767606,43.996798828884266,44.26793235984678,43.9931039279177,43.993985073768215,1.0,1.0,1.0,1.0,1.0,0.9999998127762699,0.9992755437142412,0.9999441306254245,0.9992199018922626,0.9999435232309707,0.9992194276847327,1.0,1.0,0.6179164904382235,0.7076290990787637,1.0,1.0,0.9999992053479931,1.0
401,28.113464583934558,27.78492176683997,28.11386272448081,27.784924051344376,28.11346741935526,28.113469548516775,30.335975098060544,27.784932610781198,27.89298450107819,27.784938181203046,27.784925931130886,0.8485116972984654,1.0,0.8485126665133738,1.0,1.0,1.0,1.0,1.0,1.0,0.9998034313401335,1.0,1.0,1.0,0.2792853545598885,0.2947890395915737,1.0,1.0,0.9998023669692055,0.895617854070539
402,48.09496419965362,47.91686970106386,48.008462412136,47.91672044896981,48.09438323712615,48.001237372643146,49.680627677052485,47.91734734569374,47.82662825974961,47.916911436222364,47.82730914001661,0.914802348787356,0.9576710862243979,0.9147340832514832,0.9999253767374305,1.0,0.9997095609218649,1.0,0.9542177219437777,1.0,0.9963939975527141,1.0,1.0,1.0,0.41410315659332086,0.39573926406928606,0.9556538214412365,1.0,1.0,0.874697218343013
403,47.12874641878162,47.12861196664156,47.12867295075438,47.129236424836876,47.12868160708837,46.996823415956726,44.79322712042867,47.129247153614216,46.99352121807439,47.12864422920512,47.129434021468285,0.9999327761895918,0.9999632666610663,1.0,1.0,1.0,0.999967594678439,1.0,0.9361669047014082,0.9362298416387811,0.9362012945008693,0.9359375690704992,0.31106305157243586,0.31107447837668367,1.0,1.0,0.9343885061454846,1.0,1.0,0.9346527635929158
404,47.9087856171781,47.90978134122355,47.63420670988893,47.63516584396132,47.55602035207397,47.22020311611331,47.28823203133396,47.90988326916741,47.65507475065246,47.556985167547595,47.6352554630308,1.0,0.871717867696983,0.8721360151080355,0.8717019197762178,1.0,0.8382971621801274,0.8378799097350105,0.7087224821869804,0.7083697239981863,0.813018189083786,0.8126283858363398,0.7332439713917729,0.8411482643219779,1.0,1.0,0.8803776998141345,1.0,0.9616610984410005,1.0
405,32.05943937251476,32.06052253005305,32.059506299328945,32.06058979734078,32.05949932826155,32.05944365178854,30.97991859649457,32.060629287049665,32.05366657953928,32.06076557081926,32.0606745228593,1.0,1.0,1.0,1.0,1.0,1.0,0.9994885299496751,1.0,0.999460706338876,0.9999686767203825,0.9994270913987201,0.5828879025726177,0.5828683974837998,1.0,1.0,0.9965246991306769,1.0,0.9999965144723781,0.9970878741275075
406,46.85200069918835,46.85425376724385,46.85200889040888,46.852169793377016,46.852002457802,46.85200200645778,47.54494463189121,46.85569560569911,46.85655220162607,46.85425969220975,46.85570364026108,1.0,1.0,1.0,0.9989585557464642,1.0,1.0,0.9988749785907002,1.0,0.9988747531725012,0.9999965580303728,0.9999161100593404,1.0,1.0,0.7084863308680278,0.7087898391120344,1.0,1.0,0.9999967837017318,1.0
407,35.1268178801717,35.12552250876473,30.96255059796266,30.946058968387177,30.963109588318872,30.96415990751629,34.85201520319964,35.12554949911515,30.952581858333502,30.946620645760675,30.946107298797187,0.9993525239996248,0.12466394012817167,0.12364021090850158,0.12372031684441719,1.0,0.12469878796799588,0.12477957975122171,0.12476429193195691,0.12484512615490603,1.0,1.0,0.8716203411375445,1.0,1.0,0.1423143874640835,0.12412280750341313,1.0,1.0,0.9947499648678322
408,28.947492208399495,28.947546035130557,28.634029732635156,28.636238780987725,28.62089842896765,28.41465340458106,28.441833516791434,28.949968393306477,28.624585325961846,28.620931541546184,28.636622065824042,1.0,0.8549338017623683,0.855878618505951,0.8558555842418073,1.0,0.8493389909672779,0.8493161327041521,0.7661177488657633,0.7660971303362067,0.8961135321664453,0.8951242995217277,0.7766004006329301,0.9083748929239186,1.0,1.0,0.8498532991125972,1.0,0.993455854963791,1.0
409,65.33383028269569,65.12073145568402,64.84516248215024,64.64986407963261,64.84460234442079,64.84421817951986,65.25709193089449,65.13563935683953,65.24107520631304,64.64920796157904,64.66807231181696,0.8989306277499398,0.7832260711985276,0.710360208607334,0.7902280628544103,1.0,0.7830067446766422,0.8710424592346355,0.7828563572662455,0.8708751633324219,0.9995279601306982,1.0,0.9623575960706362,1.0,0.9410807905474722,0.9920236192124666,1.0,1.0,0.9997199703508979,1.0
410,31.401454200240835,31.401469803845572,31.401469906072975,31.402953877959334,31.401522519661313,31.40249427561548,31.439024473844,31.40276195289033,31.463714407610667,31.40147161731585,31.40147691018629,1.0,1.0,1.0,1.0,1.0,1.0,1.0,1.0,1.0,1.0,0.9997702252303406,1.0,1.0,0.9820321218934741,1.0,1.0,1.0,1.0,1.0
411,47.64051528035574,47.340889626566025,45.65637934650198,45.37877980593214,45.657338521174665,45.656379370913555,47.226510981186294,47.34088947112588,45.49175670903233,45.37875652670519,45.37876179465215,0.8608690928874887,0.37080907668829693,0.32275307002666787,0.3749153880575546,1.0,0.3709869546762837,0.4309446787454476,0.370809081214314,0.43073805794393505,1.0,1.0,0.8130179023348292,1.0,1.0,0.42005184448320987,0.39670339989823133,0.9999999222799291,1.0,0.9205436071778056
412,47.242405325652726,46.93069516220703,46.79666588257692,46.51374951949566,46.79666507483299,46.79666502122578,46.81675290773495,46.93069582404382,46.658307217813274,46.513749883298914,46.51377048627859,0.8556831855192533,0.8002190938168807,0.6946633751343263,0.8118230986539539,1.0,0.8002187706308881,0.9351811326586862,0.8002187491821408,0.9351811075924612,0.9999995693245228,1.0,0.8082965997181655,1.0,1.0,0.9238340297464605,0.8726730529215347,1.0,0.9999995961281164,0.9331596962656541
413,31.803691849081048,31.80016814562569,31.803698696229162,31.220638568250592,31.80370134327285,31.8036966579225,31.9310812157249,31.796486836049155,31.354067305316875,31.800176841379823,31.796491256699312,0.9982396994219774,1.0,0.7471221096946193,0.7484395883345797,1.0,1.0,1.0,1.0,1.0,0.9999989808471887,1.0,1.0,1.0,0.9349173121214821,0.7493815930275136,0.801548525534352,0.9981610381778757,1.0,0.7986623454419767
414,50.159539204370134,49.892617422000086,49.37214968824952,49.370082951206086,49.37213198959458,49.3721183771475,49.350499810761875,49.892638976734446,49.22194874809932,49.13378904421734,49.13381950769437,0.8750616909341856,0.6745599287994826,0.6738632198435995,0.770075100789987,1.0,0.6745539594241861,0.7708644618004651,0.6745493682747734,0.7708592151424751,0.9999843445715373,1.0,0.6672972388974469,0.9892334400666798,1.0,0.9377465853666993,0.7150912555319373,1.0,0.9999911507116835,0.9276584896705166
415,55.85691009327692,55.85869391220439,54.05084672871223,54.05267372171568,54.02305801446121,53.98047182184234,56.37399903159516,55.856952277552296,54.02698104128413,54.02488881183683,54.05438201391817,1.0,0.40533893623059536,0.4057093811051422,0.4053476863920559,1.0,0.39974595769256055,0.39938957944199815,0.3913241103199299,0.39097524024593655,0.9654244271695321,0.9645429180216951,1.0,1.0,0.772190979313114,0.30927977372050514,0.4005223863086543,0.9991295617253256,0.9862017239447907,1.0
416,43.77112041727028,43.687253362747754,43.77112070307834,43.770524357496015,43.771197379134605,43.77109644737652,44.5134612665488,43.687280187076055,43.7173845476847,43.77048730755479,43.77038683983659,0.9589335213913801,1.0,0.9997020145193617,1.0,1.0,1.0,1.0,0.999988015124939,1.0,0.9999878722226336,1.0,1.0,1.0,0.6616023788110809,0.6716362635822501,1.0,1.0,1.0,0.9734523370929749
417,31.62093920004699,31.62073851959147,29.955515580422144,30.160153140886024,29.979404487469793,30.156184691210484,30.117177014243737,31.623602127391564,30.201057285733498,30.160258228063498,30.160245777937632,0.9998996648061519,0.43486840547399797,0.4817196228179036,0.48176796109967046,1.0,0.4400938161439897,0.4401379774732792,0.48076473045133883,0.480812972914181,1.0,0.9980177424349479,0.47147882258490525,1.0,1.0,1.0,0.49101901697432926,1.0,1.0,1.0
418,52.59760315261292,52.59727667774453,52.02512935774877,52.02479377966634,52.02514479643375,52.02512374217548,52.291470502838905,52.59655438695373,52.00780341929109,52.024729992171274,52.02471671692359,0.9998367758883112,0.7510846648412658,0.7509586516375946,0.7510812462068127,1.0,0.7510904627434117,0.7512130788308929,0.7510825559587366,0.7512051707554291,0.9999971922172987,1.0,0.8580728083419679,1.0,1.0,0.8677656912020302,0.7449967047018771,0.9996389198097464,1.0,0.9913667934389788
419,42.027060206238616,42.02878987481148,42.027060303683584,42.027071625186665,42.0270644881125,42.02706226704342,43.25390529261949,42.02709898335138,42.03100858142207,42.0270748893808,42.03302454750093,1.0,1.0,1.0,0.9991412441296507,1.0,1.0,0.9991376786634327,1.0,0.9991365690871457,1.0,0.9999953209393242,1.0,1.0,0.5415049048788736,0.5425644734289503,1.0,0.9991549115584946,1.0,1.0
420,47.36274213700827,45.65105996981896,45.425734307634144,44.90281775184775,45.42573492562619,45.93473944061435,46.812304803132776,45.6510599165787,44.902673681938836,44.90228524162086,44.90265569276394,0.42492564275226774,0.37965060312607296,0.292303628717935,0.687893596688276,1.0,0.37965072043661685,0.8934521295951857,0.4896808883990067,1.0,1.0,1.0,0.7594060480730195,1.0,0.5595499700310984,0.3848831256208503,0.6878440643995738,0.999999973379872,1.0,0.7698723001541582
421,48.13017248234323,48.13016490348946,48.087332829658834,48.08718199249964,48.135302146089856,48.13023441001121,48.8656730826813,48.13016925716627,48.08800395922583,48.130165392906264,48.087184237597654,0.9999962105802956,0.9788079489369869,0.9787341314154198,0.9787378402638771,1.0,1.0,1.0,1.0,1.0,1.0,1.0,1.0,1.0,0.6922889084325403,0.6778464024759026,0.9791380364747746,1.0,1.0,0.9766283549404017
422,59.53597560173242,59.225587040615466,56.41903142957122,56.418951894669334,56.41914689976778,56.55036985931105,56.17090876797525,59.22557510677399,56.28297450077554,56.41878518306066,56.1704462975523,0.856248808826266,0.21045738643742223,0.21044901725004322,0.24578021607822595,1.0,0.21046953756608205,0.24580418144416552,0.22474184945862552,0.26247259808360907,1.0,1.0,0.18590241065085697,0.8833256641535531,1.0,1.0,0.22962670668212762,0.9999940330970631,1.0,0.9341799442659875
423,54.25859870387916,54.26018601158279,54.16919260020981,54.26019067429945,54.16960944793141,54.17090880676761,54.69329106171071,54.260692446161585,54.27248448176206,54.26019988337404,54.26070307998694,1.0,0.9562814056846339,1.0,1.0,1.0,0.956480738319333,0.9557219248546238,0.9571023460698478,0.9563430394594726,1.0,0.9563408098837589,1.0,1.0,0.8054941751207455,0.8102574113794297,1.0,1.0,1.0,1.0
424,45.97130632098208,45.97421592097089,45.423418744515345,45.54025912136726,45.42341630707352,45.42341654361712,47.96038199026873,45.97073401112624,45.54066660145048,45.540340121796845,45.540260200761935,1.0,0.7603748160713169,0.80611924577468,0.8049473561396403,1.0,0.760373889387193,0.7592685017111164,0.7603739793179864,0.7592685915111737,0.9999988995514941,0.9432524819417601,1.0,1.0,0.3697885254533454,0.29823971758945644,0.8065142562869602,0.9982605596606271,0.9999987812798318,1.0
425,43.08451097088064,42.99946322129915,43.15035448304499,42.97026028599166,42.967309081544784,42.99664147815781,42.88798549119002,42.99921892915643,43.05659810973452,42.97025818472369,42.97025802187375,0.9583675844222718,1.0,0.9444756790566355,0.9855046168177625,1.0,0.9430830363906402,0.9840514764062628,0.9570164042381468,0.9985901232407193,0.9260227260712016,1.0,0.9064107222524533,0.8770559462129298,1.0,1.0,1.0,0.9998778613881654,0.9125406005607488,1.0
426,52.49557854443603,50.818967746045644,52.23675570311147,50.5782329721136,52.04720207467068,51.93569535207405,50.41992457699172,50.82082817674922,50.38132204832209,50.3795853351499,50.58088656705419,0.4324427206453032,0.8786124118749773,0.38340140409364604,0.8865946535567155,1.0,0.7991646895387536,1.0,0.7558278834015888,1.0,0.8602517710723392,1.0,0.35422357984740965,0.4031625038069848,1.0,0.980883812416453,0.8027169930427055,1.0,0.9095759162260403,0.43476917836430795
427,47.55851889956031,47.56080880099185,47.55875160404963,47.55895367138214,47.55830433362715,47.55830378779024,48.60469494926252,47.558417258937055,47.564876139441935,47.55833205475139,47.55934653373865,1.0,1.0,1.0,0.999072865250401,1.0,0.9998927227880301,0.9987485500350802,0.9998924498988894,0.9987482774582054,0.9997761169358567,0.9996751109919152,1.0,1.0,0.5926573656741474,0.5945744110523983,1.0,0.9988049436218968,0.9997763897932479,1.0
428,29.40236953233574,29.402770521007398,29.402391663272624,29.402628682300303,29.402370411625043,29.402371240515265,30.43556213305672,29.4027345522087,29.40432906623596,29.40262956327183,29.402734347959267,1.0,1.0,1.0,0.9999290831611708,1.0,1.0,0.9997999653184281,1.0,0.9998003796807217,0.9999897886734564,0.9998712873916595,1.0,1.0,0.5966564508610122,0.5971323290746043,1.0,0.999982015762369,0.9999893742326632,1.0
429,58.44047477319694,58.33405233025272,56.63889014046734,56.54830044171456,57.2524596165818,58.15390880351893,58.49843284343183,58.329275912600565,57.156448829092966,57.16371904052167,56.63791694652923,0.9481797154142065,0.40624765552720443,0.3882572414006477,0.40947642634502057,1.0,0.5521102202300159,0.5822843615556887,0.8665088253365874,0.9138656008455721,1.0,1.0,1.0,1.0,0.9188995507128369,0.5112012109061175,0.5563189257297525,0.997614640675769,1.0,0.9531286461313253
430,46.4630463824013,46.46451112407436,46.463050763681224,46.464554152473966,46.463051696236704,46.463050286658984,47.54165336817891,46.46837048617354,46.57043277996445,46.464494081537794,46.46839861675079,1.0,1.0,1.0,1.0,1.0,1.0,0.999270552257624,1.0,0.9992698479831186,0.9999997614889082,0.9992483497232135,1.0,1.0,0.5847087371191673,0.6153215550308878,1.0,1.0,1.0,1.0
431,36.6397657298958,36.64139827257091,36.63977371790858,36.64226801525206,36.639777144397414,36.63989803997566,36.90120359428968,36.64177986613137,36.64240583815803,36.64149181360864,36.64231163106251,1.0,1.0,1.0,1.0,1.0,1.0,0.9991897643315802,1.0,0.999250164969274,1.0,0.9988157141824104,1.0,1.0,0.8783484782103954,0.878623432025007,1.0,1.0,1.0,1.0
432,51.08761093214517,51.08956502473177,49.440130409023965,49.44014149741571,49.440133344444234,49.440261396369806,49.50126681551751,51.08766833642622,49.44130613395126,49.44204080310712,49.44015375731874,1.0,0.438787401803032,0.4387898345330776,0.4383613259221727,1.0,0.43878804581622144,0.438359538952122,0.43881614054270013,0.4383876062421578,1.0,1.0,0.45240745399668525,1.0,1.0,0.9704646119352488,0.4390328229168857,0.9990521053834249,1.0,1.0
433,53.15225991305584,53.09736985616348,52.370786057435055,52.144454747126474,52.370785698795544,52.37069590506502,52.144256508676335,53.09730602548174,52.304171754621166,52.14445197569759,52.1444519883662,0.9729281644564036,0.6765581162551098,0.6041682362675647,0.6209792853567218,1.0,0.6765579949348847,0.6953832971963481,0.6765276202836126,0.6953520773669899,0.9999549248308985,1.0,0.6041083545479382,0.8929142080089199,1.0,1.0,0.6726251182086513,0.9999680851684194,0.9999998206802606,0.967241597839775
434,56.541772472168816,56.541815836022465,55.93012780302837,56.25591585292736,56.25590413952395,56.25592740261442,56.59842877890097,56.54201815655176,55.93384184689123,56.25938325939123,55.930164347272836,1.0,0.7365174615240396,0.8668162090508222,0.8667974150089535,1.0,0.866811132381719,0.8667923384499211,0.8668212147932521,0.8668024206428504,1.0,1.0,1.0,1.0,0.9721887450964738,0.717276795609066,0.7377958233181232,1.0,1.0,0.8512655569079007
435,41.602820679445216,41.60282297111948,41.602828969762726,41.602779238410164,41.60285032470918,41.602840746432776,40.407407268823874,41.60274091682868,41.68249753212871,41.60376899251759,41.60274921061156,1.0,1.0,0.9999792796971426,0.9999781338844094,1.0,1.0,1.0,1.0,1.0,1.0,1.0,0.5500716671635733,0.550069387033912,1.0,1.0,1.0,0.9999589736962017,1.0,1.0
436,42.54286049590243,42.5442071605936,42.36117886383937,42.419298410420225,42.36117866254301,42.418107234049415,45.55679831467859,42.54153983500342,42.33734521630345,42.36222745441546,42.419289957043276,1.0,0.9131630602501061,0.9400887035033743,0.9394559244308024,1.0,0.913162968341911,0.9125483131353748,0.9395289644818552,0.9388965621728138,1.0,0.9994045891420319,1.0,1.0,0.22143432383817419,0.19994228097962205,0.9029416827254898,0.998667226137912,0.9999998993518255,0.9881539998178622
437,30.922371914879847,30.712273067109663,30.92239792845541,30.71228046308869,30.922454808420724,30.922356436812436,30.59511857437184,30.920320477424525,30.73188362509873,30.712284872630818,30.712281257882523,0.9002800261501186,1.0,0.9002833553823696,1.0,1.0,1.0,1.0,0.9999922609962408,1.0,0.9999792543937057,1.0,0.8490589416777642,0.8490478982201155,1.0,1.0,0.9100839543830689,1.0,1.0,0.9091132622232905
438,51.562867066806575,51.5641647491195,51.562837990899,51.56280323563391,51.56278113164663,51.5627995707429,52.63269479001062,51.56827202145615,51.57061172513565,51.5628034897546,51.56285999675711,1.0,0.9999854621518872,0.9999680849229632,0.9993194749195043,1.0,0.999957033343121,0.9993084305080562,0.9999662525376191,0.9993176437227017,0.9999807901064615,0.9999981675561733,1.0,1.0,0.5873047760466377,0.5879922376550999,1.0,1.0,0.9999715707779341,1.0
439,44.71452070948601,44.71597622118583,43.783487336964015,43.78490296627709,43.78348357373764,43.78392934474087,43.902076145606,44.71711388082352,43.81911589553815,43.783505501845724,43.78493966450435,1.0,0.627810640241248,0.6282551711181159,0.627798121072694,1.0,0.6278094589455798,0.6273527331517965,0.6279494041670562,0.6274925765643694,1.0,0.9995133077050274,0.666162075167954,1.0,1.0,0.959368402566443,0.6382667416561156,1.0,0.9999981183885832,1.0
440,46.647793526575924,46.64860533122311,46.64779135431425,46.64723991996448,46.6477878690433,46.6479265567059,47.025165830153554,46.64944930574427,46.65090515300207,46.64888911660606,46.648907139778714,1.0,0.999998913869753,0.9997232350007769,0.9993175273611477,1.0,0.9999971712376882,0.9995913524292673,1.0,0.999660670326735,1.0,1.0,1.0,1.0,0.8287321615781481,0.8293356349151946,1.0,1.0,0.9999982573660424,1.0
441,63.30133213202521,63.301322954925155,63.30132928390779,63.30222237961138,63.30194806289691,63.301388856454594,62.836060328889204,63.30286224532722,63.30114892496138,63.301341399603444,63.30133912886478,0.9999954114605003,0.9999985759423048,1.0,1.0,1.0,1.0,1.0,1.0,1.0,1.0,0.9995833252546505,0.7924420479116845,0.7924431763964879,1.0,1.0,0.9991437066456591,1.0,1.0,0.9996005108492837
442,53.93083158028301,53.27908161911148,53.08754482744126,52.38036619361705,53.11454306810339,53.15207892017284,54.348266992273466,53.279528697277726,52.40649207028906,52.40604792214529,52.380899104284595,0.7218954327345294,0.6559679313167331,0.4605965907723574,0.6380378236050395,1.0,0.6648829584882475,0.9210239161227002,0.6774792662246079,0.9384728528594872,1.0,1.0,1.0,1.0,0.5860388776472455,0.37874676593056494,0.6462826620839719,1.0,1.0,0.7018570705389373
443,41.983010375682426,41.98448395183493,41.983405354708566,41.98301772801722,41.98303515216068,41.98323673256141,41.998468629469954,41.98300626250921,41.98154045227733,41.98353033003423,41.9830379700561,1.0,1.0,1.0,0.999267156752021,1.0,1.0,0.9992758624770929,1.0,0.9993765847673152,0.9999156924805,1.0,1.0,1.0,0.9922986252502417,0.9915716309527188,0.9992673633934144,0.9992614282156463,0.9998149158562416,0.9992529292547347
444,35.90844693138976,35.69795821664934,35.71101497280873,35.4958294518913,35.65808246800222,35.647526321057455,39.424741996477906,35.69830725761966,35.444231459831144,35.4438039621304,35.49629689793284,0.9001045485308257,0.9059999942456681,0.8135818524464198,0.9038748374001325,1.0,0.8823360983315509,0.9802595707040066,0.8776913320688629,0.9750993187418658,0.968754235809488,1.0,1.0,1.0,0.15517257886266878,0.13666053588674565,0.8807002943973319,1.0,0.9738809094211753,0.8985926119752919
445,25.69970394593207,25.617987716876968,25.69970927471212,25.617992412541895,25.69971485541552,25.699710504590684,25.250334478339965,25.61770883673239,25.62453033888815,25.617998310182116,25.617714125103305,0.9599653254192219,1.0,0.9599675792596226,1.0,1.0,1.0,1.0,1.0,1.0,1.0,1.0,0.7987680036239991,0.7987658753973338,1.0,1.0,1.0,0.9998605696490263,1.0,0.9631055591752813
446,61.28100223018552,61.280098480345345,61.281018270667886,61.28010248624733,61.28123887811839,61.281357836532834,60.45316487158536,61.27911087604906,61.160984122164734,61.28012528804504,61.279132959079476,0.9995482271600069,1.0,0.9995502292081258,1.0,1.0,1.0,1.0,1.0,1.0,1.0,1.0,0.6610547065115936,0.6610494047146733,1.0,1.0,0.9426470251779296,0.9995063197520728,1.0,0.9416445811631245
447,35.856945381594755,35.85735079801327,34.91535498499442,34.91584231009787,34.91535514117686,34.915879971950346,35.004306054406214,35.85782648026262,34.91786405814511,34.915840399377686,34.91586308757326,1.0,0.6245054650960662,0.6246576522316574,0.6245310418304915,1.0,0.624505513864461,0.6243789342998652,0.6246694152245837,0.6245428024392041,1.0,1.0,0.6529075979690069,1.0,1.0,0.9576997168311491,0.6250140115239209,1.0,1.0,1.0
448,33.51230045635964,33.10929329773185,32.259565700037285,31.854374829283074,32.259574820885945,32.25960667614174,34.72786809729749,33.10946367979574,31.85373990833176,31.85368923386079,31.853621806886025,0.8175006514634223,0.5345300238984259,0.43650178536032347,0.5339467125548266,1.0,0.5345324615877103,0.65386181727297,0.5345409754896614,0.6538722318236325,1.0,1.0,1.0,1.0,0.4452131117025334,0.23762437830031116,0.5337317613841495,1.0,1.0,0.8163456228515047
449,45.321642945122335,45.32292308902129,45.32165442069362,45.322934452277224,45.321661330178586,45.271909907241366,46.22295243454235,45.32312794627853,45.40401337290854,45.265955193242775,45.32313999930645,1.0,1.0,1.0,1.0,1.0,1.0,0.9993693195412285,0.9754401061177752,0.9748159540398829,0.9754345092675963,0.9748104155140286,1.0,1.0,0.6376841096890267,0.6640023895336606,1.0,1.0,1.0,1.0
450,36.35052647394295,36.351806278427034,35.95178784722893,35.9517907075919,35.951789138557785,35.95179593366038,36.07289206746469,36.350629459795556,35.9521398454861,35.951791989211756,35.95179124761165,1.0,0.8192472784938718,0.8192484501669985,0.8187243789420056,1.0,0.8192478074528686,0.8187237366390183,0.8192505908940472,0.8187265182996364,1.0,1.0,0.8703871178631446,1.0,1.0,0.9414103921962473,0.819349286211413,0.9994117637630736,1.0,1.0
451,56.15045004835574,56.14788486205603,54.12184395181262,54.12026897825899,54.12185344419231,54.12185752414524,58.25398766371802,56.14507818576797,53.95662758856497,53.853535907962,54.118823958602036,0.9987182290212002,0.3626550948697936,0.36236962119616334,0.36283469217469455,1.0,0.3626568161038067,0.3631222556728845,0.3626575559159311,0.3631229964344956,1.0,1.0,1.0,1.0,0.348382334835881,0.11663801400457122,0.33479887566491573,0.9985976460744923,1.0,0.9207074585055155
452,46.72972978895538,46.729749537428006,45.72487230762522,46.72975551761377,45.724872319550684,45.724872357160876,47.172895744418554,46.73086379252112,45.72702786413333,45.724889736511386,45.72489413908423,1.0,0.6050593414832268,1.0,1.0,1.0,0.605059345091034,0.6050533706215742,0.6050593564692333,0.6050533819996613,1.0,0.605051572836556,1.0,1.0,0.8017038722079364,0.48532624691222326,0.6053684704997224,1.0,1.0,1.0
453,51.533476800928725,51.503438248302444,48.17030193138882,48.16903648163321,48.170290113232625,48.53638249159178,48.162868715651655,51.503499353770536,48.250140378400374,48.16903632974825,48.169036110750824,0.9850929504598578,0.186078354211894,0.18596065504748474,0.18877472928892167,1.0,0.18607725466361533,0.18889309336418597,0.22345456936106708,0.22683602522660912,1.0,1.0,0.185388057512129,0.9962902901700272,1.0,1.0,0.1965812420275359,1.0,0.9999940909393606,1.0
454,40.35522545746156,40.356789122367644,36.74452697233971,36.74821031733359,36.7445200233532,37.21247573551244,36.747945501725866,40.355310447185474,37.21478475648408,36.747467456022235,36.74748523796998,1.0,0.1644170251260709,0.16472010644187074,0.16459137324743778,1.0,0.16441645386121853,0.16428795797944612,0.20775934569271545,0.20759697617497996,1.0,1.0,0.16469829765818353,1.0,1.0,1.0,0.20799050583415257,0.999260935651608,0.9999965255127812,1.0
455,47.57320628911958,47.573574075938495,47.57335572967526,47.56738204391479,47.57321164627922,47.57320905488427,52.243422789361944,47.57404424917243,46.735232766398326,45.97254427226008,47.5624035362151,1.0,1.0,0.9970921135136023,0.996908771703498,1.0,1.0,0.9998188015887775,1.0,0.9998175061269221,0.9999266652936295,1.0,1.0,1.0,0.09684056911268119,0.06366661115711264,0.657437391585667,1.0,0.9999279608969222,0.6577111406999596
456,45.59756466574089,45.59755907714094,45.59804239976586,45.597592832164906,45.597647721800485,45.59780472683312,45.72689942458416,45.59755912718305,45.59761575666755,45.59757704939278,45.5998718968026,0.9999972057039305,1.0,1.0,1.0,1.0,1.0,1.0,1.0,1.0,0.9998811705944027,1.0,1.0,1.0,0.9373766072808202,0.9374031492336111,1.0,1.0,0.999802680487369,0.9999840175612538
457,27.527191889594945,27.52750479581516,25.68322028790746,25.68215314428724,25.683220564917917,25.683232327089314,25.68804846778599,27.52764672463735,25.63707208652147,25.683486476972575,25.683163951134446,1.0,0.3977284468776054,0.3975162867966256,0.3974540990021014,1.0,0.39772850196507864,0.39766628097142837,0.3977308410473615,0.3976686196877832,1.0,1.0,0.3986897589998699,1.0,1.0,0.9748338910696712,0.3885679118952495,1.0,1.0,0.9771899352830322
458,19.377538251434885,19.177934563677184,19.377527600287067,19.178283974196773,19.377540881014482,19.377552096907124,18.745181246875546,19.177963767122492,19.177991588277592,19.177967660176307,19.1779746480274,0.9050167348747663,0.9999946744402719,0.9051748598707834,1.0,1.0,1.0,1.0,1.0,1.0,1.0,1.0,0.7289293230080973,0.7289332049854182,1.0,1.0,1.0,1.0,1.0,0.9050413494115558
459,50.385518599589574,50.385502677338366,50.385519843132954,50.38550380367079,50.38552908119357,50.38551987553785,51.115751306465256,50.385484348708474,50.38679897458377,50.38575909108553,50.38635928290063,0.9999920389060856,1.0,0.9999926020679714,1.0,1.0,1.0,1.0,1.0,1.0,1.0,1.0,1.0,1.0,0.6941039964714774,0.6945603899886803,1.0,0.9999908357270462,1.0,1.0
460,48.74785463976673,47.814694323100696,45.39648984151694,45.39252203190762,45.39674183510766,45.726945773870995,44.71919663162362,47.81467935378143,45.31816833551517,45.39250449065406,45.39268881725215,0.6271433360514118,0.18718040414603998,0.18680942415908328,0.29787356959776273,1.0,0.18720398976294172,0.29850271700502473,0.22080961199340896,0.35208795071260635,1.0,1.0,0.13340989083329208,0.7127342813578093,1.0,1.0,0.28700503806787275,0.9999925153683766,1.0,0.9614749668628898
461,51.396404843367606,49.24797347791065,50.993994133213874,48.70402514283893,50.99399551796077,50.99400061898402,48.834394884132394,49.247973859118815,48.70416041661741,48.8343421107092,48.7040250719503,0.3415655460279261,0.8177444863284009,0.26022988897530086,0.7618739419169187,1.0,0.8177450525131661,1.0,0.8177471381840878,1.0,1.0,1.0,0.2777580189928979,0.3396635790722434,1.0,0.9369576138768102,0.7619253292169813,1.0,1.0,0.3182501562203524
462,47.23394431241283,47.2389718628377,46.960145937466535,46.9617744833877,46.96014566224957,46.96014552973912,48.12223784110154,47.23790154213728,46.90686124476446,46.961857395809176,46.963968830384175,1.0,0.8720581360850835,0.8727685186287508,0.8705773299921237,1.0,0.8720580160824962,0.8698686112465819,0.8720579583040978,0.8698685536132431,0.9999997961363144,0.9991858547719281,1.0,1.0,0.6426415665233132,0.5446083872171503,0.8474527879724281,0.9994649828225484,0.9999998623915284,0.9737095639765352
463,54.44837320759305,53.45907289947877,53.64480739623244,52.874419379024374,53.644807833428274,53.644810129753125,53.06967565786783,53.45906720931265,52.53300666240156,52.53300378612133,52.53300544372655,0.6097842005128198,0.6691259933758735,0.455218882946008,0.7465245615796133,1.0,0.6691261396454389,1.0,0.6691269079113715,1.0,1.0,1.0,0.5019028143913826,0.7500871575160053,1.0,0.7646519639715376,0.6293735789066933,0.9999971549209874,1.0,0.5735554927663911
464,44.729199497544414,44.72932803346001,43.717950540833726,43.7179397601418,43.717950312878145,43.71795029917473,44.53513411730208,44.7291841614292,44.728030990854336,44.729203587574744,44.729189786228744,1.0,0.6031288169088708,0.6031255658446504,0.6030868054417781,1.0,0.6031287481655845,0.6030899875581976,0.6031287440331232,0.6030899834260018,0.9999998791705098,1.0,0.9075263385023875,1.0,1.0,1.0,0.9994235809059204,0.9999280665719309,0.9999998860222158,1.0
465,37.49851455810415,37.49755407839004,37.497553435286875,37.497734458742,37.49755827331441,37.49756620704457,37.08280432758659,37.49755916247386,37.49846881026647,37.49756163323917,37.49756217960612,0.999519875439648,0.9995195540425027,0.9996100263784146,1.0,1.0,0.9995219718969897,1.0,0.999525936873661,1.0,1.0,0.9999158776897643,0.812324721643439,0.8127151873698075,1.0,1.0,1.0,1.0,1.0,1.0
466,40.20130055006899,40.20145567732237,39.50709514311774,39.50814217553156,39.50710694010567,39.50709635157577,39.532187593154504,40.201496398131695,39.50796983558388,39.50710366501923,39.50710388466865,1.0,0.7067327406215105,0.7071028235289283,0.7070479801964444,1.0,0.7067369092926117,0.7066820943406624,0.7067331676500674,0.7066783529883223,1.0,0.9994772247167448,0.7156554245721771,1.0,1.0,0.9879641386704123,0.7069726621193975,1.0,1.0,1.0
467,74.77738591280021,74.77658550859215,73.65755260328572,73.61674851289641,73.62207772439515,73.56602739317768,73.66746372158335,74.77587616387552,73.5942155649692,73.57929138431373,73.61678170934078,0.9995998779661481,0.5712566733908921,0.5597199554142299,0.5599440013468922,1.0,0.5612133772320235,0.5614380209548495,0.5457036261769153,0.5459220616225362,0.9552687112392091,0.9749583178128038,0.5740945955629227,1.0,1.0,0.9640384702137902,0.5538672181160821,0.999645390530493,0.9824189429608708,0.9861655087306853
468,51.203074299280075,51.20350291561479,51.08346950263723,51.083215607228084,51.083480199711005,51.08348686821574,51.433634028007674,51.202150478131216,51.06703983377665,51.0833397265653,51.0828249822371,1.0,0.9419506462243884,0.9418310753418149,0.9416292548767569,1.0,0.9419556842956396,0.9417538371287265,0.9419588250188478,0.9417569771789241,1.0,1.0,1.0,1.0,0.890705196008095,0.8325207794693373,0.9346760108737159,0.9993240098425784,1.0,0.9918135103518718
469,57.894558152150864,57.894579297085215,57.84436273333199,57.845442934893896,57.84434602336211,57.89455660743164,58.51208970507113,57.89711617849474,57.98438174420835,57.84552736648399,57.84437539999857,1.0,0.9752146197283637,0.9757414761710559,0.9757311602308598,1.0,0.9752064718589382,0.9751961615750278,0.9999992276406856,0.9999886552375641,1.0,1.0,1.0,1.0,0.7352926003396276,0.7680856870093238,1.0,1.0,0.9999916450499606,1.0
470,54.611926751658814,54.61276321339545,53.13434882459097,53.13520337170513,53.168444224199334,53.660741531198596,53.43637993717536,54.60707107336171,53.34016601461974,53.164148352622334,53.67072940017536,1.0,0.4776920678823402,0.47789621668195914,0.4776963875225636,1.0,0.4859054293994519,0.4857022512404433,0.6215166301959772,0.6212567471054088,1.0,1.0,0.555562920971264,1.0,1.0,0.9530318441217867,0.5307561827575094,0.9971579762008816,1.0,1.0
471,31.852246918865433,30.002737035792705,31.15962730924599,29.309979696582133,31.159627526877614,31.159627734722562,30.02155940277322,31.84449795997702,31.39622172958977,29.309979718105552,29.309980513116585,0.3966286043628873,0.7072933302847302,0.28051344829957753,0.7072446243512165,1.0,0.7072934072494319,1.0,0.7072934807531166,1.0,1.0,1.0,0.40037896893973307,0.5660720266916066,1.0,1.0,0.7992047444282536,1.0,1.0,1.0
472,39.864370830862725,39.86492655802232,39.86438656233764,39.865591854810674,39.86438051386841,39.86437420605179,40.12766978455039,39.86521817458453,39.86616532682922,39.864968230459056,39.86521841640371,1.0,1.0,1.0,1.0,1.0,1.0,0.999727015190182,1.0,0.9997238621478136,0.9999938218761595,0.9993913609165155,1.0,1.0,0.8770197166085278,0.8774351505671775,1.0,1.0,0.9999969757699574,1.0
473,53.628354146111036,53.286893308721176,53.62841188633712,53.39985751566468,53.62838005536196,53.62836113145204,53.3996572035139,53.28190715612266,53.40005520973813,53.28689411935213,53.39760018121768,0.8430488130397309,1.0,0.8920364221551969,1.0,1.0,1.0,1.0,1.0,1.0,0.9999746228794643,1.0,0.8919470837620145,0.8919213335205871,0.9428245925276342,1.0,1.0,0.9975100288344761,0.9999840846390704,0.892113044605027
474,41.113567012124065,41.1136024862966,41.11357597124598,41.11378139522094,41.11358061260819,41.11356743325007,41.49198843848052,41.11353804031384,41.12528849586991,41.113675265220564,41.11358654548829,1.0,1.0,1.0,1.0,1.0,1.0,0.9999890632156017,1.0,0.999982473630323,0.999995731011157,0.9998930247368258,1.0,1.0,0.8276001109210923,0.8324767617713491,1.0,0.9999677775277759,1.0,1.0
475,42.68413922266254,42.68642663236315,42.434600431642764,42.68641582719195,42.43424812224649,42.43387538591989,42.66742113233022,42.688562924909945,42.79978041947771,42.68641916205033,42.688566561938956,1.0,0.8827004337995465,1.0,0.9999945974289938,1.0,0.8825449556655878,0.8815361617104125,0.8823804927089778,0.881371886743361,0.9996375428420359,0.8813766484432874,0.9916757945088296,1.0,1.0,1.0,1.0,1.0,0.9998238608161893,1.0
476,41.108766698794085,41.11036748410913,41.04930965820756,41.06169321234276,41.061679705221565,41.10799968747571,41.95135222555365,41.109829416207134,41.23493382772975,41.06343851467085,41.0624154797826,1.0,0.9707090255821135,0.9767380855016173,0.9759566242892848,1.0,0.9767314890640434,0.9759500331293386,0.9996165678697086,0.9988168022144214,1.0,1.0,1.0,1.0,0.6565467317047728,0.6989268449759755,1.0,0.9997310022353886,1.0,1.0
477,35.26249203164596,34.12745992322442,35.25373925267681,34.12730927019081,35.26247173262419,35.262506294626434,36.168671079840635,34.12982994551214,34.12767675769541,34.127455724248534,34.12759638710659,0.5669319193193397,0.995633172953147,0.5668892159209599,0.9999246763201637,1.0,0.9999898505406211,1.0,1.0,1.0,1.0,1.0,1.0,1.0,0.3608039412670218,0.36041571096242836,0.9989239854109404,1.0,1.0,0.5669991425775753
478,47.43440723563327,47.36094950751203,47.434349515782856,47.36110842179917,47.43435003706753,47.43434985691056,48.02587140276958,47.361243883713456,47.39211488507391,47.36045024675599,47.360366112048666,0.9639374580086504,0.9999711404912349,0.9640140527686045,1.0,1.0,0.9999714011260848,1.0,0.9999713110501781,1.0,1.0,1.0,1.0,1.0,0.7172622396834749,0.7284194283484675,1.0,1.0,1.0,0.9791038386917562
479,38.5551896145231,38.34509583294428,38.55520078826592,38.34510616314199,38.55529637960913,38.55519601449083,40.41072545781944,38.34492332895738,38.34494010774566,38.34511202529788,38.344934253040435,0.9002823066484534,1.0,0.900286956707574,1.0,1.0,1.0,1.0,1.0,1.0,0.9999976131153041,1.0,1.0,1.0,0.35597276123898913,0.35597574764731305,1.0,0.9999137517261448,1.0,0.900164156722454
480,59.81128641229719,59.33063252621403,59.81152590189467,59.33066711700431,59.81220192533061,59.811291620016476,56.945078923496766,59.33049400276582,59.33158266157076,59.330646335686566,59.33051346135545,0.7863707205984983,1.0,0.7863843213084515,1.0,1.0,1.0,1.0,1.0,1.0,0.9998828659216356,1.0,0.2385673199836856,0.23853875449828688,1.0,1.0,1.0,0.9999307406744307,1.0,0.7863843337069933
481,34.45281700756499,34.45379545051415,34.360142972070264,34.36126440649247,34.36012647287575,34.45281475884906,37.85626553609703,34.45805903244175,34.371959794341024,34.36113445864626,34.36387775256617,1.0,0.9547201503311809,0.9552556284631294,0.9547884111916508,1.0,0.9547122743069338,0.9542453227909647,0.9999988756426671,0.9995097743673246,1.0,1.0,1.0,1.0,0.18284741864415432,0.17514293432190214,0.9578638605927156,1.0,0.99999175043677,1.0
482,58.01112113100439,58.012726371311004,57.27949506142323,57.27956392499664,57.175352366904576,57.2799097616041,57.332261067347815,58.01323974999005,57.2817234217415,57.27956396767431,57.28253813403549,1.0,0.6936324742280131,0.6936563576445874,0.693099838439112,1.0,0.6584383513165988,0.6579100874520919,0.6937763138963415,0.6932196984501886,1.0,1.0,0.7121761248282998,1.0,1.0,0.9750477617214044,0.6936705353482542,1.0,0.9492611372462281,1.0
483,54.60976279674071,54.610156971335016,54.60976450651569,54.60966216834751,54.61006158224589,54.61008606346431,55.00708960333765,54.61207044939613,54.443940611401445,54.443915102010095,54.60948279108496,1.0,1.0,0.9999496870691387,0.999752629107474,1.0,1.0,0.9999523065928041,1.0,0.9999645466931296,1.0,1.0,1.0,1.0,0.8207722800779583,0.7545946993187124,0.9193715694772728,1.0,1.0,0.9202954810759038
484,48.33559293947741,46.79274718143333,47.63428969114369,47.633113587037286,48.46940137219764,47.28153075366143,50.06231420117291,46.79270733513093,46.54927977240865,45.7219477750609,47.42535247888935,0.4623547252117629,0.704229047507098,0.7038150459089616,1.0,1.0,1.0,1.0,0.5903550798189143,1.0,0.8382998143980478,0.8387929232977448,1.0,1.0,0.19499069626444723,0.1726451038473317,0.8854017507234788,0.9999800770472648,1.0,0.3828696068357347
485,34.91126073633967,34.910681904991975,34.228843116442164,34.2281879698381,34.22884434256659,34.228948753742856,34.035856354043744,34.910522306562115,34.178723458487866,34.22818834871862,34.22816323748154,0.9997106262028284,0.7109104475327988,0.7106776103877509,0.7108833213938086,1.0,0.7109108833652643,0.7111166618939486,0.7109479978548241,0.7111537871265781,1.0,1.0,0.6455179952077262,0.908015907556267,1.0,1.0,0.6935725544294342,0.9999202039689424,1.0,0.975250964089725
486,37.23034549657265,37.225627432328025,36.95588487267338,36.134141677145465,36.95593268381822,36.95594963630643,37.91603256874893,37.19874888474732,36.20612758737414,36.956188533533265,36.941917414763935,0.9976437482072378,0.871769424093746,0.5780459531712117,0.5794111918307092,1.0,0.8717902644899465,0.8738492734070158,0.8717976540283543,0.8738566803981597,1.0,1.0,1.0,1.0,0.6986245245100259,0.4253033964743129,0.6087724973190652,0.9866506300515552,1.0,0.6873562596168111
487,61.96442615574901,61.96443539387312,60.37286812999341,60.372872868498604,60.377592693183004,60.377600056719615,60.41217003124751,61.964455144356975,60.37833926872793,60.37757044863483,60.37547815186488,1.0,0.45122958431317417,0.45123065339130564,0.451228569133731,1.0,0.45229677566218973,0.4522946864801415,0.4522984409171884,0.452296351727448,1.0,1.0,0.46018437147306324,1.0,1.0,0.9832268805348627,0.4524590859072979,1.0,1.0,1.0
488,46.692699172927234,46.693887863823704,46.6931656532671,46.693997566323304,46.69329564285414,46.69271621361372,46.50525303788555,46.69395330889395,46.72824479680605,46.69470079045712,46.693716059013866,1.0,1.0,1.0,1.0,1.0,1.0,0.9997039333515999,1.0,0.9994143464570319,0.999775305420919,0.999359528834482,0.9105348840115921,0.9103225354655831,1.0,1.0,1.0,1.0,1.0,1.0
489,32.577237705421055,32.57827871007976,30.98390204131175,30.983923085106255,30.98393174225012,30.983989652716474,31.139965311439056,32.57918465223767,30.969394922365552,30.983923368099227,30.984700102242584,1.0,0.45082870098825945,0.4508334445864852,0.45059884578833553,1.0,0.4508353960557032,0.4506007962420736,0.4508484502887137,0.450613843682093,1.0,1.0,0.4874165430266756,1.0,1.0,0.9182503670664783,0.4471349336481055,1.0,1.0,0.9927579410672956
490,30.558416429978593,30.558038557301643,26.343316883047123,26.34764382940287,26.34337944595316,27.254148919943702,26.342104515891094,30.56664904437025,26.728707184794587,26.34373281868136,26.347175760330572,0.9998110815088711,0.12153539114585654,0.12179861434025284,0.12182162869853339,1.0,0.12153919300894835,0.12156215834848193,0.19164055804686658,0.19167676933291333,1.0,1.0,0.12146174071269317,0.9993940001141317,1.0,1.0,0.14675790864193333,1.0,1.0,1.0
491,34.344475328976586,34.34651558668847,34.34449923496851,34.34653012176051,34.344489905432454,34.344480747758666,33.266401116338216,34.34765385181365,34.367567959029714,34.3465172263717,34.34764903937929,1.0,1.0,1.0,1.0,1.0,1.0,0.9989876721219355,1.0,0.9989830979307983,0.9999907564378004,0.9989758378115323,0.583309647222107,0.5833026749659189,1.0,1.0,1.0,1.0,0.9999953352428521,1.0
492,53.54781374274751,53.54926309810239,53.31499424192165,53.31501849336141,53.314997535243776,53.31499725669349,53.583809092791455,53.54785505918713,53.3178068184595,53.31501890804674,53.31502245914254,1.0,0.8901104254501632,0.8901212187452799,0.8894764014384134,1.0,0.8901118911615482,0.8894670806117247,0.8901117671910947,0.8894669567310773,1.0,0.9999893817224147,1.0,1.0,0.982183605819019,0.8754640965602208,0.8913446440904423,0.9992962283059224,1.0,1.0
493,53.174595303351936,53.17459719212411,53.102133333821854,53.102144922550764,53.17465704289563,53.17459591345266,56.316208303265256,53.17460166696554,53.17395227193518,53.1745966643785,53.10213561511165,1.0,0.9644175020032933,0.9644230902059766,0.9644221794186578,1.0,1.0,1.0,1.0,0.9999993606644805,1.0,1.0,1.0,1.0,0.20787812299593522,0.20781063644288858,0.9996753551933507,1.0,1.0,0.9996476766002442
494,46.83973548293528,46.841733488631576,46.24941479261048,46.249510505154944,46.24904477984961,46.22248321025802,46.622554923562234,46.839816131985344,46.32978239883752,46.2495658428042,46.249133533318144,1.0,0.744412214998259,0.7444478406443216,0.7437045064895111,1.0,0.7442745067276586,0.743531345647459,0.7344553048531519,0.7337219482854083,0.9866244670029622,0.9865772519636553,0.8970979014436741,1.0,1.0,0.8638239760460287,0.7749034278849174,0.9990417810621353,0.999815010732191,1.0
495,47.28796548931459,47.28789925668994,47.287993238267006,47.287895590414166,47.28797003285129,47.288052194610714,47.66720847201964,47.272391125366426,47.28873421854965,47.27495123969226,47.28775845336912,0.9999668842360155,1.0,0.9999650511605146,0.9999981668637934,1.0,1.0,1.0,1.0,1.0,1.0,1.0,1.0,1.0,0.8208551031705436,0.8275902396541297,1.0,0.9922759195528912,0.9999883973594536,1.0
496,40.343761829888734,40.253862924975266,40.11040560196821,40.001359452926096,40.11041213165177,40.11041390531389,39.98401115759373,40.25383576392636,40.04659407238947,40.00109619185321,40.00107734221157,0.9560458063785081,0.8898715843084313,0.8426520245354484,0.8813929404987464,1.0,0.8898744896031013,0.9307864577890226,0.8898752787717882,0.9307872832397297,1.0,1.0,0.8353743459044707,0.9387583114632058,1.0,1.0,0.901567065593635,0.9999864195677624,1.0,0.9685946914878134
497,45.35143752513932,45.35139710454928,44.75534091107585,44.75533784549077,44.75535857313719,44.75627612438035,44.75652805552306,45.35139803568774,44.75535545275716,44.755373502815104,44.75533783751382,0.9999797899092069,0.7422654822394903,0.7422643445013697,0.7422793460343469,1.0,0.7422720372376724,0.7422870389261236,0.7426126516797655,0.7426276602522048,1.0,1.0,0.7427062011986167,1.0,1.0,0.999413870458118,0.7422855352328159,1.0,1.0,0.9999984398112026
498,46.20841592450034,45.94798019127674,46.172827889756206,45.907940195561935,46.16393187007063,46.20840200882995,46.34781779240541,45.948050478753004,45.93719944064242,45.907861921856494,45.907948336504745,0.877904144082453,0.9823633613062066,0.860503268926391,0.980179071629456,1.0,0.9780035029406207,1.0,0.9999930421890088,1.0,1.0,1.0,1.0,1.0,0.8188260123535567,0.8143954860411993,0.9945891724914518,1.0,0.9955618679021285,0.8928236350867118
499,41.82448616117762,41.82633622402989,40.64741772491112,41.0962580039305,40.54511608261282,39.82317562166969,39.810019842218196,41.82455765087994,41.09759843600318,41.09667100091744,40.64754150108104,1.0,0.5551404033984304,0.6948119270333533,0.6941695013433793,1.0,0.5274585265998284,0.5269708364858572,0.3676384598630418,0.3672985399767399,0.6622441054775537,0.5291193854900449,0.3652281108112866,0.6579022326162028,1.0,1.0,0.6952529050593073,0.9991111087231455,0.9501353592187844,1.0
500,48.84044157077017,48.840471070339674,47.703041144603475,47.70307102365538,47.7030423233104,47.70305281734977,47.824430969580504,48.84366402376213,47.706199390574625,47.703108172035115,47.70307245885837,1.0,0.5662609791851889,0.5662694389189764,0.5662610866282372,1.0,0.5662613129131557,0.5662529607422726,0.566264284105207,0.5662559318904998,1.0,0.9999908968886277,0.601694582414463,1.0,1.0,0.9425976199281706,0.566242800511752,1.0,1.0,1.0
501,66.36421652520644,66.36484748579642,66.36421840422369,66.36486536803645,66.36421956440904,66.3642211769768,67.32961437752573,66.36603791503032,66.46040915757402,66.36487650379146,66.36603432467462,1.0,1.0,1.0,1.0,1.0,1.0,0.9996860885868127,1.0,0.9996868946179147,1.0,0.9996779563373717,1.0,1.0,0.6176778527836697,0.6475219347141237,1.0,1.0,1.0,1.0
502,27.060642737310474,27.060685008875225,25.96249068862477,26.439858520039934,25.881357413956437,25.903705957115335,26.53149819652043,27.060718649111124,25.884717426644926,25.881389390527374,25.962522398731238,1.0,0.5774831443165174,0.7331594217153072,0.7331439259810809,1.0,0.5545254025122461,0.5545136823078749,0.5607565694962755,0.5607447175927069,0.9710353886778137,0.7648494350441869,0.7675341768649508,1.0,1.0,0.7236912810396177,0.5554367091966135,1.0,0.9602451742008103,1.0
503,53.38776259309623,49.99997858509772,52.024824713855224,48.541039346473696,51.89188483026672,51.912031516957654,48.52509861267333,50.00108020459098,48.39707023796336,48.39737794556842,48.54038306866559,0.1838027689791239,0.5058733489104705,0.0886231983446098,0.4821646531052831,1.0,0.4733411602677331,1.0,0.4781333846322793,1.0,0.945164210888088,1.0,0.08791964644584536,0.17379774331896142,1.0,0.9379916918152242,0.4484289695802658,1.0,0.9356910406274535,0.17422507239152638
504,42.81688292930872,42.816561341126146,42.81692324389991,42.816738359088674,42.81692438295599,42.81673582713864,42.44947468392587,42.816835275603665,42.80926291285607,42.81767898625296,42.81682542071343,0.9998392188353908,1.0,0.9999277175024835,1.0,1.0,1.0,1.0,0.9999264516197771,1.0,0.9999062960098611,0.9999987340257859,0.8321819911720447,0.8321652168027238,1.0,1.0,0.9962209771735308,1.0,1.0,0.9961765928554778
505,35.39263888552486,35.392413872862505,35.392648363764636,35.39376633656295,35.39307562924802,35.392640892172636,33.9593824882669,35.39232227002543,35.37422001246483,35.39243059436768,35.392334082696635,0.9998874999974224,1.0,1.0,1.0,1.0,1.0,1.0,1.0,1.0,0.9999962642109784,0.9994374361032847,0.488396257950486,0.48839394338755115,1.0,1.0,0.9909897093824324,0.999954199630332,1.0,0.9906164940596214
506,46.92892061738925,46.25006517124848,44.41858631109204,43.803222621619824,44.41942144580824,44.53538770175592,43.93086695940414,46.25011786757503,43.79508826495538,43.80322255734541,43.803222979809334,0.712177769072452,0.2850282008811442,0.20953824598416873,0.29422182927315144,1.0,0.28514724420654364,0.4003877354637486,0.30216971241283663,0.4242897286816263,1.0,1.0,0.22334740964448252,0.7835975842180528,1.0,0.9343638578115376,0.29301988619080416,1.0,1.0,0.731859597269934
507,37.43101075108703,36.23318702569412,37.431013289657244,36.235643691402686,37.43102006876077,37.43101758532012,36.55840955644365,36.05374206980625,37.194446362733515,36.233191255487526,36.05374280662852,0.5494091435339915,1.0,0.5500844154798914,1.0,1.0,1.0,1.0,1.0,1.0,1.0,1.0,0.646423383589724,0.6464225630946708,0.7769853811123533,1.0,1.0,0.9141848565309215,1.0,0.8884411640332514
508,35.903612938930365,35.222023522475865,36.2162873080714,35.222028032023445,35.90361945009229,35.90361842840639,37.51510082608007,35.215395030652786,35.565494446912766,36.21210923711422,35.899163800819736,0.711204897734917,1.0,0.7112065013428875,1.0,1.0,1.0,1.0,1.0,1.0,0.8552731051405069,1.0,1.0,1.0,0.31668335079780613,0.3772665962529323,1.0,0.996691240139061,0.8552735420508563,0.844456121886484
509,46.15680633710747,45.80676988819067,46.156833956017834,45.806791914390374,46.15759310823893,46.15696210019004,46.241404249171836,45.80676874003237,45.80679364195467,45.80679743289602,45.80679285662637,0.8394417222590592,1.0,0.8394509671654728,1.0,1.0,1.0,1.0,1.0,1.0,1.0,1.0,1.0,1.0,0.8046742397607061,0.8046842587907778,1.0,0.9999994259210125,1.0,0.839121529034663
510,53.23586126873309,52.33447443435688,52.41118173646879,51.56419475325529,52.19009704828676,52.126549669784566,51.702463145350976,52.33492020498488,51.31287148415612,51.31245214500575,51.43877730769259,0.6371861625609345,0.6620992789199868,0.43351310274533006,0.680355488265759,1.0,0.5928095410606424,0.9303553276770217,0.5742698911807729,0.9012592000942189,0.8673471025637111,1.0,0.46454397120387625,0.7016228320949669,1.0,0.8230026728677273,0.5998807698590571,1.0,0.8953484166719385,0.6449304599270421
511,56.40247021131333,56.36451342210748,56.25860564721299,56.22156295435781,56.25852953117584,56.25852930378207,56.439128050946294,56.3645301147792,56.23358125210356,56.25825507656913,56.25159740588154,0.9812005612415344,0.9305939115893489,0.9135166940784878,0.9310193350507212,1.0,0.9305584957029095,0.9483876512722879,0.9305583899013135,0.9483875434435725,0.9999618290130711,1.0,1.0,1.0,0.9633880700050254,0.9023314191385858,0.9366229946504101,1.0,0.9999619427056223,0.9876033400441326
512,50.473816535711535,50.47393336269306,50.3729467258984,50.47400268649764,50.37268005261262,50.372610064594625,51.85289188000155,50.47403660292298,50.67796118561631,50.47402083868809,50.47454191352878,1.0,0.9508158201025383,1.0,1.0,1.0,0.9506890499648197,0.95063351852069,0.950655782125741,0.950600252624845,0.9998316835149208,0.9505673035828127,1.0,1.0,0.5018632340508511,0.5557340940764246,1.0,1.0,0.9998666722460456,1.0
513,43.98414760276688,43.985865060893616,43.71992791324786,43.721591737784536,43.72560544407327,43.725632052840865,43.97753834149853,43.9865446737185,43.893306583764854,43.72562871199901,43.72183957469258,1.0,0.8762447389002336,0.8769740009475553,0.8762212411397448,1.0,0.8787357261494911,0.877981454146424,0.8787474172646212,0.877993135226363,1.0,1.0,0.9967008236478548,1.0,1.0,0.9587586742664275,0.9544509312176181,1.0,1.0,1.0
514,55.49070467267288,55.429473397419,54.97622438773439,54.975420960913,55.074034418194174,55.073879396368824,55.18957882066789,55.429186957474656,54.935844589857226,55.07317068835033,54.9747775341512,0.9698482746295584,0.7731825175106325,0.7728719821017279,0.7968998886933452,1.0,0.8119348896144438,0.8371772274633051,0.8118719582390829,0.8371123396071247,1.0,1.0,0.8602235978720072,1.0,1.0,0.8808507163107312,0.7813975874722101,0.9998567902833172,1.0,0.9332380983563444
515,32.90783653768864,32.90691456362015,32.90783282709518,32.86239588901907,32.90893590674173,32.90783580558201,33.253702371249744,32.90878522420479,32.81188279782836,32.86249565480003,32.908792640596886,0.9995391192039526,0.9999981447049906,0.9775358385320718,0.9779865737627113,1.0,1.0,1.0,0.9999996339467531,1.0,1.0,1.0,1.0,1.0,0.8415931523294409,0.8017890090514761,0.9527038175538962,1.0,1.0,0.952632042343657
516,46.99047460357983,46.990906429907824,46.990196131990814,46.990989991103504,46.99059754545294,46.990314661336555,47.450088432087256,46.991259898269675,47.07690161739305,46.9909730195067,46.991195479494394,1.0,0.9998607738983469,1.0,1.0,1.0,1.0,0.9998455696981462,0.999920032075969,0.9997041594838038,1.0,0.9996623921188962,1.0,1.0,0.7949991234485999,0.8297810506847199,1.0,1.0,1.0,1.0
517,48.78778510753983,48.67987803345258,47.250337174381485,47.300045471041926,47.30022054310672,47.30008244774845,47.36104140009422,48.67987632088355,47.219963731121,47.17328878932753,47.17329459415555,0.9474761280211076,0.4636042655741869,0.4752711392881753,0.5016180621677757,1.0,0.4753127444589701,0.5016619737446104,0.47527992635012284,0.5016273363454438,1.0,1.0,0.48998923685399487,1.0,1.0,0.9318915492931952,0.48193005244009124,0.9999991437158513,1.0,0.9606660759509161
518,32.69657158080284,32.69662269425942,32.091237470806306,33.84548549842356,32.20602755730559,32.686926181051035,33.91775293462507,32.700273688304264,32.21277312947245,32.206095050082354,32.09128187250968,1.0,0.7388450501901792,1.0,1.0,1.0,0.7824916623654463,0.7824716646941814,0.9951889106689213,0.9951634772213342,1.0,0.5603018297885022,1.0,1.0,0.5440361276769782,0.42635203421354906,0.7836833116838442,1.0,1.0,1.0
519,29.80495431263475,29.804943818390115,29.80514779744138,29.8049457550849,29.80493532829155,29.740719447437925,30.249009172394068,29.807227900799973,29.806062242309025,29.805021641073864,29.80537973019264,0.999994752891449,1.0,0.9999957212342302,1.0,1.0,0.9999905078734507,0.9999957549597275,0.9683928545124777,0.9683979358015674,0.9682991743918723,0.9683969980564046,1.0,1.0,0.8018043641905813,0.8013371853139633,0.9994173405664989,1.0,0.9998937710677779,1.0
520,49.5084310006184,49.50891598582004,49.508452993946605,49.50857993729329,49.50847776317272,49.50843276306233,49.458592639676,49.50928105419905,49.50692434026479,49.508591790564225,49.50859712558574,1.0,1.0,1.0,0.999831989851912,1.0,1.0,0.9997809126794738,1.0,0.9997584178068245,0.9999898846090237,0.9999264155919851,0.9753887393012042,0.9753780133378442,1.0,1.0,0.9988223370228241,1.0,1.0,0.9992235901082946
521,30.57612382246444,30.578452457737086,29.308798726773347,29.30883427083026,29.308940590480745,29.311746529517023,29.567644308936252,30.576073943001404,29.312432780727192,29.30883444020148,29.30883521605398,1.0,0.5306447258580562,0.530654156575026,0.5300366661290035,1.0,0.5306823668070724,0.530064843534493,0.5314274205131273,0.5308090302661925,1.0,1.0,0.6039645609067876,1.0,1.0,0.8802003173126997,0.531623056526747,0.9988114495184516,1.0,1.0
522,41.72044186211923,41.722252515828245,39.684269067301614,39.688054112423686,39.684268515066265,39.754703943226104,39.68446073936059,41.72050889160204,40.18546416961715,39.68811991795036,39.68805639038612,1.0,0.361285636233079,0.3619700248568143,0.361642471966371,1.0,0.36128553647574313,0.3609586029905884,0.37423588963227045,0.37389723715018947,1.0,1.0,0.3613202620731413,1.0,1.0,1.0,0.46416166987272434,0.9991285678046626,0.9999997238823636,1.0
523,26.52354731476413,25.749455551642683,25.311560640241822,24.528401501644197,24.902144198497325,24.831608616642256,24.06226267493031,25.749504321772378,24.07626303523452,24.07609268231016,24.528374164229632,0.6790599378821004,0.5455322598861645,0.36877340337588893,0.543064585029188,1.0,0.444546081878746,0.654649254181048,0.42914116893786836,0.6319636088035231,0.7866467310795089,1.0,0.29210489262002914,0.535449347543594,1.0,1.0,0.4331718951497393,1.0,0.8148850481757188,0.6617015988892924
524,35.60995846065987,35.610075896274026,35.07079832247672,35.06941592897155,35.07077754740362,35.07081388966557,35.059167165422934,35.608797598388946,34.976189260207946,35.0694158802479,35.072387241387844,1.0,0.763700128298727,0.7631724436380697,0.7631276331413562,1.0,0.7636921953769343,0.7636473543624345,0.7637060726539235,0.7636612308246045,1.0,1.0,0.7592716597661061,0.9942012992161123,1.0,0.9593599337086719,0.7288377265401921,0.999361055269636,0.999989612517402,0.9538068001605835
525,37.14327416666933,37.143294028943586,34.41373086498723,34.41375744400787,34.41373087153724,34.41373089907157,37.970123573731456,37.1433206768059,34.42285448481749,34.41375697303613,34.413823384683155,1.0,0.25543899860935904,0.25544239329112417,0.2554398564702847,1.0,0.25543899944592313,0.2554364626587882,0.25543900296259353,0.25543646617542365,1.0,0.9999867276199267,1.0,1.0,0.6613967128314286,0.16971502968528193,0.25660095732670735,1.0,1.0,1.0
526,36.25420439882734,36.254120583473565,36.25424067706487,36.254131207713186,36.25505189960299,36.254217728052765,35.94429630145555,36.25406728582831,36.270323880103376,36.254271678709216,36.2540767230073,0.9999580932012266,1.0,0.9999634051125321,1.0,1.0,1.0,1.0,1.0,1.0,0.999988525559779,1.0,0.856454531790623,0.8564389966010516,1.0,1.0,1.0,0.9999733515324508,1.0,1.0
527,38.25132999583684,37.900258127905374,38.25136535265892,37.900425204163696,38.25136763815448,38.25133162558515,37.62215689047869,37.849202331996935,37.84920211765754,37.8436435491291,37.849203111861414,0.839007247774082,1.0,0.8390773397975508,1.0,1.0,1.0,1.0,1.0,1.0,0.9999831366053035,1.0,0.7300906659071378,0.7300777591783344,1.0,1.0,0.9999998928303087,0.974795183794987,1.0,0.8178447437187685
528,44.075328000193906,43.824124136011505,44.07535233953743,43.82518884883717,44.075350345113634,44.066630441351236,43.85370858634613,43.82504997281785,43.82560096610922,43.82414240929603,43.8250690292673,0.8819658592206003,1.0,0.8824355043998762,1.0,1.0,1.0,1.0,0.9956606628275149,1.0,0.99564854603779,1.0,0.8951090657810414,0.8950981726638019,0.985772869133227,0.9860444836648087,1.0,1.0,0.9999990027885984,0.8826074956398501
529,48.06343324715783,48.06398631149207,47.456636232044616,47.45664932090881,47.45663726106659,47.43651635716179,47.70569034530905,48.06343069516359,47.45823480750104,47.456649213754275,47.45738278093927,1.0,0.7383048176893088,0.7383096494908654,0.7381055113501678,1.0,0.7383051975553467,0.7381010606455822,0.7309147515364821,0.7307126580402235,0.9899904944736031,0.989984015569236,0.8362133869460794,1.0,1.0,0.8836203570815239,0.7388961143983586,0.999722230420873,1.0,1.0
530,35.69386905228299,35.085331727868066,35.69199281651029,35.085330220897276,35.692561495589075,35.6921997254251,36.87425751900756,35.08535804545542,35.08534174710255,35.085346966611496,35.08539558810122,0.7376626577481964,0.9990623220086665,0.7376621019303666,0.9999992465148889,1.0,0.9993464353195392,1.0,0.9991656848056801,1.0,1.0,1.0,1.0,1.0,0.408832502247817,0.408829170613198,0.9999918508567668,1.0,1.0,0.7381487811372969
531,45.38273947873557,45.26559507098992,44.58144123737645,44.459198559897175,44.580708151544286,44.573695929137216,45.56855076740641,45.265421592616775,44.45677964645307,44.45722133665612,44.45902778593248,0.943110141736466,0.669885068623524,0.6301669722345953,0.6681796158763854,1.0,0.6696395719923041,0.7100332637281958,0.6672958522585288,0.7075481672054713,0.996134834934722,1.0,1.0,1.0,0.8593623765033586,0.5735641105234537,0.6674298598656558,0.9999132645751634,0.9996335242525644,0.9399164858122552
532,46.89665429082913,46.89539376352619,46.41919931248927,46.41785643867328,46.419796832560195,46.42002936501757,46.30072046740068,46.892269377508825,46.81167708407216,46.89775316308817,46.42289700548679,0.9993699349229417,0.7876294906961093,0.7871008246890281,0.7875970620926465,1.0,0.787864838065125,0.7883615571503806,0.7879564454638823,0.7884532223041503,1.0,1.0,0.7423259016329871,0.9424810909212112,1.0,1.0,0.9605049466407501,0.9984390265796572,1.0,1.0
533,24.10681672732983,24.10658959121139,23.769918590037747,22.92912808391685,23.81816009090886,24.097669850833114,26.294957153705866,23.300850208285397,22.97505375936396,23.812744355213454,23.764139745484698,0.999886438389388,0.8449742980080805,0.5549682790652505,0.5550313093146763,1.0,0.8656035080064286,0.8657018184992471,0.9954370039952978,0.9955500602635862,1.0,1.0,1.0,1.0,0.22378858881712285,0.19014816457398767,0.8496776604162526,0.6683991917698067,1.0,0.6560271092783632
534,32.69605716340973,32.694479076567205,32.35530733765805,32.3537268481077,32.3553328498821,32.696028206721735,32.259799660624026,32.69317275255597,32.25568842982915,32.353755922938575,32.235922587219534,0.9992112677916374,0.8433485750789584,0.8426823865345284,0.8433475619194584,1.0,0.8433593329964753,0.8440250427323429,0.9999855217608115,1.0,1.0,1.0,0.8040219160605919,0.9533684407841863,1.0,0.9979464959329506,0.8035288722351949,0.999347051258249,1.0,0.9513985585896375
535,38.36494485621665,38.3647539919987,38.36473198460732,38.36488364310725,38.36472567207028,38.36472710938497,38.97340225449483,38.3648055180484,38.346047998638454,38.36475150895555,38.36477139512667,0.999904572444521,0.9998935698594217,0.9999693939136736,1.0,1.0,0.9998904139318048,0.9999858401360426,0.9998911325106552,0.9999865587834718,0.9999975623917985,0.999921736201633,1.0,1.0,0.7376407450551363,0.7307549304326239,0.9906650836892179,1.0,0.9999968437364616,0.9907046347900104
536,31.53991210259329,31.53949679272202,30.949260806858774,30.94916342137907,30.949263093134903,31.539792138817575,31.0881219221788,31.53928399929967,30.942669895188942,30.94919517951135,30.949135913585195,0.9997923666231578,0.7442891718155564,0.7442529312188723,0.7444074950608184,1.0,0.7442900226413259,0.7444445941862887,0.9999400199110191,1.0,1.0,1.0,0.7978017944964184,1.0,1.0,0.9298555630034282,0.7420734495845674,0.9998936089487546,1.0,0.9967088288433313
537,38.6519987564827,38.65314049595267,38.65199487381915,38.65314885957102,38.65199926753917,38.6519848863536,38.87345692778325,38.65343400439741,38.76458707552945,38.653118204853286,38.65339242182071,1.0,0.9999980586701099,1.0,1.0,1.0,1.0,0.9994295485625745,0.9999930649595,0.9994223620975135,0.9999950062796956,0.9994181827126492,1.0,1.0,0.8958238675796046,0.9470201331207025,1.0,1.0,1.0,1.0
538,25.1822023197673,23.64715299665329,21.6682196238186,21.8552421976633,21.668219496532714,21.836808595272686,21.06395824656505,23.64715242716926,20.897914473997957,21.06500635089563,21.065009635245076,0.4641606020400647,0.17256326640653832,0.1894784348779009,0.40821740157417696,1.0,0.17256325542410447,0.371774887109461,0.1877400731859446,0.40447222870875976,1.0,0.9908255433233001,0.12756591895182604,0.7392414481266023,1.0,0.9203310043743811,0.2529359519666337,0.9999997152580257,0.9999999363570586,0.6803468677288036
539,55.373386823560935,55.37339820301065,55.24750225452246,55.37540257546513,55.24897906093514,55.25233982646128,55.55323787573707,55.376086437091715,55.37508453943022,55.37537593876064,55.37609369700948,1.0,0.938997666827002,1.0,1.0,1.0,0.9396912817671665,0.9396859351975316,0.9412716502397531,0.941266294678282,1.0,0.9403234430969402,1.0,1.0,0.9152338072282493,0.9147754367423225,0.999499176623168,1.0,1.0,1.0
540,20.242460263851058,19.964336468712276,17.6661843220308,17.32546672686675,17.670910287151457,17.7313388404163,21.29932942258074,19.963297453905255,17.328687077005185,17.329875889623253,17.324259205681983,0.870174165125496,0.2757838227946524,0.23258564213945748,0.26728631055820207,1.0,0.2764362657103661,0.31767923800690945,0.28491604766122325,0.32742416297791693,1.0,1.0,1.0,1.0,0.5127248234096435,0.13733649828691297,0.2678561521043959,0.999480627517096,1.0,0.8427275155570397
541,62.51796130441892,60.219312505057616,62.518069576162446,60.21931478305936,62.51797064290386,62.51797489060337,58.600210628416505,60.21931275868377,60.21932224581042,60.21931973143137,60.21932285496524,0.31685076156001657,1.0,0.316851122453516,1.0,1.0,1.0,1.0,1.0,1.0,0.9999526583411132,1.0,0.1410169281510865,0.14100929428338244,1.0,1.0,1.0,1.0,0.9999505345941613,0.31685082528946173
542,50.42697463935346,50.42758024517559,50.42702397473616,50.427617922043765,50.427016668790486,50.42697893859554,49.22185318297906,50.42765937878224,50.50293209277049,50.42762182185055,50.427696897369856,1.0,1.0,1.0,1.0,1.0,1.0,0.9997182515060115,1.0,0.9996993919016455,0.9999774821832201,0.9996805593079328,0.5474080765022886,0.5473945733753613,1.0,1.0,1.0,1.0,0.9999963470338359,1.0
543,38.3353075637898,37.777009884246525,38.33534747857166,37.77711412040168,38.33531389330767,38.335315303392036,38.30410157030414,37.77683099485742,37.922484020359036,37.77701512256888,37.7768336358842,0.7564273083681226,1.0,0.7564667329326182,1.0,1.0,1.0,1.0,1.0,1.0,0.9999839125395914,1.0,0.9845180993720171,0.9844984511554917,0.7682536801169806,0.826290580483601,1.0,0.9999105593055051,0.9999832075089994,0.8134954573056232
544,42.30087261380538,42.205707204173905,41.48288040715582,41.38416962360128,41.48288261614135,41.48288967657129,42.48909271968037,42.205746677489515,41.39278869583461,41.38399557654725,41.3838199463533,0.9535316082154588,0.6643168209440666,0.6323251779383273,0.6631402383416826,1.0,0.6643175546775957,0.6966916974266545,0.6643198998655104,0.6966941569024544,1.0,1.0,1.0,1.0,0.8679049967199501,0.5780169925173912,0.6659910873907572,1.0,1.0,0.9559525890988236
545,36.48655878990604,35.64230364274394,34.162062500354864,33.10757106102369,34.16215285287646,34.162014452989666,32.879300935127816,35.57774836399324,33.12689019738855,33.1075455790388,33.107541031094286,0.6556503903896344,0.31278221017336894,0.1846129395238463,0.28157222542662724,1.0,0.31279634082325125,0.47707794490500544,0.31277469608308756,0.47704493228047096,0.9999759766059676,1.0,0.16470011766327508,0.5265648502579003,1.0,1.0,0.2936316808377509,0.968237723841269,1.0,0.5959304414263795
546,51.11438995013066,51.115169066464574,50.375464832145525,50.375792556406935,50.37546901629037,50.37547430325975,54.0553904788876,51.115479293482,50.32585629558707,50.37590931027947,50.376013760768416,1.0,0.6911056593665865,0.6912189146913488,0.6909496971593234,1.0,0.691107105211189,0.6908379312269772,0.6911089321446566,0.6908397574488865,1.0,0.9998408860863692,1.0,1.0,0.2299356957827885,0.15493229070713085,0.6738070406149094,1.0,1.0,0.9754987889831763
547,35.39751511070841,35.399329428300945,33.95400257739405,33.95402606014051,33.95400293204182,34.06335396791107,34.23480057277288,35.39763099581853,33.95655000779968,33.954038248540655,33.954028547505146,1.0,0.48589813945023674,0.48590384459513625,0.4854632525220741,1.0,0.4858982256115896,0.48545763863352664,0.5132046572300384,0.5127393102146789,1.0,1.0,0.5591389493706389,1.0,1.0,0.8701190109560692,0.4864892403671295,0.9991511442408557,1.0,1.0
548,32.41275384466249,32.40962841699931,32.412938674497184,32.4096540968456,32.41278133449063,32.412756235022755,32.37708124520282,32.40932994271918,32.16301443761728,32.41383652144694,32.41366828513793,0.998438506569875,1.0,0.998451326525867,1.0,1.0,1.0,1.0,1.0,1.0,0.9999087844231792,1.0,0.9823218255452268,0.9822310485495497,1.0,0.8984956593262149,0.8841241787145931,0.9998507739952436,0.9999213330911273,0.8825997649724892
549,51.097628426767244,49.44599441079686,49.192393724667,47.36894187739236,49.192393729382616,49.192495083598004,47.18740750448595,49.44599229018135,47.36892751479468,47.368909994413684,47.368899406280605,0.4378770971982674,0.3857301099654857,0.15499796755651982,0.35397596391376895,1.0,0.38573011087496334,0.8809095368153214,0.3857496590566514,0.880954179893969,1.0,1.0,0.14154884018419234,0.3669634195703774,1.0,1.0,0.35397379723667954,0.9999989396928094,1.0,0.40182721053901566
550,53.04482455007309,50.66142383237511,52.52010655966134,49.98548693539465,52.520106613232315,52.52010735380719,51.64006800412656,50.661461345268435,49.98548693890402,49.98548693268674,49.98548694132671,0.3037044182844732,0.7692348225196165,0.21660739421687508,0.7132177906413721,1.0,0.7692348431239452,1.0,0.7692351279619972,1.0,1.0,1.0,0.49540569166031645,0.6440240056184962,0.6130533416678287,0.4372323496547019,0.713204414586827,1.0,1.0,0.28158812166813324
551,48.175051815355744,48.17621222228834,46.98939529684975,48.17622906723312,46.994368162370705,47.00641134486557,47.16015525666333,48.17666743868557,47.00744923117122,48.1749200747021,48.17669025411868,1.0,0.5527617184195631,1.0,1.0,1.0,0.5541378333646517,0.5538164139262791,0.5574846914847311,0.5571613307509038,1.0,0.5571566380947403,0.6020298324440769,1.0,1.0,0.926489086367413,0.5573236749688115,1.0,1.0,1.0
552,45.55689461668746,45.55692756888561,45.434951576977255,45.43497219127008,45.43507174782758,45.43495003310704,45.77313698262134,45.55693801635326,45.438013520926575,45.43497267536097,45.43497811809772,1.0,0.9408500349397657,0.9408597324688035,0.9408442308983368,1.0,0.9409065680125182,0.9408910656703907,0.9408493086648745,0.94083380726615,0.9999992280651919,0.9999889209798557,1.0,1.0,0.897538302065656,0.8457244083930294,0.9422711058086563,1.0,1.0,1.0
553,39.46529736350632,39.4678222520221,39.465305365990446,39.46532750817909,39.4653130587661,39.4653042103802,40.86285344752963,39.46532417666228,39.467973236222946,39.4653336150017,39.46533235281851,1.0,1.0,1.0,0.9987534057234762,1.0,1.0,0.998746190049326,1.0,0.998741771413246,0.9999994221950423,0.9999883511684031,1.0,1.0,0.49719914676173127,0.4978581381689021,1.0,0.9987517420429826,1.0,1.0
554,41.360957396621814,41.36094572916855,41.360987047075184,41.36100836746613,41.362903544275355,41.36230207638485,42.25659444784063,41.3609618214669,41.36318874229954,41.36097182119116,41.36702759094638,0.9999941662903837,1.0,1.0,1.0,1.0,1.0,1.0,1.0,1.0,1.0,1.0,1.0,1.0,0.6390220531764765,0.6397339752127947,1.0,1.0,1.0,1.0
555,42.807524397289,42.809470179971726,42.80752670681437,42.80919611584767,42.80753002070094,42.807531561859065,43.69090915835477,42.80785397055547,42.81302614289018,42.807563507241184,42.807621870632914,1.0,1.0,1.0,0.9998629773264359,1.0,1.0,0.9990303907397428,1.0,0.9990311605719425,1.0,0.9991680692521312,1.0,1.0,0.6430533460360353,0.644718489573407,1.0,0.9991922217205466,1.0,1.0
556,58.37263145026242,58.37020334533892,58.10287823471029,58.10043697337804,58.11334811174328,58.15547105143017,59.421675864983484,58.37297447906647,57.89594549100144,58.11090217862133,58.10014691641305,0.9987866842017958,0.8738237280891815,0.8727577627572263,0.8738179799170145,1.0,0.8784101358873558,0.8794772194919261,0.8971069444786737,0.8981967407741505,1.0,1.0,1.0,1.0,0.5919395901570881,0.4663283930212515,0.787797269815148,1.0,1.0,0.8969983015791311
557,33.939454343574226,33.93943270705441,33.93946108868664,33.94108884391008,33.939465045245214,33.939459278249075,34.402404679598675,33.93942151028887,33.93723030124522,33.93944304156173,33.9394275297997,0.999989181798608,1.0,1.0,1.0,1.0,1.0,1.0,1.0,1.0,0.9999990947816262,0.9991855490148943,1.0,1.0,0.7933493717837777,0.7924806505989932,0.9989049954336873,0.9999944016329002,1.0,0.9988832520276519
558,44.00326443580883,43.39457963792526,43.80195593727362,43.13448182474963,43.80195763898493,43.80196323082558,43.13449046996743,43.394579694880434,43.53057301540309,43.134485001143844,43.1344821639278,0.7376082669181084,0.9042456224299373,0.6476587734347811,0.8780524873193786,1.0,0.904246391812767,1.0,0.9042489200171658,1.0,1.0,1.0,0.6476615730164115,0.7162451848823779,1.0,1.0,1.0,1.0,1.0,0.8731112371962508
559,33.67539031237246,33.67369321772102,32.134336836017326,31.806772031453193,32.13433942783345,32.13473928643134,31.806855844177903,33.669285650018764,32.00625127662454,32.13254178296194,32.13243109785921,0.9991518125887566,0.4627692458723679,0.3928571809317596,0.39319068031702264,1.0,0.4627698455791537,0.46316269434585544,0.4628623760794236,0.46325530339595566,1.0,1.0,0.3928736444920991,0.8489623024786179,1.0,1.0,0.43538821975255204,0.9977986426976447,1.0,0.93796365730449
560,41.72584677755742,41.725832718384055,38.37921774634833,38.38156316576695,38.379221938715034,38.722416532536414,38.396976136658196,41.72868432790557,38.89581572488328,38.381563075505994,38.38264861009574,0.999992970438024,0.18762415070309377,0.18784430843164604,0.18784562890413634,1.0,0.18762454399812706,0.18762586292575867,0.22274779258532681,0.22274935841574686,1.0,1.0,0.18929752024629695,1.0,1.0,1.0,0.24257743463066944,1.0,1.0,1.0
561,25.731096272881018,25.731132560706925,25.731233531390615,25.73109335065749,25.73109548279254,25.731213721708684,26.304877723338734,25.731095552949512,25.740285853987075,25.731138042557944,25.731098987670066,1.0,1.0,0.9999985388893025,0.999980395167459,1.0,0.999999604955839,0.9999814612146529,1.0,1.0,0.9999900952080876,1.0,1.0,1.0,0.7505934751275661,0.7540505018201505,1.0,0.9999814962924891,0.9999309780830848,1.0
562,40.78731041215326,40.78778503122811,40.65970078847596,40.659726421024516,40.787268252889334,40.78726961983176,41.35917668000087,40.78817689874057,40.66457257375231,40.659732484670116,40.65974978693674,1.0,0.9381881048713404,0.9382001290244693,0.9379775116015017,1.0,0.9999789205902103,0.9997416442102176,0.9999796040472506,0.9997423275050862,1.0,1.0,1.0,1.0,0.7516384233849177,0.7065918677399219,0.9400688492717898,1.0,1.0,0.9404960411358558
563,28.08656171298648,28.087791848549557,27.745070099537656,28.088006098621747,27.745084255459147,27.745070497036238,28.742844845924907,28.086589631804486,28.090592988575423,28.08657599993819,28.0887025652936,1.0,0.8430358402795542,1.0,1.0,1.0,0.8430418072752559,0.8425234388533105,0.8430360078323462,0.8425176429763546,1.0,0.8424273930775381,1.0,1.0,0.7202711021628609,0.7217142971840051,1.0,0.9993990722569078,1.0,1.0
564,45.818041758626634,45.81845098680776,45.81832629509523,45.81851059198996,45.818134532661276,45.45167695190261,43.90958104586838,45.81846766927853,45.444770765386664,45.818500012526556,45.45158046925741,1.0,1.0,1.0,1.0,1.0,1.0,0.9998417854440004,0.8326162698783757,0.8324459222858794,0.8324978234575927,0.8324211136101273,0.3851084267665003,0.38505364196777137,1.0,1.0,0.8295694464949306,1.0,0.9999041233794785,0.8297076379833651
565,35.5547652310907,35.555116482233615,35.55501027689601,35.55495039838348,35.55476600079788,35.554765604144336,36.289377912209034,35.55472773986949,35.57815417607236,35.554429645302434,35.55411956687021,1.0,1.0,1.0,0.9999169615228191,1.0,1.0,0.999824774635892,1.0,0.9998245763438899,0.9998776711069508,0.9999076071489091,1.0,1.0,0.6925844588149515,0.7007445487950863,1.0,0.9998056477067928,0.9998778694094831,1.0
566,41.02374762135506,41.024660590472536,41.02367847128869,41.01995455328989,41.023749309949835,41.02375959578043,44.328070931101024,41.019305108979324,40.68005303184299,41.01995614293506,41.024779537315226,1.0,0.9999654255645264,0.9981052632517031,0.9976497475868756,1.0,1.0,0.9995444635269096,1.0,0.9995496041126419,1.0,1.0,1.0,1.0,0.19121001289069392,0.1613774981344018,0.8439803736985996,0.9973258412032564,1.0,0.8421070466319817
567,44.980177842422364,44.98141348778813,44.98018425861264,44.981347234924186,44.980544589222944,44.98038702266865,44.34742728339256,44.9822723265776,45.11365981622808,44.98174736846673,44.98222728683703,1.0,1.0,1.0,0.9999668741167016,1.0,1.0,0.9995656450768307,1.0,0.9994868991215614,1.0,0.9995200091047375,0.7287859004228492,0.7287835624120964,1.0,1.0,1.0,1.0,1.0,1.0
568,38.55500854963162,38.55694203951285,38.27107717268066,38.272996690836976,38.24374702760548,38.19528223302362,38.82613615857983,38.558456162746324,38.24761176458557,38.24566472182309,38.27360535389428,1.0,0.8676510264046526,0.8684841620947348,0.8676449651350944,1.0,0.8558751545092778,0.8550481413536624,0.8353845190244635,0.8345773055148873,0.9628116530745153,0.9618880291490444,1.0,1.0,0.8747300120313001,0.7488158423956204,0.8560536761014046,1.0,0.9864278707256632,1.0
569,39.68351321995584,39.68354291143763,38.29226205244089,38.29228319802499,38.29226232773206,38.293647337629665,38.47257538922193,39.68615684714942,38.29441646877547,38.2922834738128,38.29228367684459,1.0,0.49876233275399384,0.4987676060922971,0.49876020157261447,1.0,0.498762401406432,0.49875499696401604,0.49910791645931596,0.4991005068875114,1.0,1.0,0.5458184239760391,1.0,1.0,0.9147728826290107,0.4986403476990834,1.0,1.0,1.0
570,48.782210254333364,48.78211288371841,48.782331326816234,48.85462216140073,48.78233756686518,48.78221881324714,48.01340793569369,48.78206960269972,48.765269077174,48.85446036381654,48.78221703034458,0.9999513158776342,1.0,1.0,1.0,1.0,1.0,1.0,1.0,1.0,0.9999437447978369,0.964445770158313,0.6808582397590044,0.6808170244077434,1.0,1.0,0.9916349208582342,0.9999783597248088,1.0,0.9915020684463502
571,55.35251227553405,52.53491192190995,54.61572686535641,51.79835305005241,54.61564230523686,54.61808857576315,54.94635689292977,52.53502019481954,51.795967530191916,51.79830711367592,51.79830691251689,0.24443638772741666,0.6918454371106513,0.16913135579470426,0.6919238063005216,1.0,0.6918161864625801,1.0,0.6926628889461306,1.0,1.0,1.0,0.8162148261695629,1.0,0.29949176756841467,0.2069672560900434,0.6910615866687042,1.0,0.9999577208340159,0.24418298712567557
572,44.69065585960223,44.42287217161237,42.98778703350419,42.90554832922308,43.1996389858175,43.014088662227806,44.88696497945642,44.42173233680086,42.899567958991355,42.90697399682142,42.90536287675167,0.8746846618863344,0.4268022818946554,0.40960837233711656,0.4682926203984876,1.0,0.4744929888586784,0.5424732015254417,0.4324521482190481,0.49440920489725637,1.0,1.0,1.0,1.0,0.7924575642692498,0.37020494909257945,0.4671605973424674,0.9994302449663216,1.0,0.8606774102899131
573,40.98614755546075,40.98108987413602,40.91884745617946,40.91379428253333,40.97570048042482,40.98614851673602,45.69753118648697,40.97695488668796,40.33096305624457,40.97639512955331,40.91112429487748,0.9974743541615491,0.9669098158755172,0.9644699178806472,0.966911995137314,1.0,0.9947900814307888,0.9973089305809606,1.0,1.0,1.0,1.0,1.0,1.0,0.09439301993797354,0.06833835761639256,0.723976811646648,0.9979346420689558,1.0,0.7244310346002372
574,45.550871151604326,41.491124401768445,44.22714354015861,41.49112529949255,44.226710651138234,44.23000567915838,41.511866790587476,41.4911265624128,41.491127109042594,41.491125491337016,41.49112696091427,0.13135215257259134,0.515888921170934,0.13135221153160145,1.0,1.0,0.5157772719294487,1.0,0.5166277225833488,1.0,1.0,1.0,0.13272151999665086,0.25726762981342466,0.9896834701608767,0.9896837406561484,1.0,1.0,0.9997835789122362,0.254668705901842
575,46.704071053391914,46.7047326890214,45.606980795518524,45.60670755747353,45.5413891419156,45.4404718933813,46.54528090883494,46.70506511606541,45.519411036500514,45.54220648823019,45.60665140899832,1.0,0.5777898088611648,0.5777108771741764,0.5775197917332135,1.0,0.5591480708071024,0.558963125257529,0.5316342213298607,0.5314583763464485,0.9201169926789162,0.9202427067503116,0.9236749339902759,1.0,1.0,0.5987357463809282,0.5527623924966097,1.0,0.9677361251995679,0.9890711063667638
576,34.67570915351604,34.67574130645235,31.29161414503622,31.294884886855016,31.291615167819998,31.643693835304504,31.294769253125423,34.67573352152539,31.799515323112388,31.294896912000326,31.29488308279545,1.0,0.18414210599959174,0.18444349301554788,0.18444052783944048,1.0,0.18414220016839528,0.18413923983597386,0.21958680468537792,0.21958327453348103,1.0,1.0,0.1844328293793216,1.0,1.0,1.0,0.23737618940440638,0.9999961075440934,1.0,1.0
577,38.00564806863079,38.00748485396625,36.3140587521853,36.31593145034097,36.60997657384206,36.62412889653072,38.03310651751187,38.007641720605136,36.31729043927385,36.31697030525939,36.316112158151725,1.0,0.4292161425167814,0.42961822687229845,0.4292238497670571,1.0,0.4976612036686582,0.4972043650789115,0.5011952235417467,0.5007351408239806,1.0,1.0,1.0,1.0,0.9873483156074672,0.42404824742847136,0.42948191709586825,1.0,1.0,0.8638612897961462
578,48.815488420601156,48.81552226734604,47.15316604107991,47.15318609259552,47.15316023047001,46.5742830798076,46.58496322021017,48.819643358794565,47.155828981562166,47.15321604206801,47.15318621023329,1.0,0.4355432442174485,0.4355476108904168,0.4355402400183518,1.0,0.4355419788333418,0.43553460805658906,0.32608321469215584,0.3260776963111615,0.7486816040001675,0.7486740979373616,0.32782917958858704,0.7526903101840238,1.0,1.0,0.43521845061859643,1.0,0.9999970946992673,1.0
579,51.82961388536987,51.82962534521769,51.82966291885106,51.829752469858335,51.82962387167251,51.82966108597401,51.992048081394785,51.8311339816855,51.83096038218284,51.82969570278499,51.829628199830324,1.0,1.0,1.0,1.0,1.0,1.0,0.9999992632276801,1.0,1.0,0.9999990835618966,0.9999543091016986,1.0,1.0,0.9226945325970088,0.9226144464168067,0.9999132040156598,1.0,0.9999804766013107,1.0
580,38.07686877023522,38.07540141970418,38.075400570597196,38.07543525640307,38.075422526762225,38.07540147846157,38.742008941291374,38.076240851220064,38.07720054395514,38.07544247911517,38.07541206255965,0.9992665938083672,0.9992661695663364,0.9992834998928011,1.0,1.0,0.9992771396530147,1.0,0.999266623165518,1.0,1.0,0.9999831111718698,1.0,1.0,0.7168533120368781,0.7171973740365667,1.0,1.0,1.0,1.0
581,42.973599694293625,42.4979848641442,41.55615794004302,41.26379321443255,41.55615809876841,41.55618481585202,41.74429128588736,42.49754479794987,41.423173019814726,41.263752484565686,41.26375106414929,0.788354501667891,0.4922734731748306,0.4253243435043086,0.5395089932314289,1.0,0.49227351224298066,0.6244316626612729,0.4922800883431977,0.6244400042134597,1.0,1.0,0.5408278789857498,1.0,1.0,0.8516674604000376,0.5843904802237576,0.9997799911083419,1.0,0.9356698964172234
582,43.97856299755321,43.978318308836066,43.978569488169256,43.978410929135094,43.978588954066225,43.978566767400196,44.31445350181812,43.978162743804205,43.98935290163362,43.97834015888864,43.978191788211404,0.9998776631251929,1.0,0.9999239686814686,1.0,1.0,1.0,1.0,1.0,1.0,0.999998639616395,1.0,1.0,1.0,0.8452309469165112,0.8499733354129411,1.0,0.9999222205090511,1.0,1.0
583,55.23945431965964,55.23947236076492,55.23945295428982,55.239555831892346,55.239527118769786,55.239709440301795,55.782646173454424,55.23991413746029,55.24290671484502,55.24095215348774,55.239487889021035,1.0,0.99999931731532,1.0,1.0,1.0,1.0,1.0,1.0,1.0,1.0,1.0,1.0,1.0,0.7623374161198399,0.7634789467920864,1.0,1.0,1.0,1.0
584,41.80494176887106,40.28268570115455,41.20781547988605,39.61524572093657,41.2078113004556,41.207811348278256,41.02595106877865,40.28267919097652,39.61540407337344,39.61599889275746,39.2618702442162,0.46713918087752526,0.7418834345180751,0.33459045281444966,0.7162543124426397,1.0,0.7418818841945873,1.0,0.7418819019339673,1.0,0.999997934198236,1.0,0.6773986374466727,0.9130796105276411,0.6896052552765282,0.4939734551744662,0.7163133566555915,0.9999967449162852,0.9999979102869595,0.4510380326017531
585,31.296417639703122,31.296435493689046,30.350994593737852,30.351002631789896,30.35099646953475,30.351009739541524,30.69133617121244,31.29643967445844,30.351896698484097,30.351004352262294,30.35100396390459,1.0,0.6233098558126423,0.6233123609162068,0.6233067966359842,1.0,0.6233104404142631,0.6233048761511848,0.6233145760948671,0.6233090117948696,1.0,1.0,0.7389383875483136,1.0,1.0,0.8439012983023666,0.6235841943170619,1.0,1.0,1.0
586,32.302115978063625,32.301202431206036,32.08448321218046,32.24397384553339,31.953758324150073,31.84392414588183,32.80744774057828,32.30433974432836,31.91252281305958,31.952811456998944,32.08614198290209,0.9995433308763062,0.896895087617348,0.9713474319795707,0.9717912190239757,1.0,0.8401466433565947,0.8405304876778406,0.7952522523595333,0.7956155854317297,0.8866725477025028,0.8187104080141935,1.0,1.0,0.7775914679948396,0.6392482107746693,0.8220874804903486,1.0,0.9367278904252797,0.979593337135017
587,38.799961060310665,38.800006988468,38.38446502249519,38.38449816059406,38.384463873262604,38.3844775035177,38.47214136247172,38.800014283014605,38.388082675704766,38.38449816779689,38.38449944789406,1.0,0.8124117233156879,0.8124251843172112,0.8124065279355817,1.0,0.8124112564908083,0.8123926004290146,0.8124167931960098,0.8123981370070722,1.0,0.999989671515158,0.8488185403396264,1.0,1.0,0.9588416445016157,0.8138609068754847,1.0,0.999999425383871,1.0
588,35.77844138681701,35.288008662981895,34.92427320931884,34.41098675912306,34.89623962703595,34.893176324661766,34.9776971319466,35.28770430924624,34.386862402496206,34.387224980118845,34.41061747437956,0.7825352091059429,0.6524086896906643,0.5047321866481711,0.644996136627302,1.0,0.6433278044608652,0.8221071677987193,0.642343204889509,0.820848950200458,0.9845718106453673,1.0,0.6700706479629526,1.0,1.0,0.7442209110816984,0.637359796385827,0.9998478347104834,0.9860809866985295,0.7751578350231684
589,66.94246157863506,66.94263563919736,66.7620590114426,67.02752534552451,66.942484819567,66.94246500036616,64.84573834719754,66.94268721727477,66.97217133598605,66.94266355713401,66.9427066724613,1.0,0.9137472444283087,1.0,1.0,1.0,1.0,0.999924593028067,1.0,0.9999146842239942,1.0,0.9583615488449911,0.3505115515448002,0.3835979300425685,1.0,1.0,1.0,1.0,1.0,1.0
590,37.53353911999602,36.872227457707424,36.905504524912686,36.183474772155904,36.905509351544254,36.90551315980869,36.561699186302064,36.87222750142797,36.63821731583309,36.183474795735776,36.183475065957424,0.7184523954331299,0.7305063920853831,0.5091400393131018,0.7086621779667935,1.0,0.7305081550301165,1.0,0.7305095460155551,1.0,1.0,1.0,0.6151310362198802,0.842061127574613,1.0,1.0,0.8895806626977519,1.0,1.0,0.8748997086708908
591,52.84484055869646,52.84408242919429,51.31899652312143,51.31829717015734,51.31901874048759,51.31944585297586,51.2228246720081,52.842922219462025,51.27120043990604,51.31829783565061,51.3182718527292,0.9996210070848788,0.46630189196029304,0.46613886566003393,0.466315595967116,1.0,0.46630707198900323,0.46648386606926184,0.46640666540993037,0.4665834972497004,1.0,1.0,0.44440990039681094,0.9530518920447645,1.0,1.0,0.45572720197061123,0.9994200633621652,1.0,0.9763744090598514
592,59.57250431581275,58.827004746814026,57.18959546111577,56.35891129826439,57.2461705355156,57.35662519340033,60.30406711172705,58.82710702081866,56.40155675809541,56.40144792828198,56.359126469608555,0.6888375691196684,0.3037791179528949,0.20052897904802278,0.2911121402746631,1.0,0.3124949749332484,0.45365553352819565,0.3302386971802704,0.4794144686421711,1.0,1.0,1.0,1.0,0.4778396583941651,0.14209560449767278,0.29737089000775124,1.0,1.0,0.6555328328955063
593,51.428338879524546,51.43031992067881,50.18063130182529,50.37754218544703,50.107227260144526,49.97482615065064,50.41190156104571,51.43110250920043,50.37979032223072,50.107187243692834,50.37754420768502,1.0,0.5358753028843342,0.5913197669670358,0.5907343425555174,1.0,0.5165641433309028,0.5160527292424271,0.48347466509544745,0.482996010588852,0.9022148669534842,0.8176196570854695,0.6015662193680735,1.0,1.0,0.9840725849990232,0.5911673760385479,1.0,0.9639633335414235,1.0
594,47.238933086107124,47.23896334283239,46.7942128259605,46.79413061765547,46.794203135682835,46.79420686462879,47.07714825346977,47.23894013907335,46.7945760562406,46.79413925197227,46.79413274719539,1.0,0.8006269825563768,0.8005940741391186,0.8005819625532572,1.0,0.8006231034168907,0.8006109913918671,0.800624596158424,0.8006124841108179,0.9999970193385876,1.0,0.9222929097738684,1.0,1.0,0.868240873649394,0.8007695778373325,0.9999883981877804,0.9999951548729052,1.0
595,54.63613501101935,54.63538614687897,52.825172595228054,52.68698192630691,52.82517244620374,52.84805506555111,53.69222093600749,54.6338262648415,52.68646457270293,52.70937720355687,52.68643123335298,0.9996256380207509,0.40434726318434444,0.3773521123716065,0.3774934315597988,1.0,0.4043472330555584,0.4044986619752594,0.4090000614339375,0.40915323284800253,1.0,1.0,0.6237803115000146,1.0,1.0,0.6047874641164708,0.37769025667221406,0.9992203630562031,0.9999999254878446,0.9329963999185817
596,46.271417260145995,46.273318687047464,45.61635217521189,45.616410124288564,45.42901383774398,45.340786609949305,45.69001569135361,46.27413498915888,45.72719190015522,45.58940119265492,45.61913210231265,1.0,0.7206998375432025,0.7207207197908013,0.7200358465189745,1.0,0.6562577135259948,0.6556340969778893,0.6279370696502518,0.6273403651243744,0.871287930063686,0.8712626852638825,0.7477393798389127,1.0,1.0,1.0,0.7607339831123416,1.0,0.9105839620598711,1.0
597,29.69333954342821,29.6953210353052,29.639056105647143,29.640964181213462,29.674756340454934,29.693339685344228,30.46268095403221,29.696723497294244,29.936315939425157,29.67676524757664,29.64212069717783,1.0,0.9732233076232505,0.9741522424791914,0.9731875830465944,1.0,0.9907514320558093,0.9897703351875626,1.0,0.9990098155759656,1.0,1.0,1.0,1.0,0.6818274027126624,0.7686016091025754,1.0,1.0,1.0,1.0
598,52.8356550022813,52.833796630305216,52.34303859099853,52.34295213101487,52.15602749205931,52.06153839492026,55.13152500520195,52.83379715001857,52.1673460051567,52.15606262665597,52.34295089129225,0.9990712455715814,0.7816812692184933,0.781647477874015,0.7823741112945599,1.0,0.7119028986927809,0.7125646963100135,0.6790515025705963,0.6796827609447438,0.8687063760009195,0.8687439309822029,1.0,1.0,0.31699669608889086,0.22716253601710176,0.7166085287948923,1.0,0.9107329633272712,1.0
599,44.63830972859785,44.63976231067795,44.63322273807782,44.6383317156247,43.620132428536834,43.620134486530674,43.35964348181673,44.63818360164288,44.62552789402466,44.63285362889752,44.63832775383159,1.0,0.9974597366833303,1.0,0.9992849582376645,1.0,0.6010430898889042,0.6006067161643777,0.6010437083607105,0.6006073341871567,0.6025744060198868,0.6010371008149522,0.5276441803029541,0.5289879489847205,1.0,1.0,0.9936921248948186,0.9992109569407851,0.6025737859729985,1.0
600,22.693379076563076,22.451238489491402,19.93515654940333,19.935650553835018,19.935156799182664,19.958044165571266,20.311736679264897,22.45118257607413,19.798004980540043,19.936239833447416,19.9328278673307,0.8859716793219601,0.2518022394667887,0.25186444285976295,0.28428046712792954,1.0,0.2518022709142884,0.2842102933888297,0.2547003671505237,0.28748138692813247,1.0,1.0,0.303971540525979,1.0,1.0,0.773471968563635,0.2653809872437794,0.99997204368215,1.0,0.9337225791660179
601,51.74872859613561,51.7511951476574,49.739256222382664,49.74182727998101,49.73892976492411,49.738896615050635,53.32622058368091,51.74897175495383,49.76386094293673,49.741494701344834,49.739556067169474,1.0,0.36614121492146506,0.3666122026671038,0.3661603474122443,1.0,0.3660814550336151,0.3656302539334873,0.3660753873069436,0.3656241936853836,0.9998202124976956,0.9985357406102279,1.0,1.0,0.45446952725157874,0.16843930187092795,0.37062837389686154,0.9988889213536828,0.9998367845918064,1.0
602,42.73528165719242,42.375490081482326,42.7352585959444,42.375487271403415,42.73525711835481,42.735888912746276,43.17839866743341,42.37547966882846,42.375427362035964,42.37539115146828,42.37537691869926,0.8353572612473662,0.9999884694424698,0.8353560875382793,0.9999985949615317,1.0,0.9999877306564654,1.0,1.0,1.0,1.0,1.0,1.0,1.0,0.669342427985984,0.6693249226371519,0.9999738469457484,0.9999947936866207,0.9999992612054769,0.8353413141752029
603,55.47993261029393,55.32619743033871,55.098118545697076,54.91016482339717,55.09845361760091,55.09811930724888,55.48194125645631,55.326148942749285,55.03628818197572,54.910243357237334,54.91012097987607,0.9260124588196426,0.8262093953693493,0.7521015731702675,0.812193795026199,1.0,0.8263478267426774,0.8923722557642427,0.8262097099700365,0.8922231035888856,1.0,1.0,1.0,1.0,0.9250604827472836,0.8002536514625497,0.8650825177245954,0.9999757564991661,1.0,0.9693953834938562
604,56.83834145877219,47.307715752379295,56.83835735412819,47.307714771976094,56.83835696702059,56.838347595555604,47.77356973654537,47.772042123684486,47.11740523898251,47.30771741888671,47.117403591008355,0.00852022224662547,1.0,0.008520218069999915,0.9999995097985199,1.0,1.0,1.0,1.0,1.0,0.9999951207256096,1.0,0.010754985536137568,0.0107549000593153,0.9992364851954367,0.7203037731612565,0.7208541559812791,1.0,0.9999998064462164,0.007746796592118824
605,52.713762973209384,36.780342701986314,51.915353253168405,36.03006635313085,51.91535598091198,51.91557675827593,37.92218376842783,36.78035092488557,36.030344823421586,36.02971173172449,36.02975972797174,0.00034681809561048214,0.670853256263601,0.00023833142522025906,0.687194319548809,1.0,0.6708541712220555,1.0,0.6709282300173653,1.0,1.0,1.0,0.0006138318038813951,0.0009150016015427966,0.5650074162751528,0.3883223549740622,0.6872871820587809,1.0,1.0,0.0003553150921115768
606,32.482908497873325,29.77665461581813,32.48291565375973,29.816826432785717,32.48292333339111,32.48291813998654,30.201535530741438,29.775744914797485,29.775753684572464,29.776723080894556,29.775516888621723,0.2584308977134325,1.0,0.26367419902925,1.0,1.0,1.0,1.0,1.0,1.0,1.0,1.0,0.31959954665541546,0.319598403148435,0.8082407491504735,0.808244293202993,1.0,0.9995452529184882,1.0,0.25831259358685826
607,48.388184920346305,41.17761188084859,48.388186576725104,41.17761154151805,48.38826689533511,48.38828071310289,41.17452083874551,41.17761197611165,41.17761138899709,41.17761130158422,41.17846719997203,0.027179656189043944,1.0,0.02717965157760064,0.9999998303347442,1.0,1.0,1.0,1.0,1.0,1.0,1.0,0.027137681902656894,0.027137659427525718,1.0,1.0,0.999999706442765,1.0,1.0,0.02717853550196586
608,61.16054413724032,60.95678324391466,61.16054560847306,60.956783330928175,61.1605491766538,61.16110215289402,61.386060056621005,60.9567842671818,61.03970596678465,60.946358643996575,61.157623973027,0.9031375183190978,1.0,0.9031375576116851,1.0,1.0,1.0,1.0,1.0,1.0,1.0,1.0,1.0,1.0,0.8068335459750096,0.8409887088863383,1.0,1.0,1.0,0.9413675646975826
609,40.2076678123517,18.455547604649524,40.20766820269185,18.45554701193211,40.207675831991196,40.207678116709985,18.321478700120565,18.536310812880572,18.536308053834915,18.45554435142509,18.536310556715762,1.8905454042494618e-05,1.0,1.890544843969954e-05,0.9999997036413375,1.0,1.0,1.0,1.0,1.0,1.0,1.0,1.7679680784103012e-05,1.7679677333558732e-05,1.0,1.0,0.9999986204781232,1.0,1.0,1.968440442930386e-05
610,60.53497978065255,58.1527858174195,59.86320567939211,57.435120728325586,59.86321201126751,59.8632057082782,58.138382892290565,58.152786197625176,57.435122144452606,57.43512209268374,57.43512381332704,0.30388772191092145,0.714703826604085,0.21226293228283566,0.6984913077371921,1.0,0.7147060893154549,1.0,0.7147038369265852,1.0,1.0,1.0,0.30170714694617073,0.4221429013186234,1.0,0.7035401206998811,0.6984916695283128,1.0,1.0,0.29699352748180896
611,50.905297866089455,50.90520608205264,50.29137956545452,50.29356062919578,50.291383284507845,50.291381990150626,50.448447493126935,50.90519294307788,50.29415469943342,50.29140522741298,50.29140704086231,0.9999541090346167,0.7356806526145521,0.7364833734295972,0.7365171729136837,1.0,0.7356820206336128,0.7357157833411578,0.7356815445160997,0.7357153072017943,1.0,0.998911273570558,0.7957858305156527,1.0,1.0,0.9257543161728514,0.7367408168678766,0.9999934305341965,1.0,1.0
612,28.285444265336224,28.286315237525656,28.19677258835347,28.19653752806542,28.196767546725027,28.196769101990412,28.272037064450075,28.28507321131616,28.182682936506637,28.196537956011724,28.196475129057944,1.0,0.9566326294598285,0.9565202028959945,0.9561037423362915,1.0,0.9566302179697319,0.9562137095104246,0.9566309618769533,0.9562144530937553,0.9999982568199913,1.0,0.9933188185623844,1.0,1.0,0.9563062577176755,0.9500932537103264,0.9993791796839798,0.9999974791889568,0.9929824338143499
613,38.01563523223254,25.588832272508,38.01557092152444,25.58883219282575,38.01560183565854,38.01557458384701,25.633014263477094,25.588837190128714,25.588837081621307,25.588832183047515,25.588837091637828,0.002002414693633952,0.9999678451629291,0.0020024146138554995,0.9999999601588748,1.0,0.9999833018524171,1.0,0.9999696762670097,1.0,1.0,1.0,0.0020471422467251664,0.00204720807436725,0.9781536287482138,0.9781535756797579,0.9999999457462977,1.0,1.0,0.002002452945814132
614,46.01729956675152,38.966338200172544,46.01718820950302,38.96633809293067,46.01773975077782,46.0171358409936,38.96424585475086,38.96633743930829,38.96633728453176,38.966338043018055,38.96633733358436,0.029437653779429317,0.9999443229257761,0.029437652200954775,0.9999999463790644,1.0,1.0,1.0,0.9999181404717167,1.0,0.999973816088097,1.0,0.029406873013180245,0.02940851039299621,1.0,1.0,0.9999999226117383,0.9999996195679457,1.0,0.02943116202569228
615,33.85576033216472,33.107536548298924,33.74772261174857,32.880828687790455,33.74772492132007,33.747723640114174,32.88082317363998,33.10753655670345,32.88146332611717,32.8808308280729,32.88082910005295,0.6878999370690332,0.9474142379036363,0.6141808672237692,0.8928346030101961,1.0,0.9474153319647289,1.0,0.9474147250478683,1.0,1.0,1.0,0.6141791738832436,0.6482688873688989,1.0,1.0,0.8931179577414843,1.0,1.0,0.6484756671958012
616,31.648100682869824,30.834498984048253,31.230476920049597,30.388709561606703,31.53274871987938,31.273754773121198,31.19503010857622,30.822030513646098,30.694717568667784,30.391148119528395,30.69169494793809,0.665776766935146,0.8115478885289538,0.5327539676021271,0.8001990968453594,1.0,0.9439557570231072,1.0,0.8293002924532487,1.0,1.0,1.0,0.7972912076847047,0.9824327300387765,0.8298587300267164,0.7786790894174681,0.9383272854072395,0.9937851573230807,1.0,0.6576939512063189
617,42.20212568046193,39.20900713009536,39.397096032060546,37.48998507824621,39.39713656235321,39.42024021597669,37.48984466297185,39.209006040054675,37.50515480220591,37.48998507838189,37.48998700016318,0.22389921191685502,0.24597759505722333,0.0947919962424296,0.42336904820205734,1.0,0.24598257987969063,1.0,0.24884060395847965,1.0,1.0,1.0,0.09478534135396462,0.3853413614029118,1.0,1.0,0.42659268558785346,0.9999994549798068,1.0,0.38829462680812327
618,54.37074963731709,50.314223993848344,53.70354979685328,49.881620083810105,53.73595700261103,53.735966932685244,50.31469157995181,50.31440818835438,49.88173143460395,49.88164230727776,49.880765277940895,0.1315638726475412,0.7163403181731411,0.10597365253537583,0.8054920427834972,1.0,0.7280421621996698,1.0,0.7280457769649942,1.0,1.0,1.0,0.13159463496269314,0.18370407420078566,0.9998583142396581,0.8053485832065876,0.8054627058024865,1.0,1.0,0.14556787824566605
619,43.1512156635948,41.16998565159824,43.57536448072372,40.8192777317623,44.000457354550036,42.86155050301653,42.0353006793211,41.16976644875879,40.81927709278369,40.81927746402434,40.81927524183354,0.37134823938501055,1.0,0.3116205659886527,0.8391599392115799,1.0,1.0,1.0,0.8651671270166341,1.0,0.6998375874038336,1.0,0.5723769551608013,0.4629982981052235,0.6487115492215654,0.5444322375656894,0.8392516492407017,0.9998904045862931,1.0,0.20380530443487735
620,49.30041489100921,45.305749258279974,49.30042017888263,45.30575359063678,49.3004243498448,49.30041992321699,43.32213689119192,45.2927255449126,45.2927340653747,45.305757549957235,45.29272991584202,0.13569672909631897,1.0,0.1356970230399615,1.0,1.0,1.0,1.0,1.0,1.0,0.9999998721671883,1.0,0.05033075285612589,0.05033061978497667,1.0,1.0,1.0,0.9935092995081085,1.0,0.13481589901617783
621,53.06211650413627,52.744753414967704,51.798212453262835,51.796997132896024,52.40169399432551,52.22025009106912,52.231528654875376,52.747335317736514,51.62417700145207,52.2318811353324,51.45151830772727,0.8532680435366469,0.5315531822988093,0.531230276712934,0.6225831152788486,1.0,0.7187718733078082,0.8423752404093612,0.6564339454436022,0.7693173914293074,1.0,1.0,0.6601462189531687,1.0,1.0,0.7381001000084799,0.5703077462535404,1.0,1.0,0.6778979650208032
622,34.659314638722805,34.658395882550735,30.95756488321851,30.959709073622776,30.9575984862619,31.47570058872074,30.941631494720212,34.658431063026455,31.41029435792072,30.95974099495507,30.9599628190673,0.9995407274119231,0.15709966317299892,0.15726817928466,0.15734044143640755,1.0,0.15710230270857217,0.15717448864275077,0.20355744579816673,0.20365097710948815,1.0,1.0,0.15585307039485854,0.9920649557550761,1.0,1.0,0.19709521294666774,1.0,1.0,1.0
623,52.125391041643525,41.516543664903026,52.12541244168898,41.51759322752861,52.12542009460486,52.125398455423266,41.54726602661128,41.19183429989761,41.192919288470364,41.517599566809764,41.192913337433566,0.004969561419354196,1.0,0.004972170036736801,1.0,1.0,1.0,1.0,1.0,1.0,0.9999930068915951,1.0,0.0050464890883142625,0.005046435091055207,0.8371802632873993,0.8376345520102781,1.0,0.8501396214116907,1.0,0.004227052222076487
624,41.27108852178111,41.27111064313732,41.270931866042616,41.27325171619137,41.27109934448612,41.241856342123356,41.58400438319501,41.271125582069885,41.274777973720745,41.27324982792362,41.271132414399204,1.0,0.9999216751983008,1.0,1.0,1.0,1.0,0.9999943506903564,0.9854902067020184,0.985479306572348,0.9855674010732687,0.9844248794800967,1.0,1.0,0.8551833397619965,0.8567464988899574,1.0,1.0,1.0,1.0
625,44.95275601642723,35.90395510968398,44.95276089442382,35.9039546991427,44.95276019043857,44.952757626626635,36.28173898805409,36.30107931035272,36.30102283956157,36.30104849427255,36.29976250327999,0.01084121230063756,1.0,0.010841210075255217,0.9999997947293833,1.0,1.0,1.0,1.0,1.0,0.9999983661027433,1.0,0.013095213277852793,0.013095181338688896,1.0,1.0,0.9999717650030396,1.0,0.9999996480074367,0.013222059428161174
626,37.747372365753904,37.748504986858535,37.60483083878577,37.606017802004146,37.604833492051085,37.74721529434248,38.211246635655186,37.749717107851325,37.735805543171324,37.60620852619735,37.60590380788972,1.0,0.9312097204013936,0.9317625402727349,0.9312350226974091,1.0,0.9312109557754379,0.9306837504798015,0.9999214673781367,0.9993553616106381,1.0,1.0,1.0,1.0,0.7939262041730308,0.7884229880778929,0.9930683531212198,1.0,1.0,1.0
627,34.05376447283112,32.05691886741434,33.25460560324092,31.24626202419256,33.62164617011845,33.17503407682699,31.419819175868525,32.05691987021967,31.2463357800506,31.34244752197455,31.342266701694342,0.36846011742983614,0.6706020186129198,0.2456736562632245,0.6667577972262002,1.0,0.8056876429470873,1.0,0.6444453864822806,1.0,0.9609952976509946,1.0,0.26794523979263046,0.3995592502791019,1.0,0.9169139058267278,0.6667820519999312,1.0,1.0,0.3049354405725632
628,47.20496862531377,40.94480167802189,47.005651361337954,41.1148111677131,47.0485467624074,47.08816673117519,40.80841794556994,41.114854289207244,40.80865570115307,40.80857436009302,41.11463467917798,0.043714148121127096,0.9051463533139326,0.04759256493448965,1.0,1.0,0.9247693430282519,1.0,0.9432716695957037,1.0,1.0,1.0,0.040832565583787776,0.04511156172069976,1.0,1.0,0.8580445188856934,1.0,1.0,0.04415957369846936
629,68.24943678668845,56.42580740114121,68.24936581943916,56.42580694178062,68.07769681330711,68.07769696071938,58.79203329581088,56.42577013277233,56.13785772425757,56.388420389934595,56.13786483587867,0.0027072695645059906,0.9999645170048933,0.0027072689426995877,0.9999997703197303,1.0,0.9177135384383713,1.0,0.9177136060794897,1.0,0.9177461704623653,1.0,0.008837937487587091,0.008838251095207453,0.3063179753214947,0.2652485983461495,0.8659256710865858,0.9999813659891728,0.9177461028188467,0.002554446929967342
630,43.828789020608866,43.82833680175975,42.44762811618142,42.447035828328666,42.44763307729883,42.45826563720135,42.560437816642946,43.827200518060124,42.39941183325118,42.44703915784669,42.446958272132235,0.9997739161362497,0.5012850126067706,0.5011365820743885,0.5012499065899747,1.0,0.5012862560752152,0.5013996144373299,0.5039583306029863,0.504072293214646,1.0,1.0,0.5303725462133745,1.0,1.0,0.9226429168097083,0.489733289894117,0.9994320195122091,1.0,0.9761777170301602
631,44.20818412054945,44.208295888245175,43.58709849277429,43.58712556508061,43.587098785347735,43.587099278346386,44.53561627529834,44.208208544084414,43.58926005891476,44.208190994740136,43.58712021608673,1.0,0.7330489390650415,0.7330588617949134,0.7330178967896575,1.0,0.7330490463003766,0.7330080818436328,0.7330492269964946,0.733008262529653,1.0,0.9999868567192608,1.0,1.0,0.8489934008028373,0.6230190964904752,0.7338326727879472,0.9999563288732309,1.0,1.0
632,47.214710865172435,41.30596475945765,47.15076599925348,41.24149426344954,47.21480215176274,47.2147039887391,39.95631116801411,41.30724892993197,41.30596194334859,41.23944408345642,41.240333078434304,0.05211132138063394,0.9685332813073996,0.05045828615055213,0.9682787696361098,1.0,1.0,1.0,0.9999965617892446,1.0,1.0,1.0,0.02653740986217999,0.027399584892279383,1.0,1.0,0.999356713705715,1.0,1.0,0.05210886953031113
633,30.456124603194297,30.458155743825614,30.456128988041854,30.458151416722387,30.456133574091638,30.456126238518067,31.466242846317982,30.456197506240102,30.463339837022914,30.456156780911044,30.45619925952471,1.0,1.0,1.0,0.999997836450727,1.0,1.0,0.9989894261070887,1.0,0.9989857620335924,0.9999986252390514,0.9989879233931878,1.0,1.0,0.6034918940872238,0.6056509162714938,1.0,0.9990213603876448,1.0,1.0
634,60.078336043721066,55.296516546679044,58.796974943066516,53.7586640796859,58.79697510763825,58.7969750946647,55.128386881269165,55.29653134951067,55.74265594500713,53.75870856456601,53.758670421032775,0.0915463618149249,0.5269336970910141,0.04243270023566365,0.46351050325132404,1.0,0.526933740450211,1.0,0.526933737032112,1.0,1.0,1.0,0.0841651296045327,0.159726223752958,1.0,1.0,1.0,1.0,1.0,0.21715159360145758
635,43.68427158229528,44.462168980615814,42.837218348498396,42.838993407165304,42.7970083806988,42.66473181324838,42.50614935950938,44.46260800881453,44.60226383877588,43.063021301028414,43.62582168324474,1.0,0.6547337484528162,0.6553151018060861,0.44415228695252473,1.0,0.6417017797108473,0.43492559871512926,0.6006337780388309,0.40709097867825783,0.917371037399817,0.9165572048979944,0.5548479807062288,0.8474406306645639,1.0,1.0,1.0,1.0,0.9800957736289532,1.0
636,55.32397295341855,45.765047393393274,53.02593547980007,44.19417337776278,53.025936287544766,53.02597304475918,44.19422150369775,45.765054803991234,44.19815107630012,44.19420484927417,44.193876593752236,0.008400510677732642,0.3169476258767627,0.003829964335059364,0.4559204174588465,1.0,0.3169477538831706,1.0,0.3169535789949734,1.0,1.0,1.0,0.003830056496475455,0.012084193676732826,1.0,1.0,0.4568263840657779,1.0,1.0,0.012107954984965424
637,51.80698734811199,44.78303999011132,51.558752186341366,44.54395816419239,51.559189792375605,51.80669663410123,44.91535167404979,44.78310204857101,44.543974132311746,44.54394696913198,44.54409459294686,0.029837965716788657,0.8832759784052343,0.026476053607749912,0.8873277038740238,1.0,0.8834692629991138,1.0,0.999854653558438,1.0,1.0,1.0,0.03187867981370118,0.036091414906650736,0.9360140305253429,0.8305320405271789,0.8873072554917134,1.0,1.0,0.029968518548236567
638,54.71263000976754,53.77564410192855,54.71263032831229,53.77564796932279,54.71263279272023,54.71263089837598,55.42458151883804,53.775848759887964,53.77584974326166,53.77564568565174,53.77584889028236,0.6259448856068905,1.0,0.6259460959958837,1.0,1.0,1.0,1.0,1.0,1.0,1.0,1.0,1.0,1.0,0.4385127551397048,0.43851297075071183,1.0,1.0,1.0,0.6260083779096852
639,47.89090742504959,47.05694213779685,47.89090272966487,47.8883996551634,47.890916247914646,47.890907619298105,47.239011776504526,47.05694376826605,47.50652734588692,47.05694582819996,47.88331464209793,0.6590323582567015,0.9999976523103971,0.9987469008421661,1.0,1.0,1.0,1.0,1.0,1.0,1.0,1.0,0.7218428491249648,0.7218445437918951,0.912986665064005,1.0,1.0,1.0,1.0,0.8251464023362661
640,52.28187478215912,52.28137256242718,51.735501394863576,51.73569947568487,51.735483827016026,51.73612759332613,51.88077729955455,52.28128964549097,51.71139015459917,51.73500130228106,51.73564794117269,0.9997489216594726,0.7609507097030539,0.7610260783060314,0.7612172034582567,1.0,0.7609440255993798,0.7611351301447737,0.7611890000876236,0.7613801661562527,1.0,1.0,0.818281604942654,1.0,1.0,0.9187937849725365,0.7520520474100401,0.9999585423912866,0.9999912161148036,0.9880254364129616
641,33.541114985157265,33.540190852246155,33.54186478140926,33.540450924096206,33.54132441644953,33.541065375148804,32.65043656324099,33.540177537475756,33.46714708139106,33.54152567736358,33.54043218609951,0.9995380402807097,1.0,0.999668024585507,1.0,1.0,1.0,1.0,0.9999751953034114,1.0,0.9996003767404267,1.0,0.6406069382794051,0.6403668209513236,1.0,1.0,0.964143411767831,0.9999933426369608,0.999729854016133,0.9635906923552172
642,45.5471025973159,41.07153143174247,45.49974268218375,41.07153063504248,45.49973564955377,45.499738373468915,41.086976192138934,41.071530871945725,41.07152887426997,41.071530128788936,41.07153007512926,0.10669450913390625,0.9765982126170878,0.10669446663215738,0.9999996016500828,1.0,0.9765947785961909,1.0,0.9765961086777506,1.0,0.9999978456449028,1.0,0.10752163427543518,0.11009812724037113,0.9923070830282831,0.9923060918748785,0.9999990011626224,0.9999997201016663,0.999996483691192,0.10925142652638917
643,51.173667293894965,50.06797961533968,51.12427635353666,50.067948224477306,51.17369262155978,51.17367545995782,51.065186919000894,50.06776331502951,50.067452242490816,50.06794970012635,50.06776231942041,0.5753113886567414,0.9756069682100494,0.5753023589672916,0.999984304691985,1.0,1.0,1.0,1.0,1.0,1.0,1.0,0.9472045725293938,0.9708874612357826,0.6073124947751614,0.6072180430009251,0.9998444758257918,0.9998918556929315,1.0,0.5751524231728109
644,46.96210694300734,45.420830905697784,46.87477961881069,45.26513209542051,46.87477908066916,46.87478051749582,45.26513287486884,45.42083094128901,45.26522004140969,45.265132170836694,45.26513211704554,0.4627177515550567,0.9572758714920109,0.4280619187902298,0.925103731922195,1.0,0.9572756139170921,1.0,0.9572763016369029,1.0,1.0,1.0,0.4280620856163361,0.4471669017930622,1.0,1.0,0.9251443959344956,1.0,0.9999997309292687,0.44718651153857325
645,52.92967609939399,46.512222938246964,52.92967726978057,46.51222152915966,52.92967894642237,52.92967822968555,46.950265131182846,46.88222128758622,46.8822216758976,46.512218669155004,46.882223123476024,0.04040803690233491,1.0,0.04040800843311905,0.9999992954565964,1.0,1.0,1.0,1.0,1.0,1.0,1.0,0.0503022493541676,0.05030221991763734,0.9665503158841753,0.9665505035454358,1.0,1.0,1.0,0.04861959523200568
646,27.129968332966683,27.132526909097862,27.12998909930667,27.13000134034729,27.130410472956044,27.12996853622718,27.925001528613024,27.134317178484878,27.261702318045195,27.130001542437952,27.130024101615874,1.0,1.0,1.0,0.9987380126013987,1.0,1.0,0.9989423416443824,1.0,0.9987216313748801,0.9999897185131108,0.999983598074458,1.0,1.0,0.673449562172276,0.7177387706716507,1.0,1.0,1.0,1.0
647,49.05757627571538,40.963213196215634,48.792080756667275,40.709981084543415,48.791894645295145,48.79082298865089,43.60977936443709,40.9624567304449,40.6672371141743,40.6669259651012,40.71001847443338,0.017471548174152446,0.8756859476934693,0.015393689972334316,0.8810718900748512,1.0,0.8756044639281517,1.0,0.8751354159332194,1.0,0.9993713136979073,1.0,0.06561844454949005,0.07493376446467719,0.2661590232680047,0.22963340679757258,0.8627676942079352,0.9996218386356729,0.9999069486434808,0.01720889692939419
648,50.47577727272716,50.477110431633264,50.03885438191571,50.04027219889065,50.11486192845254,50.19477900911127,50.307666665221376,50.47656270496384,50.19778520823519,50.11622828284064,50.040330273636044,1.0,0.803754467274675,0.8043244576500029,0.8037884901452537,1.0,0.8348880189744716,0.8343316852163485,0.8689244193257284,0.8683454051624611,1.0,1.0,0.9193804095021544,1.0,1.0,0.9465412492170544,0.86988979448381,0.9997261741624278,1.0,1.0
649,53.762422758215166,53.76195976858878,50.004337821294655,50.00889852170931,50.00633243000695,50.55474112086762,50.00339560175837,53.76007817879338,50.249954729333126,50.00458877074601,50.004556791145035,0.9997685319796642,0.15273628557052107,0.15308497520713227,0.15312041768708726,1.0,0.1528886861156945,0.15292408315048298,0.20112255735086645,0.20116912156918876,1.0,1.0,0.15266434696126033,0.9995290011866399,1.0,1.0,0.1728965699682256,0.9990596475110689,1.0,1.0
650,33.04393457487822,25.25041040780343,32.945313274324064,25.250407725024303,32.927507783059724,32.89411462109919,24.938660680552374,25.250411464350805,25.250407228070173,25.250405362389984,25.2504087824573,0.02030755928786871,0.9518853803064288,0.020307532047538913,0.9999986586113366,1.0,0.9434485978826024,1.0,0.9278270084423282,1.0,0.9747255579696417,1.0,0.017376493278065726,0.01825481684829735,1.0,1.0,0.9999978818619276,1.0,0.9911367664654012,0.021524783700097805
651,59.0868602074714,59.08708840760664,59.0866661560236,59.08708803921448,59.08686584777172,59.08687479151823,59.54893617702561,59.08735941372319,59.18298137935676,59.08709194493562,59.08736028610954,1.0,0.9999029789829401,1.0,0.9999998158039346,1.0,1.0,0.9998887262739183,1.0,0.999893197659568,1.0,0.9998933818359947,1.0,1.0,0.7939074536444187,0.8327869774807608,1.0,1.0,1.0,1.0
652,50.23902660350606,49.369632076612646,49.87772412911323,49.36699657076727,49.368385920607864,49.36838811029202,50.32066049170433,49.37142207527921,49.183229470638224,49.36945687500116,49.37164379506842,0.6474606474161229,0.8347264294652774,0.6466080161577121,0.9986831149324465,1.0,0.6470573545837974,0.9993771160703977,0.6470580630098028,0.9993782102311137,0.7751738056554719,1.0,1.0,1.0,0.6221219102803863,0.5662523169025946,0.9101951041193651,1.0,0.7751729569630373,0.9115779000079587
653,51.85107717947682,47.02292467802826,51.72589013531294,47.02477692193719,51.85107127839234,51.72656787993614,47.01417695589279,47.02292524580267,49.24232126728805,47.02663725737585,46.828888000928316,0.08944993007724236,0.9393252110561434,0.0895328099938435,1.0,1.0,0.9999970494621139,1.0,0.9396435763012966,1.0,1.0,1.0,0.08905954288260551,0.09481225653729679,1.0,1.0,1.0,1.0,1.0,0.2713420693478941
654,40.08402844707189,35.575913524437794,35.3257694536228,35.3257991346934,35.32580361529875,35.32632306398912,35.733544655470666,35.57735031398971,35.32938189518998,35.325799895442145,35.326919430230646,0.10497243770645172,0.09263117816768962,0.09263255287415982,0.8824464297304446,1.0,0.09263276039934848,0.8824484066797584,0.09265682250700816,0.8826776297804638,1.0,1.0,0.11358067565901751,1.0,0.924874551431983,0.817028435347953,0.8833937900907187,1.0,1.0,1.0
655,53.29125812923337,50.38757225672521,52.55935129578242,49.55185502706439,52.55935161765524,52.559351916443234,51.936489409210054,50.38686630804304,49.55041412681294,49.55252350462919,49.5504136179876,0.23413838811005097,0.6935351075935913,0.1541696667195701,0.6584553176607097,1.0,0.6935352192086501,1.0,0.6935353228186567,1.0,1.0,1.0,0.5079438545700299,0.7323981857709833,0.4607906085387137,0.3032985511663674,0.6582133957291484,0.99964708794703,1.0,0.2221352728715593
656,49.43844282915063,49.43828957909881,49.34292621460267,49.3411877487689,49.342932631358764,49.4384407369846,49.32296274787245,49.43380535028402,49.15853018220665,49.342337807426816,49.34269697208043,0.9999233779097104,0.953364180421841,0.9525358449548227,0.9526088358350526,1.0,0.9533672391794549,0.9534402937677297,0.9999989539175331,1.0,1.0,1.0,0.9438952899622189,0.9900679187931811,1.0,0.9210727249334459,0.8714144490298508,0.997760397253619,1.0,0.9119216300379892
657,37.237122265734996,37.23807770827747,37.2371341025152,37.23820260517098,37.23724898907477,37.23723848014009,34.91686524985835,37.23853424312108,37.23316093030883,37.238128917152835,37.23705092523346,1.0,1.0,1.0,1.0,1.0,1.0,0.9995857262337331,1.0,0.9995804739569806,1.0,0.9995180536580209,0.31344589800819683,0.31344404291858635,1.0,1.0,0.9973169494252629,1.0,1.0,0.9979580582224692
658,41.870353579882476,41.87036725089672,41.87035541737691,41.8766959324206,41.87035653496906,41.87114491810377,42.40555965746378,41.87286382706378,41.94235180815451,41.87037021149155,41.87037739975412,1.0,1.0,1.0,1.0,1.0,1.0,0.9999946420505248,1.0,1.0,1.0,0.9972283410005542,1.0,1.0,0.766172518060114,0.793260251921521,1.0,1.0,1.0,1.0
659,59.195864439991595,48.24511259848515,59.19587993300635,48.426122975855094,59.19588755856054,59.195871314099975,48.41886075775912,48.42605000780594,48.176254777731856,48.42612418836856,48.426117614687996,0.004188653652148829,1.0,0.004585433033374799,1.0,1.0,1.0,1.0,1.0,1.0,0.9999956905560967,1.0,0.004568813018802193,0.0045687776265955155,1.0,0.8857655408175378,0.8825872616229011,1.0,1.0,0.004046850355528686
660,52.63319649710036,50.42416466322217,52.63458256028315,50.423839818076516,52.63363595734086,52.62722574053993,51.965908269345135,50.42416149634437,50.42409117404014,50.41650428765362,50.42401503314966,0.33137125463330974,1.0,0.33131743683230225,0.9998375906170042,1.0,1.0,1.0,0.9970190735303083,1.0,0.9963283471903605,1.0,0.7163086611824386,0.7158124086302589,0.46260885549056896,0.46259258991619234,0.9999648394660335,0.9999984165623519,0.9995268105183261,0.3312862771842055
661,32.33301407684138,28.271269762926437,31.82858729516741,27.731106027839388,31.830458249057273,31.833302358436924,28.276501504077714,28.28463118697917,27.752429009939533,27.73203428633903,27.752301821768043,0.1312210258961334,0.7770788988586605,0.1001632399408771,0.7633170008910023,1.0,0.7778061783765085,1.0,0.7789130481283755,1.0,1.0,1.0,0.1315647324666401,0.1693067881007664,1.0,0.7694831316938384,0.7663616532200356,1.0,1.0,0.13015690177493947
662,47.632631042985565,44.34863032821309,45.70710389350745,43.32554114611267,45.70696106612928,45.71235926552481,43.32515064080988,44.33276929741709,43.361426417197436,43.32554458568342,43.32554015134198,0.19359240072061185,0.381836193664282,0.11607195848480277,0.5995687746664973,1.0,0.38180892630670915,1.0,0.38284085868200785,1.0,1.0,1.0,0.11604929733955234,0.30392429860010917,1.0,1.0,0.6152839317277572,0.9921008481747078,0.9999285888608119,0.3095092425481905
663,38.01762954941702,33.31990310225535,37.90852550888388,33.07869017202435,38.01760679382727,38.01772678799219,33.078642161181534,33.31990479422922,33.31990030951789,33.07865819560624,33.07864338563775,0.0954776372745348,0.9469092491050274,0.08462972720441812,0.8863827134837369,1.0,0.99998862226985,1.0,1.0,1.0,1.0,1.0,0.08462769565653704,0.08937255152647734,1.0,1.0,0.9999977576468512,1.0,1.0,0.09547859028227604
664,44.60074015696074,44.60094310990601,44.60074420077774,44.59996162281658,44.60074971430211,44.60074734122486,43.530431671302125,44.598773690971626,44.49317375886483,44.5999678636654,44.598776821328755,1.0,1.0,0.9996108086825166,0.9995093768502016,1.0,1.0,0.9999033068731312,1.0,0.9999021204499396,1.0,1.0,0.5855789618228704,0.5855777778369871,1.0,1.0,0.9485697396543771,0.9989158786174681,1.0,0.9476330045151258
665,36.00745944806337,33.528039497704896,35.78087363986066,33.22603188781963,35.77608489100433,35.775649055140946,33.53092125247289,33.52804031829186,33.22603010884009,33.22603281710889,33.22603137494295,0.2894681587168559,0.8928890909337512,0.24889758306497944,0.8598444269942634,1.0,0.8907537375651535,1.0,0.8905596475016365,1.0,0.9973911167066913,1.0,0.2898855474709341,0.3246601962263668,0.9985605698842324,0.858605625029238,0.859843309383606,1.0,0.9976084897998199,0.27942331440963375
666,46.85160002296746,46.19049623070512,45.22114536771238,44.55058106041048,45.19690165955339,45.26390338838837,45.226879350089234,46.19247650738066,44.530663311904846,44.52878177376036,44.554462563030455,0.7185270716729527,0.4425387146496641,0.31647548996088354,0.4404503357459184,1.0,0.43720670712471943,0.6084763182363708,0.45210161282081496,0.6292060948631801,1.0,1.0,0.4438092897385889,1.0,1.0,0.7060226081740526,0.4356541441694953,1.0,0.9879513196282363,0.7166847790002635
667,57.79436189435114,57.79438035411667,57.79435603805729,57.79438063286514,57.794358241063634,57.79436085035377,58.848124382641515,57.79446819518387,57.80152859847027,57.794381023793164,57.802650887711536,1.0,0.9999970718573603,1.0,1.0,1.0,0.9999981733579147,0.9999889435346058,0.9999994780014502,0.9999902481660995,1.0,0.9999901087932318,1.0,1.0,0.5904749335802302,0.59256311283932,1.0,1.0,1.0,1.0
668,50.552848320557985,43.55941540637275,50.55285022464301,43.559416964520665,50.55285127365849,50.552850086679655,43.617578709499014,43.55211667679674,45.567049690027574,43.55941726510824,43.55211823618416,0.03029670079366772,1.0,0.030296724397047493,1.0,1.0,1.0,1.0,1.0,1.0,0.9999999310183251,1.0,0.031190715595168256,0.031190685900295157,0.967798846646119,1.0,1.0,0.9963572860507689,1.0,0.08266981051248332
669,44.595086146612715,43.86003248800668,44.59511154042207,43.86003246290119,44.595088104476105,44.59508702711784,44.01639631058808,43.86609187188287,44.2132540204708,43.860032130465015,43.86609196205268,0.6924447487494396,1.0,0.6924447400573563,0.9999999874472537,1.0,1.0,1.0,1.0,1.0,0.9999877434229997,1.0,0.7487539021508626,0.7487443953542947,0.9276022765633846,1.0,1.0,1.0,0.9999882820956739,0.8262011252990632
670,41.261638983913,40.241657648321905,41.261638623265156,40.241714696435736,41.26163766009299,41.2616380209665,43.662855409110136,40.24175988886333,40.24194360437127,40.24233852559075,40.222634449727735,0.6005011827859281,0.9999998196760933,0.6005183117601365,1.0,1.0,0.9999993380902114,1.0,0.9999995185268653,1.0,0.9999996988507176,1.0,1.0,1.0,0.18076674867687545,0.18078335426706615,1.0,1.0,0.9999995184140311,0.600587444931802
671,31.41716544715274,31.41669379818751,29.245515278190055,29.2448825229514,29.214406865529583,29.199964674600153,30.122454828720834,31.416235017462668,29.177345085920507,29.214497825214693,29.245587135000477,0.999764203321792,0.3376231033590808,0.33751630386078635,0.33759590785443505,1.0,0.3324122741595232,0.3324906743560713,0.33002053926011193,0.33009837536050374,0.9774820975717318,0.9777913999562929,0.5234282537219068,1.0,1.0,0.6234075059362494,0.32646094134392495,0.999770635945537,0.9845661355881334,0.981639751463407
672,41.24281015260766,39.58239738572905,41.243277399956526,39.582465943594,41.24296106541749,41.24309350045144,39.2788201322991,39.582697011325024,39.58269500979927,39.5823962560697,39.582478628170975,0.4359593022560485,1.0,0.4359742467316712,1.0,1.0,1.0,1.0,1.0,1.0,0.9999080544747044,1.0,0.37456309578312763,0.37447559919741874,1.0,1.0,0.9999989992376219,1.0,0.999841845238265,0.43599128349839145
673,34.13547896917794,28.76483824630688,33.845050076942215,28.413586655659998,33.84409674148685,33.94036916115462,28.135487993398044,28.7708889503634,28.418818923105505,28.350143767347504,28.357207651703533,0.06819934205712214,0.8648368123266476,0.05721460066663992,0.8389318568310873,1.0,0.8644246707635949,1.0,0.9070525393654476,1.0,1.0,1.0,0.04978729301310244,0.05756842482128044,1.0,1.0,0.8385886207922245,1.0,0.9995234458603307,0.06636145359649753
674,30.351518956911605,29.353246567447627,30.3515229260002,29.35220835436533,30.351526331338363,30.351534734570663,30.072315171850107,29.244753247463507,29.351930455720037,29.244832952856825,29.24475699471668,0.6070548104411921,1.0,0.6067397660961216,0.9994810281713414,1.0,1.0,1.0,1.0,1.0,1.0,1.0,0.8697044023070171,0.8697026763418173,0.6611457513222687,0.6975421353096787,1.0,0.9471984417249918,1.0,0.6066532290094382
675,46.45465895562808,42.567309801366235,46.45466135139597,42.56725557705752,46.45534893331123,46.45466328933378,41.91685401204492,42.56737240893213,42.567288203553176,42.56724798795446,42.56884839807901,0.14317686752549982,1.0,0.14317298574478918,0.9999728882131749,1.0,1.0,1.0,1.0,1.0,1.0,1.0,0.10342563036106701,0.10342550646923895,1.0,1.0,0.9999578981968288,1.0,1.0,0.14312593601116377
676,38.19451216954704,33.582441340974015,36.51683332225829,32.07213090222609,36.51683365638368,36.517155168811,32.072029820418976,33.58244236576806,32.083330944978854,32.07213122504615,32.07213024327055,0.09965556242260952,0.43221184731109785,0.04683190237280953,0.4699376656388671,1.0,0.43221191951757965,1.0,0.4322814058542904,1.0,1.0,1.0,0.046829535505960536,0.10834856979811924,1.0,1.0,0.4725764669182254,1.0,1.0,0.10896251492154685
677,62.490541606266675,51.35161015906934,60.37302568234878,49.778915666492765,60.37302380645582,60.373023991728644,49.7786518095389,51.351604460740816,49.79240632921605,49.778953602955,49.778951468963896,0.0038125168263150222,0.34688638896820256,0.0017366228024905182,0.4555056099697389,1.0,0.34688606360748725,1.0,0.34688609574176915,1.0,0.9999991546902882,1.0,0.0017363937076015816,0.0050056553466003755,1.0,1.0,0.45858983881879467,0.9999971508397979,0.9999990620539585,0.005040203913851008
678,40.988201685343086,40.98841643031591,40.37620850043109,41.04228862867183,41.04213545183174,40.376206411902615,41.0450618824766,40.989597044973095,41.05649614587344,40.98940519045229,40.37609757254151,1.0,0.736389128730184,1.0,1.0,1.0,1.0,1.0,0.7363883597457532,0.7363092961413069,0.9999989557363075,0.71674072949651,1.0,1.0,0.9726485945086906,1.0,1.0,1.0,1.0,1.0
679,37.99788414375536,37.43880553059773,37.9278389533971,37.36190907968836,37.910692000688556,37.8836100708906,37.927434193798064,37.43961472937406,37.341715745404315,37.34093723726471,37.362837610221646,0.7561320062687495,0.9655835984767077,0.7276118601983408,0.9622815251385195,1.0,0.9573405764956529,1.0,0.9444646344340635,1.0,0.9781282904183944,1.0,0.9653882036342817,0.9997976406778923,0.783558361150662,0.7461271699558432,0.952229223691965,1.0,0.9914631710873518,0.7523992881645842
680,37.618373579994085,35.653613286335855,37.454744588414286,35.27293782545482,37.40268508371312,37.40261808016666,35.27293259890462,35.68189858361643,35.27469122989342,35.26578591056807,35.272937173701166,0.3744188655738556,0.9214428743756333,0.3095245472908453,0.8266798918277006,1.0,0.8977674144859132,1.0,0.8977373381893863,1.0,0.9742734608455137,1.0,0.30952373841910985,0.3359120212729867,1.0,1.0,0.8157856218451929,1.0,0.9743061012808173,0.34507381548469723
681,59.81945563545611,48.330555245516706,58.78507191223292,47.654740608804275,58.78512332437725,58.78517618817875,47.654722052682786,48.33055303288984,47.657213417669766,47.654739403043465,47.65473532073352,0.0032004937155444236,0.5961923902272279,0.002282788599670033,0.7132613910731321,1.0,0.5962077161888197,1.0,0.596223475300271,1.0,1.0,1.0,0.0022827674199169907,0.003828910696171341,1.0,1.0,0.7141446060907422,0.9999988936871782,1.0,0.003833584727464301
682,59.542265696670285,54.15227673486629,56.85176093630227,53.0996026337786,55.964703293959644,55.964721270760236,55.20535953823662,54.1522970471579,53.09976242078861,53.09938192147456,53.099892137919,0.06754275454827757,0.2604739610975037,0.03990189224812337,0.5907649534725841,1.0,0.16716378455311467,1.0,0.16716528709487793,1.0,0.6417735054610803,1.0,0.11435437732133638,0.439024218925783,0.5906502410137471,0.34895979683722606,0.5908061532969126,1.0,0.6417677369698385,0.23871845438400913
683,52.07753590729001,45.054943579928505,52.07847586517235,45.05494347480638,52.07754222047507,52.07753766539912,45.05466113933471,45.05494329353334,45.054943181858505,45.054943472509194,45.054943184945074,0.02985818824542982,1.0,0.029858186676051737,0.9999999474389383,1.0,1.0,1.0,1.0,1.0,0.999531010123534,1.0,0.02985397196094048,0.02983994451936787,1.0,1.0,0.9999999441625833,0.9999998568024284,0.9995332865959574,0.029858088052639526
684,64.6302845069657,58.69433304692612,64.63028422066606,58.69384697439321,64.63028320771389,64.63028343513005,60.3366725152745,58.69260951045044,58.69496704604086,58.693987534607146,58.69425219611577,0.05140726726586142,0.9999998568501911,0.05139477495366047,0.999756993264467,1.0,0.9999993503743078,1.0,0.9999994640823232,1.0,0.9999996072320759,1.0,0.11685680345647705,0.11685682018450853,0.4395378247535875,0.4400562432736834,1.0,0.9991386029777662,0.999999493524044,0.0514235993361198
685,40.92908395882745,40.709115716961264,40.92912704526992,39.68086382432142,39.9157905110016,39.916266179932734,39.78237142519433,40.709119170075354,39.68086612988748,39.68086625574219,39.91319479558851,0.8958483604196418,1.0,0.5357379872135699,0.5980230705145395,1.0,0.602512586178364,0.6725609074019283,0.6026559014792777,0.6727208845891908,0.6026429184697106,1.0,0.5636305660635208,0.5636184237763324,1.0,0.9505137532644172,0.5980227273845387,1.0,0.6024996062562371,0.8891741302894349
686,55.37837111710576,48.084657090664166,55.06707511555166,47.67729468957549,55.0023716827867,54.791894383022026,46.47520320184614,47.960633876830684,47.4964962347739,47.57829940780249,47.560677857767445,0.026072947062422927,0.8558603995508063,0.02126828647284854,0.8157223815907254,1.0,0.8286149415984888,1.0,0.7458443347987519,1.0,0.8714555962516835,1.0,0.011660083257710849,0.013623814425612607,1.0,1.0,0.7928915538168041,0.9398719777119863,0.9681660023449886,0.023448758591817158
687,44.814070043995656,44.814194729989254,44.81477800106774,44.81409807093107,44.814076880590704,44.81410710839094,45.44749357813481,44.81957620418248,44.82139835002798,44.81437046539864,44.81414646084599,1.0,1.0,1.0,0.9999516716387595,1.0,1.0,0.9999410770367514,1.0,0.9999561901605234,0.9996646099174354,1.0,1.0,1.0,0.7305492087328687,0.7312150956253781,1.0,1.0,0.9996495012005447,1.0
688,58.97727898094254,48.7557655093529,58.60326613198859,48.503685693032565,58.60326854276303,58.60327034315827,48.503694570353616,48.755766491435764,48.5036844780943,48.50368443653227,48.503684549585586,0.006031516931433509,0.8294384076603334,0.00531726266897274,0.8815796638589533,1.0,0.8294394074553932,1.0,0.8294401541151095,1.0,1.0,1.0,0.005317286270549029,0.006410706595499894,1.0,0.9999949538830736,0.8815786954349096,1.0,1.0,0.006410666518984673
689,41.72431894721896,40.13826874530861,41.67046690819967,40.13825697203049,41.670466931439194,41.72433186012438,42.317326790173894,40.138264883497186,40.08533092258409,40.13825591432783,40.13825697964154,0.4524739434865991,0.973433253930001,0.4524712799436499,0.9999941133782674,1.0,0.973433265241063,1.0,1.0,1.0,1.0,1.0,1.0,1.0,0.3363742319210962,0.3275882043874085,0.9738802003842293,0.9999980690961533,1.0,0.45268081503153845
690,50.21947203870735,48.00577916088403,49.01782875498381,46.83721525185882,48.843906088280875,48.69600109327172,46.4820238014251,47.955936571454885,46.51455006575932,46.509497609524345,46.837215103168404,0.33059988583840244,0.5483608946789502,0.18431143080304063,0.5575060328155477,1.0,0.5026893092281548,1.0,0.4668555085517564,1.0,0.8513654293767374,1.0,0.15432043082246413,0.28142129083222517,1.0,1.0,0.4864149305117874,0.9753866770942067,0.9167125411495018,0.3120231137886294
691,34.172605305460536,33.53919370312835,33.10825828339688,33.131395875356674,33.13137436711213,33.13138588674457,33.52738973786643,33.54193884327475,33.13463578643572,33.13139942208076,33.13140356990118,0.7285450607072379,0.587327019605763,0.5941611411264709,0.815544807276144,1.0,0.5941547514792676,0.8155360368547275,0.5941581737112973,0.8155407342059474,1.0,0.9999950057064184,0.724257864337123,1.0,1.0,0.821702414429014,0.815746586166153,1.0,1.0,1.0
692,43.437382969670665,40.55410115265718,39.274029312985675,36.178641541820184,39.272971043059584,39.27264095821192,40.28360187547054,40.55410336736108,36.0181051913367,36.00164826492326,36.01942962997998,0.23653930070657825,0.12472090121627195,0.026532875925817226,0.11217111002932514,1.0,0.12465492448365323,0.5269945590914082,0.12463435283041849,0.5269075898090384,0.9993060634985039,1.0,0.20661656485964075,1.0,1.0,0.11851113671957979,0.10351910561356449,1.0,0.9994710050041709,0.19643318599757253
693,53.94807114314358,49.70441599539765,53.94807663272411,49.70439972603438,53.94808145828779,53.948146017811354,48.979742394375535,49.70441797543586,49.70443748677076,49.70440663776762,53.922190002271776,0.11981246217559641,1.0,0.11981148754332475,0.9999918653514506,1.0,1.0,1.0,1.0,1.0,1.0,1.0,0.08339521257987839,0.08339498367782486,1.0,1.0,1.0,1.0,1.0,0.11981313170321796
694,41.01208257854125,38.96259101859542,41.014410032531885,38.96259077307286,41.01219732157696,41.012077342801234,38.96152677608157,38.96259104826015,38.96259080441291,38.96259073444273,38.962590815984186,0.3588876902482038,1.0,0.3588876461906947,0.9999998772387291,1.0,1.0,1.0,0.9999973821334169,1.0,0.9988343350504828,1.0,0.358696769280432,0.35827958695713474,1.0,1.0,0.9999998780763878,1.0,0.9988942563081221,0.3588670624757759
695,50.18822209123911,48.159919549849974,48.46377119746313,48.15993974676519,48.4638124839999,48.463772201312565,48.16976280793648,48.15994961939063,48.223453695414065,48.15998180536957,48.16007766298003,0.3627101419587268,0.4222214046808337,0.36271380479021376,1.0,1.0,0.42223012080057276,1.0,0.42222161660424584,1.0,1.0,1.0,0.3644996668041805,0.8632903561099985,0.9951054233974437,1.0,1.0,1.0,1.0,0.8867613425232594
696,55.49980577025562,55.49992545588515,53.031947477215,53.03359694703653,53.031948052940635,53.042932205565535,53.91449461994745,55.50132914465516,53.337124212753395,53.033624119264005,53.03359929453822,1.0,0.2911463705987496,0.2913865882190377,0.2913691513471549,1.0,0.2911464544089763,0.2911290319069469,0.2927498519151631,0.29273233346418465,1.0,1.0,0.4526411751793481,1.0,1.0,0.7492480288669552,0.3388822876572218,1.0,1.0,1.0
697,52.37148766358251,51.98755952476779,52.37150137724791,51.987589098873144,52.37211413416992,52.37253887940426,50.9182891853211,51.987568323016546,51.98741643499983,51.987582040977,51.98743156488928,0.8253365227893206,1.0,0.8253487271741928,1.0,1.0,1.0,1.0,1.0,1.0,1.0,1.0,0.48355063716867375,0.483547321554221,1.0,1.0,0.9999240588753148,1.0,1.0,0.8250190107455213
698,54.271806323708574,52.30454196722803,54.27178052148713,52.304541686294584,54.27198447295217,54.27177945509169,52.3008537972411,52.30454273267702,53.622681466078234,52.304541577005836,52.03061926030418,0.3739503747370495,0.999987098972497,0.37395032220946905,0.9999998595332854,1.0,1.0,1.0,0.9999865657817973,1.0,0.9999994668024215,1.0,0.3732614139091013,0.373266229426993,1.0,1.0,1.0,1.0,1.0,0.7227791958220313
699,53.67619511811577,44.930295221483874,52.16164204782825,43.0592846952419,52.15339879729987,52.14877948524489,44.337818844711904,44.82003749764576,42.42981877766576,43.04638696634376,42.52609344291773,0.012613975054890198,0.46894183606584827,0.004949566849227361,0.39238755647518975,1.0,0.4670130112240216,1.0,0.46593561649229687,1.0,0.9935893551345902,1.0,0.009379881618225257,0.020002228201512276,1.0,0.3851971362547633,0.30267085229078505,0.946363189919,0.9958868569756794,0.007736622858278119
700,34.74766233635461,34.648278906558346,34.74761598489616,34.64731081761508,34.74763476978731,34.7476076776519,34.794545756193116,34.64731057294438,34.65979069406836,34.647312163779134,34.64806386698035,0.9515227195676739,0.9999768245393297,0.9510622517080848,0.999516072658992,1.0,0.9999862168113404,1.0,0.9999726710220889,1.0,0.9999958463864974,1.0,1.0,1.0,0.9290268935865733,0.9348422027370471,1.0,0.9995159503828502,1.0,0.9570285665602604
701,40.19468559089097,34.62204415844357,38.84478947811371,34.01976127835741,38.84479620674409,38.84482277902754,34.01950135770059,34.616071982399205,34.044520713493114,34.01976108398924,34.01976180630953,0.061647616234666074,0.5091828687176873,0.04561757790959275,0.7399731035170308,1.0,0.509184581772229,1.0,0.5091913469156869,1.0,1.0,1.0,0.045611649819403056,0.08957813120121311,1.0,1.0,0.7514311923052754,0.9970183659042797,1.0,0.09070545805808332
702,40.58076823267601,39.643667150608195,40.58076931219264,39.64366728124395,40.580771983841316,40.58076875236313,40.1623511517966,39.66229440650815,40.15319352998202,39.64366663677896,39.66229428633858,0.6259088402850304,1.0,0.6259088811680684,1.0,1.0,1.0,1.0,1.0,1.0,0.9999997200852812,1.0,0.8112260445664006,0.8112256067005135,0.778778686747333,0.995431655866153,1.0,1.0,1.0,0.8075185702552379
703,48.430395998530315,43.960913024803574,48.43032018102912,42.06511727113053,48.08653682890878,48.08653872964595,42.31194264691888,43.96089191548336,42.06990579577237,42.065117349062916,42.06511724941839,0.10701979229959632,0.9999620919679285,0.04147604017310127,0.38755485580640314,1.0,0.8420384633787481,1.0,0.8420392636260334,1.0,0.8420711848875166,1.0,0.04692396863286241,0.046925747495603444,1.0,0.8860176340596515,0.38848797584648737,0.9999894453955925,0.8420703846098944,0.049374779748128254
704,56.487496564048314,52.43024761086997,56.413233446683165,52.43024685510349,56.46315914700537,56.48726434699498,52.27956840277963,52.430244044727516,52.43024115022311,52.43024472226506,52.430243153574,0.1315163005371429,0.9635493637253952,0.13151625083934657,0.999999622116832,1.0,0.9879050308048827,1.0,0.9998838982136653,1.0,1.0,1.0,0.12197196196331792,0.12658610607321108,1.0,1.0,0.9999985527488447,0.999998216930363,1.0,0.13312603094094103
705,45.25961264812099,45.198113772604074,45.259614105523525,45.198114272960396,45.25961331126024,45.25960828890078,48.815406218972186,45.255577835797936,45.210000336531834,45.19811324520845,45.20382400118416,0.9697185174838119,1.0,0.9697187600862375,1.0,1.0,1.0,1.0,0.9999978203922687,1.0,0.9999970916928561,1.0,1.0,1.0,0.16865261846122903,0.16485269832714328,0.9774689526391237,1.0,0.9999996028684357,0.9754986650825905
706,49.506828854488106,47.82744582982866,49.45410306633832,47.747925268025114,49.50682529553876,49.50682727580468,47.653500571628,47.82779480251352,47.827976738004395,47.82796578489766,47.82744325541836,0.4318437213465881,0.9739815733261318,0.41501036082010734,0.9610197863384686,1.0,0.9999982205269108,1.0,0.9999992106585995,1.0,1.0,1.0,0.395872083478196,0.4064472001521542,1.0,1.0,1.0,1.0,1.0,0.43195913990387313
707,43.079654060468584,41.52595782522013,42.55201078159391,40.93178418101331,42.55911666567158,42.56317028697657,38.90749991898815,41.50790395886719,40.92168805230213,40.93995954061853,40.91331050187824,0.459853132513102,0.76811052806565,0.34166145162608536,0.7429795025183414,1.0,0.7708444340801612,1.0,0.7724083741603951,1.0,1.0,1.0,0.12417330468115616,0.16166072478379453,1.0,1.0,0.7459416095051752,0.9910136872669169,1.0,0.4409982787144585
708,40.93962505343043,40.051672797131516,38.419288343753806,37.66620716327131,38.41928854927289,38.419314663150146,37.729997831786704,40.051668497949066,37.66594716334271,37.66524879616273,37.66561498422891,0.6414807339767494,0.28360627599162935,0.19461949291995018,0.3033910180177042,1.0,0.2836063051348822,0.4421119608327342,0.28361000818917775,0.44211773349915984,1.0,1.0,0.2009270020390292,0.7084716349681894,1.0,0.9684820460292424,0.303352231842329,0.9999978504110854,1.0,0.6861419880800339
709,14.133527797185565,14.133080132866183,14.133529299124831,14.133083629347396,14.133527658885356,14.133391299972715,14.67719517622956,14.132051423713364,14.094440716617214,14.133078042095093,14.132051455403456,0.9997761928888583,1.0,0.999777940739724,1.0,1.0,0.9999999308498981,1.0,0.9999317537224582,1.0,0.9999310028043579,1.0,1.0,1.0,0.7614186992813885,0.7472337460036839,0.9813703639126644,0.9994857776812285,0.9999991798805988,0.9806462644568315
710,48.00490495423034,47.56768274696714,47.282833583991135,46.80518103787921,47.28384289998945,47.284125213311654,47.789774752682064,47.56797324342739,47.568047796074296,46.80631032705796,46.80549272746049,0.8036341878076902,0.6969541271317223,0.5488874002827364,0.6830065328356654,1.0,0.6973059393719901,0.867690735350915,0.697404375697466,0.8678132243228494,1.0,1.0,0.898018058876988,1.0,0.8950275718662384,0.8950609358253463,1.0,1.0,1.0,1.0
711,48.88009855742396,47.746737276211775,48.880097354092044,47.74627125000643,48.88009868570964,48.88010139759214,48.4220784060376,47.74678111217335,47.747453048646435,47.74661010661171,47.74655723647092,0.5674057398481651,0.9999993983342212,0.5672735422787301,0.9997670140427721,1.0,1.0,1.0,1.0,1.0,1.0,1.0,0.795320520059182,0.79532099857661,0.7134459152774513,0.7136856507129655,1.0,1.0,1.0,0.5676088064757702
712,52.40504972845062,52.404432436760004,52.40505319081288,52.40442587802835,52.40505445495404,52.40505036078372,52.34201390620666,52.405323000275786,52.34282125756596,52.40518499424289,52.40525807092911,0.9996914017809206,1.0,0.9996881234324747,0.9999967206395494,1.0,1.0,1.0,1.0,1.0,0.9999985849864209,1.0,0.9689736008939498,0.9689719234265893,1.0,1.0,0.9692323899305708,1.0,1.0,0.9693625400801786
713,40.137535562011124,38.52456129107708,39.613001856589705,38.10091878638346,39.56057300080343,39.441541911080094,38.10087212775062,38.56621405129749,37.993210891633794,37.997021432318604,38.06896684690301,0.4464235403854586,0.7693057050011236,0.36120544318973485,0.8091093110319781,1.0,0.7494008333472796,1.0,0.7061011177531749,1.0,0.9178420401186853,1.0,0.3611970166119515,0.4695103835365734,1.0,0.9475925979833152,0.7508858922567053,1.0,0.9741261873863069,0.45672169568636123
714,46.196115000327296,45.754078422977074,44.63264112670035,44.17987570918558,44.632806095387025,44.63270823986403,44.12685973389995,45.75407798779088,44.179403834332476,44.17940383385715,44.17940292926596,0.8017020180883747,0.45761048012237526,0.36490448463720127,0.4551622378440572,1.0,0.4576482273790903,0.5708457968839012,0.45762583622355,0.5708178673601697,1.0,1.0,0.35535868006120835,0.7765527571968573,1.0,1.0,0.4550549597214447,0.9999997824069263,1.0,0.7971589931793549
715,44.030666329964305,44.03069233573609,44.03066694028226,44.032132217112036,44.0308613066056,44.03104587867739,45.278102630217234,44.03072991791686,44.0369941080458,44.03068532202144,44.032030505037284,1.0,1.0,1.0,1.0,1.0,1.0,1.0,1.0,1.0,1.0,0.9994569782723709,1.0,1.0,0.5359650334445655,0.5376463585410798,1.0,1.0,1.0,1.0
716,43.91073053899467,41.835362018332205,43.91095064928564,41.835030317204,43.910924509479514,43.91081954181743,43.54457921726376,41.83460363861019,41.83478607261398,41.834409408820505,41.834769599325824,0.35427413944580316,1.0,0.35421538775206485,0.9998341631883427,1.0,1.0,1.0,1.0,1.0,0.9999344484144959,1.0,0.8327051501612625,0.8326135117175498,0.4252883841080495,0.4253271794087573,1.0,0.9996208820223818,0.9999869301823487,0.3541377849927188
717,45.244905044680735,45.24412769522482,44.67981515584111,44.679055839157286,44.67981942264771,44.67982265812495,44.87285295471577,45.24330649300401,44.60800304466855,44.679050773174026,44.67870421531927,0.999611400796279,0.7538627592735748,0.7535766033125451,0.75386955642188,1.0,0.7538643675685881,0.7541574325463561,0.7538655871250752,0.7541586525769461,1.0,1.0,0.8302519708022968,1.0,1.0,0.8759686686877082,0.7278562390140886,0.9995894831746969,1.0,0.9647288621488862
718,57.88432034659198,52.01086285021529,57.884332943005575,52.01085958117588,57.88433031223025,57.884322836905255,51.967649938260536,52.0108629175794,52.01085919608147,52.010859126101906,52.01085965160755,0.053038949018367205,1.0,0.053038862325230716,0.9999983654816305,1.0,1.0,1.0,1.0,1.0,0.999994946962607,1.0,0.05190525693927249,0.051904930030259804,1.0,1.0,0.9999981392527647,1.0,0.9999986846132014,0.05303858783039823
719,44.52525769054628,44.52484653767402,44.52530009159386,44.52534110304498,44.52528398235572,44.52552441955834,44.43926524166764,44.52446506309636,44.48535575713194,44.52600865816703,44.52446795322538,0.9997944446932574,1.0,1.0,1.0,1.0,1.0,1.0,1.0,1.0,1.0,1.0,0.9579150067264365,0.9578946986418195,1.0,1.0,0.9806352990805326,0.9998092809003677,0.9999919454133653,0.9802338507081801
720,35.399074582051696,31.125044475451375,35.29275680386806,30.9278633978559,35.292744327255974,35.292744678041345,30.927847154872154,31.125045395785747,31.125862457243045,31.125863682372255,31.125815989237623,0.11800656112592639,0.9482293372140611,0.10692735588002093,0.9061136504598022,1.0,0.948223421887708,1.0,0.9482235881991748,1.0,0.9999939371050223,1.0,0.10692648747389552,0.11276437384657399,1.0,1.0,1.0,1.0,0.9999937617134158,0.1245010741994624
721,44.58926697512334,43.799835353914546,44.58926832943601,43.79983719289555,44.58927273110021,44.58928980998013,43.90487824782167,43.79983780829454,44.08459294882661,43.79984117983861,43.79983956680513,0.6738715191790463,1.0,0.6738721387977937,1.0,1.0,1.0,1.0,1.0,1.0,1.0,1.0,0.7102101522553713,0.7102096713322293,0.9488351356397348,1.0,1.0,1.0,1.0,0.7769806043622486
722,45.6590597536314,44.64596845885569,44.871793333047094,43.85410950386287,44.760235066716376,44.33095080352115,43.54181014905453,44.647060610221814,43.740041446345685,43.73811418224858,43.856534405143265,0.6025734891347636,0.6746014477352728,0.40556459340404616,0.6730541597281305,1.0,0.63800296809764,1.0,0.5147600161127854,0.8542692723702969,0.7630579771817918,1.0,0.3469325833210068,0.5142778517385425,1.0,1.0,0.6353942656734562,1.0,0.9457479971907877,0.6004374475378773
723,47.25753377847093,44.65093334640741,46.395967870843805,43.832083997754864,46.367567080385555,46.39593915800151,44.894519587143805,44.65202910073458,43.80858968299353,43.80772509110528,43.83465074191986,0.271633861740083,0.6499999754812803,0.18037362401998472,0.6640321750186576,1.0,0.6408349464588203,1.0,0.6499906438748712,1.0,0.9999856436819059,1.0,0.30681598893827405,0.47202461617186664,0.8858166924279668,0.5810229906568736,0.6559178615886396,1.0,0.9858999548181923,0.2781794976371776
724,59.00158125292137,59.00362033603071,58.8625378474149,58.8645483967577,58.86418918074202,58.87808643651613,59.28934161205646,59.00161580533478,58.86373332057215,58.864184281565116,58.86253198911487,1.0,0.9328398879709696,0.933778119794149,0.9328265793481154,1.0,0.933610420826777,0.9326590512696804,0.9401203234848078,0.9391623201936928,1.0,1.0,1.0,1.0,0.8660064664971165,0.8083144335379644,0.9333815217425466,0.9989982367521902,1.0,0.9997720958891559
725,45.133891530748514,44.209656853853744,45.13392404826138,44.210188381929754,45.13391417312738,45.133913224075116,44.84824205677313,44.20944574246107,44.20951115132587,44.20966246423123,44.209474168697795,0.6299484184357278,1.0,0.6301158583199105,1.0,1.0,1.0,1.0,1.0,1.0,0.9999945879215144,1.0,0.8669059921374079,0.866891897438614,0.7265861962126636,0.7266099591903754,1.0,0.99989444987447,0.999995062445191,0.6298953963633818
726,34.28865397675912,33.44200888238092,34.288709067289915,33.441970561687384,34.28871339187967,34.28865552297913,33.401992642028716,33.44195715619409,33.4419762197781,33.44197021894914,33.4419694618602,0.654867373412498,1.0,0.6548548260467435,0.9999808398367913,1.0,1.0,1.0,1.0,1.0,0.9999732282029771,1.0,0.641894918289873,0.6418772373675059,1.0,1.0,1.0,0.9999741372410342,1.0,0.6548372247580831
727,41.82248464762182,40.98887927022636,41.459482760266525,40.54573005010354,41.459494281834395,41.459487505547116,40.545732619401974,40.988882290059706,41.11739848329415,40.545730514270446,40.54572965310419,0.6591509650493215,0.834017458259475,0.5281487567119774,0.8012561381480464,1.0,0.8340222628676894,1.0,0.8340194370852514,1.0,1.0,1.0,0.5281494351982992,0.6332594479502899,1.0,1.0,1.0,1.0,1.0,0.8427812039002525
728,39.40687994424576,37.15343705615942,40.35180384085555,38.972615772378674,36.57371544484013,36.57378331059607,36.42312344574867,37.15265991648056,36.49041404676075,36.572661169954245,36.40186903157445,0.3240940770590356,1.0,0.8048236563999439,1.0,1.0,0.24254154839259384,0.7483677288814312,0.2425497786649956,0.7483931235831063,0.15122140389099864,0.30137009112026464,0.22494974680686294,0.1402483923270956,1.0,1.0,0.7181168820156185,0.999611505644053,0.15121627260061435,0.9592047732108674
729,50.62993627760062,50.630208122315366,50.39038444474815,50.390342215791975,50.39035767501309,50.39036117400968,50.483933219757745,50.630003233685756,50.30679578185757,50.39087253453144,50.39033196346071,1.0,0.8871192032875922,0.8871004724263601,0.8869799038330906,1.0,0.8871073293940392,0.8869867598688179,0.8871088813881576,0.8869883116519999,0.9999883646984572,1.0,0.9295994087402415,1.0,1.0,0.9152402142283333,0.8507782791337337,0.9998975609324342,0.9999866152220479,0.9590798472864783
730,54.07728491856858,52.97500270722705,54.07737924664562,52.974993834004266,54.07730222379442,54.07729836013365,50.46394408422546,52.97498411502204,52.97501646929922,52.97500302141228,52.97501711539786,0.5762918251668417,1.0,0.5762892683896373,0.9999955633984506,1.0,1.0,1.0,1.0,1.0,0.9999595575618342,1.0,0.16419994495889656,0.16419220080899166,1.0,1.0,1.0,0.999990703940704,0.999961489315955,0.576290804222499
731,52.914749726257185,49.92670435884662,52.91475929641416,49.92670562996895,52.914759229803394,52.91475714656565,49.51239535482492,49.92663060958398,49.92663966525615,49.926712435609716,49.926634459046994,0.22446787367611015,1.0,0.22446801633921873,1.0,1.0,1.0,1.0,1.0,1.0,0.9999989250763215,1.0,0.1824685981463201,0.18246772502184538,1.0,1.0,1.0,0.9999631260485409,0.9999999666946172,0.22445954639382418
732,39.4040202826115,39.40390455889684,35.37141426977803,35.37500728657858,35.371214812414735,36.115519146012275,35.3890503862867,39.403985630427826,35.933281910411864,35.375017167546275,35.37553557006731,0.9999421398166364,0.13314679915314606,0.13338621348683394,0.13339393168418073,1.0,0.13313352126050532,0.1331412248361876,0.19315726674298322,0.19316844350454448,1.0,1.0,0.134326087258467,1.0,1.0,1.0,0.17633814302883324,1.0,0.9999002762910926,1.0
733,43.543217575848814,41.62892989825227,42.44300170077963,40.76247528574689,39.752655552458805,40.32518873100071,38.233223510993184,41.62892986422719,38.366822669076754,38.23476008985884,40.762475297604055,0.3839880530227669,0.5768875392011307,0.24898287871780822,0.6484130867036266,1.0,0.15027609977085973,0.3913561856622393,0.2000847159389203,0.52107015925065,0.34683487221096154,0.8036083323050173,0.07029904728241627,0.12185918832597045,1.0,1.0,0.19572325191207446,0.9999999829874612,0.260494619070748,0.5001153827455902
734,30.63329481113422,30.63094409963645,28.95040721639546,28.706921339440783,28.950407220127232,28.95040722139447,31.135398351923783,30.425169522697217,28.706972809938406,30.605092207176313,28.9403485059687,0.9988253347111452,0.43108767065581466,0.3816746496196146,0.38212351685091467,1.0,0.43108767146017457,0.4315946507152252,0.4310876717333202,0.4315946509886919,1.0,1.0,1.0,1.0,0.7010932233094755,0.29694368498816404,0.4235437957686372,0.9022286593237732,1.0,0.885398719349232
735,43.542614614075774,43.179432434766824,42.655773093669666,42.33856117381717,42.65577505639308,42.65577442326145,42.45165456410169,43.179485375820974,42.30115779223689,42.338556466358085,42.33855338760591,0.8339422783296443,0.641837090760044,0.5477004748906982,0.6567606525330771,1.0,0.6418377206346971,0.7696428605589758,0.6418375174508467,0.7696426169163934,1.0,1.0,0.5795635115893517,0.902976035403392,1.0,0.9275130765141385,0.6445751948568074,1.0,1.0,0.8375212587038433
736,30.874347574216245,29.89005037133785,30.873483606089508,30.871254022952286,30.873456621921946,30.8735478687407,29.889655488692483,29.890984339411432,30.702324769060453,29.890050217867497,30.87093371375704,0.6113115173111949,0.9995681092283131,0.9984544200089063,1.0,1.0,0.9995546230626171,1.0,0.9996002271926804,1.0,1.0,1.0,0.611190831071263,0.6114549128054063,1.0,1.0,1.0,1.0,0.9999865080072369,0.9179926210822227
737,46.45563711161836,46.43404012990743,46.34489871358576,46.344434599882334,46.3449025277709,46.34490747381054,46.92722590372912,46.45501762729589,46.33352453021877,46.3444705328524,46.34412210657396,0.9892596035482469,0.9461357710666893,0.9459162392512769,0.9561860565805909,1.0,0.9461375754369067,0.9564097958142924,0.9461399152567755,0.9564121610375973,1.0,1.0,1.0,1.0,0.7896984318642457,0.7431549669577604,0.9410617230217744,1.0,1.0,0.9943271529339368
738,40.28073916645164,40.280539593785164,40.28079007568013,40.280928796109606,40.28103629532086,40.28079189620027,39.88605877806734,40.28051159700763,40.24899801369105,40.24881260125923,40.280536236822485,0.9999002186452532,1.0,1.0,1.0,1.0,1.0,1.0,1.0,1.0,1.0,0.9999315523879768,0.8209113165422216,0.8208904208272765,1.0,1.0,0.9843666971368983,0.9999860017092106,1.0,0.984108483236686
739,44.841106152795305,44.84136305997117,44.84110750121931,44.84046930368979,44.84110960846786,44.841107055890774,44.91466886705663,44.84012553018931,44.78039087646391,44.84047001117801,44.84012670524231,1.0,1.0,0.9996816261389581,0.9995532216944716,1.0,1.0,0.9998732822777129,1.0,0.9998720061517123,0.9999997773357555,1.0,1.0,1.0,0.9634143705210371,0.9350652226360349,0.9705742941433702,0.9993814265045864,1.0,0.9700968510730491
740,47.56548711334102,47.56685109643735,45.09584803202293,45.09591263695472,45.09585409329435,45.095848085752294,47.9563693548298,47.564981072533755,47.37316892119327,45.095881108577316,47.377064872513614,1.0,0.2908872509532803,0.2908966474805486,0.29069832606003115,1.0,0.2908881325279065,0.2906898169125349,0.2908872587678741,0.29068894374819637,1.0,0.9999677249196377,1.0,1.0,0.8222636928499887,0.747067141159375,0.9085493469497841,0.9990654250356721,1.0,1.0
741,44.60603175331198,38.36075448860072,44.60603801307724,38.36076466644195,44.606039891416316,44.60632645772375,38.69867848093975,38.360750847102906,38.36075215149154,38.36074886884566,38.36074249937769,0.04404080747076242,1.0,0.04404103159150578,1.0,1.0,1.0,1.0,1.0,1.0,1.0,1.0,0.052147625213435474,0.052147461997744636,0.8445394608734087,0.8445400116774247,1.0,0.9999981792527513,1.0,0.0440405768029357
742,41.933218869673254,35.079168392004505,41.457223140594294,34.2583558479983,41.45726715479711,41.457310028388974,35.33732250580522,34.76320778159908,34.57668495398127,34.57657033396964,34.2314179707987,0.03248342762811398,0.7882043742712962,0.021548878386059553,0.6633806823824615,1.0,0.7882217205557602,1.0,0.7882386176850432,1.0,1.0,1.0,0.03695892264185295,0.04689002478071997,0.7504686791406455,0.683643445410621,0.9109553328640639,0.85386659853245,1.0,0.03205535264332208
743,30.396436258345943,30.286254969550896,30.396454046708357,30.28628182890344,30.398261482325722,30.39643246598999,29.692694789877294,30.39374118666376,30.287849906276193,30.2862835893593,30.39372605233234,0.9463993582657185,1.0,0.9464120681880693,1.0,1.0,1.0,1.0,0.9999981038238205,1.0,0.9999892096990318,1.0,0.7033710378958237,0.7033647820141777,1.0,1.0,0.9484315676372477,1.0,1.0,0.946290392684256
744,58.660059704201984,54.32137165458943,58.62772152363095,54.32137219431473,58.66003015689432,58.62741541188518,54.05943829570927,54.32137019437141,54.32136021892072,54.32136487042561,54.32135973641894,0.11425253916609207,0.9839609277538106,0.11425256999858956,1.0,1.0,0.999985226455299,1.0,0.9838103382797232,1.0,0.9998469558395666,1.0,0.10022769771317348,0.1018614610459926,1.0,1.0,0.9999950122870913,0.9999992698912586,1.0,0.11425357382114619
745,38.756179166502704,38.1446921214625,36.801078296313904,36.79947193338421,36.801081805431295,36.801115886939726,36.22804196300774,38.144183936264454,35.96126115814957,36.79947233847798,35.96126010050051,0.7365755102625715,0.37623157467019286,0.3759295137640267,0.5103747117929796,1.0,0.376232234791153,0.5107856961698811,0.376238646126821,0.5107944004175496,1.0,1.0,0.2825022957874336,0.7508734375499369,1.0,0.8751233751181436,0.3357255094487907,0.9997459396797687,1.0,0.6571057440236548
746,44.11795507714797,33.17314686544853,44.11863702066964,33.173146662223985,44.11765635285943,44.117617839484836,33.22723561654544,33.17314780522585,33.173147576775904,33.1731466541878,33.1731476102178,0.0042011200702665235,1.0,0.004201119643381187,0.9999998983877327,1.0,0.9998506490096992,1.0,0.9998313953837903,1.0,0.9994905392268326,1.0,0.004316287029089795,0.004314815547982225,0.9733185063949726,0.9733183952176975,0.9999998857750322,1.0,0.999509786288918,0.0042017490998417
747,56.96667384571066,56.75694450957843,56.9137048964289,56.702261200162496,56.91634629862972,56.91995710628038,57.194571065139314,56.757406550241626,56.7045432202525,56.70405918733633,56.70277496475873,0.9004463734900058,0.97386316329351,0.8761602046254627,0.9730287448763736,1.0,0.9751501951500406,1.0,0.9769123252422041,1.0,1.0,1.0,1.0,1.0,0.8036573699206986,0.7826936411580885,0.9739145940207348,1.0,1.0,0.8995132105164532
748,70.25205895811342,57.043375789390694,67.9953324429969,56.25280149550943,67.99600767064055,67.99534266433739,56.25279060458763,57.04337451720633,56.25459723136305,56.25280152829737,56.25280151255632,0.0013544746874458466,0.32356241159036225,0.0009122205816394874,0.6734866218575677,1.0,0.3236716691751364,1.0,0.32356406521537684,1.0,1.0,1.0,0.0009122156141915038,0.0028192879689201665,1.0,1.0,0.6740920242315477,0.9999993639080207,1.0,0.0028208832900939868
749,29.871682694939665,29.43392696665481,29.70629967190513,29.279419757485044,29.796471016297744,29.84875141488584,29.888740018295664,29.433863943937354,29.525383403650494,29.43392392293515,29.279006794944138,0.8034198385324658,0.9206351087462894,0.7436896496611676,0.925655073466443,1.0,0.9630924792723407,1.0,0.9885998399282395,1.0,1.0,1.0,1.0,1.0,0.7965717778027062,0.8338695470005646,1.0,0.9999684891377499,1.0,0.8732409086167496
750,56.457863904881265,55.423802462965966,56.45788616051357,55.424261983540305,56.45786762050119,56.457865224596134,56.07076793228205,55.42375752124991,55.423642755660694,55.42366670775553,55.42349828751517,0.5962884687997396,1.0,0.5964254879497435,1.0,1.0,1.0,1.0,1.0,1.0,0.9999895320960721,1.0,0.8240302930818263,0.8240211234752408,0.7236081911585102,0.7235666696896205,0.9999426188517526,0.9999775293944402,0.999990730036778,0.5962397471874075
751,40.57113669013887,39.01904933633176,40.57104706072397,39.01883738743575,40.15180301133398,40.15136668381865,42.651590752959265,39.01898337426752,38.555336744670996,38.55488932106181,38.554077590155714,0.4602232059295297,0.9999551862967132,0.46017443661351876,0.999894031167089,1.0,0.8108543456927375,1.0,0.8106774659568373,1.0,0.8107137970443885,1.0,1.0,1.0,0.162625756663945,0.12897624947809974,0.7930862375301375,0.9999670195117478,0.8108906847072801,0.4501235702619528
752,61.080111132284145,51.51663829611269,60.37628926266484,50.92130152917582,60.37628946244632,60.3762875405001,51.559409994069,51.51664010436966,50.92185953166094,50.92109802557971,50.9210965038678,0.00838143265330223,0.7033427625437783,0.006223612198076916,0.7425475399632131,1.0,0.7033428328012116,1.0,0.7033421569079863,1.0,0.9999991389180009,1.0,0.008562607085745386,0.01217415965833931,0.9788420918146146,0.7270389466109966,0.7427540690073761,1.0,1.0,0.00885108732973138
753,51.85700081610878,42.658591609232616,51.78035107695706,42.59628254299628,51.78725325646835,51.85697084743143,42.6386267093676,42.65859282781625,42.65859050221633,42.65861061595683,42.65859210412043,0.01005983412074457,0.9624002355433948,0.009751256440756388,0.9693257685679068,1.0,0.9657273028389177,1.0,0.9999850157735881,1.0,1.0,1.0,0.00995991189437949,0.010349033101343616,1.0,1.0,0.9999988372007148,1.0,1.0,0.01041684181753321
754,40.53430093087826,39.20150046027351,39.803240765786086,38.4548458509538,39.80264286006272,39.80324815654214,38.45483142748719,39.20149412061693,38.457087667298595,38.45484471918982,38.454843509281034,0.513553927680314,0.6938287668628584,0.3535509973552295,0.6884398663879251,1.0,0.6936213757691112,1.0,0.6938313308271751,1.0,1.0,1.0,0.35354844764892085,0.5095615294930587,1.0,1.0,0.689214161599103,0.9999968301767342,0.9997010918202703,0.5102892299923887
755,44.22469888868147,31.7069574934701,44.12352126258327,31.70691768912539,44.12328968331127,44.224696751257085,31.348304161489096,31.707266573156147,31.348801695050952,31.706976401310413,31.34829154613712,0.0019134053902745154,0.9506694930665222,0.0019133673097295992,0.9999800980256923,1.0,0.9505594217646461,1.0,0.9999989312883768,1.0,1.0,1.0,0.0015992870167294065,0.0016822744690909094,1.0,1.0,0.8359115783186869,1.0,0.9998842170673627,0.0016828878648455325
756,50.64958844297169,45.140695888262655,49.66228523159748,45.829124046996355,49.66226757261066,49.66225474080173,45.14449216690949,45.301738219737814,45.828015320180924,45.828660899313235,45.82847839396257,0.06364425117676105,0.6103934036410907,0.08979444206263525,1.0,1.0,0.6103880142003486,1.0,0.6103840980217257,1.0,0.9999847547183348,1.0,0.06376517155818882,0.10446569569366208,1.0,1.0,1.0,1.0,0.9999911705455696,0.14702889804040728
757,56.58970510260701,56.08341570814321,55.59180506456747,55.04391303665088,55.591811052270145,55.59181527580617,57.97197579160931,56.083415825435594,55.04391236058194,55.04391235489172,55.04393717395445,0.7763555371987505,0.6071678398242164,0.46167410697004585,0.5946684023609345,1.0,0.607169657597188,0.7820768043826676,0.6071709398000027,0.7820784559491899,1.0,1.0,1.0,1.0,0.3889595275412581,0.23130184907303503,0.5946681664675257,1.0,1.0,0.7603705902158198
758,37.74372983845092,37.55438849727861,37.743738967838055,37.554394297483526,37.7437398774826,37.74373508543209,39.82708411867702,37.55444474295285,37.55445477499265,37.55439854972087,37.55445067415775,0.9096724670434434,1.0,0.9096751051906271,1.0,1.0,1.0,1.0,1.0,1.0,0.9999980587989027,1.0,1.0,1.0,0.3209982242297137,0.320999834367232,1.0,1.0,1.0,0.9096980467935482
759,39.568528044263616,37.58500575165931,39.3530199015851,37.38876567403494,39.39592785003521,39.48204901508265,38.10138049196627,37.57853530042445,37.42017660922096,37.42637216049337,37.38268065224156,0.37092286601642543,0.8978483759299607,0.3362564436042655,0.906540077228281,1.0,0.9173189051536966,1.0,0.957681983786893,1.0,1.0,1.0,0.4801898290137542,0.5348228519279659,0.7699554709275004,0.7113420076807284,0.9238742168087133,0.9967700020858478,1.0,0.37236690001638856
760,66.84596686917374,48.9352879088284,66.84595253981183,48.93526094764417,66.84595925301744,66.84593175463945,48.77368761854103,48.93526265709073,48.93529748696227,48.93526114431077,48.93525219660182,0.00012904627717116117,0.9999928353447146,0.00012904453756265995,0.9999865194987464,1.0,0.9999961919291028,1.0,0.9999824428869856,1.0,0.999989607467812,1.0,0.00011902944894809745,0.00011903030175917803,1.0,1.0,1.0,0.9999873742108719,1.0,0.00012904738660549743
761,40.901790849527345,36.05248875282035,40.90251845050756,36.052826831418,40.90180226083979,40.901907952148775,37.07160881745162,36.05248874974356,36.05248869270454,36.05248870356945,36.05282682760634,0.08850899901490193,1.0,0.08852396177864705,1.0,1.0,1.0,1.0,1.0,1.0,0.9996947974043998,1.0,0.1473284227266139,0.1472748343225542,0.6007598346653005,0.6007598175319253,0.9999999714804919,0.9999999984616039,0.9996419692744175,0.0885084913540419
762,46.17027153152131,44.883537617750335,46.17085696139793,44.88349642760514,46.17111521711655,46.17045311989267,44.930931081640125,44.88358213673388,45.35534231601869,44.8834740553192,44.88347592013494,0.5255200386322553,1.0,0.5255092156203585,0.9999794051394786,1.0,1.0,1.0,1.0,1.0,0.9997980996319928,1.0,0.5381218675079128,0.5379643742501005,0.9766035693832825,1.0,1.0,1.0,1.0,0.6650543910961733
763,38.025855762499646,28.072877774560368,38.025858601264815,28.072881519126383,38.0258583045881,38.02590063585069,28.845527538199946,28.930490968795027,28.930499624506524,28.076770470718884,28.930503876081644,0.006898239851064007,1.0,0.0068982527665333564,1.0,1.0,1.0,1.0,1.0,1.0,1.0,1.0,0.01015119230266995,0.010151177894254605,1.0,1.0,1.0,1.0,0.9999998516616525,0.01059175574861328
764,46.38560066186113,46.385719425833344,44.31801878935386,44.317657329604174,44.539744371328084,44.73047275209032,45.59257679623201,46.385701984012655,44.52958661653216,44.53973842034554,44.317691115773584,1.0,0.3556561320097555,0.35559186012963,0.355570745005668,1.0,0.3973538262324686,0.39733023127364514,0.4371128169335332,0.4370868610769746,1.0,1.0,0.6726622498994537,1.0,1.0,0.5877256098873243,0.3953208031858631,0.9999912791276829,1.0,0.9949339982926079
765,50.668071908819655,50.66813247816836,50.27138183981353,50.27139417072232,50.271388844288765,50.2714172277509,50.510422913463515,50.66810768639937,50.272925826940394,50.27143915962756,50.270964522450555,1.0,0.8200868460596364,0.820091902283272,0.8200670664431469,1.0,0.8200897182036683,0.8200648824296864,0.8201013567789867,0.8200765206525397,1.0,1.0,0.9242021098289221,1.0,1.0,0.8880310740865056,0.8207055107046606,0.999987604192332,1.0,1.0
766,32.543504666591474,22.76010545017067,32.416174217920485,22.611729045965205,32.41766230778185,32.41979752028985,22.875032184380615,22.121759540913644,22.47373452409633,22.579241650060965,22.120793237424493,0.007508649860895412,0.9383190733469589,0.006971758361717777,0.928496932321517,1.0,0.9390174846893361,1.0,0.9400205209572291,1.0,1.0,1.0,0.007952759997205724,0.008475539102960408,0.6861655720305235,0.8181997081846825,1.0,0.7267498436867303,1.0,0.0069295258236105085
767,37.25072016064803,32.90587747985316,35.92414144508254,32.90587543662363,35.924219848978225,35.92414065172375,32.914809970905765,32.90587780439003,32.905874983612364,32.90587466104665,32.90587575958102,0.11390148846991109,0.5151540186020781,0.11390137210652823,0.9999989783857575,1.0,0.5151742140388937,1.0,0.515153814251133,1.0,0.9999996033206818,1.0,0.11441133819273858,0.22209151838358018,0.995543874861853,0.995542470758879,0.9999985896121614,1.0,1.0,0.22109287150507417
768,51.869209142894334,51.86998455878353,51.42037041006989,51.42109445075016,51.44914347018411,51.45605412993734,55.25602470887122,51.86327367852732,51.34388298983092,51.44987093172671,51.41585281647514,1.0,0.7989799987264585,0.7992692981003271,0.7989594751078799,1.0,0.8105576297750305,0.8102434310550188,0.8133632180950856,0.8130479318370301,1.0,1.0,1.0,1.0,0.18334685911174708,0.1414129621664168,0.771286526813245,0.9966501830699299,1.0,0.9487307501485848
769,51.013372529810255,42.653412908316824,51.013374821184726,42.653414456122675,51.01337784844293,51.01337708627949,43.732658483602165,42.6538204780141,42.653824933131716,42.6534173310271,42.653822076321035,0.015298816435287558,1.0,0.015298828275090935,1.0,1.0,1.0,1.0,1.0,1.0,1.0,1.0,0.02624297294529182,0.026242942879069905,0.5830869258550468,0.5830882247169118,1.0,1.0,1.0,0.015301927813243426
770,35.05383633364892,33.29060036218678,34.88725300201958,33.08993187637569,34.87397313888599,34.86613248282603,33.45919694709602,33.428681299579154,33.072553180949086,33.047078496501655,33.26094033489409,0.41411234148178633,0.9200827513958343,0.3745791205036045,0.9045350330861353,1.0,0.9139937026956148,1.0,0.9104175619662174,1.0,0.9894953041832878,1.0,0.4505349190033564,0.48966782424717914,0.9848579870792216,0.8242166300544308,0.8368888112475967,1.0,0.9933820640687134,0.40628110627853875
771,57.21768510980871,48.78116572053656,57.21766357435763,48.75045638285954,57.217664138958924,57.21766342461703,48.78475821419403,48.78116979457502,48.779533248170935,48.78116484772002,48.78116933300879,0.014724246906312589,0.9999892323324303,0.014499887858608462,0.9847626130469231,1.0,0.9999895146300773,1.0,0.9999891574629391,1.0,0.9999999251297026,1.0,0.014750719056263522,0.014750877888812986,0.9982073988226985,0.9973909265524075,0.9991820614921769,1.0,1.0,0.014712387611667481
772,44.426862383558756,44.26960396046252,44.426862564455206,44.269581398857355,44.42678211293901,44.281630944403844,45.0788999224944,44.2701086069616,44.225249827136736,44.224990942300195,44.27010172456488,0.9243826113063874,1.0,0.9243721835874558,0.9999887192610462,1.0,0.999959865495537,1.0,0.929958126072093,1.0,0.9299580419590352,1.0,1.0,1.0,0.667380014938463,0.6525777122268273,0.9778202787313002,1.0,0.9999597750509462,0.90414444876209
773,56.793418526808836,41.057167763287055,56.79344530352253,41.05715911810694,56.79343016323753,56.793421723216255,41.868455340205685,41.08065000104756,41.080641899349786,41.05715953003158,41.080641497596645,0.00038275120247439345,1.0,0.00038274954800142656,0.9999956774192841,1.0,1.0,1.0,1.0,1.0,0.9999882099163654,1.0,0.0005742293980560062,0.0005742217101193776,0.6744196945988513,0.6744169626321159,0.9999959491593181,1.0,0.999992429886153,0.0003872677932774139
774,24.94301763329821,24.52521265947678,23.629584144092547,23.566073366964332,24.060138568622506,24.208334267198325,23.564864043166324,24.52886692530518,23.68250415279013,23.56618071189851,23.566689626694597,0.811474361157293,0.5185510782447251,0.5023429962383418,0.6190497448642985,1.0,0.643109976811467,0.7925203895466132,0.692572964169067,0.8534748567796357,1.0,1.0,0.5020393403821002,0.9681579336050821,1.0,1.0,0.6549598216258726,1.0,1.0,0.8279378333454797
775,48.50469053491753,47.247588758232496,48.50467875454194,47.247605761610544,48.5046808703805,48.504678304417325,47.18705692774199,47.247597474377244,47.24759075694513,47.247594302881055,47.247592169890765,0.5333641454659406,0.9999941098295536,0.5333686799813174,1.0,1.0,0.9999951677431594,1.0,0.9999938847685963,1.0,0.999999774937717,1.0,0.5174632330630382,0.5174662810276337,1.0,1.0,0.9999966412895832,1.0,1.0,0.5333672558546056
776,22.272293597359067,22.27226747900187,22.272304442606043,22.272266272246867,22.27230706532029,22.272296396611978,21.709828175883672,22.272259887647238,22.24738348252157,22.27226453389494,22.27161855004954,0.9999869409066717,1.0,0.9999863375372325,0.9999993966226812,1.0,1.0,1.0,1.0,1.0,0.9999959770110598,1.0,0.754852652721701,0.7548485594510745,1.0,1.0,0.9876388321567352,0.999996204329888,1.0,0.9876155351805513
777,44.13998819401502,44.09909397259236,40.362964194713385,40.3638448107387,40.362960763305466,41.08429224734272,40.318701830479256,44.09903781311462,40.600094962923805,40.36385091311814,40.363843312767955,0.97976051394086,0.1512967710711048,0.15136340291988845,0.15449020527584256,1.0,0.15129651149085832,0.154421932031434,0.21700215961764563,0.22148490016688333,1.0,1.0,0.1479851746132113,0.9781119158429551,1.0,1.0,0.17386582027577802,0.9999719206553639,0.9999982842975125,1.0
778,45.456343373411016,40.31716929152398,45.45632302906199,40.31714830687949,45.456318147390476,45.45631086815254,40.572858053070405,40.317151193435336,40.31726615134471,40.317148276451405,40.31717762385034,0.07656715799743716,0.9999898278772239,0.07656635463435653,0.9999895077327976,1.0,0.9999873870692737,1.0,0.9999837475028361,1.0,0.9999939195637613,1.0,0.08700909198872941,0.08700997706489885,0.8799823488662949,0.8800329307855351,1.0,0.9999909509966197,0.9999975591672213,0.07657183202304266
779,32.633330728152345,32.11957709180524,32.6333400749389,32.119584945792894,32.633346144407,32.633338682907834,32.22817144953777,32.120036166246166,32.12005139470247,32.11959232509952,32.12004400992973,0.7734634845422312,1.0,0.7734665219345243,1.0,1.0,1.0,1.0,1.0,1.0,0.999999303984709,1.0,0.8166214448421806,0.8166176284579275,0.9473680228022174,0.9473752363059504,1.0,1.0,1.0,0.7736409709337746
780,37.107633115115476,37.10766539518784,36.77825694852487,36.778281528088286,36.77825343694778,36.77826730280577,37.2299896057969,37.10769611927236,36.782019506957454,36.77828272839105,36.77829019569995,1.0,0.8481582175489673,0.8481686412923672,0.8481549519302833,1.0,0.8481567283637912,0.8481430391939809,0.8481626085945511,0.8481489193298344,1.0,0.9999928873840384,1.0,1.0,0.9406851904337384,0.799327084683779,0.8497285731852748,1.0,0.9999982442129958,1.0
781,41.12814223339001,41.125397184275045,40.58593994564686,41.125710969021924,40.58593994790593,40.58594056395859,41.653864284539424,41.125059098495,40.59558095193432,40.58603126010948,40.58570322110188,0.9986284169235641,0.7625393663207749,0.9987851063974498,1.0,1.0,0.7625393671820903,0.763586689763161,0.7625396020643289,0.7635869249680028,1.0,0.7634671334004546,1.0,1.0,0.7676644210970602,0.5891104060438177,0.7674061606267057,0.9998309713969225,1.0,1.0
782,44.31381236885417,44.149562499382455,44.31381924862325,44.149569004807034,44.31382635350229,44.31381614640941,44.42950005166881,44.14963794938012,44.14964783763725,44.14957253838088,44.14964448778733,0.9211568670171588,1.0,0.9211598632802939,1.0,1.0,1.0,1.0,1.0,1.0,0.9999984488942836,1.0,1.0,1.0,0.8694181787207791,0.8694224772466556,1.0,1.0,1.0,0.9211897315357915
783,48.78284524353472,42.50324085640969,48.78286593382427,42.43424946014878,48.7828698281906,48.78284877230439,42.659276682549944,42.50432489079057,42.434345816731735,42.43322374051465,42.50440529035629,0.04329136036485043,1.0,0.041823458376322745,0.966092495681436,1.0,1.0,1.0,1.0,1.0,0.9999914192768756,1.0,0.04680410901286957,0.04680362482009039,0.9254493312698169,0.8936282367031159,0.9656155194114853,1.0,1.0,0.04182495927835569
784,54.932980982284676,54.246622236227125,53.953956132445654,53.25467262291937,53.72397468569227,53.59524474853359,53.44931002211254,54.24717977662283,53.03138826297547,53.03087567552416,53.256462563757,0.7095109330203766,0.6129251683793775,0.4320758274300035,0.6089769830475533,1.0,0.5463458120625574,0.7700315620744166,0.5122881000042161,0.7220298887057512,0.8358085561386657,1.0,0.4762389856341377,0.7769936856947011,1.0,0.8114269783960082,0.5444954152124757,1.0,0.8913744128131311,0.7073050668195501
785,52.32554127999467,49.14492957507363,52.32554860705932,52.324399039857184,52.325639709942436,52.32563816321539,49.14493236383433,52.323615498601896,52.217833433946026,52.32440763890571,52.323634731429024,0.20386325012131454,1.0,0.9994290429892816,1.0,1.0,1.0,1.0,1.0,1.0,1.0,1.0,0.20386353438442242,0.2038627875251423,1.0,1.0,0.9484833608752062,1.0,1.0,0.9475238811168637
786,56.91891943498837,53.09519526194035,56.91905551540893,53.09519603537987,56.918925314343966,56.918923678998624,53.09694102225052,56.901053552378556,53.0951960097635,56.92227195664441,53.095195992253,0.1478049046683046,1.0,0.14780496182739325,1.0,1.0,1.0,1.0,1.0,1.0,0.999934083967405,1.0,0.1479339769605399,0.14792391184406017,1.0,0.9991278742793844,0.14913120779383554,1.0,0.9999349015865124,0.14780452543595907
787,48.055893470355386,33.85517459957822,47.239322677282445,32.57871211227757,47.309969029062586,47.86325550616894,34.450394229415735,33.796356677981265,32.4517446130545,32.482996107374845,32.5510399774648,0.0008248084046500231,0.6647891232326419,0.000435685162838554,0.5282259011696431,1.0,0.6886912506627645,1.0,0.9081742785282432,1.0,1.0,1.0,0.001110716895343151,0.0016707807882627716,0.7210702042892453,0.3681279142346907,0.5105299207274169,0.9710192744367542,1.0,0.0005937143728694281
788,35.27612445724077,35.278992395499785,34.485955637502826,34.485980997596045,34.34910599691207,34.28607957673924,37.351464678254075,35.28413980194139,34.3521533796997,34.34913060701126,34.48958400542966,1.0,0.6736231764049523,0.6736317180323802,0.6726664431966276,1.0,0.6290722083862097,0.6281707847204712,0.6095572285257689,0.6086837686842912,0.9048934922027242,0.9048820181838124,1.0,1.0,0.35570183608239087,0.2232070084109762,0.6275115441329209,1.0,0.9338636650589933,1.0
789,38.97510667982269,36.44331576275903,37.638925855676405,35.026308795594105,37.638927919883685,37.63903590430081,35.02665154172942,36.443316268168445,35.028908363026176,35.02630841806831,35.02631120367488,0.28198667567723146,0.5126866638822354,0.13884474089412283,0.49238050188246385,1.0,0.5126871930282806,1.0,0.51271487488943,1.0,1.0,1.0,0.13886853718226128,0.2708643445700384,1.0,1.0,0.49302078155557083,1.0,1.0,0.2711698834172502
790,54.99815448558434,52.856369872878986,54.99819317323306,52.85646286393305,54.998199321308505,54.99816417451032,52.700967176223,52.93075041499688,52.930749793841954,52.930745303363665,52.881559588993724,0.34270258525249864,1.0,0.34271851976025347,1.0,1.0,1.0,1.0,1.0,1.0,0.999985500743745,1.0,0.31708238328767063,0.31707624976106286,1.0,1.0,0.9999996894225858,1.0,1.0,0.3556796674510842
791,35.17603815375577,35.177148315012374,33.90934935484361,33.91039071340532,35.17604565023083,35.17605181377522,36.524301845868365,35.17884716897382,35.18133886235563,35.176064850894136,33.91199733555504,1.0,0.5308135764813203,0.5310900320786951,0.530795316093138,1.0,1.0,0.9994488195650045,1.0,0.9994518996433301,1.0,1.0,1.0,1.0,0.5103148767197032,0.5109510470232335,1.0,1.0,1.0,1.0
792,42.59280825796873,37.060771619065434,42.5940008878508,37.0607903680679,42.59290386675971,42.592793075695056,37.273097093115666,37.060705924676626,37.060936007071234,37.060855595534235,37.06088368939305,0.06291200220228425,1.0,0.06291259197369083,1.0,1.0,1.0,1.0,0.999992408891977,1.0,0.9993962762367029,1.0,0.06995832422657863,0.0699166194684136,0.8992487520099208,0.8993522086137982,1.0,0.9999671533450587,0.9994516398588665,0.06291416575854289
793,32.24744795143022,32.01769572187828,32.01656182574385,32.01778781651802,32.24333839886913,32.24745281566476,32.07703045996334,32.01850553781608,31.978798344714818,32.01768680604911,32.01851376351314,0.8914765778416898,0.8909713001655485,0.8915176288939644,1.0,1.0,0.9979473333270653,1.0,1.0,1.0,1.0,1.0,0.9183205688915707,1.0,0.9711615389138812,0.9520706282311192,0.9803421882788801,1.0,1.0,0.876104391228042
794,55.33113355134617,45.875898511840234,55.33116317199534,45.8758982087642,55.33113374484765,55.3313624726749,45.81248823031086,45.87590767555935,45.87590651095394,45.87589766512767,45.877422792393816,0.008847525002996784,1.0,0.008847523662260487,0.9999998484619937,1.0,1.0,1.0,1.0,1.0,1.0,1.0,0.008571413188279768,0.008571286243808334,1.0,1.0,0.9999994176974657,1.0,0.9999852865343968,0.008847559533238836
795,57.784106737875334,55.41444304679729,57.78414407574411,55.41448023466228,57.784110279950994,57.78410881977871,57.73260733258559,55.41452266185263,55.41443864920609,55.41447502468935,55.41499237005627,0.3057975964055911,1.0,0.3058032824383186,1.0,1.0,1.0,1.0,1.0,1.0,0.9999823721726717,1.0,0.9745789936276776,0.9745607994462235,0.3137865393095002,0.31377335856753147,0.9999579945589837,1.0,0.9999831022462111,0.3057963824424799
796,33.044379713956545,33.045625895188095,32.63953626452184,32.639553899477164,32.744664144698476,32.91786524557429,33.37018929642352,33.04678987879896,32.74682956334868,32.74468290703402,32.63974536562753,1.0,0.8167504114653619,0.8167576131756221,0.8162488576883343,1.0,0.8608303910336312,0.860294182765722,0.9387019763861781,0.9381172621775679,1.0,1.0,1.0,1.0,0.8506966228876516,0.7322158975222157,0.8607250549987395,1.0,1.0,1.0
797,43.87873580330324,43.878752406915964,42.58375484176892,42.585118795746666,42.88018294235448,43.10444650377033,43.64513913558284,43.878778484309805,42.88189531755529,42.88020069199479,42.58526423478429,1.0,0.5233575058945599,0.5237145454030598,0.523710197644363,1.0,0.6069696856280871,0.6069646467042065,0.6789928716625113,0.6789872348185686,1.0,1.0,0.8897646104659267,1.0,1.0,0.6827531472215871,0.607476624086783,1.0,1.0,1.0
798,52.815156174250944,52.64112446309127,52.81515681039744,52.64112470059595,52.8151605377426,52.81515970007396,53.06190428279905,52.61748346743687,52.737683659892355,52.81452902657119,52.81366697143841,0.9166625613015046,1.0,0.9166626701573347,1.0,1.0,1.0,1.0,1.0,1.0,1.0,1.0,1.0,1.0,0.8007468633176764,0.8503473963091304,1.0,0.9882490898005664,1.0,0.9620022985971846
799,32.86713180758741,30.24225766953481,32.6458090625097,30.01794890285001,32.64580997602917,32.645812378589085,33.206525785826926,30.242181671114167,30.017723452259304,30.017664144397543,30.01789356138076,0.2691632869039389,0.8952418510819192,0.24060674244580085,0.8939062426135047,1.0,0.895242259992444,1.0,0.8952433354296738,1.0,1.0,1.0,1.0,1.0,0.22714378285791523,0.20303007325814568,0.8938394469953274,0.9999620015116403,1.0,0.2687313057700851
800,43.44979964080562,43.45001202043039,43.44985883961516,43.450669010608664,43.44988587982155,43.449977697994626,42.29694708397005,43.44994955124528,43.44496068166029,43.44997614103815,43.45081096312978,1.0,1.0,1.0,1.0,1.0,1.0,0.999936931684469,1.0,0.9999828389293697,1.0,0.99965440342524,0.5619028670718343,0.5618862353275771,1.0,1.0,0.9975086737247695,0.9999687658952398,1.0,0.997540430628989
801,44.839395561462,44.34744555204267,43.93939967153872,43.46486407862645,43.72600208654106,43.39957836771936,44.0254993148107,44.348722539466564,43.24437930410801,43.2433292766203,43.46637185574667,0.7819417695427706,0.6376294619734321,0.5029493843815369,0.6432056758850848,1.0,0.573099037172163,0.7329177945146408,0.48679674867241374,0.6225485933013416,0.7634477038840103,0.9678841724222694,0.6656787226041183,1.0,1.0,0.6766778251700117,0.5756982554135079,1.0,0.898796356426896,0.785989856999861
802,36.554117000145396,36.55647432897044,35.056656080149,35.05900421497685,35.062087165983456,35.06212854539439,35.80897164308229,36.563367935625735,35.15518032745891,35.06211860924989,35.05725332287085,1.0,0.47296662180047344,0.47352224260332054,0.4729644475785758,1.0,0.4742527284089044,0.4736940728937512,0.47426254065967743,0.47370387358598665,1.0,1.0,0.6889595771678674,1.0,1.0,0.7211589864077705,0.49455653636854635,1.0,1.0,1.0
803,33.15058173897498,33.15036368609307,33.150343712378856,33.086751226750295,33.15042209863543,33.15034229467611,36.53461015147769,33.15054944699216,33.09579218009489,33.08835350914899,33.08681943936281,0.9998909795022137,0.9998809937837405,0.9685886605699617,0.9686942681012728,1.0,0.9999201830157716,1.0,0.9998802850169755,0.9999893043487165,0.9999992911488772,1.0,1.0,1.0,0.18414526443155413,0.1791720098469723,0.9729927641640203,1.0,1.0,0.9730547206513255
804,41.42078771610056,41.419927482417904,41.17256454428079,41.17233748373437,41.17256555096591,41.172567195192016,40.85722653020292,41.41983655254512,41.097519853399604,41.17161636963223,41.171580692453574,0.9995699756456589,0.8832812736388903,0.883181000166717,0.8835609528950068,1.0,0.8832817182320617,0.8836617142902053,0.8832824443897889,0.8836624407603323,1.0,1.0,0.7544391956544845,0.8541324470136111,1.0,1.0,0.8511572800437338,0.9999545360971229,1.0,0.9631724101518593
805,37.12549705160998,36.688270239894365,36.812472747424806,36.37069548077986,37.01150164364904,37.064633429676604,39.42612843648837,36.68834229584246,36.597163542895146,36.563095381010555,36.370836060313025,0.803632337662132,0.8551211261286712,0.6856412238192758,0.8531777427148995,1.0,0.9445962381754431,1.0,0.9700265749865079,1.0,1.0,1.0,1.0,1.0,0.2543883938227092,0.2430513729189691,0.9554342054156714,1.0,1.0,0.8128822203258703
806,43.97200037261547,43.97232352324676,41.9280592350151,41.931114489517455,41.928071435397214,41.96350539910347,41.928397858624095,43.97295002045061,42.347919293835616,41.93108953471594,41.931135764750536,1.0,0.3598850626953862,0.3604352530603533,0.36037702032518387,1.0,0.35988725806972377,0.3598291138698649,0.3663201919067816,0.366261008387574,1.0,1.0,0.3599460006433745,1.0,1.0,1.0,0.44374049270707294,1.0,1.0,1.0
807,48.87745174433974,48.875480782291646,48.12778931886069,48.127810660617314,48.127797704529684,48.129227035520614,48.439223547364804,48.87355157829148,48.13059915366742,48.12781335785101,48.12781576143544,0.9990150044029061,0.6874052942561858,0.6874126295135677,0.688090395523561,1.0,0.6874081764388582,0.688085938058268,0.6878996189314392,0.6885778650968158,1.0,1.0,0.8032300655894451,1.0,1.0,0.8570044251614891,0.6897154123690064,0.999035863078877,1.0,1.0
808,35.75779967144939,35.69184248197831,35.75767971526767,35.757348665964116,35.09458335680151,35.102341903457784,35.212449942100875,35.717413022529314,35.70126644205121,35.757389525369575,35.756727621148826,0.9675592702294338,0.9999400237077897,0.9997745226811952,1.0,1.0,0.7177685200960104,0.7418341616692987,0.7205583481259089,0.7447175282141069,0.7206015671360666,0.7207208543317503,0.7613402860134136,0.7613859511197029,1.0,1.0,0.9919592112451378,1.0,0.7178115717725911,1.0
809,52.18858107359557,50.83783718801993,52.18869354370901,50.837942207151684,52.18860128755145,52.18860676145286,50.407303985079665,50.83781257326868,50.83801865657037,50.837941033170694,50.837803247691596,0.5089670787633817,1.0,0.5089938051054208,1.0,1.0,1.0,1.0,1.0,1.0,0.9999566098133077,1.0,0.4103936145817487,0.4103705367224545,1.0,1.0,1.0,0.9999876927001083,0.9999538729851045,0.5090081170577277
810,37.84985485394711,37.85188934098122,36.958429471941486,36.960330571126434,36.95842417640438,36.95927815077843,37.014220163760314,37.8521590875055,37.06613829934011,36.960339400023145,36.96035581709859,1.0,0.6403677290441976,0.6409767197201395,0.6403250218313447,1.0,0.6403660335009067,0.639714956512852,0.6406395199756736,0.6399881649267274,1.0,0.9994739282502909,0.6584824924992485,1.0,1.0,1.0,0.6750217313179739,1.0,0.9999973522349516,1.0
811,37.91962850566796,37.91957296413409,37.919540853929874,37.919629155600745,37.919540596983694,37.91959626488011,38.33253198457567,37.91958209610678,37.923561428925325,37.91957182783955,37.923429578930666,0.9999722296186702,0.9999561750912971,1.0,1.0,1.0,0.9999560466238457,0.9999838165557552,0.99998387973601,1.0,1.0,0.999983554774908,1.0,1.0,0.8134466427299987,0.8150667413842434,1.0,1.0,0.9999998715269183,1.0
812,47.67136653781441,47.67220821567233,47.67137808894745,47.67221694713734,47.671450423189356,47.6714520248492,48.26857957740461,47.6727594320933,47.787503209037936,47.65906706245093,47.67277772534334,1.0,1.0,1.0,1.0,1.0,1.0,0.99962117553063,1.0,0.9996219760574998,1.0,0.9996176119848695,1.0,1.0,0.742368095937521,0.7862046242934402,1.0,1.0,1.0,1.0
813,56.91456597421316,56.91600024950995,56.91457112799273,56.91600720366722,56.91457389789238,56.91456813313167,55.31711224782512,56.91757523465404,57.07119960959045,56.916008552743705,56.91760538521103,1.0,1.0,1.0,1.0,1.0,1.0,0.9992870784406382,1.0,0.999284198119343,0.9999985025705895,0.9992807235356475,0.44990138566758575,0.4499002263227948,1.0,1.0,1.0,1.0,1.0,1.0
814,43.826808732666876,43.787444096276204,43.364186315635266,43.31845212990956,43.34251296149722,43.26212930785397,43.93743080785981,43.786474635535,43.29592536187485,43.29692242063442,43.31719701751237,0.980510114057131,0.7934924859872222,0.7755535074581813,0.7909694110641193,1.0,0.784940087644113,0.8005425710462148,0.7540174919229591,0.7690053178574607,0.9502515842791498,0.9722314252619333,1.0,1.0,0.9273000510140674,0.7256026536609947,0.7824896082637949,0.9995153870921846,0.9892218281910147,0.9769754064137682
815,57.37133920384073,57.372206177337745,55.59280093285406,55.59367383541084,55.5927993366777,55.59326484893134,56.750741315663845,57.24020964596451,55.49642209528625,55.59376612878634,55.591463943787005,1.0,0.41095599617175393,0.4111353975887859,0.4109572144648913,1.0,0.41095566819276164,0.4107775629622944,0.41105133177509545,0.41087318508472004,1.0,0.9997955276675679,0.7332277293624585,1.0,1.0,0.5341067197934432,0.41815889992215116,0.9361324878373136,0.9999992019121381,0.9529540232735865
816,43.82155014381243,43.82371424640016,41.158551957931934,41.16064899523883,41.15855172275897,41.15855451944827,43.89005439999349,43.82368077501934,41.16122594311952,41.15857662227151,41.15857817627594,1.0,0.26408108233329275,0.2643581214891222,0.2640722271457881,1.0,0.2640810512809295,0.26379545657962944,0.2640814205575131,0.26379582545685293,1.0,0.9989533102669574,1.0,1.0,0.9673578281863424,0.255530314548543,0.26415283683352814,0.9999832644496323,0.9999998824135259,1.0
817,38.28811468157957,38.28793422950099,36.18260354137308,36.182591214349145,36.18231117069209,36.18235601228963,37.02714580876608,38.28793133133897,36.1819727210096,36.18441763559008,36.18259067263429,0.9999097780309562,0.3489747984600411,0.3489726475563223,0.3490041353966221,1.0,0.3489237871889439,0.34895527062056747,0.3489316104266643,0.3489630945641797,0.9998762431167887,0.999882405884973,0.5323338566324223,1.0,1.0,0.655349535382143,0.3488967292957971,0.9999985509200383,0.9998538253440586,0.9998307894764719
818,34.99086346374773,34.990909086053335,34.56279523869304,34.5628257663663,34.56279497674001,34.56279573897112,34.840870708508675,34.99390184373033,34.56598272385082,34.56282569496679,34.56282697228241,1.0,0.8073208447985575,0.8073331677060879,0.807314751715882,1.0,0.8073207390584922,0.807302323351795,0.8073210467410425,0.8073026310273268,1.0,0.9999849864151131,0.9277468469745282,1.0,1.0,0.871583163973328,0.8073810349001898,1.0,0.9999998690234918,1.0
819,48.9029189283705,48.90282061838562,48.60743433951626,48.60793782827321,48.60804520644001,48.608049100049186,50.981776660258305,48.9024085651381,48.59376015920793,48.60795285280162,48.60780258490641,0.9999508462156478,0.8626533968870104,0.8628705923679718,0.8629130078078724,1.0,0.8629169203428121,0.8629593380600198,0.8629186002750666,0.8629610180748535,1.0,1.0,1.0,1.0,0.35356637447177053,0.3030043095837645,0.8569941359283786,0.9997939945982696,1.0,0.992882923583977
820,42.94536007500835,42.945134999596604,41.06807416588779,41.06723500521443,41.06807850531965,41.069045734733265,41.17898590447646,42.94246487654311,41.01560560649057,41.067228307198036,41.067849064979185,0.9998874686262559,0.39115829492858595,0.3909942070259395,0.39103821109302034,1.0,0.39115914363188903,0.3912031662616017,0.3913483596966002,0.3913924036214527,1.0,1.0,0.41346306752032946,1.0,1.0,0.921557459969664,0.3815819524188583,0.998665829271427,1.0,0.9741047358818206
821,36.36937910021092,35.13179650446017,36.369499760346514,35.13081660722281,36.36949908590444,36.36938006487944,35.13080640509352,35.13081663526057,36.23634004507491,35.131795612584995,36.36744311147288,0.538595045295571,1.0,0.5383312260313207,0.9995101713865462,1.0,1.0,1.0,1.0,1.0,0.9999401540573012,1.0,0.5383284799759405,0.5382960035619084,1.0,1.0,1.0,0.9995101853985597,0.9999996627790182,0.9355885145114359
822,45.59438878510798,45.59485343114903,45.39058133283248,45.390570922498284,45.3439913053447,45.323864443595085,48.25473911206885,45.59439742119298,45.39098988983636,45.34398831281362,45.3905754652651,1.0,0.9031164939966123,0.9031117931365855,0.9029020038473153,1.0,0.8823215326817024,0.8821165728875155,0.8734868789507013,0.8732839714115521,0.9671918127474458,0.9671968471555505,1.0,1.0,0.2644320804258767,0.23886073130101354,0.9032970996420722,0.9997720210131328,0.9769742204320898,1.0
823,41.95949122270545,40.61279297890317,41.602613464289846,40.222214894588404,41.6026180477927,41.602612881290526,41.323048666887814,40.61272791043163,40.22295169333967,40.22298590543673,40.22297445650415,0.5099976700002615,0.8365751874529951,0.4195224811947269,0.8225968585199845,1.0,0.8365771046775731,1.0,0.8365749435916481,1.0,0.9999997085003826,1.0,0.7274418038029502,0.869547429463802,0.701060999271186,0.576921836623563,0.8229267313733376,0.9999674662934613,1.0,0.5016597503567877
824,29.313196565798762,29.31338300155383,29.31319707489601,29.315875921063224,29.313355694706104,29.313286857033575,30.656876597229314,29.31332629062777,29.325942741473057,29.315769660071453,29.31332676993381,1.0,1.0,1.0,1.0,1.0,1.0,0.999986346669344,1.0,0.9999519288953245,1.0,0.9987063055302953,1.0,1.0,0.5108010223789621,0.5140334551122174,1.0,0.9999716449389823,1.0,1.0
825,43.904488977211685,43.90623757528104,43.247117067563465,43.24885983138725,43.220951547260796,43.28566787923151,44.336767665024865,43.9076285096271,43.22366907982658,43.222675714985826,43.24935621476544,1.0,0.7198690526557336,0.7204966069071519,0.7198669527123807,1.0,0.7105125166118553,0.7098915876827899,0.7338794147173795,0.7332380650600694,1.0,1.0,1.0,1.0,0.8068886683219632,0.5731835439101142,0.7103626143395085,1.0,0.9870024471681894,1.0
826,46.86405754461296,46.86503116351676,44.066292689425836,44.067328567353485,44.16614117812318,44.512629229173626,46.768264665887585,46.86381279030138,44.148552274286175,44.16716046138188,44.067352176411504,1.0,0.24687270795727076,0.24700060607067562,0.24688039310379378,1.0,0.2595104822292771,0.25938418081851544,0.3085985129630727,0.3084483208505561,1.0,1.0,0.9532324993312017,1.0,1.0,0.26985886043187446,0.2572697180061276,0.9993909989087981,1.0,0.9912441061585945
827,39.62816753741885,35.260193986776414,35.25744671841207,35.259750345962345,35.25761731517986,35.25765091847978,36.55579507066355,35.25727272576722,35.265947450510396,35.25952222661351,35.25727315600108,0.11259175662553111,0.1124372029144316,0.11256678424604179,0.999778204193293,1.0,0.11244679403517749,0.998712493750002,0.11244868334272201,0.9987292739087024,1.0,0.9989508370154588,0.21520026196674752,1.0,0.5224316210828633,0.5247025176283457,1.0,0.9985404356969676,1.0,1.0
828,55.594664741273675,55.594678977925696,53.390321689809724,53.39127399527436,53.87900147011254,54.29407447588699,56.85473153056881,55.59470367162248,53.880234298842055,53.879958297847764,53.39140869316216,1.0,0.33214902983740624,0.3323072211641277,0.3323048557014109,1.0,0.4240806474527684,0.4240776287192092,0.5218917267185919,0.5218880117363613,1.0,1.0,1.0,1.0,0.5325843823353664,0.2259935961200338,0.42433387762716357,1.0,1.0,1.0
829,54.15906021947555,54.15928158718171,53.76377823260765,53.84339570577117,53.84293292009539,53.841078199586775,54.42295658537705,54.159027049248124,53.86010004358235,53.84308783317934,53.84340550711107,1.0,0.8206644241750014,0.8539930214320508,0.8538985034248402,1.0,0.8537954364240431,0.8537009402850924,0.8530040274883065,0.8529096189406984,1.0,0.9988419180029295,1.0,1.0,0.8763718708127226,0.7547050480496869,0.8611698677067244,0.9998727391315586,1.0,1.0
830,47.288447502662905,46.9793127177646,46.26240247464099,46.056839522570556,46.26240714876661,46.2624647733312,46.13132108982367,46.979305421157875,46.13824960127121,46.05686985770825,46.05684638921656,0.8567857493063584,0.5986833126913365,0.5402064000992499,0.6305034841401054,1.0,0.5986847118534765,0.6987566172034994,0.598701961574901,0.6987767502664481,1.0,1.0,0.560703403141351,0.9365609350638996,1.0,1.0,0.6567000498053638,0.9999963517032925,1.0,0.9398088516097497
831,41.63085693563946,42.26779169332724,40.758533613119425,40.76055205086365,40.69462530899523,40.58483650890901,40.552996302786795,42.268008976821875,40.68707826343345,40.69454924764639,42.26801111402588,1.0,0.6465132013481321,0.6471660040269869,0.4706597612679084,1.0,0.6261809993562165,0.4553981479768944,0.5927336051597066,0.43107310236324003,0.9168159349626854,0.9158911337607742,0.5833719421230082,0.9023357000391335,1.0,1.0,0.45363364470271605,1.0,0.9685509871267619,0.9962335880091449
832,34.48020376048558,34.48093502039325,31.14015503537425,31.140774289043378,31.19929708368028,31.31929977139953,32.81266620104054,34.477338387473566,31.182961084158478,31.198699963731684,31.139499482567885,1.0,0.18824247951499637,0.18830077346227864,0.18823193764415622,1.0,0.19389212361833463,0.19382124380880775,0.20588201962158617,0.2058067567482757,1.0,1.0,0.43440900548331396,1.0,1.0,0.44270459560534525,0.1925905874752119,0.9982032995423648,1.0,0.9918652677112934
833,52.19224889274798,52.18863510992699,52.1923295870119,52.18863523954886,52.192446194643026,52.19225025089278,55.03302261601439,52.18677890266625,51.772912432434254,52.18863462510126,52.18677870048276,0.998194740035026,1.0,0.9981948047289609,1.0,1.0,1.0,1.0,1.0,1.0,0.99996033272721,1.0,1.0,1.0,0.24096059702649703,0.19591878031327117,0.8130739329622725,0.9990723269245922,1.0,0.8107732305014865
834,43.73756922709924,43.739519314862974,42.95659089880414,42.956595340945256,42.95658334001453,42.95658151084774,43.34535443027167,43.737636603017904,42.959881588575286,42.95659737674015,42.95659986856353,1.0,0.6767257635397131,0.6767272665970527,0.6760677493974216,1.0,0.6767232059307129,0.6760636926884801,0.6767225870111883,0.6760630743721352,0.9999953060328186,0.9999930849751513,0.8219239566086158,1.0,1.0,0.8246993190410671,0.677817292652652,0.9990590870139535,0.9999962206123395,1.0
835,48.4250707535509,48.424372362838795,48.06332041361799,48.06263785195736,48.06332334923232,48.0636715363558,47.9366447037913,48.423770012877924,48.00968054257075,48.06263803223774,48.062465390772445,0.999650865605551,0.8345395277911868,0.8342547640431818,0.8345461328018973,1.0,0.8345407527351855,0.8348322213772624,0.8346860535548472,0.8349775729441555,1.0,1.0,0.7833207496796657,0.9386263006054558,1.0,1.0,0.8129832802421683,0.9996988703681958,1.0,0.9735350961244795
836,43.76381743225977,43.764438595263755,42.570135037240334,42.568591461567394,42.570133185972026,42.57028922530441,43.280273777952374,43.76177262182506,42.46076516558401,42.57074320513465,42.56857528013836,1.0,0.5505479645724148,0.5501232222765164,0.5499523907097967,1.0,0.5505474549666509,0.5503764916615641,0.5505904101709636,0.5504194335268557,1.0,1.0,0.7852353264920526,1.0,1.0,0.6638133249310572,0.5217828738444149,0.9986679013128271,0.9999990743662742,0.9467842748697981
837,47.60972997155838,47.6097353393844,47.60974809210663,47.61138735162132,47.60974851867326,47.60972363916417,48.10562388165482,47.611608203852,47.610632838366996,47.61139148308493,47.60975687023645,1.0,1.0,1.0,1.0,1.0,1.0,1.0,0.9999968338079088,0.9999941499069982,0.9999877736035155,0.9991684896679015,1.0,1.0,0.7811345702704919,0.7807537172962591,0.9995124361553975,1.0,1.0,1.0
838,40.59049373602096,40.590501303362316,40.590504794763234,40.59051446460117,40.590507267961755,40.590496851738635,40.25561072405961,40.5936410680398,40.591795345579584,40.59051438436043,40.59051713469441,1.0,1.0,1.0,1.0,1.0,1.0,1.0,1.0,0.9999977741906365,0.999996028495587,0.9999911936075088,0.8458260916096013,0.8458214147361536,1.0,1.0,0.9990775644753506,1.0,1.0,1.0
839,37.09818892178561,37.0976579758362,36.934989126634036,37.02044806964068,36.93498961059879,36.934991301865296,37.246840971496084,37.100588408062976,36.709339585652344,36.934999655782974,36.9350017676814,0.9997345622601286,0.9216406355897255,0.9618753350370203,0.9621307208410212,1.0,0.9216408586105445,0.921885561830497,0.9216416379810308,0.9218863414079125,1.0,0.9581716095730419,1.0,1.0,0.9294834458491604,0.7643337857197982,0.822321031249261,1.0,1.0,0.8933069640162858
840,45.501734445004246,45.50175973944101,45.50186791478171,45.50176015357053,45.501735009915194,45.50182210017806,46.46230462807995,45.5018535446718,45.59314200971258,45.50186849600664,45.50179245371194,1.0,1.0,1.0,1.0,1.0,1.0,0.9999876353135339,1.0,1.0,0.9999770929605442,1.0,1.0,1.0,0.6186438460827828,0.6475357275911796,1.0,1.0,0.9999335497746549,1.0
841,33.71694864726231,33.71698907217913,33.19783369049844,33.197867833256026,33.20015591512643,33.71695246023583,33.43100336592087,33.71705888273709,33.20155800406664,33.1978684055417,33.197871198205405,1.0,0.7713928683058002,0.7714060371580578,0.7713904453031905,1.0,0.7722890622543461,0.7722734525515512,1.0,0.9999816941959028,1.0,1.0,0.8667777830298642,1.0,1.0,0.891613371018272,0.7727880655474741,1.0,1.0,1.0
842,35.8396222680162,35.44741977647951,35.83964019610889,35.4474194328034,35.83962251782913,35.83962275889587,35.78706298801137,35.44606972721377,35.60901988094079,35.44741931520423,35.44542312730513,0.8219290136308568,1.0,0.8219288723921874,0.9999998281619616,1.0,1.0,1.0,1.0,1.0,0.9999912814314982,1.0,0.9740626646341743,0.9740539331304411,0.8432459310263261,0.9148258556305942,1.0,0.9993252031450034,0.9999911608991846,0.8910975993079179
843,46.39170598347138,46.391664276162544,46.391651710281536,46.39182783715208,46.39166093230938,46.39165333872572,46.37234901943995,46.391687661807055,46.39554516880662,46.39174839167987,46.391690852162526,0.9999791465630167,0.9999728637732709,1.0,1.0,1.0,0.9999774746726967,0.9999983280748147,0.9999736779735982,0.9999945312965401,1.0,0.9999127545929214,0.9903682037541549,0.9903950793395793,1.0,1.0,1.0,1.0,1.0,1.0
844,30.51425537287426,30.51633236463215,28.170453741108958,28.167785024137174,28.17044222401978,28.171064292590557,30.969080487471558,30.509850331727534,27.97009481378194,28.167788249222156,28.16764782693707,1.0,0.3097775511925441,0.3093644725471605,0.309043365580318,1.0,0.3097757673298392,0.3094542334567685,0.3098721332000292,0.3095504993033455,1.0,1.0,1.0,1.0,0.794839494936974,0.22324335224547348,0.2808659530225976,0.9967642299720686,0.9999942414719917,0.9046802567949079
845,26.259420026419576,26.259302665325066,26.259276970396883,26.259304215583853,26.259317906455806,26.259558992107515,27.39300392174883,26.25935531663515,26.26718398123856,26.259307211809016,26.25935686687049,0.9999413211744145,0.9999284745467204,0.9999420962586248,1.0,1.0,0.9999489413216535,1.0,1.0,1.0,1.0,1.0,1.0,1.0,0.5673242310877088,0.5695492785976519,1.0,1.0,1.0,1.0
846,42.21210991360584,40.32190019413238,42.21211623170666,40.32191271979559,42.21213301473827,42.21210814170459,45.190990000552205,40.32190020004765,40.32191651527836,40.32191652222875,40.321912517215395,0.38863881620107676,1.0,0.38864125018815937,1.0,1.0,1.0,1.0,0.9999991140497658,1.0,0.9999959550071464,1.0,1.0,1.0,0.08763762183345448,0.08763833675038,1.0,1.0,1.0,0.388637498720356
847,46.19200912030419,45.39583906889109,44.24799773322667,43.44151662748024,44.24813916023075,44.248000668714525,43.44261544004013,45.39581760932711,43.36915203538376,43.44151866961519,43.44151387036558,0.6716049215513233,0.3783234756825715,0.2527773426265996,0.37637803791359303,1.0,0.3783502292063478,0.5633523773655592,0.3783240309649634,0.5633133689537031,1.0,1.0,0.252916258243128,0.6685185416707654,1.0,0.9639347221001139,0.36300713583179434,0.999989270275573,1.0,0.6443626679322757
848,37.1462911258256,37.14746175714552,36.90847347541052,36.90847735863704,36.9084734736592,36.90844419346129,36.92674473524579,37.1474915925109,36.90916021835804,36.90978825256636,36.90847751278224,1.0,0.8878887501441437,0.8878904740823907,0.8873709299470718,1.0,0.8878887493666563,0.887369206240545,0.8878757506826569,0.8873562151626528,0.9999853591325664,0.9999834175496151,0.896037337740643,1.0,1.0,0.9912462804297767,0.8876607146684773,1.0,0.9999999991243413,1.0
849,46.69573913703573,46.6957571442957,46.69574088518067,46.696457741340225,46.695777893887026,46.69578331896335,47.68626977247072,46.697677288383915,46.70078613931099,46.695762256095634,46.69795511050907,1.0,1.0,1.0,1.0,1.0,1.0,1.0,1.0,1.0,1.0,0.9996628456608652,1.0,1.0,0.6100000486605412,0.6109489856037413,1.0,1.0,1.0,1.0
850,38.13755295188301,38.14043730782129,32.643442417721275,32.643469933528024,32.64303087476031,32.642938434698806,39.646181650369414,38.13769310470519,32.657678752999004,32.643058285717416,35.432346125718226,1.0,0.06411638913000947,0.06411727124316384,0.0640248693731217,1.0,0.06410319716300696,0.06401081557566395,0.06410023437973314,0.0640078570621713,0.9997480402359596,0.9997342858936387,1.0,1.0,0.4703659487721691,0.030371474536931765,0.0645698835475074,0.9986288393429091,0.9997942496890184,1.0
851,36.526657190691964,36.52714178619084,34.512114798343475,34.51215249479458,34.51211132702636,34.51211189760542,34.62896504495137,36.52669500141198,34.56066230865463,34.51214515998444,34.512145198416505,1.0,0.3652142190054017,0.3652211027102485,0.3651326211788855,1.0,0.36521358511876734,0.36512510540867904,0.36521368931039433,0.3651252095750639,0.9999985496320252,0.9999797016114375,0.3871875519947853,1.0,1.0,0.9664252075712181,0.3741807362171571,0.9997766325607924,0.9999982643429489,1.0
852,37.99489035504692,37.99411922638441,37.77175303180047,37.771047657522075,37.777339166211675,37.779368872473185,41.03829385636877,37.99289867642537,37.68544168234121,37.7777240079312,37.76971930506426,0.9996145099891214,0.8944299762808294,0.8941145779530181,0.8944593831103438,1.0,0.8969316713902138,0.897277562927708,0.8978423873483039,0.8981886300930896,1.0,1.0,1.0,1.0,0.21812268702648677,0.18704125209570055,0.8575048045001759,0.9993899112003779,1.0,0.9550909170481215
853,45.170084834164015,45.16889753909612,45.07265930594116,45.13183787090145,45.072633042799936,45.07263399942991,45.05936654808056,45.16881181640929,45.04699998271877,45.07234373923467,45.07228066863979,0.9994065286398871,0.9524546695747289,0.9810582120946381,0.981640787788109,1.0,0.9524421624311007,0.9530077452338628,0.9524426179985708,0.9530082010718597,0.9999873468244284,0.9708319101320494,0.9461452854317813,0.9933756593940951,1.0,0.9938357944714015,0.9409117595585078,0.9999571395751176,0.9999868685156074,0.9872652519207299
854,47.22976371997066,47.22979806013598,45.211806820875836,45.61950475213382,44.887306755529096,44.164024192526995,44.204961070305984,47.23361474455794,45.69611069903641,45.6189940731463,45.6189941094338,1.0,0.364591237742824,0.44703003961054244,0.44702236413370633,1.0,0.30998589509836416,0.30998057266061635,0.215915151905624,0.21591144465644582,0.5922115771140026,0.4829992008897921,0.22038013775741397,0.6044581299369189,1.0,1.0,0.46359125879118657,1.0,0.8502285930333372,1.0
855,47.09586917134024,44.40589138254933,45.14599906073775,45.848546546985744,45.14599063868528,45.14598978884541,50.82969714772395,45.871280113037955,44.47597324221741,45.84855296101597,45.1447795316185,0.2605426013270058,0.3772168510024126,0.53597845630644,1.0,1.0,0.3772152625357006,1.0,0.3772151022494508,1.0,0.9999953640645768,0.7037878067878572,1.0,1.0,0.08380953314006927,0.041716357840127116,0.4977519415411532,1.0,0.9999957889826293,0.7153318642016031
856,46.239101918376974,45.860740293676855,43.773953831607486,43.483202648222544,43.77398403322849,43.79754195003923,43.48294467219699,45.860268881318945,43.646006477614065,43.48321390105309,43.77234960430107,0.8276368462017509,0.2915411713959412,0.2520949100795388,0.30459604503650417,1.0,0.2915455739371645,0.35226268051639553,0.29499998184966714,0.3564365013514101,1.0,1.0,0.25206239495513255,0.8645859305161648,1.0,1.0,0.3305057566455787,0.9997643215975637,1.0,0.9380155260627367
857,35.500193284182814,34.9466255627072,33.73837106952942,33.183993251106585,33.863937289759974,34.07061796613195,33.99079136011048,34.946059990596524,33.30726844604598,33.30788226057521,33.18336030740767,0.7582183601581962,0.41440517203856875,0.314082365633046,0.4142373518461294,1.0,0.44125691599631567,0.5819654853837236,0.4892959983553975,0.6453233317290148,1.0,1.0,0.47015118676488665,1.0,1.0,0.7105176734900549,0.4406978559375435,0.9997172539248711,1.0,0.7570436072475397
858,51.358505789251836,49.61516465146332,48.15185215476683,48.15189176463829,48.15185271109826,48.15194520537392,49.81945471853771,49.61549716162423,48.15662094777764,49.4761082159182,49.61285878915396,0.418252246100941,0.2012259612057936,0.20122994651248724,0.4811210182094813,1.0,0.20122601717996466,0.48111162356173187,0.20123532352251064,0.4811338741118072,1.0,1.0,0.46323280376558995,1.0,0.9030487155529157,0.43543189195458565,0.4821798475046617,1.0,1.0,1.0
859,37.330283841100936,37.332364253543744,37.330311461403596,37.33223321944695,37.33029131907125,37.33054126058991,37.88139422730626,37.33399325230144,37.33415887547133,37.3322232896266,37.334013519202074,1.0,1.0,1.0,0.9999344850977969,1.0,1.0,0.9989640697103936,1.0,0.9990889188098099,1.0,0.9991543783111908,1.0,1.0,0.7605598383269812,0.760622824100579,1.0,1.0,0.999989928884541,1.0
860,24.611317782657352,24.611342273776643,23.190592023534407,23.19516500343019,24.611335886805875,23.19019691156629,24.122466448873638,24.61135176733066,24.612403683919183,24.611359524037027,23.195320607250267,1.0,0.49146582219651624,0.4925908395389875,0.492584807525414,1.0,1.0,0.9999968065197155,0.4913687397723038,0.4913627227239341,0.9998024635288396,0.9975190367571034,0.7831542004876715,1.0,1.0,1.0,1.0,1.0,1.0,1.0
861,38.77841037194773,38.78007342170517,36.224123599475035,36.22581820350942,36.20646700901523,36.1996518712393,40.009201938104184,38.78643924607758,36.632295764542306,36.208157543069774,36.231097711470284,1.0,0.2788326811393106,0.27906903675065164,0.2788370803558349,1.0,0.2763818979468213,0.2761521750460409,0.2754417103768878,0.2752127689405139,0.9878386896809686,0.9870020464613392,1.0,1.0,0.5426008316675333,0.184805180569833,0.3405914067656062,1.0,0.9912105597433009,1.0
862,37.94745483115713,37.94859089850573,37.89134201089334,37.891316299452626,37.82134185751562,37.80183654578485,41.15034820780994,37.952317953395095,37.82007581642927,37.82131302591711,37.89126470958371,1.0,0.9723335157923125,0.9723210158248883,0.9717688615816201,1.0,0.9388904372553791,0.9383572673141178,0.9297782680753098,0.9292502726831906,0.9562338981164028,0.9562461912710111,1.0,1.0,0.2020954583315264,0.1891648927843071,0.9360175352084983,1.0,0.9656053422063908,0.9993671797720574
863,55.66530398217739,55.66539762139686,51.54887853747039,51.54648110753365,51.54887103283869,52.50638352066301,51.467391763203636,55.66588874737124,48.47512278200958,51.54863236947341,51.5485647279923,1.0,0.1276819692145222,0.12752900662442349,0.12752303590587777,1.0,0.12768149011234445,0.12767551225474846,0.20608630723858667,0.20607665858398477,1.0,1.0,0.12258432610076675,0.9600754660574607,1.0,0.22399434105421787,0.027450168223606745,1.0,0.9999962476911917,0.21505227832442014
864,38.84739520637228,37.41647185219131,38.175875682974635,36.76808747108478,38.175883177023536,38.178173374671246,36.94663064896784,37.41647569426016,36.76801309634206,36.7680410491964,36.76804179928567,0.4889663151320518,0.7147948062806676,0.35357704523639727,0.7231112538721793,1.0,0.7147974846393019,1.0,0.715616467216759,1.0,1.0,1.0,0.3865932088529462,0.5408450165782941,1.0,0.9145631345388656,0.7230829746968144,1.0,1.0,0.4946350602484323
865,29.878385000124496,29.618138309411734,28.858501113404685,28.567257411391978,28.84608140323286,28.84092036187718,30.184538724785426,29.61385894746158,28.55847007129762,28.56318689300707,28.562583151214284,0.877987128606129,0.6005304425799904,0.5191492866190397,0.5912948717633577,1.0,0.5968127905438515,0.6797511843839179,0.5952746882030319,0.6779993337124148,0.9912481466312034,1.0,1.0,1.0,0.7517586966337749,0.4435102673605408,0.589963600483095,0.9978626065104733,0.9938093862150149,0.8660560358683691
866,37.83475334948733,37.834775789086876,37.123930513682495,37.124027368202235,37.12395853643355,37.126127461178726,39.576263072806285,37.83493032880091,37.128163891703196,37.12398099569441,37.12397276949832,1.0,0.7008850272351528,0.7009189699983764,0.7009111058719925,1.0,0.7008948476672691,0.7008869838115313,0.7016553540524515,0.7016474816640322,1.0,1.0,1.0,1.0,0.41867246466214225,0.2940370231319695,0.702308004347145,1.0,1.0,1.0
867,59.285700527754415,59.286562340457806,59.13101427025066,59.13197435026632,59.155605822013,59.15560488002947,59.743689534373885,59.2857473499036,59.15864736923001,59.15646822595582,59.15687926015079,1.0,0.9255722086763221,0.926016627027382,0.925617686540188,1.0,0.9370230915935406,0.9366194093725504,0.9370226502634851,0.9366189682326258,1.0,1.0,1.0,1.0,0.7953515250076405,0.7463795092703102,0.9384272058359858,0.9995925877378219,1.0,1.0
868,31.109208402560228,31.11135604221289,28.376776032776604,28.37679800088125,28.376775905574732,28.377000407083756,28.398283361976553,31.12231036166105,28.378993299180138,28.376797876393795,28.376884991023815,1.0,0.2550702746592433,0.2550730763798734,0.25479932086165036,1.0,0.2550702584365355,0.2547965059426518,0.255098891872531,0.25482510864799846,1.0,1.0,0.257828016180354,1.0,1.0,0.9904013327362201,0.2536858645181262,1.0,0.9999999363990659,1.0
869,33.569414045988964,33.2440904258242,31.903122685950734,31.279945799546624,31.893161041676393,31.902881536170042,31.252178647196246,33.244105482734,31.723676125668447,31.279979069079957,31.279956971890073,0.8498785601789858,0.43467976995365665,0.31830853738932263,0.3745341420570561,1.0,0.4325200902879174,0.508919874619296,0.43462736164768523,0.5113993716421695,0.9998794323785141,1.0,0.31391981265535607,0.7221863872082768,1.0,1.0,0.4675660398434005,1.0,0.995031561588501,0.918748870352659
870,43.27479117436792,42.640436877422246,43.27479326145948,42.640435669007275,43.274793914174666,43.275150575906565,42.63429853482563,42.64043629880783,42.640435335396205,42.640435458874606,42.64043554564384,0.7282017438721218,1.0,0.7282013038873099,0.9999993957926967,1.0,1.0,1.0,1.0,1.0,1.0,1.0,0.7259701942362302,0.7259694366534932,1.0,1.0,0.9999995182943048,0.9999997106928326,1.0,0.7282001848547394
871,30.116721977024383,30.117394926636194,30.116475476330095,30.117400579438083,30.116477885491463,30.116475702458246,30.942071525240948,30.1183971717399,30.12129619081128,30.11741133912878,30.118410043523994,1.0,0.9998767572478677,1.0,1.0,1.0,0.9998779616808214,0.9995415845321272,0.9998768702980153,0.999540493516482,1.0,0.9995376684182796,1.0,1.0,0.6624321266230078,0.6633930245544086,1.0,1.0,1.0,1.0
872,42.60627284361493,39.10242200585449,35.41769377575869,35.416936801277075,35.4176947054373,35.99290502359463,35.584225276713454,39.099669294168336,35.656949848484146,35.41694380745426,35.416937513597304,0.17343967772287375,0.02748019999192014,0.02746980105490494,0.15838244982671656,1.0,0.02748021276580012,0.15844248055919874,0.03663746566829626,0.2112403929096116,1.0,1.0,0.02986632213331677,1.0,1.0,1.0,0.17882283303781538,0.9986245909002235,1.0,1.0
873,36.30797531717249,36.30796992700522,30.07769178623974,30.077706928281998,30.077691629696858,30.076134558349935,36.566734096144074,36.30983470240142,30.07954037459524,30.077706782264926,30.077710351882445,0.9999973049199946,0.04437221625365212,0.04437255219791063,0.04437267178581116,1.0,0.04437221278057494,0.0443723323675607,0.04433768087391964,0.04433780036783891,0.9992216890962794,0.9992141239963963,1.0,1.0,0.8794578007846565,0.03902328105709635,0.044371976713697435,1.0,0.9999999217285622,1.0
874,43.56466141364274,43.56436652741385,43.56450418191184,43.56523607913442,43.56471196342659,43.56456306666726,43.02723547339437,43.56436332939404,43.561216567438294,43.56537397459192,43.56440230140072,0.9998525677547587,0.9999213872246984,1.0,1.0,1.0,1.0,1.0,0.9999508277212575,1.0,1.0,0.9996635503782921,0.7643626190723951,0.7644227124633255,1.0,1.0,0.9984278561370743,0.9999984009913726,1.0,0.9982538283406713
875,52.099952012793665,52.10043615293381,51.869760858136885,51.86955780919698,51.86955952669382,51.86957177960801,54.73189897267517,52.101485725576765,51.872579450461984,51.86957130030527,51.872412546153356,1.0,0.8912809535833763,0.8911904713501414,0.8909747669191403,1.0,0.8911912366588807,0.8909755320426438,0.8911966965204798,0.8909809905827338,0.9999054652042572,1.0,1.0,1.0,0.268418855852331,0.23939035829971259,0.8918537318831721,1.0,0.999899339345091,1.0
876,57.37720021641101,57.37694139338794,57.37694235755612,57.37722914842871,57.37749514599119,57.37710449775952,57.228880223045024,57.376951800346035,57.37761713733508,57.37754964302417,57.37696754542819,0.9998705968617714,0.9998710788835943,1.0,1.0,1.0,1.0,1.0,0.9999521418194923,1.0,1.0,0.9999376766075869,0.9285231213365532,0.9286428430086161,1.0,1.0,1.0,1.0,1.0,1.0
877,46.263659163278135,46.263400859828266,44.4266623310771,44.37926884478645,44.47316134850237,44.57201579623202,46.506706093521046,46.21514384217173,44.42986941792233,44.47314568812453,44.42643778160698,0.9998708566147908,0.39911790036644784,0.38977128552964546,0.3898216284143667,1.0,0.40850590584737123,0.4085586684968774,0.4292045429783722,0.4292599790652034,1.0,1.0,1.0,1.0,0.864346865819582,0.35401417021294923,0.40957419319993693,0.9761602564863913,1.0,0.9785866273629501
878,56.547919809276834,56.5532069912274,55.15692546525463,55.15915583074889,54.807623324453374,54.81334368373945,55.15858463983085,56.55206338410366,55.13264980455534,54.809450976584856,54.809452459938996,1.0,0.49882638380853417,0.49938297667927,0.49806455579950415,1.0,0.41888944746275336,0.4177835375306189,0.42008926155705717,0.41898018399601344,0.8421552572052828,0.8412166236632864,0.4992403755329079,1.0,1.0,0.9871162970770977,0.49178837370307704,0.9994283598866333,0.8397499832798274,1.0
879,45.45631426454719,43.5623586083816,45.0958570772228,43.17609685359005,45.09586572674942,45.09587613533887,46.108970734206764,43.562358630869966,43.17610467900957,43.17610495498067,43.17609566140834,0.38791158924940417,0.8350792957566107,0.3197842576260455,0.8243740751463939,1.0,0.8350829072847196,1.0,0.8350872533135962,1.0,1.0,1.0,1.0,1.0,0.27990471097841785,0.23074708749201422,0.8243772914197436,1.0,1.0,0.38293863526828065
880,45.20767436158954,45.20929783148452,45.2072121448214,45.20724242516994,45.207180333214865,45.207235554563084,45.79377585225288,45.20720535778901,45.20988612427044,45.209308331321864,45.207193044027804,1.0,0.9997689183194145,0.999784055109654,0.9989728247487395,1.0,0.9997530163181552,0.9989418111422893,0.999780620553963,0.9989693929798662,1.0,0.999996564702474,1.0,1.0,0.7458093702941521,0.7468097109450154,1.0,0.9989543102671941,0.9999840943232301,1.0
881,23.677591454246453,23.54508280090286,23.573591729741622,23.67585317295533,23.573743076711537,23.57428168384706,24.564152825975043,23.54577322990943,23.555458517903105,23.542415771422583,23.436803182247274,0.935892811517406,0.9493289976106568,0.9991312369477665,1.0,1.0,0.9494008393625007,1.0,0.9496565508262369,1.0,1.0,0.9504822947256967,1.0,1.0,0.6009822986555728,0.6038997002436282,1.0,1.0,1.0,0.9908993841687899
882,52.34043725107324,52.241385944885025,51.90759519221487,51.81539652238399,51.94022275453804,51.94022256871409,52.32785208830427,52.24136785234418,51.86064304129721,51.939549926349144,51.788516006706146,0.9516807442676247,0.8053961350038847,0.7691107017737068,0.8081604113631442,1.0,0.8186429503315142,0.8602075383604709,0.8186428742697844,0.8602074584368933,1.0,1.0,0.9937271754435503,1.0,0.9576794905708592,0.7916748427872837,0.826659493684445,0.9999909537704966,1.0,0.9609913639079672
883,47.85474411185996,47.85621350349555,47.854747348723635,47.85622436316166,47.85475148841775,47.85474822528292,50.13248561527715,47.85825709748622,47.97337611440375,47.85622672485752,47.85829293444823,1.0,1.0,1.0,1.0,1.0,1.0,0.999269259582015,1.0,0.9992676292081828,1.0,0.9992622033665121,1.0,1.0,0.32074326964215266,0.33974676407135435,1.0,1.0,1.0,1.0
884,44.593233134436105,44.484547642602735,44.301050139894414,44.2999327330341,44.20105132872587,44.151517933728,46.372020175899905,44.48518925241626,44.10741943238489,44.199927906128636,44.30076496706954,0.9471074336592825,0.8640786387303676,0.8635960098667375,0.9118247615585838,1.0,0.8219375148152879,0.8678397883961452,0.8018308525904743,0.8466102409232374,0.9279605080489468,0.9284791076260366,1.0,1.0,0.38929593675069135,0.3222910138866371,0.8278817821133212,1.0,0.9512299899266116,0.9542630152822928
885,40.67786827748725,40.67930411480597,40.40425760153957,40.4021792346378,40.40425762742066,40.40425763632413,40.91533930993276,40.67557801551965,40.236659341247474,40.40217920001774,40.401913230108846,1.0,0.8721399821450684,0.8712341394586507,0.8706088886797158,1.0,0.8721399934310363,0.8715140925560179,0.8721399973135725,0.8715140964357676,1.0,1.0,1.0,1.0,0.8870262994662231,0.7122402573851196,0.8029528073899469,0.9981386847565656,1.0,0.919615948767092
886,28.615454074913146,28.614482777802095,28.61387271321189,28.613897207564435,28.61392626633406,28.613923062903098,32.27021358100609,28.61403818924404,28.621671041938328,28.615664853850802,28.614048139303577,0.9995144693526465,0.9992096316551066,0.999221869226536,0.9997072577385497,1.0,0.9992363874110579,0.9997217829755194,0.9992347869199478,0.9997201817069443,1.0,1.0,1.0,1.0,0.1607206207973764,0.16133517115629145,1.0,0.9997777304265157,1.0,1.0
887,48.79560137620433,48.795415660700684,48.28834248884229,48.28997088231526,48.28829740901662,48.288323086387436,50.898583526237644,48.79587424538548,48.29072713508964,48.288305534270194,48.28830016484838,0.9999071465593238,0.775979292807774,0.7766113498900482,0.7766834676223332,1.0,0.775961802499269,0.7760338599132431,0.7759717648926912,0.7760438232317939,0.9999902988196301,0.9991764413468236,1.0,1.0,0.3494640302214176,0.2714633347812542,0.7767990731671508,1.0,0.999977460341188,1.0
888,53.09056470758287,52.2977229332667,52.599529478770535,51.5928335840114,52.59954463445567,52.62403065729444,51.62413407482981,52.297723973167024,51.59512227939399,51.59283377390514,51.592835572567395,0.67272349566362,0.7822995039319411,0.47290272748063944,0.7029674606713954,1.0,0.7823054320968832,1.0,0.7919420768408258,1.0,1.0,1.0,0.48036198860474877,0.6140384676078479,1.0,0.9855988059315111,0.7037719943903002,1.0,1.0,0.6051909944108549
889,42.05355738712956,42.053669645101536,39.72406409962048,39.72420227968783,39.72358718855051,39.72402305986165,40.31267390990675,42.05448516571025,39.77135375780986,39.725147948658275,39.72387310855092,1.0,0.31200169959908086,0.3120232565516899,0.31200574349419447,1.0,0.3119273099365531,0.31190980226429266,0.3119952974275144,0.31197778593929215,0.9999794803311178,0.9999103941017585,0.41876652304164697,1.0,1.0,0.7628757720825555,0.31931867171278056,1.0,0.9997615728932779,1.0
890,22.464877022461593,22.463677186893364,22.463566882249978,22.463672882423168,22.463578425541755,22.4635570632897,22.893309170254042,22.464625032867673,22.495481511658852,22.463720074482524,22.46371682173384,0.9994002621305793,0.9993451444057717,0.9993981111885731,0.9999978477672183,1.0,0.9993509122887105,0.9999506205434011,0.999340238152676,0.9999399400018414,0.9999950905319117,0.9999420921099919,1.0,1.0,0.8070722636446039,0.8196205175657161,1.0,1.0,1.0,1.0
891,40.31832478079642,40.31848234114423,39.7238744995139,39.72408911492718,39.69954469365561,39.707583555088746,39.879290826247995,40.3185127813411,39.7328192439617,39.69977020129477,39.72408623417056,1.0,0.7428767417869215,0.7429564624636453,0.742897934529777,1.0,0.7338944633770648,0.7338366493209405,0.736850237611343,0.7367921907079825,0.9918876122557261,0.9917811807813689,0.8029065264130557,1.0,1.0,0.9293816642231028,0.7461364634060393,1.0,0.9879087903758428,1.0
892,38.86724381846028,38.86842638393205,38.24781811986716,38.24918294646764,38.369280832079085,38.841284796703974,40.04116816970736,38.86878412127788,38.47059333450579,38.370480275381425,38.249144065806206,1.0,0.7336575962749774,0.7341584248430995,0.7337244579522956,1.0,0.7795944010561859,0.7791335765980496,0.9871043597145951,0.9865208744675574,1.0,1.0,1.0,1.0,0.5564421737794111,0.455988623793245,0.8194717174223591,1.0,1.0,1.0
893,36.283391483301244,36.282728310631114,36.28364832780363,36.28163135556838,36.28356680177015,36.283572503288184,34.761168811381566,36.27949504753059,36.0551356829784,36.28163417515998,36.27949769208067,0.999668468633608,1.0,0.9991203232761935,0.9994516728549379,1.0,1.0,1.0,1.0,1.0,0.9999620884609363,1.0,0.46714698118523823,0.4670869929702691,1.0,1.0,0.893883628024809,0.998384674494629,0.9999592378140588,0.8920656420247493
894,53.879609563347,53.88164340501865,53.87912992820097,53.87915642188807,53.87973759369308,53.87915358606901,54.306414984862954,53.88213037605465,53.88160893236366,53.87972346912821,53.87915482804809,1.0,0.9997602111809177,0.9997734549357425,0.9987572812499832,1.0,1.0,0.9990475482076389,0.9997720373484377,0.9987558651035197,1.0,0.999998582091475,1.0,1.0,0.8088495865178303,0.8086387292496499,0.9997393121394941,1.0,1.0,1.0
895,39.42065182181972,39.420683071244525,37.14694629375825,37.14694921571632,37.14692051745544,37.14692786183997,37.60775202558557,39.42446301870339,37.15064759008777,37.14940568346202,37.14694927773405,1.0,0.3208271533271593,0.3208276220492468,0.32082260924908296,1.0,0.32082301848487843,0.3208180057566434,0.3208241966108482,0.3208191838642053,0.9999907840833279,0.9999893231188238,0.40395576559499446,1.0,1.0,0.7956847472533372,0.320809524270556,1.0,0.9999871119316489,1.0
896,52.04117417875594,51.339139363682875,50.67720621806916,50.013084158608706,50.67713610150952,50.682153196562126,49.62997228392834,51.339160799453566,50.013096850107075,50.01313610627656,50.01311594343025,0.7039714993393689,0.5056128706193794,0.3627486858114478,0.5152888805184068,1.0,0.5055951450125968,0.7182039975866419,0.5068650466012365,0.7200079080998252,1.0,1.0,0.29951195448541784,0.5923740709339806,1.0,1.0,0.5152866276101842,1.0,0.9999649423347138,0.7174732418007906
897,40.52727496034669,40.52352360164434,40.527343060510475,40.523524806241625,40.52736880979526,40.52726467513665,41.00697962784187,40.521916963173,40.13188373146269,40.52737710359227,40.521918182451714,0.9981260786360296,1.0,0.9981266798061915,1.0,1.0,1.0,1.0,0.999994857408204,1.0,0.9999608080811105,1.0,1.0,1.0,0.7846391626169169,0.6456175694921091,0.8228209860681119,0.9991970033388426,1.0,0.8205810934360596
898,33.97188406204421,33.97291882787988,33.971899089883664,33.97299918606225,33.9719029988552,33.971887046101926,34.02475905222548,33.97325913039069,33.80891617700155,33.97303918165892,33.97325934581991,1.0,1.0,1.0,1.0,1.0,1.0,0.9994922144544,1.0,0.9994842421598472,0.9999939781272629,0.9994440845980945,1.0,1.0,0.974578741920736,0.897698118968151,0.9211139955699569,1.0,1.0,0.9217387832381692
899,39.15467900693636,39.15569254266859,39.15464805011143,39.155471660493106,39.155148788205764,39.15503848782109,39.37329594438407,39.15463762981585,39.154085405055866,39.155466193032794,39.15650257574276,1.0,0.9999845217073253,1.0,0.9998895650106507,1.0,1.0,0.9997281597238528,1.0,0.9996730260438885,1.0,0.9997834371171181,1.0,1.0,0.8964353007220174,0.8961878180057186,0.9997239257355223,0.9994726826543181,1.0,0.9994684497479687
900,28.178191856128194,28.17840276506334,27.581882206143433,27.58191129700822,27.5819256081177,27.581889302600615,27.83980334287699,28.177697674086602,27.585115257355483,27.581911853331576,27.581914598049565,1.0,0.7421864218448152,0.7421972173457494,0.7421189534600712,1.0,0.7422025281975675,0.7421242637518658,0.7421890552965691,0.74211079227157,1.0,0.9999890028566673,0.8443448678691807,1.0,1.0,0.8804307146711766,0.7435708624333279,0.9996475166484898,1.0,1.0
901,43.14038763172735,43.14034826722357,43.14035248494156,43.14034790600965,43.140351510485914,43.14035204184012,46.1647160050735,43.14033971963863,43.12046162177964,43.1403472183182,43.14038716876726,0.9999803179418055,0.9999824267615156,0.9999801373384161,0.9999998193930558,1.0,0.9999819395423739,1.0,0.9999822052147126,1.0,0.9999997784493037,1.0,1.0,1.0,0.2204271238693856,0.2182471393320798,0.9901101801854585,0.9999957262166624,0.9999995127722962,0.9901043430837013
902,32.48353490600036,32.48511536417607,32.48356691581938,32.48512060540838,32.48354268960773,32.48354159085412,35.395742768974344,32.493782651912795,32.50383866827303,32.48512254203942,32.48374391959112,1.0,1.0,1.0,1.0,1.0,1.0,0.9992139717979743,1.0,0.9992134228531436,0.9999873375975367,0.9992108043017337,1.0,1.0,0.23434050809919935,0.23552174122722186,1.0,1.0,0.9999878869675383,1.0
903,41.412758833958605,41.41475613033589,40.67251087169703,40.67445227002375,40.672908046451056,40.67250976227817,40.73304153269876,41.41482720163373,40.67563426794521,40.72953456756363,40.67423645439044,1.0,0.690648697922498,0.6913194355252952,0.6906293952343263,1.0,0.6907858656552957,0.6900963579469356,0.6906483148132583,0.6899589444012306,0.9999994452907235,0.9990292176415859,0.7118709381601671,1.0,1.0,0.9717044035211394,0.691013121088389,1.0,1.0,1.0
904,48.60033877101526,48.60066569320804,48.55700767223021,48.557023178029965,48.6003305084796,48.600328265283906,48.77314644150505,48.60040318770143,48.55885695014419,48.55705329200728,48.557026238502516,1.0,0.9785674628097923,0.978575049574763,0.9784151036970782,1.0,0.9999958687407046,0.9998324216785948,0.9999947471481196,0.9998313002693316,1.0,1.0,1.0,1.0,0.9172532918739257,0.898395624692577,0.9794411561687363,0.9998687558599598,1.0,0.9794767493259825
905,14.81084982619106,14.811767828657935,13.11488603432042,14.794694858825125,13.112516011340006,13.109838107914385,15.470646512356097,14.810849494707782,14.751830954019454,13.112416222965209,13.116362182413354,1.0,0.4282783707217993,0.9919550515285422,0.991499847413993,1.0,0.4277711565181709,0.4275748540846762,0.42719877487666325,0.42700273510676157,0.9974792193140255,0.4306634400604904,1.0,1.0,0.7189967015497203,0.6980896268956984,0.9709218768195196,0.999540938425946,0.9988156903586481,1.0
906,52.130609950304404,52.131229305206034,50.54367965318784,50.54853198168425,50.54747161454961,50.54367992864715,50.54942935758308,52.131266550080085,50.71293670282151,50.54485131548188,50.54852809448121,1.0,0.45227487721482973,0.45337350253612796,0.4532331247226389,1.0,0.45313319506439,0.4529928916571848,0.4522749395064979,0.4521349018405366,1.0,0.9975769139054559,0.4535769714069018,1.0,1.0,1.0,0.4920549293854559,1.0,1.0,1.0
907,32.38488133484512,29.38975096097613,32.38505894353193,29.389765108382647,32.38478436003564,32.38480117174868,30.425562004278106,29.38975612791083,29.38981788462206,29.38974895358018,29.389748559888687,0.22367410230768406,1.0,0.2236756845175065,1.0,1.0,0.9999515137707551,1.0,0.9999599192550337,1.0,0.9998711224138028,1.0,0.3754388519860044,0.37540551286561585,0.5957686024767326,0.5957869991155325,1.0,1.0,0.9998627176759346,0.22369243297870786
908,47.047501492810056,47.04984065574638,42.1278569212391,42.13021060259018,42.127869045214766,42.60202427603147,43.42226613148998,47.05471630774625,42.38890382757643,42.13021319762976,42.13023276259668,1.0,0.085450135321723,0.08555075571217127,0.0854507556242273,1.0,0.08545065332097362,0.08535077024249191,0.1083120779196846,0.10818547217287149,1.0,1.0,0.16322630274463207,1.0,1.0,0.5964969492010308,0.09701339278268807,1.0,1.0,1.0
909,53.9406174920511,53.94029103224386,58.707283873813935,52.81754356521293,52.81779072521442,52.92117967351322,53.22837443827828,53.9406754334577,52.7997457074687,52.797171535768086,52.817461384554946,0.9998367834176556,1.0,0.5703318107386894,0.5704249135435623,1.0,0.5704022966995241,0.5704954110107525,0.6006643962789133,0.600762450672913,0.05540684703643831,1.0,0.7003874991510535,0.06460556555723777,1.0,0.8070946225099854,0.5652626079455171,1.0,0.05261539221943246,0.9910180718220517
910,51.235803524189464,50.27709896761698,45.597189338328604,44.09914127361458,45.59640696371895,45.596818760934184,47.27207506867438,51.20996155503474,45.22296942809899,44.09914016305342,44.099141149862305,0.619184321076406,0.05964725840034507,0.028202881503375028,0.045548442593550204,1.0,0.05962392971333164,0.09629431444530097,0.059636207461382554,0.09631414335186887,0.9998147284676803,1.0,0.13781208457634278,1.0,1.0,0.35895694778568554,0.05011193561343401,1.0,0.9996088891989495,0.8296770354679558
911,34.285617675874846,34.28572883023827,33.370965988748594,33.37208031344295,33.37858848852932,33.38324415797479,35.30604418351737,34.28589734842578,33.503843248622815,33.37972712787209,33.37105046197769,1.0,0.6329740559346553,0.6333268235106421,0.633291625968788,1.0,0.6353910812539463,0.6353557689896525,0.6368718895451989,0.6368364949840406,1.0,1.0,1.0,1.0,0.6004514935189442,0.40612248915846616,0.6763618602701549,1.0,1.0,1.0
912,42.197480446718686,42.198375610955,36.78966532688494,36.79347310805193,36.79298969637742,37.6159857886129,38.05662449210416,42.19672846197835,37.1092369806515,36.7947587373649,36.79475961293855,1.0,0.06694341558563927,0.0670709899294595,0.06704097687087529,1.0,0.06705478043872633,0.06702477463359692,0.10119081075650893,0.10114552969334564,1.0,1.0,0.12613178860870408,1.0,1.0,0.6226979210431777,0.07857153929023941,0.9991767645560642,1.0,1.0
913,35.7598322790291,34.92371783596974,35.432999492448374,34.61283246352272,35.41661708459648,35.33971824941591,36.21403577959913,34.92340772810496,34.58822383131178,34.58797902667004,34.613085173842364,0.6583245570088521,0.8492374979864549,0.5635496114554363,0.8560361381868651,1.0,0.8423096329722949,1.0,0.8105380319836282,1.0,0.9544303376916549,1.0,1.0,1.0,0.5244978104261893,0.4435671967100213,0.8456988530602128,0.999844958087851,0.9918422525729422,0.6608709936452584
914,33.21212797307484,32.71835644885303,33.04800575523677,32.46380979502885,33.04812721827395,33.048006236545774,32.46380425728819,32.718356263236046,32.464408100452005,32.46381027920552,32.46381022838597,0.7812299344925429,0.9212156624829333,0.6878674709598843,0.8804929772778057,1.0,0.9212716110079646,1.0,0.9212158841776553,1.0,1.0,1.0,0.6878655663466889,0.7466933035991803,1.0,1.0,0.8807565002837807,0.9999999071915128,1.0,0.7468734203246654
915,43.86437854373028,43.86606834621537,42.35121215134106,42.35295035314897,42.153569373091074,42.350957609036556,42.79044553953699,43.86534383438905,42.42535745765829,42.35295027286679,42.352901715728564,1.0,0.46926708444633336,0.46967510217222674,0.4692784406882964,1.0,0.4251111625489439,0.4247521372912877,0.46920736408420216,0.46881109762586104,0.9998727369463778,0.9990041241576121,0.584518701945625,1.0,1.0,0.833147950501974,0.48675557154978255,0.999637809693591,0.9059044979694518,1.0
916,41.0818345488419,41.08184971169965,41.081910575821865,41.08182297170808,41.08183139071505,41.08181244039156,39.98040534281165,41.08470092389692,41.08137649491209,41.08191550654047,41.08182205205347,1.0,1.0,0.9999942114498444,0.9999866300935937,1.0,0.9999984209378244,0.9999908395496601,0.9999889458359287,0.9999813645195988,0.9999509334886474,0.9999947343556039,0.5765376675831954,0.5765157517908936,1.0,1.0,0.9983391662209767,1.0,0.9999604082303684,0.9997725779628329
917,53.12447845026273,53.12522672908048,53.04744973061642,53.04746960164269,53.0474475433918,53.124475857401876,53.27235661892536,53.1254855274444,53.048295161127044,53.04745346536896,53.047488578689666,1.0,0.9622178873619124,0.9622274475378626,0.9618675076674801,1.0,0.9622168350691596,0.9618568991685772,0.9999987035704142,0.9996246346279134,1.0,1.0,1.0,1.0,0.9291960345038099,0.8940167849266298,0.962140120845473,1.0,0.9999989063882861,1.0
918,57.87337465960704,57.87443165949935,57.8728592149516,57.87442919470493,57.86833834271641,57.87330590896502,58.504094817124525,57.87469645283943,58.00046096887996,57.873688477578156,57.87439928990079,1.0,0.9997423108798291,1.0,0.9999987676035493,1.0,0.9974850094560153,0.9969579779625509,0.9999656252698171,0.9994372831174009,1.0,0.9994385148218792,1.0,1.0,0.7300084408177208,0.777387045857735,1.0,1.0,0.9977421167442365,1.0
919,54.01092235919282,53.400254889580225,53.16673811971643,52.381209865525335,53.16661295375866,53.16662115899493,52.594854519607765,53.4002560525351,53.26545191522695,52.38121017966347,52.699864871437484,0.736877411710495,0.6556736361276162,0.442702962739954,0.6007823766945419,1.0,0.6556326034022798,0.8897444717166404,0.6556352932180061,0.8897481220059333,0.9999415213491935,1.0,0.4926117602280412,0.7513063406626926,1.0,1.0,0.9348192642422023,1.0,0.9999374189793893,1.0
920,34.17266926070914,32.824035544371384,33.834214938086745,32.42007314230992,33.8693174659783,33.87032698306885,33.15484451132889,32.79370912868143,32.491461737344764,32.421763575136936,32.42012506838944,0.5095043654913707,0.8443170854238572,0.4163212591444184,0.8171102886290571,1.0,0.8592667262260035,1.0,0.8597005579296559,1.0,1.0,1.0,0.6011490483028106,0.7119944138060722,0.8347961703265195,0.7177087829462812,0.8597413458012857,0.9849511747257395,1.0,0.5021141150451643
921,26.72878379061703,26.728681600766038,26.7292707199785,25.45547300101333,25.455574654391768,25.652278255453297,26.588631021085973,26.728679493381577,26.811255468696316,26.728832501237008,26.728827346060655,0.9999489063798276,1.0,0.5290589615639727,0.5290859944828132,1.0,0.5290858525627746,0.5291128868556438,0.5837673390435236,0.5837971673542504,0.5836252296147149,1.0,0.9323226019426532,0.9320956419475208,1.0,1.0,1.0,0.9999989463083248,0.5289570545241216,1.0
922,34.65079181840483,34.65052489215759,34.65078401927974,34.650557266929496,34.650786669207065,34.65152824035076,35.359966560327024,34.650335514751475,34.659966006681316,34.65057745830194,34.32590414527948,0.9998665457821888,0.9999961004450602,0.9998827311388654,1.0,1.0,0.9999974254044335,1.0,1.0,1.0,1.0,1.0,1.0,1.0,0.7013028056625077,0.7046878946449722,1.0,0.9999053157797758,1.0,1.0
923,42.059996767589496,42.05167430239436,40.77425384901554,40.774190482311724,40.774269499937645,40.77517808239486,42.71074572002448,42.062852072553454,39.96733077099418,40.76636523057357,40.76447586588458,0.9958474133340628,0.5257804970723015,0.525763838847683,0.5279562228187589,1.0,0.5257846115632037,0.5279770821544787,0.5260235251644412,0.5282169920021504,1.0,1.0,1.0,1.0,0.7232887031486137,0.25367344860501384,0.35072226000589385,1.0,1.0,0.6679984909721756
924,52.9795476575747,52.97949590695114,52.979524391170486,52.98084069825222,52.9795137651644,52.97947854255298,53.502454776730104,52.9795082978722,52.98266400014893,52.97950175634793,52.97951188645388,0.9999741250229853,0.9999883668655589,1.0,1.0,1.0,0.9999830539384359,1.0,0.9999654430862457,0.9999913178386096,0.9999770759540082,0.9993191540312524,1.0,1.0,0.7699164785532895,0.7711322510471934,1.0,1.0,0.9999946870110702,1.0
925,45.61019391426203,45.61018720673576,45.61023990708645,45.61019237934275,45.61023106252074,45.61018025440339,45.94480133337328,45.61135998106408,45.613922574206356,45.611945750248964,45.6122172916869,0.99999664624249,1.0,0.9999992325406556,1.0,1.0,1.0,1.0,0.9999931700940049,0.9999965238398567,0.9999701741032692,0.9999939375486967,1.0,1.0,0.8464360080806923,0.8475212387382219,1.0,1.0,0.9999955777269219,1.0
926,38.72889973504999,38.72864591254563,38.5278186076857,38.527556010289544,38.52780226924642,38.52780584541105,39.04983216026511,38.72836862731228,38.51802760165819,38.527611679985796,38.52754941999791,0.9998730968007111,0.904348427966567,0.9042296959902124,0.9043444601954704,1.0,0.9043410401758037,0.9044558185127884,0.9043426572134703,0.9044574357556883,0.9999936188830342,1.0,1.0,1.0,0.8515204468066226,0.7665140281260243,0.9001710187942169,0.9998613669937674,0.9999918308137277,0.9951245897889394
927,43.364631068312036,43.36454383018818,42.841220059807085,43.36454793834045,42.84122520133033,42.8412202702327,43.36164487347182,43.364529311756485,42.832604768604426,42.84112241239785,42.84110709487106,0.9999563818893706,0.7697376748039849,0.9999584358780192,1.0,1.0,0.7697396536186027,0.7697732296724941,0.7697377557902496,0.7697713317613576,1.0,0.7697697505940603,0.9985080166952804,1.0,1.0,0.7675742569813564,0.7664680445868639,0.9999927408104992,1.0,0.995699059288122
928,29.665220803174066,29.665257487765274,29.601973866359884,29.602009692074773,29.601310408640444,29.60340848520991,33.28849497502924,29.66530789866249,29.60806281265124,29.601391888874474,29.60204199752613,1.0,0.9688713240694231,0.9688886794787752,0.968870907999194,1.0,0.9685499747932352,0.9685322095262185,0.9695665539194555,0.969548770006215,1.0,1.0,1.0,1.0,0.1633935553652198,0.15878311235606538,0.9717832016149656,1.0,0.9996683261562144,1.0
929,32.553586274056755,32.555631098957264,32.05662318109998,32.057139344221895,32.056453527971286,31.857816876125128,31.85800507455434,32.55561290926059,32.246708217134795,32.058441314046945,32.05713935860757,1.0,0.7799842541586197,0.7801855796905417,0.7793883158760325,1.0,0.7799180935802218,0.7791211031070843,0.7061802948387852,0.7054586562822027,0.9053776291940048,0.9051439980714454,0.7062467489764925,0.905462828526367,1.0,1.0,0.8568843250808962,0.9999909051930205,0.9999151770333243,1.0
930,37.13150874788349,37.132090133626036,35.87797127492021,35.87512145888107,35.8779892315423,35.87797919073864,38.35603881799929,37.132837806011025,35.64892898953008,35.87512149214294,35.87491699045597,1.0,0.5343155288733596,0.5335547205609451,0.5333996425483716,1.0,0.5343203261459092,0.5341650256095944,0.5343176436498998,0.5341623438932541,1.0,1.0,1.0,1.0,0.5424819283095714,0.2583203198772109,0.4761823507783257,1.0,1.0,0.8917850765498326
931,46.155840133208244,46.16655647223047,46.15586468716887,46.167024786191945,46.155866325672434,46.15585184946016,46.24528560397633,46.15583752036389,46.16602990419756,46.15678147357207,46.15586171110505,1.0,1.0,1.0,1.0,1.0,1.0,0.9946691862078492,1.0,0.9946619867127647,0.9999935811662461,0.9944291069313781,1.0,1.0,0.9562613335757961,0.961147063589241,1.0,0.9946548604346093,1.0,1.0
932,46.40659015987629,46.40592263821077,45.85561243932554,46.57379254973799,45.69524870647422,45.40858779633933,45.533223111872815,46.40556813457866,45.661208121236314,45.695671859443024,45.85488096973609,0.9996662948591908,0.7592008893357864,1.0,1.0,1.0,0.7007033051428578,0.7009372114937178,0.6071367762432622,0.6073394485394559,0.7997050382467769,0.558443194376606,0.6461758982169417,0.8511263715487364,1.0,1.0,0.6892301653294636,0.99982276389212,0.9229484777815431,0.9831237342771657
933,36.57626013853351,36.57585068215147,35.265466648493174,35.26529688069297,35.26546641473911,35.265666045558305,35.333579304541644,36.575644711071305,35.27478884115541,35.26529698060915,35.265290395690755,0.9997952927643637,0.5192360174118513,0.5191919445041873,0.5192982486131317,1.0,0.5192359567250902,0.5193422698454992,0.5192877870614789,0.5193941107941052,1.0,1.0,0.5372238507789525,1.0,1.0,0.9710326057541947,0.5218224229173594,0.9998970197627471,0.9999998831229744,1.0
934,42.37608912715868,42.37608974748886,41.58962908303471,41.591156332419416,41.5896292442778,41.58963047381934,42.83832053185873,42.378273111511845,41.555942048246834,41.58965600563661,41.591674438168155,1.0,0.6748734939382809,0.6753890408195794,0.675388831337508,1.0,0.674873548347628,0.6748733390254443,0.674873963240286,0.6748737539179739,1.0,0.9992373616565229,1.0,1.0,0.7945147641971445,0.5266657185744515,0.6628771953742686,1.0,1.0,0.9832974622835022
935,43.9069994545722,43.90690816658014,43.83901152954712,43.83891744438341,43.83901049719603,43.83900793889168,44.24477331876466,43.9068359658871,43.841713034934884,43.8389089143792,43.83889721169936,0.9999543570456396,0.9665773403184619,0.9665318710943142,0.966575988478042,1.0,0.9665768413950035,0.9666209608314025,0.9665756049969276,0.9666197243768911,0.9999982046738922,1.0,1.0,1.0,0.8445353568266761,0.8174789368082057,0.9679629516991043,0.9999639003050895,0.9999994838245865,1.0
936,47.35902895962968,47.35816451381578,47.13656343883227,47.17554359368896,47.15662157661515,47.17638607876597,47.28322190587039,47.357981007810594,47.1158430246434,47.17663451313399,47.135663601944,0.9995678704879128,0.8947304668698599,0.9123398799316558,0.912734299359103,1.0,0.9037489281548501,0.9041396335735649,0.9127242772552281,0.9131188628639151,1.0,1.0,0.9628058212927718,1.0,1.0,0.9197168384447932,0.8859728328155221,0.999908251206585,1.0,0.9798171797598039
937,33.29030289602369,33.2920440370458,33.29050242936893,33.29032923704534,33.290322679954954,33.29030799202968,34.421458294000786,34.0119644197799,33.2939680091979,33.29201123326081,33.29267885349702,1.0,1.0,1.0,0.9991429674621236,1.0,1.0,0.9991396917321197,1.0,0.9991323541144989,0.9999027860559586,0.9999893775485889,1.0,1.0,0.8148534995028198,0.5690738054828046,0.6983756047314308,1.0,0.9999101293316236,1.0
938,43.17586054135407,42.575533026521924,42.82258691669614,42.209985412089,42.82259165381035,42.822602819764654,42.210898936274305,43.1667157427008,42.4975074739464,42.20998616910731,42.20998535472248,0.7406969161366501,0.8380841110722549,0.6169683428162445,0.8329565431894155,1.0,0.8380860961246818,1.0,0.8380907751532698,1.0,1.0,1.0,0.6172502149369594,0.736501511939228,1.0,1.0,0.7156213201671918,1.0,1.0,0.8499803138589006
939,25.3461985001982,25.34924174352639,24.674549911696175,24.727777738258794,24.723529548631433,24.373786990123563,24.553645006376513,25.349313669466795,24.747096662105747,24.727538972231883,24.713804703734752,1.0,0.7147486802358598,0.7340263286102656,0.7329102675732988,1.0,0.7324688418029706,0.7313551488695356,0.614955264152204,0.614020246451821,0.860379712697441,0.8377836600445939,0.6728204691833373,0.9413385260974716,1.0,1.0,0.7399974759408189,1.0,1.0,1.0
940,34.26785174107431,34.26972398557416,34.722325384784284,32.62171142941426,33.94984457611952,33.98421614705072,33.776400902734196,33.27946344995178,32.47445228982775,33.86170762837901,32.435830266501966,1.0,1.0,0.4390815342944132,0.4386706926296432,1.0,0.8529933031344301,0.8521951707573524,0.8677793540739637,0.8669673866222838,0.6913876466092428,1.0,0.7821369552580155,0.6231536003746259,0.7799942536888533,0.5215373918933859,0.6686426078485337,0.6094915050003438,0.6796071255427585,0.4782143848606659
941,42.54829822375797,42.550222868454284,42.013931767903614,42.015857338001894,42.06674713186814,42.078788478876334,42.60125719408268,42.552610345991326,42.29442619394274,42.068647093050714,42.01653198383164,1.0,0.7655327916275786,0.766270190075123,0.7655331458404346,1.0,0.7860180315247277,0.7852619926418375,0.790764664085128,0.7900040596087853,1.0,1.0,1.0,1.0,0.9759700065396819,0.8577732429155709,0.8788930368432328,1.0,1.0,1.0
942,47.06941390687928,47.04414030061025,46.59772623264888,46.57166659910263,46.619144403894154,46.69182124723568,49.250733356938014,47.04422017828088,46.59246020509795,46.61859967933256,46.5974837718733,0.9874427059960852,0.7899040179918366,0.7796784765056898,0.7895936359357552,1.0,0.7984086247564539,0.8085619751994192,0.827955119290161,0.838484212058622,1.0,1.0,1.0,1.0,0.3317888224757756,0.26470571594826386,0.7978138442791887,1.0,1.0,0.9867465118854495
943,47.66580097284677,46.894011570208534,46.820198704216125,46.04286618109529,46.82019890114606,46.82020382261055,46.729702963873564,46.89428406184274,46.04295307457954,46.04300557899137,46.0434317407707,0.6798421083886945,0.6552089187269381,0.4442057620425568,0.6533954819235548,1.0,0.6552089832420651,0.9637664027534087,0.6552105955379226,0.9637687743273927,1.0,1.0,0.6262228351770893,0.9557605479391696,1.0,0.709372186386944,0.6533348502405635,1.0,1.0,0.6779898827957385
944,40.799613273725214,40.79965538872713,40.69751966683995,40.697348132301045,40.68815053601469,40.6853812401786,43.712414202785624,40.799471663360464,40.792612633343595,40.688196688773246,40.697352018781686,1.0,0.9502341952599932,0.9501526997625974,0.9501326921318671,1.0,0.9457931712702443,0.9457732554393229,0.9444844869673317,0.9444645986937411,0.9939491671407507,0.9940344191026538,1.0,1.0,0.23305722150424443,0.23225931725961327,0.9965763590611733,0.9999081415359131,0.995326390050051,1.0
945,47.21077544450597,47.21136340539152,46.7847495757764,46.78447622120183,46.75527336664746,46.12636259103431,46.6759599643089,47.21088278905239,46.761692946892566,46.755020970695085,46.78447383696556,1.0,0.8081456842978084,0.8080352366859578,0.8077977250428972,1.0,0.796322488458209,0.7960884196279738,0.5814638785091717,0.5812929646246097,0.7195037847840533,0.7196021313302667,0.7653609394904554,0.9470581287029597,1.0,1.0,0.798839746369628,0.9997597207021294,0.9853699697105076,1.0
946,19.702754449257213,19.70241673865621,16.82697815286832,16.600807098079798,16.826978264226227,16.864162481014034,16.60006503401445,19.700130425912732,16.69756017791505,16.82494360191623,16.824940895062014,0.9998311589547528,0.23742864370839517,0.21204141373345453,0.2120772210731336,1.0,0.23742865692817383,0.23746875140037382,0.2418842473183951,0.24192509420417208,1.0,1.0,0.211962754170217,0.8927429768353695,1.0,1.0,0.2228435944004576,0.9988574967825962,1.0,0.9373401492375337
947,37.95855555407175,37.95738416260454,36.749782702252446,36.6458154302791,36.7497803615251,36.749807878560745,36.7175902914438,37.95428624597474,36.66182688736092,36.64559626997902,36.74826648050151,0.99941447575266,0.5464095865715071,0.5187308821016359,0.5190347895561341,1.0,0.5464089470739502,0.5467290702012786,0.5464164649029044,0.5467365924346828,1.0,1.0,0.5376848714063358,0.9840326462426923,1.0,0.9725034051642338,0.5240177719469606,0.998452240701876,0.9999988296370105,0.956976219273339
948,41.61354156560796,41.6149958565594,40.51792486239171,40.51793205108635,40.32418778282255,40.27755799909127,40.56170273834374,41.616750439700155,40.598120167711016,40.32419250480132,40.51796580138347,1.0,0.5782156681554842,0.5782177464671561,0.5777974508753686,1.0,0.5248320924799897,0.5244506019148079,0.512737232053955,0.5123645330150648,0.8867577623581071,0.8867545750484491,0.5910117302512723,1.0,1.0,1.0,0.6009069774796042,1.0,0.9076753214837834,1.0
949,37.57812381865409,37.51566279528913,37.5369769579674,37.53594974703256,37.555366441488616,37.57792259390908,38.335710755563696,37.51658827214578,37.49365959529567,37.554332877392824,37.53561254160755,0.9692521233854242,0.9796367587697928,0.9791337411617593,1.0,1.0,0.9886858038493214,1.0,0.9998993926887487,1.0,1.0,1.0,1.0,1.0,0.6639414960745322,0.6563733110771621,0.988601126692463,1.0,1.0,0.9696176862185694
950,48.836671676013,48.22518120806029,48.836673914372824,48.22518365277614,48.83668127944563,48.836678483123706,52.660897252733264,48.22531439346241,48.22532064930613,48.225188661085326,48.22531484168496,0.7365742496468899,1.0,0.7365751500048103,1.0,1.0,1.0,1.0,1.0,1.0,1.0,1.0,1.0,1.0,0.10884924476498097,0.10884958523744533,1.0,1.0,1.0,0.7366220687939751
951,31.583657575808274,31.58375068993945,31.583993518544332,31.58351262229769,31.583665347395424,31.585329945082634,31.919604264461043,31.58465694236466,31.588749334759598,31.583515942911305,31.583403130459658,1.0,1.0,0.9999275258710841,0.9998809732633641,1.0,1.0,0.999957329638393,1.0,1.0,1.0,1.0,1.0,1.0,0.8457988944517849,0.8475313367874291,1.0,1.0,0.9998359278868476,1.0
952,39.97406565782373,39.97581114289801,39.97407399596628,39.97581792657763,39.973874507720495,39.95614500120399,39.56074349547535,39.97410457483869,39.9779388945457,39.9741015019315,39.97680880572966,1.0,1.0,1.0,1.0,1.0,0.9999044295155328,0.9990321510794336,0.9910796957995797,0.9902151157241412,0.9910755639263018,0.9902117570787856,0.8132952443521269,0.8132918536733535,1.0,1.0,1.0,0.999147079913635,0.9999002608513878,1.0
953,46.5060513391779,46.51189896711767,46.50599307561845,46.50641341929199,49.27559546965938,47.63198902233421,46.19096965598368,46.50600793528838,46.453320201250904,46.5047838277078,46.510374484080046,1.0,0.9999708686445998,1.0,0.9972609840549885,1.0,1.0,1.0,1.0,1.0,1.0,1.0,0.8542419242915092,0.8542668102415649,1.0,1.0,0.9740001055045269,0.9970588178612423,1.0,0.243865695330426
954,31.34571566624072,27.404630630271413,31.345729337525228,27.404628372028128,31.34579711650599,31.345734705678126,27.364105971123024,27.364130937172433,27.36413075453629,27.36413074932699,27.36413075478805,0.13938121888163296,1.0,0.13938106150337098,0.9999988708789951,1.0,1.0,1.0,1.0,1.0,1.0,1.0,0.13658545072842615,0.136584517082339,1.0,1.0,0.9999999086819329,0.9799538046414845,1.0,0.1365815808494888
955,43.46756296454285,42.62306322090342,43.10032548500254,42.237791846589545,43.10059363844945,43.10088967961303,42.96529902860311,42.62309856529387,42.238096886265595,42.617088993666556,42.237883986551736,0.6555702104047452,0.8322530483349703,0.5407027703470929,0.8247823982320162,1.0,0.8323646415776377,1.0,0.8324878577951884,1.0,1.0,1.0,0.777919704300614,0.9347153559328415,0.8427371003042748,0.6951684621763786,0.8248936256934508,1.0,1.0,0.6496975214016463
956,30.95495905621192,30.954970415249107,26.548288402333952,26.55010682371318,26.548430190057275,27.046137756914618,27.282985576507315,30.955022565828557,26.68734172850992,26.550195700001325,26.543990943364236,1.0,0.11043420922834467,0.11053466285170802,0.11053403506981783,1.0,0.11044203861342072,0.11044141135759011,0.14164793235810916,0.14164712786832803,1.0,1.0,0.15945608244369103,1.0,1.0,0.7424335375723994,0.11838178412555551,1.0,1.0,1.0
957,42.905736675608495,41.98931864835595,42.29518057438352,41.35874816101179,42.295235307192684,42.295210154598664,41.74731514599631,41.990351876997806,41.35825437625894,41.35850093600877,41.35845425783077,0.632415278981563,0.7369184452775535,0.46139800488493543,0.7295807362971487,1.0,0.7369386123618189,1.0,0.7369293444612297,1.0,1.0,1.0,0.5603404324853514,0.760383236538888,1.0,0.8232211644095248,0.7290239091164163,1.0,1.0,0.6259464432430206
958,37.413376616160434,37.41340863855444,36.79831325373104,36.798325479033,36.78446856139033,36.7966161344128,37.00549705569813,37.41344192867149,36.8002855016515,36.784486688484805,36.798326601564554,1.0,0.7352595732624077,0.7352640676612945,0.7352522952977016,1.0,0.7301874277988563,0.7301757367176938,0.7346359262878102,0.7346241639814322,0.9991518002658158,0.9991456928182519,0.8155114796214238,1.0,1.0,0.9024826827721322,0.7359609538388168,1.0,0.9931015580782636,1.0
959,43.18553284822747,43.186347447731265,41.01929778979763,41.02062441094452,41.01927959517616,41.02032373813549,42.38656450185945,43.18517910688473,41.054269415445276,41.020688151683544,41.020738469408,1.0,0.33853847522139613,0.3387631058632319,0.33862515582967545,1.0,0.3385353954456992,0.3383975381396543,0.3387121812639201,0.33857425196771695,1.0,0.9998496748954346,0.6706659042844931,1.0,1.0,0.5136837150957793,0.3445710924320496,0.9994160001710548,0.9999909027306428,1.0
960,55.80888677706946,55.80891458869087,54.86521565714909,54.86529885808304,54.86521947109918,54.865240325659556,55.158104640306874,55.80897149949669,54.86838149653801,54.86524641373575,54.86524739730035,1.0,0.623856091404026,0.6238820446485813,0.6238733691232872,1.0,0.6238572810831575,0.6238486059022184,0.6238637862517401,0.6238551109803419,1.0,0.9999707342165112,0.722244851281914,1.0,1.0,0.8651420448050089,0.6248179188819747,1.0,1.0,1.0
961,39.26132896692616,36.99442456524159,37.23917082470726,34.9329208958892,37.23932619898872,37.23924419989973,35.498619627457344,36.99433864614528,34.93338867611044,34.93292371707631,34.93291105717188,0.32192000343441396,0.36382617336418455,0.11484130782957441,0.3567386512313192,1.0,0.36385443907724335,1.0,0.3638395215167872,1.0,1.0,1.0,0.1523835365069907,0.4188361026859303,1.0,0.7538095902631504,0.35683742787769374,0.9999570413745947,1.0,0.31569814431424
962,51.69306201906579,51.63312267431357,51.69306667363861,51.6339699954076,51.693063654118816,51.68210032414481,52.12002733173418,51.69216383367163,51.63566662022902,51.69259043952357,51.69298878406886,0.9704749653019491,1.0,0.9708862043633442,1.0,1.0,1.0,1.0,0.9945341449810189,1.0,0.9945318304179125,1.0,1.0,1.0,0.8074034892124937,0.7849146009215727,0.972146654564429,1.0,0.9999984902412421,0.9717093742215323
963,50.78784788565548,49.76732727357856,50.78784957440274,49.79902432968967,50.7878575273796,50.78792303548994,49.826993816728645,49.79902606357766,50.47243159211038,49.801499171172225,49.79903121839098,0.6003392865298272,1.0,0.6099295758029765,1.0,1.0,1.0,1.0,1.0,1.0,1.0,1.0,0.6185192063846038,0.6185186841235164,0.9861134436603479,1.0,1.0,1.0,1.0,0.8540948996677624
964,43.1675277250182,43.16552325071598,41.1202480526691,40.99937073172205,40.99934358503933,40.99934398203894,43.79346373406622,43.165799968247796,43.170364124330746,40.99937110307121,40.99939702795987,0.9989982649207951,0.35928481942434026,0.3382133070348792,0.33855244689708663,1.0,0.3382087163813647,0.33854785164034223,0.3382087835157357,0.33854791884203156,0.9413389189602461,0.999986625247885,1.0,1.0,0.7306418512172421,0.7323111369377779,1.0,1.0,0.9413387321046728,1.0
965,34.227179547630584,34.22719778561137,33.809434873322914,33.809451470016995,33.807446894297726,33.8116811134949,34.296318039420555,34.22722349024016,33.809730080600474,33.80870704660043,33.80945750609325,1.0,0.8114988272808192,0.8115055614076522,0.8114981613299759,1.0,0.8106926067107956,0.8106852140464115,0.8124107499169543,0.8124033415849105,1.0,1.0,1.0,1.0,0.9660426693356721,0.7840409879812043,0.8116007841769282,1.0,0.9990065043313429,1.0
966,46.707849769377475,46.70902366656097,45.29745685233172,45.29741958626269,45.29745687577517,45.297458744362984,45.711666901261054,46.709348089371474,45.29342368003324,45.29741958618786,45.29741678549189,1.0,0.494011511950173,0.4940023071023779,0.4937124382212925,1.0,0.4940115177408396,0.49372164345516933,0.494011979293007,0.4937221047365087,1.0,1.0,0.6076893688570886,1.0,1.0,0.8112965673703609,0.4926470892080157,1.0,1.0,0.9979854340964073
967,28.10365187745049,27.276588602641567,27.375480975511493,26.554822189914347,27.37548792576723,27.377537816399098,26.906634448066,27.276588606188454,27.129410448571946,26.554829426252326,26.55482296876275,0.6613106118981693,0.6948318181535542,0.4609734435771654,0.6970604059324355,1.0,0.6948342327871655,1.0,0.6955467649702953,1.0,1.0,1.0,0.5496306813869734,0.7910269320244451,1.0,1.0,0.9290533831372003,1.0,1.0,0.8842294080900761
968,57.39057305273178,57.39058566062127,56.976657011599684,56.97808464702217,56.976657855738836,56.97666312760168,57.13826810957457,57.39059664781516,56.97802321367203,56.978479284987145,56.976701016048736,1.0,0.8130537808086602,0.8136343601868644,0.8136292310969827,1.0,0.8130541239739969,0.8130489985418806,0.8130562671317357,0.8130511416861093,1.0,0.9992894928196052,0.88148043582319,1.0,1.0,0.9230033196013288,0.813599769894608,1.0,1.0,1.0
969,37.45289245183869,37.454549169973944,36.69698800480313,36.933970158047345,36.48094035470416,36.37961151136008,39.60541342251025,37.452991938794725,36.484878150453994,36.48097243389037,36.697035199083956,1.0,0.6852632393507647,0.7714671813065792,0.7708283940806906,1.0,0.6150965395804908,0.6145872297592916,0.584709304733273,0.5842251560309406,0.8532623248362791,0.75791857243103,1.0,1.0,0.34088478187524396,0.2100798387425534,0.6162781382814494,0.999221687452852,0.8976062106632896,1.0
970,41.52288369511035,41.52388819462101,40.719461947012604,40.72056550728473,40.71946191901506,40.72046229367345,40.79167762748219,41.52419009176873,40.814374073157694,40.720507676935455,40.72051715818861,1.0,0.6691741933487512,0.6695435322637753,0.6692073386221684,1.0,0.6691741839811344,0.6688381757980348,0.669508980152407,0.6691728038602324,1.0,0.999948394525967,0.6937781530207383,1.0,1.0,1.0,0.7012379476074222,1.0,0.9999999860012282,1.0
971,56.10834188607009,56.1087032940608,52.2661946948902,52.26932071656978,52.26646294192773,52.878213451936574,52.27750047514655,56.10840018292129,52.74159258454495,52.26933484160742,52.269358874965974,1.0,0.14644965000226515,0.14667873137439866,0.14665222833628028,1.0,0.1464692936619539,0.1464428284666477,0.19887789867544517,0.198841963891444,1.0,1.0,0.14727985810986013,1.0,1.0,1.0,0.18574067487750556,0.9998484559142072,1.0,1.0
972,54.601246456314385,54.60086291873671,53.46536311945013,53.46493306153019,53.465357727175046,53.464543180261046,53.42118143102476,54.602192499359944,53.43779993991137,53.46493167780835,53.46490690902138,0.9998082495976208,0.5666906763737927,0.5665688345672546,0.5666774952049791,1.0,0.5666891484998446,0.5667978322122389,0.5664583980437483,0.5665670375011638,0.9995901144315084,0.9998050783651193,0.5543092623813681,0.978151371623666,1.0,1.0,0.5586700225225691,1.0,0.999997303866092,0.9863156008154859
973,41.93570093060521,37.61504354739071,40.85012920752263,37.35434493187071,40.850128807540415,40.850189299063544,37.61504508919245,37.61504327294364,41.430930078239356,37.60637925768836,37.35434586915949,0.11528722086774763,0.5811270556927015,0.10119782652680646,0.8777887589370907,1.0,0.5811269394724705,1.0,0.5811445163651325,1.0,1.0,1.0,0.1152873097428006,0.19838572066719296,0.9999990918760064,1.0,1.0,0.999999862776472,0.9999998000089136,1.0
974,39.05497943834365,39.05409977152209,37.45024645195838,37.44935677241733,37.45024718407862,37.45025315374738,38.17725779040509,39.05326309851037,37.383279341837465,37.44935806157085,37.44924715062149,0.9995602633017545,0.4482668873767335,0.44806752478291256,0.4482646431970523,1.0,0.4482670514693947,0.4484642576613398,0.4482683894742988,0.4484655962548726,1.0,1.0,0.6447705099858051,1.0,1.0,0.6723412705523341,0.4338780052298602,0.9995817509846561,1.0,0.9670704605157228
975,28.43020107746503,26.444627439042733,27.89435712823925,25.793452221744587,27.894357144054965,27.894357137219515,28.009696212194484,26.444627465888374,25.79345262834599,25.793452229321133,25.79345234557178,0.370542615521077,0.7649674656570135,0.26756990281208926,0.7221029150339916,1.0,0.7649674717062671,1.0,0.7649674690918189,1.0,1.0,1.0,0.8103796538768139,1.0,0.45724571035581596,0.33017852302831496,0.7221030521453755,1.0,1.0,0.34977952279778146
976,49.732794077244534,49.73281665803245,49.73279855318992,49.732817084763184,49.732795498461456,49.73279521927313,50.62438155653126,49.7328357196273,49.73692870908596,49.73281753640137,49.732836058409305,1.0,1.0,1.0,1.0,1.0,1.0,0.9999894202704701,1.0,0.9999892806777929,0.9999983330429922,0.9999890673147347,1.0,1.0,0.6403291624907417,0.6416409345562993,1.0,1.0,0.9999984726369331,1.0
977,48.50657922607144,48.50827164711245,48.44604894626573,48.44604962547464,48.471793770207455,48.4729599682056,49.119956313891464,48.50974301752757,48.477304369706104,48.47293486177634,48.446065019277114,1.0,0.9701882638217624,0.9701885933020746,0.9693679567721488,1.0,0.982757652456564,0.9819263843554568,0.9833308645635042,0.9824991116094544,1.0,1.0,1.0,1.0,0.7370447657156884,0.725186821791691,0.983911501070789,1.0,1.0,1.0
978,42.99538301996523,42.99541966391885,42.99538228043437,42.99648111914772,42.99538910743661,42.99548060372942,43.78146742391806,42.99579927450816,43.02457986679667,42.99578442487697,42.99594001887559,1.0,0.9999996302346377,1.0,1.0,1.0,1.0,0.9999847218755897,1.0,1.0,1.0,0.999499867398876,1.0,1.0,0.6751407612229343,0.6849264775250067,1.0,1.0,1.0,1.0
979,53.4561548983435,51.96588177224271,53.455769539066296,51.96295001943483,53.4559868794783,53.45575148724092,51.96589404400052,51.96588205262918,51.965882063297414,51.965881773502275,51.96588206635187,0.474669473202355,0.9998073389229278,0.4739741761561874,0.9985351974680895,1.0,0.9999159940960956,1.0,0.9997983147899062,1.0,0.9999909741280442,1.0,0.47467238572569825,0.47476385424121137,0.9999940043323052,0.9999940096663886,1.0,1.0,1.0,0.47470942067372723
980,27.801859727984436,27.707724228082895,27.801921661894994,27.7077438443892,27.801882897496654,27.801864953619486,27.178423094351416,27.709377261134676,27.736047134566775,27.707748088499613,27.709396839041034,0.9540227604057617,1.0,0.9540321176529948,1.0,1.0,1.0,1.0,1.0,1.0,0.9999716462642206,1.0,0.7321877441578561,0.7321650708837899,1.0,1.0,1.0,1.0,0.9999806179886636,0.967618015700525
981,38.93540319100134,38.93529871135601,36.946483328468304,36.94649173507378,36.94650333598966,36.94647693881845,36.96813248753298,38.93533297435465,36.948760224615995,36.94648149770427,36.946481573876184,0.9999477615418108,0.3699231745456021,0.3699247294479619,0.36994405475499853,1.0,0.3699268751870197,0.3699462006061524,0.36992199270771065,0.3699413178717768,0.9999968051801762,0.9999926018997018,0.37394918800969634,1.0,1.0,0.9903606280182256,0.3703575550887383,1.0,1.0,1.0
982,37.718299827820346,37.720228814292085,37.64680301493243,37.648765162246775,37.66184034205938,37.702459049738195,38.181680844275775,37.72081456770681,37.86859083327889,37.66382398165649,37.6491701717508,1.0,0.964883021297959,0.9658301071169166,0.9648990195975887,1.0,0.9721649931571437,0.971227798628638,0.99211089459287,0.9911544716516738,1.0,1.0,1.0,1.0,0.79418953410176,0.8550930329487398,1.0,1.0,1.0,1.0
983,40.54086204058072,40.540797471993415,40.54094490458124,40.54085399707995,40.540772842328266,40.54077381708126,41.186547129968375,40.540834384509964,40.54571584749789,40.54188314577857,40.540933639932405,0.9999677162274796,1.0,0.999995978257702,1.0,1.0,0.9999554018682995,0.9999876852432531,0.9999558892231787,0.9999881726138664,0.9999144599087729,0.9999599108042482,1.0,1.0,0.7240778442244556,0.7258472823061572,1.0,1.0,0.9999139725740854,1.0
984,33.493025304807105,33.49304320030237,31.02277201121717,31.022779336659937,31.022769993908526,31.257500811821274,31.261850276663722,33.49306024451201,31.074007566078933,31.022779382985476,31.022779768445503,1.0,0.2907979314096433,0.2907989965233954,0.2907963945390043,1.0,0.2907976380952007,0.2907950361229643,0.32701074591713647,0.3270078199205997,1.0,1.0,0.32772268064154586,1.0,1.0,0.9103543539775604,0.29833855724312697,1.0,0.999998991346186,1.0
985,27.2175727898956,27.21802050880663,26.5792386680462,26.57965038961447,26.585534096809113,26.589748032188425,27.05705375785635,27.21861478392526,26.65663310940448,26.585947492514492,26.58020731369828,1.0,0.7267541269476786,0.7269037525226161,0.7267410464566885,1.0,0.729045345523883,0.7288821600957691,0.730583039878498,0.7304195102614894,1.0,1.0,0.9228768139893638,1.0,1.0,0.8185585722736233,0.7550352536399388,1.0,1.0,1.0
986,29.58499800777767,29.584970109386575,28.169738890590395,28.1696821924356,28.48686578569982,28.48687992088017,29.31634570254775,29.584919059584706,28.162957308431515,28.486822883939965,28.169596437730718,0.9999860509017416,0.4928109935883995,0.4927970230494271,0.49280389721941165,1.0,0.5774888691108158,0.5774969246721617,0.5774929505798965,0.5775010061981762,1.0,1.0,0.8743048612791785,1.0,1.0,0.5617523429846941,0.4911621921075858,0.9999744754248233,1.0,0.8504801227817952
987,39.53120505462775,39.53124060681489,37.61883961059982,38.84372225473794,37.49867369615785,37.3042456781657,37.35860046398267,39.53128315380965,38.84661315563329,37.49864924430963,38.84379581831905,1.0,0.38435728779594747,0.7091122808158599,0.7090996756816388,1.0,0.36194403475411635,0.3619376008602718,0.3284141915125885,0.3284083536430776,0.8544502782706211,0.46313426011284986,0.337462024391291,0.8779904404217962,1.0,1.0,0.7101102785630551,1.0,0.941686410656196,1.0
988,45.176264350368655,45.17870283712631,44.54404974714191,44.54424969365638,43.25376775907475,43.01258135526632,43.13346951672037,45.17637223263796,43.257278150123085,43.25380016686046,44.544112770600776,1.0,0.7289812251092898,0.7290541073799056,0.7281657546558131,1.0,0.38241522064810063,0.3819492475473959,0.3389707367662325,0.33855770078667247,0.46499241007944137,0.46494592559725745,0.360091390653208,0.49396524663474395,1.0,1.0,0.38306635994058813,0.9988353764568291,0.5245885730332336,1.0
989,42.326615557688484,42.32530199096408,42.26616516695836,42.26485012126014,42.26621453287319,42.326613873410764,42.1806285739066,42.32444545550993,42.16547436556647,42.26485910148,42.26429120105675,0.9993434322727784,0.9702270183175395,0.9695892815703896,0.9702263008476276,1.0,0.9702509666852741,0.9708884206890317,0.9999991578614946,1.0,1.0,1.0,0.929606879989063,0.958133367179451,1.0,0.9924515297174429,0.9235913704114833,0.999571823966459,1.0,0.9508774551731733
990,45.39762580370055,45.39901364034844,45.17302799786535,45.17461331210325,45.04970557537942,45.02453688773397,46.62255853053827,45.40238259009456,45.189940551584755,45.051328138763836,45.17306758228071,1.0,0.8937770649976244,0.894485804607589,0.8938653198250399,1.0,0.8403304142739842,0.8397474958736202,0.8298216689333677,0.8292460402144429,0.9284436817984061,0.9277080359004809,1.0,1.0,0.5433030724803716,0.48855218339102535,0.8992258798769736,1.0,0.9402013624910118,1.0
991,42.82864095462955,42.83023715912489,41.438753303222,41.440331538288035,41.438741369926475,41.438778037368365,44.197670754366385,42.82876483884084,41.45232990702377,41.441458503710834,41.44071625624542,1.0,0.49910248392845813,0.49949648988735806,0.49909799965520185,1.0,0.4990995059686235,0.4987013324438261,0.49910865640356994,0.4987104755787035,1.0,0.9992235511327111,1.0,1.0,0.5043660636613458,0.25342929154602273,0.5024709428431859,0.9992641107573724,0.9999940333700379,1.0
992,58.422444729687186,58.42246228964012,57.99194738009544,57.99206207384782,57.9919564899925,57.99196764395225,58.48665313794925,58.422727860359515,57.994501928358716,57.99197111204006,57.99197292239046,1.0,0.8063408985851808,0.8063871410427763,0.8063800610137346,1.0,0.8063445714348378,0.8063374917795549,0.8063490684148236,0.8063419887200574,1.0,0.9999527861668237,1.0,1.0,0.9685427673282424,0.7818631100904587,0.8072571872559168,1.0,1.0,1.0
993,46.45185246078725,46.45186964965862,45.95663168158103,45.95663923917408,45.95663608364549,45.956644296259896,46.331909102081084,46.45413418951475,45.95778982410508,45.9566530011507,45.95746025250713,1.0,0.780664038860805,0.7806669888369363,0.7806602794735418,1.0,0.7806657571294073,0.7806590477765986,0.7806689627894098,0.7806622534090502,1.0,1.0,0.9417912053427621,1.0,1.0,0.8293942706754173,0.7802255903592126,1.0,1.0,1.0
994,55.37703275269746,55.37695248193572,54.14343973474061,54.143197134867904,54.14340139632992,54.14341573252145,56.01100018718657,55.376477979032245,54.14842790528252,54.14327693444909,54.14299674813293,0.9999598654245424,0.5396705010088177,0.5396050429815011,0.5396267006700382,1.0,0.5396601560533179,0.5396818159538833,0.5396640244028604,0.5396856844586866,0.9999879989624314,1.0,1.0,1.0,0.7281406098209537,0.3940465848742593,0.5411682572836494,0.9997627766901639,0.9999808309783832,1.0
995,34.689080872543144,29.77389685613943,34.68905663504364,29.773896887966345,34.68882089944839,34.68882181661428,29.77572804022884,29.773904300419815,29.773904587600782,29.77389690316275,29.773904331867527,0.08564092552151653,0.9999878813236804,0.0856409268843597,1.0,1.0,0.9998700219005069,1.0,0.9998704804239522,1.0,0.999882597677511,1.0,0.0857193735793538,0.08572041239728562,0.9990885457225059,0.9990886891821237,1.0,1.0,0.999882139148509,0.08565238952171642
996,29.654963240586824,29.655957787667063,29.654973574296463,29.65582612418922,29.656059705112938,29.65496723464389,29.928245906907534,29.656334934893437,29.766593683171635,29.65599098405005,29.656170065314996,1.0,1.0,1.0,0.999934170427939,1.0,1.0,1.0,1.0,0.9995048461175795,0.999996830178738,0.9995706474255442,1.0,1.0,0.8728814870642891,0.9223540639260335,1.0,1.0,1.0,1.0
997,28.235802365122908,27.916745772841296,28.127682350179242,16.06580165341262,28.048154733512604,27.771239194612292,20.7425048776189,19.093002029039752,19.092675371225766,16.30558059005773,19.093023293044325,0.8525458432978898,0.9473752552021224,0.00227676351405675,0.0026705467300732833,1.0,0.9104431538051309,1.0,0.7927228728036072,0.9298302009627184,0.8367569961857193,1.0,0.0235966920593399,0.02490743971807196,0.43834394057990156,0.4382723521895856,0.9998366844304469,0.012132446675160655,0.9610163964129377,0.011359059255393933
998,50.6314059810953,50.63142329884272,50.63140883611183,50.631426153909246,50.631413514721174,50.63141065830149,50.73505115628697,50.6314516693225,50.90021069527481,50.63143083299019,50.63145452356119,1.0,1.0,1.0,1.0,1.0,1.0,0.9999951079511936,1.0,0.9999936797493585,1.0,0.9999922522261365,1.0,1.0,0.9495189951725607,1.0,1.0,1.0,1.0,1.0
999,46.69342174760982,45.26933704159973,42.816120913749955,42.05462149017404,42.816119290951065,43.110093776704645,42.72312859674125,45.26933709976515,42.14568217620965,42.05462140064731,42.05462131908706,0.490641111133728,0.14389802112366995,0.09833255479134835,0.20041646034130858,1.0,0.14389790436494276,0.29328546079727574,0.16668258138903147,0.33972404188445765,1.0,1.0,0.1373604789694727,0.9545682275326169,1.0,0.7492195529864325,0.2097524062358221,1.0,0.9999991886008838,0.7151817610248874
1000,31.18582908767678,30.102291529823617,29.11276465156348,27.98436322576046,29.112765770141834,29.112761555435014,27.950864743627648,30.10234731135904,27.990995435578753,27.98463444875526,27.98407162080656,0.5817184105954015,0.35468251341811013,0.20174859600119863,0.34681487181178355,1.0,0.35468271178825655,0.6097154659850477,0.3546819643472219,0.6097141811004352,0.999998451936965,1.0,0.19839760177648363,0.5593667414401307,1.0,1.0,0.347957150376774,1.0,1.0,0.5707036719857461
1001,45.17237749354845,45.17240093814135,45.172443176818234,45.17381823961637,45.17247880732663,45.17237771410453,46.06494981357139,45.17535691197372,45.1780725861731,45.17242869277976,45.17243498296318,1.0,1.0,1.0,1.0,1.0,1.0,1.0,1.0,0.9999883880490075,0.9999672691788117,0.9992799965710344,1.0,1.0,0.6409547285780988,0.6418256318263454,1.0,1.0,1.0,1.0
1002,26.336571649334957,25.91632013788731,25.31113675536696,24.924091625848348,25.31110127513199,25.312073602663162,24.955883728031864,25.916308107817088,24.92728784833278,24.924394102216667,24.9237959622277,0.8104823167708403,0.5988659790909592,0.4934962535424946,0.6088920675144455,1.0,0.5988553552323668,0.7388876263437221,0.599146567789669,0.7392469340686119,1.0,1.0,0.501403576301602,0.8372550684256618,1.0,0.9858037902715742,0.609869591106027,0.9999939849829785,0.9999822600398697,0.8253838621549103
1003,20.6926799191304,20.692826409057687,20.642672456974537,20.642708507414454,20.64266539718534,20.642665225966567,20.667597094624625,20.692829028584697,20.647006044824508,20.642708509900416,20.645342359296137,1.0,0.9753062730778331,0.9753238533463757,0.9752524184023527,1.0,0.9753028303555638,0.9752313969513126,0.9753027468604906,0.9752313134623547,0.9999963845025508,0.9999783595102153,0.987536903519086,1.0,1.0,0.9897572925997222,0.9773489832662673,1.0,0.9999964701116312,1.0
1004,38.193347418903954,38.19333656001376,38.05537928199513,38.05538705860897,38.055386417553365,38.19329293755183,38.14760698084996,38.19324213549518,37.97130281047973,38.05530918027543,38.055352754543264,0.9999945705696432,0.9333415495332003,0.9333451786586624,0.9333502462188228,1.0,0.9333448794956304,0.9333499470541664,0.9999727596949624,0.9999781890068978,1.0,1.0,0.9773893220797204,1.0,1.0,0.9156216136510616,0.8949658995382495,0.9999527888551916,1.0,0.958829697262126
1005,25.46633072198614,25.125368044737513,25.33417832319674,25.004533559167726,25.335343585008104,25.335645324616593,26.96767324584721,25.123784361231372,24.99873164882564,25.125367301205785,24.974844870950875,0.8432588258515337,0.936059534404081,0.7938199700555781,0.9413716710927614,1.0,0.9366050705260541,1.0,0.9367463866095954,1.0,1.0,1.0,1.0,1.0,0.3977448966839915,0.3736369038325277,0.9393883037784955,0.9992084716708778,1.0,0.8450952229509312
1006,29.426966728323038,29.428331536845462,29.291827296738717,29.42839679480889,29.291481642545023,29.28965302981777,32.54861895179869,29.42866067061516,29.380808367658375,29.425916229473046,29.425689798820002,1.0,0.9346625576040024,1.0,1.0,1.0,0.9345010365456499,0.9338635465938722,0.9336470067830388,0.9330100994260051,0.9989134572550259,0.9329796567531915,1.0,1.0,0.21014045456057595,0.20517227393917667,0.9763578096764455,1.0,0.9998271878368953,1.0
1007,39.393432131571444,39.39434199183961,38.935119804874375,38.93296571311825,38.9351485544741,38.937731795622085,40.50963628688527,39.3945610563606,38.76520015440744,38.93616571258363,38.932915188865536,1.0,0.7952043420354471,0.7943483315406775,0.7939870407349695,1.0,0.7952157730208711,0.794854087679644,0.7962435536825078,0.7958814008792259,1.0,1.0,1.0,1.0,0.5726173334688947,0.4180233167816202,0.7300221148550472,1.0,1.0,0.9185359822934827
1008,37.94735785438638,37.94963926516229,36.589959083661824,36.59630329143624,36.589962004153534,37.50418331508277,36.64241480789403,37.949741563112696,36.74022502581235,36.59218620191996,36.59217213524619,1.0,0.5072763345236644,0.5088880226259105,0.5083078622755637,1.0,0.5072770752723701,0.5066987514906582,0.8012459946377414,0.8003325301105864,1.0,1.0,0.5207571216147289,1.0,1.0,1.0,0.5462064459039218,1.0,1.0,1.0
1009,39.76612308332054,39.766138051767285,38.48519152137703,38.48521009710905,38.48614489042478,38.48994066560425,40.26850547272883,39.766139627629116,38.48818721832231,38.488758023609165,38.48521214506445,1.0,0.5270468784550508,0.5270517736185703,0.5270478290601275,1.0,0.5272981734348223,0.5272942270322755,0.5282998763533672,0.5282959224538798,1.0,1.0,1.0,1.0,0.7778800667386817,0.41059041144983377,0.5278325400100092,1.0,1.0,1.0
1010,37.38210165265468,37.38187506868641,37.05287543163371,37.05345716079066,37.04139941889298,36.994449908079304,37.60354363981,37.381879407840984,37.06359236642845,37.04135414612017,37.05287551888509,0.9998867144331591,0.8482218087162751,0.8484685622793159,0.8485646924114968,1.0,0.8433686436362018,0.8434641959557505,0.8238013384227417,0.8238946737978801,0.9712098061584952,0.9709273567068786,1.0,1.0,0.8950890074524701,0.7633980930140927,0.8528739451139217,1.0,0.9942784245462655,1.0
1011,21.704517814567055,21.706867527741082,19.758926002696455,19.758966078809465,19.758927179272916,19.75894704013251,20.709913655924368,21.704529968669107,19.763154049743832,19.758967261723484,19.758968460135037,1.0,0.37802463787040813,0.3780322128253553,0.3775883399845358,1.0,0.3780248602579189,0.3775809960502391,0.3780286142258946,0.37758474561043065,1.0,0.9999904807068322,0.6081692407085824,1.0,1.0,0.6228934493886737,0.37882233402741067,0.998831903220791,1.0,1.0
1012,52.32072866756812,52.321801366596844,51.51334160111614,51.51452178145584,51.51334627732899,51.514862121921595,53.99928512451049,52.3250095817252,51.5545985608849,51.51461307025335,51.51471827127182,1.0,0.6678487633653608,0.6682429706530538,0.6678846549600812,1.0,0.6678503248686718,0.6674922197146091,0.6683566953909965,0.6679983187181708,1.0,1.0,1.0,1.0,0.43294794769010847,0.2945391693604708,0.6803108108767231,1.0,1.0,1.0
1013,54.2870023106116,51.38508297284724,53.26979718622587,50.91813287604961,51.69600970105387,52.21945101158434,52.30375413345061,51.38498438355592,50.91812656410815,50.918078571494306,50.91830159153642,0.234345286268524,0.6013353206439526,0.18554929012315427,0.79177735160648,1.0,0.27376196123992336,1.0,0.3556615688741339,1.0,0.5914529824944695,1.0,0.3709737073433715,0.6169165432459655,0.6316720833492837,0.5001667257356505,0.7918138840070963,0.999950706569298,0.455256745848156,0.6777738722193611
1014,49.97448670106377,45.63256367995052,49.97446259962655,45.63256253128242,49.974655290289235,49.97496183364402,45.5355999546681,45.63256417228666,45.63256159056374,45.632561071753685,45.63256305450193,0.11406788668868398,0.9999879493539999,0.1140678211756312,0.9999994256661127,1.0,1.0,1.0,1.0,1.0,1.0,1.0,0.10866958039437623,0.10867088994880145,1.0,1.0,0.999998709139371,1.0,1.0,0.11405815262973762
1015,62.943319853396645,56.014016779681555,56.01631376886036,56.016133615595436,56.01630181825806,56.01630032292255,56.988429113026,56.01404730990009,56.07082003017993,56.0161379281125,56.01591425021141,0.03128390481498426,0.031319854850658704,0.03131703379066231,1.0,1.0,0.03131966770565312,1.0,0.03131964428895622,1.0,0.999993277053694,1.0,0.05092275663429414,1.0,0.6143497414235816,0.6320387702256753,1.0,1.0,0.9999940247167022,1.0
1016,53.58157291928356,53.58125062209436,53.34272843770029,53.34273288320753,53.34276007046671,53.342744918734326,56.01419179553059,53.58048747799495,53.215190702968954,53.3427439137692,53.3444282120812,0.9998388643891373,0.8874330112246198,0.8874349837717521,0.8875780041956465,1.0,0.8874470473161994,0.8875900696842737,0.8874403241615831,0.8875833454461433,1.0,1.0,1.0,1.0,0.29616096885618903,0.2467201584748086,0.8330610189035816,0.9996185007396516,1.0,0.9382069889957889
1017,38.25993624629089,37.76299406611548,38.195403375054184,37.69453108892699,38.25992252014541,38.26023357362857,37.66993784648898,37.76286710891685,37.76290581285923,37.69455000262269,37.694298789874836,0.7799924100213483,0.9682485718022118,0.7537439340394738,0.966347780254482,1.0,0.9999931369508096,1.0,1.0,1.0,1.0,1.0,0.7445321831651583,0.7689473600558505,1.0,1.0,1.0,0.999936523415408,1.0,0.7799633452725093
1018,20.18272217535045,17.037293674984937,17.03727770360274,17.037345393146268,17.037278874384896,17.03796917779195,17.21247179963845,17.037275868238595,17.036893075577552,17.037281162595235,17.037820896191732,0.20748126134035544,0.2074796044657093,0.20748662668440007,1.0,1.0,0.20747972592245412,0.9999925997273614,0.2075513502632242,1.0,1.0,1.0,0.2264739871088589,1.0,0.9161291180242895,0.9159537910518207,0.9998086219845879,0.9999910966664638,1.0,0.999807119200222
1019,32.15720658422612,32.15659688574374,32.064350666281456,32.063827406760055,32.06434699019323,32.064307265825136,32.165768214634255,32.156439736398085,32.0261551822386,32.06380793651408,32.063506372560454,0.9996951972206193,0.9546333308590021,0.9543836030386321,0.9546745905072229,1.0,0.9546315762024405,0.9549226392769857,0.9546126153226799,0.9549036726161342,0.999978300007288,1.0,1.0,1.0,0.9953466215530398,0.9325742404610089,0.9369341496391607,0.9999214284140818,0.9999981619575758,0.9810852677515964
1020,29.757247776656413,29.75721928562163,28.424811717242846,28.424844334093933,28.42481170368194,28.42481167995487,30.515657886557676,29.75767052423538,28.430242268439258,28.42484439375957,28.425174092903745,0.9999857545840755,0.5136475086048011,0.5136558854552573,0.5136632028012262,1.0,0.513647505122038,0.5136548223486243,0.5136474990283635,0.5136548162548626,0.9999999813560125,0.9999836730637548,1.0,1.0,0.6845499382133575,0.35249888880563957,0.5149352430381409,1.0,0.9999999932195465,1.0
1021,39.881456110189106,39.88270359754901,39.647920022719575,39.88239939240688,39.648042369995494,39.82106767730474,40.5815211392532,39.88328304939475,39.82171719398764,39.64926193532838,39.649730641628935,1.0,0.8897915619557673,1.0,0.9998479089959451,1.0,0.889845995407567,0.8892911326558574,0.9702570753710806,0.9696520723554076,1.0,0.969799570145763,1.0,1.0,0.7053091617927958,0.6839284496316886,0.9696860422077032,1.0,1.0,1.0
1022,24.442971392134837,24.444079352825355,24.12095414552016,24.122037506026146,24.165396224061823,24.292145839297575,25.504411506596767,24.444515407320893,24.296385560373324,24.1665017298524,24.122191013787784,1.0,0.8512847301856384,0.8517459792271255,0.8512742593693089,1.0,0.8704128984173454,0.8699308403170468,0.92736061472048,0.9268470174414913,1.0,1.0,1.0,1.0,0.588635548713931,0.5466136828682228,0.9286114032060776,1.0,1.0,1.0
1023,44.05064667822262,43.8277576870268,42.97467159940095,43.82775874830742,44.050652087801524,42.97389858066498,45.24966403907584,43.82777044317291,43.82899141749448,43.827762573258326,42.71452868233274,0.8945410409909966,0.5839221911218249,0.894541515670655,1.0,1.0,1.0,1.0,0.5836965433350829,0.652509517828772,0.9996135653171384,0.652509171581013,1.0,1.0,0.4911789300338397,0.49147888001276263,1.0,1.0,1.0,0.8950906014561282
1024,45.4472351034008,45.450941835148114,45.447400539696815,45.45107495930742,44.96281327279402,44.96308745375657,45.26626768466798,45.45077680719285,45.66150017059135,45.451093214350095,45.446930975514505,1.0,1.0,1.0,1.0,1.0,0.7848906146504525,0.7834372723742092,0.7849982230584385,0.7835446815291456,0.7849332921447573,0.7834925289013553,0.9134892150978322,0.9134136560868281,1.0,1.0,1.0,0.9999174894265536,0.7848256926375714,1.0
1025,44.6290327310781,44.62959210091557,43.325546726327815,43.32601853573277,43.32556024742152,43.325546655710525,44.89012343505789,44.6296778058105,43.383633884646486,43.326049298214684,43.3260849742409,1.0,0.5211366422741408,0.5212595953607225,0.5211138272986671,1.0,0.5211401654547372,0.5209944307907546,0.5211366238735127,0.5209908901999185,0.9999999646913558,0.9997640878205324,1.0,1.0,0.877899800213055,0.470836313446541,0.5363212445569244,1.0,1.0,1.0
1026,48.14341526331273,48.14342648276056,48.13684600857562,48.13685618585333,48.13829067657974,48.139012647553386,48.89755083521348,48.14631293258111,48.14501568967515,48.13848552147604,48.141789691623785,1.0,0.9967207611185787,0.9967258330834788,0.9967202417424204,1.0,0.997440986505224,0.9974353911523635,0.9978011132216617,0.9977955158485955,1.0,1.0,1.0,1.0,0.6868640118106204,0.6864186415312522,0.9993515888564403,1.0,1.0,1.0
1027,29.58181642169157,29.580268843220495,29.578085401772,29.579904041192776,29.578249385512038,29.578088994490344,30.383319486849985,29.578243293222187,29.59365602498923,29.578122262879617,29.578244505087582,0.9992265100621498,0.998136229022389,0.9990442667548268,0.9998176156201944,1.0,0.9982180714335004,0.9989907807504159,0.998138022035169,0.9989106693867509,1.0,0.9990928883235559,1.0,1.0,0.6686208661162407,0.6737934083002802,1.0,0.9989877376843532,1.0,1.0
1028,41.213926185148296,40.42071372358237,39.93922579293556,39.93494268175198,40.035754495297454,40.10273984520768,40.53571485875429,40.42070245439919,39.20664471515937,39.2067347391594,39.933865788319736,0.6725988222064653,0.5286914983790432,0.5275604876378048,0.7843613015960077,1.0,0.5548342575253937,0.82491113455307,0.5737318397441804,0.8530074998675271,1.0,1.0,0.7124071698930027,1.0,0.9441160347929884,0.5145126835643263,0.544967635971929,0.9999943654242863,1.0,0.6606342701456926
1029,57.04957883225376,56.15223190240994,54.08992670649704,53.074372701750804,54.08946488319316,54.16248318551118,53.07405992122622,56.15223195457688,53.15600906578649,53.07438657235579,53.07436814016134,0.6384745489954635,0.22767728647179603,0.13702346845252095,0.21461069774528244,1.0,0.2276247192028987,0.35651337952472706,0.23608867019157792,0.3697699000892444,1.0,1.0,0.13700204099191643,0.6017378505997253,1.0,1.0,0.22355195202632228,1.0,0.9997691150061037,0.6270506822362545
1030,36.480389013301334,35.472481172884045,35.99198681286518,33.237798170990374,36.00667212004731,36.05406512389288,34.95042486354822,35.43084795435513,34.95088998845392,33.00961858767758,33.27202987939086,0.6041372207315595,0.7833300905703173,0.19764250289898574,0.32714836318089663,1.0,0.7891029803007109,1.0,0.8080252712066935,1.0,1.0,1.0,0.46534227221722735,0.5940564237465032,1.0,1.0,0.7866443938369007,0.9793985607232611,1.0,0.5898476086925413
1031,36.24304915117412,35.780586674417265,36.244027004728366,35.780589553613055,36.24305569328061,36.24305503471001,34.61231495106912,35.780587737129565,36.04773441177983,36.046917052097825,35.78058980063986,0.7935559442276833,1.0,0.7935570866299726,1.0,1.0,1.0,1.0,1.0,1.0,0.9995141330624092,1.0,0.4424768642629696,0.4422605783540686,1.0,1.0,1.0,1.0,0.999514462187774,0.9069566356584386
1032,57.95771858862716,57.957751084433596,56.83287819308052,56.83279324779008,56.83277318115293,56.832807248231575,56.873436627722526,57.959978102745424,56.782204521940685,56.83279335268608,56.83199415774172,1.0,0.5698282964834096,0.5698040948822938,0.5697948368357186,1.0,0.5697983778849651,0.5697891199312785,0.5698080836507021,0.5697988255393186,0.9999645282046674,1.0,0.5815019344043129,1.0,1.0,0.9554087181940952,0.5549447107866441,1.0,0.9999474954146202,0.9750326419651097
1033,41.83174557727432,41.29524862028376,41.831604830403734,41.295245624180495,41.83171808558103,41.83160226814371,41.27996492643808,41.29524866435571,41.573846325131456,41.295251088354576,41.2952449145873,0.7647177415797324,0.9999296290408596,0.7647165959939302,0.9999985019494909,1.0,0.9999862542478297,1.0,0.9999283480018236,1.0,0.9999987188708097,1.0,0.7588961578160122,0.7589495658248986,1.0,1.0,1.0,1.0,1.0,0.8790303269655931
1034,44.292360200864294,44.29306969823381,44.29208360943255,44.29299133440571,44.292027829055115,44.29203915369095,44.78450897425398,44.29390902889625,44.07544062481685,44.292038505991314,44.29376769643298,1.0,0.9998617138465405,1.0,0.9999608188535537,1.0,0.9998338279035229,0.9994792010735188,0.9998394892965496,0.9994848604585299,0.9999777723762364,0.99952402295565,1.0,1.0,0.7824697834765404,0.7015001436118351,0.896520425996574,1.0,0.9999721102002092,0.8973640897508833
1035,48.384059868551645,48.385932229731964,47.687144319289814,47.68902624544421,47.71650430355032,47.741939299954055,48.25666685955571,48.38401363740954,47.752817492656334,47.71838792174162,47.68957372784527,1.0,0.7057757160348448,0.7064401374734137,0.7057790914061307,1.0,0.7162129195889857,0.7155427287140377,0.7253795206762643,0.7247007522230086,1.0,1.0,0.9382897230329353,1.0,1.0,0.7773032796659144,0.7293525381958872,0.999041163816253,1.0,1.0
1036,41.46315608085328,41.46310644179155,40.48408987649205,40.48505814201232,40.484090083448535,40.48409212857004,40.60922417117328,41.464481929014255,40.50802749769741,40.48484660226049,40.48493045288012,0.9999751807771377,0.6129124948966599,0.6132092977547322,0.613224517510697,1.0,0.6129125583197712,0.612927770710711,0.6129131850604185,0.6129283974669139,1.0,0.9995171099078279,0.652485765832061,1.0,1.0,0.9506604392292017,0.619881334233988,1.0,1.0,1.0
1037,48.180862506574556,48.180936731172324,46.824593605012666,46.8244674205217,46.82459519685432,46.824594338544586,48.461202934402564,48.17914904444487,46.70095706976977,46.82470196814592,46.82456354293569,1.0,0.5075629934314703,0.5075309711526796,0.5075121358610981,1.0,0.5075633974115878,0.5075445609166156,0.5075631795883329,0.5075443431014443,1.0,1.0,1.0,1.0,0.8684659105868078,0.41473192459149133,0.47754542755888263,0.9991065559952556,1.0,0.9400529612571744
1038,46.90033011182217,46.900357096368026,46.87415092488402,46.874176707606665,46.83255356558777,46.76865060518264,47.233128921734306,46.902210704568915,46.84558888107722,46.83354416231603,46.87598805379409,1.0,0.9869957026899004,0.9870084264901409,0.9869951095929069,1.0,0.9666795026917545,0.9666664600760584,0.9362808881749813,0.9362682557029219,0.9486169854876734,0.9486047566021806,1.0,1.0,0.8475045181572926,0.8238473506263639,0.9720860868301142,1.0,0.979416121121118,1.0
1039,43.9749609110452,43.97507683176994,41.12783527853969,41.12787196027429,41.01337878470494,41.52860570810651,41.042497599992004,43.97520499547744,41.01592532842233,41.013403970901436,41.5275901986671,1.0,0.24085436656654383,0.24085878408503,0.24084482422718773,1.0,0.22745768379928427,0.2274445006515613,0.2942935320261272,0.2942764751606839,1.0,1.0,0.2307935581899235,0.9582286652301955,1.0,0.9868017353308671,0.2277196906133735,1.0,0.9443784932852429,1.0
1040,44.70781191920838,44.70780558330253,44.70785223647309,44.70783750650091,44.70786916943382,44.707832109800535,42.77307554146799,44.71037045044761,44.707088576861224,44.707842449971935,44.7097181757899,0.9999968320520922,1.0,1.0,1.0,1.0,1.0,1.0,1.0,1.0,0.9999899367143589,0.9999973016534537,0.38008202706070837,0.3800743652040877,1.0,1.0,0.9983604088074696,1.0,1.0,0.9996097798693894
1041,41.877086310269476,41.87719001069834,41.87723345408341,41.877325925028316,41.87724144283766,41.87709326026928,42.79595545977793,41.87717286892553,41.86766963608238,41.87732045176861,41.87732569590497,1.0,1.0,1.0,1.0,1.0,1.0,1.0,1.0,0.999951625955529,0.9999299055496644,0.9998836743868292,1.0,1.0,0.6316680277250493,0.6286737031262808,0.9952596546487359,0.9999914291503222,1.0,0.9952255308096879
1042,52.11825415558411,52.12098680628557,51.830742173360875,51.830735414137905,51.830710058804186,51.83071465398888,51.91208493357698,52.11960748119071,51.83333771380069,51.83073544316119,51.83074322839417,1.0,0.8660990581457936,0.8660961310724158,0.8649135700378938,1.0,0.8660851510637985,0.8649026050212962,0.8660871409766983,0.8649045922171842,0.9999862404086655,0.9999896199793591,0.9020506468420278,1.0,1.0,0.961391456685814,0.8666371657883483,0.9993105752151231,0.9999839428505731,1.0
1043,48.844438720622094,47.52503302621324,48.53063349651802,47.18367568780042,48.53063435040289,48.530651587895306,50.06602747000403,47.52642598073243,47.18367697814128,47.183676247148384,47.18367549638313,0.5170049411318293,0.8547873007454041,0.4358829580933613,0.8430924415134692,1.0,0.8547876656904537,1.0,0.8547950329201536,1.0,1.0,1.0,1.0,1.0,0.28088758456071267,0.2366494738562859,0.8425059947964167,1.0,1.0,0.5099315968254686
1044,39.84042894358953,39.446010950969736,38.566413440708516,37.88021265844719,38.556465321259196,38.56591470738752,37.87979415955945,39.44601026967371,37.88857463801011,37.880213102219585,37.88021208382736,0.8210190254339053,0.5288725769654778,0.37527051393869965,0.4570789498335567,1.0,0.5262484648364639,0.6409698783269288,0.5287407102193994,0.644005429642708,0.9997506644287837,1.0,0.3751919970074557,0.7094185127922532,1.0,1.0,0.45899414920550563,0.9999996593520434,0.9950382904251334,0.716092921633324
1045,58.16869517417223,57.89077353926996,57.789580590809976,57.52277894868979,57.78961110250731,57.78957981142284,57.7777700643544,57.89062556077235,57.52274962289033,57.52272653469487,57.52274027690396,0.8702621268785273,0.8273253166814193,0.7240041802832342,0.8319380539747331,1.0,0.827337938327525,0.9506767131129058,0.8273249942781274,0.9506618393765939,0.9999996103065079,1.0,0.8224541398577745,0.9941121385681945,1.0,0.8802844186370853,0.8319874112862113,0.9999260134883328,1.0,0.875088075646486
1046,33.97317842012626,33.8802276384595,33.56428404071056,33.563199156377664,33.71980692902679,33.81071316008217,33.780930814564954,33.87935832856019,33.76143761508368,33.71880602874995,33.562975390942256,0.9545880518973416,0.8150977863331321,0.8146557628209805,0.8534108102461251,1.0,0.8810104905666294,0.9229221849315321,0.9219791864569564,0.9658398558670708,1.0,1.0,0.9083515526591787,1.0,1.0,0.9903007444228943,0.9427441418690824,0.9995654394991205,1.0,1.0
1047,42.073200064984235,42.07438890134719,40.35655318733532,40.357740071047544,40.35526534925856,40.34844148026838,42.41092656764715,42.074688973141605,40.361787837375914,40.357972303180844,40.358102793821985,1.0,0.4238721344925581,0.4241237526117825,0.42387172065564294,1.0,0.4235992830118782,0.4233475627173665,0.4221564528268147,0.4219055899219484,0.9959523603319727,0.9953614958538559,1.0,1.0,0.8452534149363897,0.35895100894670195,0.4246667361571268,1.0,0.9993562882329914,1.0
1048,71.72462874461655,71.7245688804301,68.47670388210688,68.47813295646458,68.47671710082435,68.7155006643616,68.50427932956654,71.72485514634423,68.58750005189452,68.47813073370139,68.47818896676972,0.9999700683547336,0.19711609063313476,0.19725698774055792,0.19726289214346993,1.0,0.19711739344839557,0.19712329367289552,0.2221141055645483,0.2221207540041635,1.0,1.0,0.19985269525518942,1.0,1.0,1.0,0.20832049428917518,1.0,1.0,1.0
1049,65.5613523876851,64.27934265369393,64.24959061649514,62.850383960257346,65.56136152605134,65.56139205256491,63.85806982971306,64.27932413230499,64.27941554375448,64.27935178945586,62.850230386264116,0.5267628314187427,0.5189846950305084,0.2578224230690519,0.4894468775912926,1.0,1.0,1.0,1.0,1.0,1.0,1.0,0.42671400017225203,0.8222092178405522,1.0,1.0,1.0,0.9999907393484111,1.0,0.5267796226978614
1050,50.94982124041303,48.58992183067738,50.56223846917038,48.13857276011174,50.562080549960285,50.67502111887177,50.658767947703296,48.589381374568035,48.13800200116816,48.138378139611945,48.13819758343308,0.30729419361455695,0.8238297490745428,0.24521393628149488,0.7979777730166612,1.0,0.8237647023709938,1.0,0.8716214548209874,1.0,1.0,1.0,0.8645668522118672,1.0,0.3553353503378502,0.2835454153892864,0.797965682614166,0.9997298084536379,0.9999210435121795,0.29758979297927934
1051,49.65926986352787,49.65929002351132,46.85065805634045,46.84961095676542,46.84959319726437,47.15596447137949,47.16664967097594,49.66394251403895,46.8515737480725,46.84963044933008,46.84961106368368,1.0,0.24553742396393125,0.2454089065433574,0.24540643283607766,1.0,0.24540672738316602,0.24540425369785224,0.2860316825719353,0.28602879938947323,1.0,1.0,0.2875639248154693,1.0,1.0,0.8542443846359908,0.24507661991461693,1.0,0.9994677121774138,1.0
1052,56.140516130568756,55.35093998717542,55.77879488337163,55.006015664873075,55.77879536431942,55.77881364729416,56.461486185679775,55.35110454409039,55.00605334475898,55.00633250954857,55.00601408367078,0.6738228262463439,0.834551667398473,0.5670826419665842,0.8415901330111123,1.0,0.8345518680863873,1.0,0.8345594971666177,1.0,1.0,1.0,1.0,1.0,0.5739627267224037,0.4830107250708823,0.8415367454766616,1.0,1.0,0.6795183709458172
1053,41.733315159888605,41.73275204795303,41.733355392106546,41.73377145992032,41.73334182833253,41.733321807121115,38.95290391380763,41.73260619372462,41.688615790285354,41.73277703900624,41.73388739994604,0.9997184836653733,1.0,1.0,1.0,1.0,1.0,1.0,1.0,1.0,0.9999832076482776,0.9997751988719588,0.24902409427541466,0.24901908492998237,1.0,1.0,0.978244928933385,0.9999270755449139,0.9999932181359876,0.9778851796860738
1054,54.92628327182035,54.92687231001105,54.06179794894942,54.06254147200414,54.12745824076654,54.78268014500921,55.28245902952676,54.9261920451288,54.13527105671355,54.12826273336495,54.06306383753102,1.0,0.6490518577185447,0.6492931950857017,0.6491019939988367,1.0,0.670713964353808,0.6705164553703002,0.9307155655151883,0.9304414923706747,1.0,1.0,1.0,1.0,0.8368307056611313,0.5634965959607083,0.6733698849106193,0.9996599253973567,1.0,1.0
1055,43.686119059704225,43.68744745828957,43.68617659795646,43.686154064900194,43.686202598591905,43.68612459183288,43.76445379726667,43.68761718819076,43.686301235809424,43.68615501180224,43.6861540714869,1.0,1.0,1.0,0.9993535123685507,1.0,1.0,0.9993777638204424,1.0,0.9993387854703921,0.9999739972762858,0.9999852635749248,1.0,1.0,0.9623103179146559,0.9616773488995423,0.9993422402281985,1.0,1.0,1.0
1056,62.33147183508757,62.332004627303604,61.881969087736906,61.88246307727911,61.882367366377224,61.882704215606964,61.77837862083385,62.33264262024815,61.96770459864962,61.882874510565955,61.88305806278916,1.0,0.7987147755942402,0.7989120783327843,0.7986992796101027,1.0,0.7988738469498082,0.7986610584104618,0.7990084083012143,0.7987955839200217,1.0,1.0,0.7583982715434996,0.9495232775420419,1.0,1.0,0.8332104640545797,1.0,1.0,1.0
1057,34.38971565817715,34.38990606058775,31.944317737961228,31.944341770090716,31.944319355338223,31.95336731149189,31.974594571297473,34.389689268245235,32.061522273028345,31.94506645470139,31.944341781650934,1.0,0.29443442679928544,0.29443796476367695,0.2944099352487891,1.0,0.29443466490511605,0.2944066357043636,0.2957696984284611,0.29574154213695797,1.0,1.0,0.2989256067396449,1.0,1.0,1.0,0.3122086709422847,0.999891609703396,1.0,1.0
1058,36.75930631718623,36.76145503459935,36.380818614639,36.38298931501092,36.333682710273564,36.11484261808616,36.980326618179674,36.759334965609185,36.334865295798494,36.3336912881081,36.38083308747446,1.0,0.8275846745103115,0.8284833813082622,0.8275937709402043,1.0,0.8083082437207662,0.8074402970480579,0.7245301888568485,0.7237522015338437,0.8754755992618627,0.8745259171194713,1.0,1.0,0.8953900672844226,0.7241688748860126,0.8087747467227363,0.9989405271430128,0.9767076030003198,1.0
1059,44.14362204438197,44.14421733727909,44.14381149925046,44.14425109111295,44.14366005032582,44.14362242946214,44.825637965053204,44.14470177320479,44.25437670355129,44.14435966026187,44.14443207261701,1.0,1.0,1.0,1.0,1.0,1.0,0.9997213953408545,1.0,0.9997025903265545,0.9999054695741224,0.9996857185713542,1.0,1.0,0.7114372239427341,0.7515401605102293,1.0,1.0,0.9999242784047045,1.0
1060,38.48279046898449,38.48278533539016,37.603622564159224,37.60482778661856,37.603705370238856,37.60362223072187,37.604747098447916,38.48279023531754,37.60367179507708,37.60362134956509,37.6036221138242,0.9999974332061301,0.6443044266299742,0.6446928087227375,0.6446944635205343,1.0,0.6443311033440483,0.6443327572134199,0.6443043192124008,0.6443059730130228,0.9999998332813359,0.999397403685786,0.6446667997057155,1.0,1.0,0.999462492823348,0.6443203619525076,1.0,1.0,0.9999832125600208
1061,44.70093202561077,43.39059564266242,44.56249331612079,43.25466200646764,44.44044386642079,44.33550507758005,44.95487474387812,43.3909260428249,43.13609828444052,43.13569981426082,43.25510554924114,0.5193547042074663,0.9331219728948702,0.48522867245084955,0.9342914746315951,1.0,0.877881131897495,1.0,0.8330067996400988,1.0,0.8927094461786393,1.0,1.0,1.0,0.45750185001476795,0.40277055173166265,0.8803692306788736,1.0,0.9407999783500984,0.5209127118032657
1062,51.59225189387635,51.44809706532331,51.545299590293126,51.39793546402444,51.545500485758936,51.59225641954467,52.056549765169734,51.44715415331595,51.44743093866205,54.15510611829791,51.39871783236771,0.9304588622233763,0.976797269255905,0.9074124285853176,0.9752311095377306,1.0,0.976895391255093,1.0,1.0,1.0,1.0,1.0,1.0,1.0,0.7373461623674256,0.7374482127351483,1.0,0.9995286551142384,1.0,0.9521480195575476
1063,45.414612910556826,45.41673866708928,43.92362269090924,43.92365131396522,43.92311668686992,43.922224356679294,44.071579567382685,45.41472484113282,43.84084949095583,43.92572420103568,43.923653243321894,1.0,0.47449931250141575,0.47450610336020205,0.47400202906800903,1.0,0.4743792784020996,0.473875338837786,0.47416767413486693,0.47366395936064654,0.999301077245401,0.9992867758224003,0.5109330721680791,1.0,1.0,0.8910408205834861,0.4552367457193651,0.9989935937885419,0.9997470299826504,0.9597009073022605
1064,49.65857520242895,49.65733567990907,49.657915248099954,49.65730588866501,49.6578405883686,49.364703385356705,48.30377491309508,49.65701185040055,49.60865529819347,49.65797023181344,49.657022599035486,0.9993804307523996,0.9996700772719792,0.9993655444701093,0.9999851044889092,1.0,0.9996327604187943,1.0,0.8633493089642101,0.8638845452619317,0.8636342415291877,0.8638974134554352,0.5079358369146645,0.5081034717981969,1.0,1.0,0.9761116768590454,0.999838098353228,0.9999626708310739,0.9757072902436322
1065,47.607842743721136,47.331824640098745,47.32849387396695,47.34759836793603,47.3278717765055,47.32180036788108,47.28706079465525,47.33167937944515,47.03555500746896,47.03575915708183,47.03646117913999,0.8710908067605947,0.8696413141973546,0.8779881448450598,1.0,1.0,0.8693708554354974,0.998025520058588,0.8667357043741477,0.995000403686221,0.9966588410925616,0.9871838355255949,0.8518106875676438,0.9794965736578789,1.0,0.8818327263790483,0.8623774854785163,0.9999273723107202,0.9996889996399185,0.864020844821521
1066,48.15950515811002,48.15952578891557,48.15951563554597,48.1455970668714,48.15992019708793,48.15951825461789,48.959351596660326,48.1595659160856,48.16553769232732,48.16106011195299,48.15956549018705,1.0,1.0,0.9930700778050736,0.9930598339400717,1.0,1.0,1.0,1.0,0.9999962328582557,1.0,1.0,1.0,1.0,0.6703918811879948,0.6723965877677187,1.0,1.0,1.0,1.0
1067,18.042501224888895,18.0427571570103,17.791819370850448,17.79183458602219,17.79185308616468,17.791823440042464,17.94603150977599,18.043722381193646,17.793513288153633,17.791838918069544,17.79183627906184,1.0,0.8821960868271466,0.8822027982351615,0.8820899134411957,1.0,0.8822109587116392,0.8820980728734764,0.8821978817416092,0.8820849975767476,1.0,0.9999944270256658,0.9529099626897536,1.0,1.0,0.926576089570084,0.8824046454271801,1.0,1.0,1.0
1068,48.33619141939198,48.3376466950115,48.336196000719724,48.337648098972466,48.33619746316759,48.336200075759876,48.70406566986264,48.339005117359164,48.48661568695053,48.337653954595424,48.339018044001705,1.0,1.0,1.0,1.0,1.0,1.0,0.9992756465487631,1.0,0.9992769518995371,1.0,0.9992762504268663,1.0,1.0,0.8331594186021715,0.8969770599374953,1.0,1.0,1.0,1.0
1069,47.11275489214489,47.11292161784445,46.058271062437285,45.9482897485434,45.948286226149975,45.941642762425374,46.40432585756099,47.11292631534184,45.96033620346873,45.94828973837582,45.94828975296281,1.0,0.5902306331307732,0.5586497475953084,0.5586031789013972,1.0,0.5586487637040751,0.5586021950921807,0.5567961609341223,0.556749746754037,0.9433535463598292,0.9966820236307903,0.7017244191862791,1.0,1.0,0.8009195074436074,0.5619766061982712,1.0,0.9464923240951124,1.0
1070,40.14914281608253,39.89367288916043,38.409654107455054,38.10466137084819,38.40965844879457,38.4096884857949,39.077442376034526,39.893874154462424,38.10337238167068,38.1037498202887,38.10390682614633,0.8800866033441365,0.4190586660953536,0.35978785150360193,0.40880959911954884,1.0,0.41905957573431485,0.47615720332746825,0.4190658694278826,0.4761643545482047,1.0,1.0,0.5851715540094671,1.0,1.0,0.6144455287063896,0.4085050974117196,1.0,1.0,0.858006989238319
1071,28.793312888427664,28.79301727015894,27.82846734221053,29.222181540233436,27.739085631993987,27.00337088945915,27.343267389297637,29.22401098879118,28.70634916954552,28.707474665215955,29.222182124564824,0.9998522017888705,0.6172860346552005,1.0,1.0,1.0,0.590306356690788,0.5903936158110672,0.4086194486437723,0.40867985079464464,0.6619612719280394,0.32975499970660127,0.4843135509074217,0.7845853035990783,1.0,1.0,0.7719535419242107,1.0,0.9562930692584312,1.0
1072,57.61703995550948,57.619153365756574,56.17400941749668,56.17402720081188,56.17494588904657,56.17347188864315,56.24596175299527,57.62266702087385,56.17628254171174,56.174026357021006,56.1740339828327,1.0,0.4860152538719451,0.4860195753723836,0.485506267252369,1.0,0.48624287688743795,0.48572933292819653,0.4858846478127571,0.4853714821960805,0.9997312716871593,0.9997223824585191,0.5038185471371187,1.0,1.0,0.9657603063400318,0.4852009036039342,1.0,1.0,1.0
1073,57.35777369228305,57.154207683593086,56.65718081764396,57.35738355343133,56.66088506816757,57.35777960964293,58.43034707239366,57.35686326529026,57.260724540915845,57.35708814426573,57.113427655074844,0.9032255264200089,0.7044792248294872,0.9998049495989466,1.0,1.0,0.7057852176560278,0.7814053046678738,1.0,1.0,1.0,1.0,1.0,1.0,0.5846499987395584,0.5572110166982067,0.9530676779260969,1.0,1.0,1.0
1074,47.23098652335335,46.8440788495796,47.19983457334476,46.84407831781891,47.199830806980486,47.19972269498169,46.842717365919924,46.84407891806762,47.01946237849492,46.8440760118645,46.844077118804336,0.8241078787022561,0.9845447031221165,0.8241076595881978,0.99999973411969,1.0,0.9845428490468648,1.0,0.9844896300376245,1.0,0.999944062383031,1.0,0.8235470649032863,0.8364750348985819,1.0,1.0,1.0,1.0,0.9999981168196367,0.9137628416361019
1075,21.421578146253864,21.423332274150255,21.421580706361567,21.423348783503513,21.421579153429434,21.421577932170436,22.36640193586919,21.41541271292337,21.199185778046683,21.419165259711093,21.42609658879229,1.0,1.0,1.0,1.0,1.0,1.0,0.9991238237063949,0.9999998929582916,0.9991232136121013,0.9999986129053965,0.9991149662070999,1.0,1.0,0.6215775410378591,0.557881849141172,0.8975257507046775,0.996048048979911,0.9999992235342349,0.8947627428022685
1076,36.72849822736259,36.72916648865791,36.11350652311717,36.1141626387988,36.3038234587153,36.30382437231464,37.54009952610198,36.729743826580034,36.4117390326214,36.30455314603827,36.114785903259644,1.0,0.7352859174172316,0.7355271732984614,0.7352814521814408,1.0,0.8086918115954704,0.8084216480141855,0.8086921810057062,0.8084220173010106,1.0,1.0,1.0,1.0,0.6668581997398798,0.5688262528604296,0.8529943143569512,1.0,1.0,1.0
1077,23.584131180218947,23.586708856008272,21.437200068396862,21.437234046418155,21.437191474293257,21.43722682740443,21.491267189471273,23.58422477071221,21.441536247064022,21.44002941454457,21.437234628563743,1.0,0.3418218596257469,0.34182766689028904,0.3413873902233282,1.0,0.34182039080266474,0.34138012350736097,0.34182643306320626,0.3413861579854244,1.0,0.9999963904996519,0.3511885587391539,1.0,1.0,0.9754411281228637,0.342547733939609,0.9987587283676949,0.9999957029574299,1.0
1078,43.32545020896737,42.67061750389709,42.52390610833501,41.83658928442429,42.523906243533276,42.52390638121247,43.12378040206261,42.670620696920935,41.836513676493894,41.83653064712675,41.83651894226472,0.7207835804732069,0.6698027249568048,0.47500475604489045,0.6590116213982586,1.0,0.6698027702348888,0.9292702946911632,0.6698028163438432,0.9292703586617581,1.0,1.0,0.9040822814287435,1.0,0.797255676855685,0.5253800556409645,0.6589856565374645,1.0,1.0,0.7091442741487516
1079,28.050543762865004,28.052963495889742,25.276371023110528,25.28088522467067,25.276275809705567,25.4371434686945,25.050181180271494,28.053469832841643,25.84916011055526,25.280437020071986,25.28086869559047,1.0,0.24980207619970077,0.25036654144859205,0.25006381452078896,1.0,0.24979018422965102,0.24948815419548726,0.2707118935406548,0.2703845663371988,1.0,1.0,0.2230897122588873,0.8930658850110651,1.0,1.0,0.3321545650105242,1.0,0.9999523944307005,1.0
1080,44.30079439489282,43.880526051032604,43.37184753613218,42.909213397160556,43.371849939776126,43.37184729271951,45.15629741535457,43.88052387443369,42.90922641056375,42.90922054809883,42.90920556591067,0.8104754956131763,0.6284659497800993,0.4986800860917394,0.6152932306910233,1.0,0.6284667050847412,0.7754296193856747,0.6284658732918162,0.7754285930833007,0.9999998782936718,1.0,1.0,1.0,0.5284078921745097,0.32512826843885106,0.6152979038615034,0.9999989117011363,1.0,0.7934920447338034
1081,20.39497376363599,20.39622858627638,17.187712966993757,17.191355244601027,17.187709623599687,17.40284036862471,17.26582453194439,20.39654316952337,17.709917468372595,17.18926951495382,17.191346351478302,1.0,0.20116488208314817,0.2015315650447801,0.20140516151714286,1.0,0.20116454579669235,0.20103837246886364,0.2240095268377914,0.22386902480571355,1.0,1.0,0.20917697482101624,1.0,1.0,1.0,0.260979648296451,1.0,0.9999983283043623,1.0
1082,30.794664308606173,29.166044569159965,30.79466577865645,29.166047220122095,30.79467037919926,30.794698353926293,35.924761790595255,30.764015318069426,29.16631833391014,29.16605704307844,29.16631237786487,0.44294491159724625,1.0,0.4429454987127285,1.0,1.0,1.0,1.0,1.0,1.0,1.0,1.0,1.0,1.0,0.07574572769396179,0.03407396321768986,0.4498466679910992,1.0,1.0,0.4430042024474844
1083,39.209459714475514,38.41336341342421,37.151743742637336,37.14797314575094,37.151286495755926,37.15128616341926,36.566984866637654,38.494661485774856,36.900616099305836,36.567416885300275,36.567416886408154,0.671629687560919,0.35741490043730134,0.35674170147181045,0.5311583273922099,1.0,0.3573331963530943,0.5320390134194046,0.3573331369756374,0.5320389250113753,0.9997712365613074,1.0,0.2668049467904589,0.7464852373642508,1.0,1.0,0.4506687477657859,1.0,0.9997714026916421,0.8822011407614296
1084,64.90184978443611,64.90313814599159,64.03968785065447,64.03970154804927,64.0398508095233,64.07364234881015,64.09674661097614,64.90264082360059,64.04108301776989,64.03970156479804,64.03970194125066,1.0,0.649806295849336,0.6498107461912618,0.649392285396067,1.0,0.6498592438558577,0.64944075182946,0.6609323972480687,0.6605067744061204,1.0,1.0,0.6686118465377007,1.0,1.0,0.9725519395839889,0.6500026085703523,0.9997513697181334,1.0,1.0
1085,33.18523426183435,33.18549710413876,32.023615417689854,32.02398144945886,32.11325119344906,32.77658852257778,33.67575110593668,33.18565998750444,32.11665205456694,32.11441445537065,32.02495043117628,1.0,0.5594453558324637,0.5595477525889228,0.5594742210104724,1.0,0.5850888668203713,0.5850119788198174,0.8151991256539074,0.8150919982850933,1.0,1.0,1.0,1.0,0.7826688796489446,0.4586125579577055,0.5859598738145941,1.0,1.0,1.0
1086,39.80172047969799,39.80231040356122,38.65431993225954,38.654344711642466,38.65431993785856,38.654319945428426,37.33520193277914,39.79690153433589,39.57925099827551,39.79872380243464,38.65680799315956,1.0,0.5634367066046495,0.5634436874548484,0.5632775175245469,1.0,0.5634367081819962,0.5632705403100109,0.5634367103145665,0.5632705424419522,1.0,0.9999876169696506,0.2913414670468204,0.5170793163308192,1.0,1.0,0.8968871186604281,0.9972992190761568,1.0,1.0
1087,46.81599649151312,46.06251978795501,46.71145399052958,45.89444924438453,46.815996396413425,46.81607849952894,45.83280458161801,46.0623466903711,46.40514547645847,46.062341443727775,45.894443957590056,0.6860955660973573,0.9490713958420529,0.6307954584638571,0.919398826685242,1.0,0.9999999524501544,1.0,1.0,1.0,1.0,1.0,0.6116494498465512,0.6444714828897273,1.0,1.0,1.0,0.9999134549532832,1.0,0.814300790304245
1088,31.172759436578588,30.822862750070186,30.32212255911884,29.92943549380027,30.322122580063393,30.322448839204128,29.965331648780506,30.822864350840746,30.12202033391901,29.92943361187065,29.92943555861123,0.8395003855071697,0.6535616326535042,0.5370511318603415,0.6397270818832219,1.0,0.6535616394977829,0.7785126139077887,0.653668263423764,0.7786396226951838,1.0,1.0,0.546777188107426,0.836611515715012,1.0,1.0,0.7043907681231066,1.0,1.0,0.9047911611497231
1089,30.37996882895783,30.382273869559327,30.379969994148297,30.376746842942907,30.380080835984472,30.379972475831977,35.26209188825334,30.366755400305436,29.98618735362473,30.380006745241104,30.38857546242548,1.0,1.0,0.9983903039452204,0.9972403016796266,1.0,1.0,0.9989040841674326,1.0,0.9988499649340936,1.0,1.0,1.0,1.0,0.08649503686497657,0.07150754807909078,0.8267242915997358,0.9922707905264616,1.0,0.8212343701215635
1090,39.05405894961956,39.05438437374852,36.61672319096377,36.61688134388004,36.6170602994367,36.61719821000551,38.623251007120246,39.055105697211815,36.565351031016974,38.57813729354581,36.617307536453524,1.0,0.29562371119843733,0.29564708899876424,0.2955989875640039,1.0,0.29567354402700907,0.29562543828804655,0.29569393298328356,0.29564582392706185,1.0,1.0,0.8062156864258434,1.0,1.0,0.35738201901686045,0.28797623111653303,1.0,1.0,0.9744767348938475
1091,56.13118067918239,55.80521730008101,52.84255999974795,52.84242654846108,52.84246521704745,53.310265789124514,53.09084233442775,55.80517403387847,53.09237548750377,52.8423557656881,52.84242138782923,0.8496067449534026,0.1931457218043603,0.19313283446175897,0.22732026977063544,1.0,0.19313656858470235,0.2273246648898663,0.24403162656253297,0.287228918569752,1.0,1.0,0.21867489007186375,1.0,1.0,1.0,0.2575866081271523,0.9999783671327244,0.999952609772702,1.0
1092,39.56846357636351,39.56838414087207,34.07224458939058,34.071621005925834,34.07224555930401,34.072251709644945,39.19986831903739,39.56785343797833,34.0562887739751,34.071643434977915,34.07152031820718,0.9999602830430175,0.06404883155630285,0.06402886477305623,0.06403140790572955,1.0,0.06404886261722133,0.0640514065441797,0.06404905957869503,0.06405160351347641,1.0,1.0,0.8316882327295818,1.0,1.0,0.07639868671656606,0.06355927575775738,0.999734683755711,1.0,0.9920533502350958
1093,46.305595575629184,46.30742411803365,45.08568568072005,45.08571112072781,45.085694032473725,45.08573834073758,45.15661244725126,46.30885146057719,45.088441555083705,45.0857113789817,45.08574381281767,1.0,0.5433753489656507,0.543382260746157,0.5428856890285526,1.0,0.5433776180389231,0.5428810505640727,0.5433896562317063,0.5428930777557124,1.0,1.0,0.5629910408571979,1.0,1.0,0.9664889184161278,0.5432395192325563,1.0,1.0,1.0
1094,51.143552778097984,48.808742196538674,50.523590543261605,48.066907008457974,50.52310780825022,50.521198393821294,52.71938801605961,48.808888610223704,48.0651419031453,48.06618568760433,48.109158387445035,0.31117329890908185,0.7334608057272006,0.21474094489160897,0.6901008076350136,1.0,0.7332837934853589,1.0,0.7325840562327213,1.0,0.9988046402921147,1.0,1.0,1.0,0.14152913204423972,0.09757606449620061,0.6894415523278974,1.0,0.9997586616210987,0.2925900043237917
1095,40.51874908280183,40.51964761957029,40.32809480733431,40.32860188720829,40.328103311951764,40.32808620482987,40.73595885272226,40.519463940547894,40.37797370302215,40.32858572636971,40.328624211200605,1.0,0.9090754929221347,0.9093060090866232,0.9088975783995175,1.0,0.9090793586000061,0.908671029716928,0.9090715827675635,0.9086632573771363,0.999995698757032,0.9997421920489724,1.0,1.0,0.8974055004983019,0.8361121076317557,0.9316993345455183,0.9999081647059193,1.0,1.0
1096,30.980485556964226,30.987194570721698,30.153808131654557,30.160044389689688,30.14387362312098,30.043077212758362,30.2267436443301,30.980527239039702,30.159282465171998,30.159908794415543,30.160583601326493,1.0,0.6614382073901636,0.6635038758947447,0.6612818765187103,1.0,0.6581608221738803,0.6559567160799582,0.6258126886269149,0.6237169127706426,0.9461393092125473,0.943193719528763,0.6860045927436575,1.0,1.0,0.9668319441544333,0.6632373314029283,0.9966718846534275,0.9950450621393421,1.0
1097,44.14357980547413,43.22575586269386,42.96915524188782,41.93714982452869,44.1435716836732,44.143571073137394,43.795133150766475,43.22574678445676,43.22579461072684,43.22582264696436,41.93766419726779,0.6319708739684945,0.5558747489436264,0.331802624798251,0.5250283493520499,1.0,0.9999959391077797,1.0,0.9999956338411626,1.0,1.0,1.0,0.8401092573292357,1.0,0.7522450203600393,0.7522630091118758,1.0,0.9999954608917523,1.0,0.6319856843269829
1098,53.65014831434408,53.64970970315781,50.74506007862692,50.55462960802765,50.745059631587395,50.745315225905756,52.133851809325165,53.64928657169085,50.67613821662468,50.5546277962284,50.55462811426116,0.9997807184525794,0.23397427212368074,0.21272407977242475,0.21277073646876332,1.0,0.23397421982581273,0.2340255373077696,0.2340041229771562,0.23405544701776043,1.0,1.0,0.4685332294444662,1.0,1.0,0.4824602252335033,0.22614606627373637,0.9997884566449718,0.9999997764802623,0.966126300476371
1099,35.943001190575416,35.62547382457595,35.07867909471071,34.76804088504588,35.07866383148837,35.12259043500609,34.62660435058547,35.62550897909816,34.76802552911323,34.76802559346356,34.768174055961396,0.8531979603298975,0.6491048312760046,0.5557258661761083,0.6513445788844024,1.0,0.6490998775792267,0.7607846100900733,0.6635139651135921,0.7776787990175666,1.0,1.0,0.5177833227951577,0.7976882898518932,1.0,1.0,0.65132812923665,1.0,0.9999923684179519,0.8561418951741735
1100,37.12651396091928,37.12882554877126,37.12654035425467,37.12879818981105,37.12654425333025,37.126517992454865,36.198882673907235,37.12919062149615,37.12708994317407,37.128803643755845,37.129216609260254,1.0,1.0,1.0,0.9999863206134586,1.0,1.0,0.9988600025708323,1.0,0.9988468871879095,0.9999888191626023,0.9988605509874874,0.6288794817971897,0.6288711827384086,1.0,1.0,0.9989502122520628,1.0,1.0,1.0
1101,36.55875395707082,36.55944881165797,34.94604021763786,35.9764275526731,34.94615222825183,34.94631310623021,37.18120011277105,36.56002588590408,34.73490571373338,36.4092938000648,34.947199480245445,1.0,0.4464816978708884,0.7473936917702393,0.7471340719047966,1.0,0.44650670391567104,0.44635160224480297,0.4465426219081833,0.4463875077605918,1.0,0.597466404687635,1.0,1.0,0.7330164660491898,0.29430247925952946,0.4014950453238251,1.0,1.0,0.8997635636209377
1102,29.487814446913546,27.902676942504968,29.487758058574684,27.902671270217184,29.48776303296276,29.487995218062963,26.909133352995042,29.486008100409947,27.9026762156428,27.902676256241733,29.471451040505173,0.45268047652748156,0.9999718062280207,0.4526791926623335,0.9999971638601297,1.0,0.9999742933550286,1.0,1.0,1.0,1.0,1.0,0.27545237111249604,0.2754601373727984,1.0,1.0,0.4530893454450028,1.0,1.0,0.45269194920057454
1103,50.74025411278109,50.74266215282822,49.80867464649293,50.73880299934547,49.80993389862604,49.825785814268045,50.806151098758534,50.74022545307503,49.80700559697448,50.7426936397039,50.74288185325233,1.0,0.6276392419037211,0.9992747064348169,0.9980722836950146,1.0,0.6280345443641242,0.6272788332341794,0.6330320987128684,0.6322703740483537,1.0,0.6334915660693362,1.0,1.0,0.9675745305918173,0.6067898547624373,0.6271246664495127,0.9987823920102927,1.0,0.9985369205201035
1104,27.014532483605308,27.016891286113434,26.56162634011085,26.561662119318015,26.3844487838831,26.39126446265496,29.326521932821606,27.014666689186043,26.56664552447029,26.384484773358395,26.56167696894329,1.0,0.7973567599945881,0.7973710245185319,0.7964311584807979,1.0,0.729758333345105,0.728898162794415,0.7322494748298438,0.7313863679556549,0.9183461049917152,0.9183296762908965,1.0,1.0,0.31476541816712866,0.25159410004419386,0.7993066757753124,0.998888319910947,0.9152218554591024,1.0
1105,46.481393613776476,46.48425942533237,46.481399095442924,46.48142184714089,46.48143200229356,46.481610300816214,47.16561893386961,46.48143744882347,46.487747018691834,46.48464329009815,46.481448584939045,1.0,1.0,1.0,0.9985822169096856,1.0,1.0,0.9985872872999891,1.0,0.9986763145873228,1.0,1.0,1.0,1.0,0.7102837488453121,0.7125280796442366,1.0,0.9985900067214568,1.0,1.0
1106,57.013959603293586,57.01521681197312,55.09351461946113,55.6575339635076,55.657490311982826,55.65762800080972,55.73697498848432,57.01888036368919,55.65926130584967,55.657506867407335,55.65750706216727,1.0,0.38280770487960575,0.5075232177289811,0.5072042866830063,1.0,0.5075121407687062,0.5071932166835684,0.5075470813470735,0.5072281353050383,1.0,1.0,0.5280880185316232,1.0,1.0,0.9618884019666751,0.5067134974418139,1.0,1.0,1.0
1107,40.511671562804224,40.511709660281525,39.544981916227954,39.687020896459074,39.68699450432072,39.68699908243437,39.7689267587281,40.51172792163908,39.689656187260624,39.6871092468661,39.68952785438432,1.0,0.6167171282765219,0.6621088350410749,0.6620962228230418,1.0,0.662100097864734,0.6620874858131315,0.6621016134512152,0.6620890013707428,1.0,0.9999890930471284,0.6897870156314387,1.0,1.0,0.9611399166758477,0.662963152549443,1.0,1.0,1.0
1108,44.6368177539411,44.163202632910554,44.46204452643161,44.020708694711146,44.46200296856816,44.46200695060409,45.30010783465127,44.163362909290214,44.020699243699596,44.02070504241598,44.02069378550519,0.7891431357048059,0.916322764158445,0.7348752444523441,0.9312318782270169,1.0,0.9163037241481047,1.0,0.9163055485270992,1.0,0.9999812122627318,1.0,1.0,1.0,0.5664466018665095,0.5274483698541994,0.9311528538015652,1.0,0.9999792212841533,0.801995836573243
1109,46.30925294196345,45.521994334883885,45.46454091830418,44.6697385928388,45.46454965040081,45.46485245912362,45.749774697670915,45.521700341484916,44.67014997604889,44.66996331274672,44.66971819992878,0.6746040832412249,0.6555006318687087,0.4405386155011697,0.6530328328054928,1.0,0.6555034938223863,0.9716862232332373,0.6556027474237907,0.9718333519030308,1.0,1.0,0.7559809344166022,1.0,0.8922247840497814,0.5828576090429263,0.6532631904679369,0.9998530141040007,1.0,0.6721996817235731
1110,51.93400978334435,51.934031250183864,51.934322911794425,51.93403194919324,51.92031405667021,51.86926548271856,53.02888207169221,51.936792282899575,51.93992436731719,51.92033497016834,51.93407002046189,1.0,1.0,1.0,1.0,1.0,0.9931755298508276,0.9931648697381835,0.9681462191103907,0.9681358276464034,0.9679946539130266,0.9681354892784518,1.0,1.0,0.5792362263363396,0.5801440453715816,1.0,1.0,0.9930200462655719,1.0
1111,44.234222664675826,44.23500368527735,44.234255848596774,44.234241471133686,44.234216512074795,44.23426754209436,44.485263600911026,44.234215455892496,44.235115535375115,44.23604674056989,44.23427034458993,1.0,1.0,1.0,0.9996189655402441,1.0,0.9999969237042161,0.9996064908437688,1.0,0.9996319961385428,1.0,1.0,1.0,1.0,0.8820345313870389,0.8824315713145424,1.0,0.9996059629605675,0.9999803319324293,1.0
1112,45.745000025519744,45.177678308381815,43.80199709080094,42.92238386521859,43.80199552469924,43.80226474283168,43.606819603922276,45.17766157425612,42.934264097816424,42.92238147407747,42.92238125588591,0.7530219823586586,0.3785142843846056,0.24382413295337596,0.3237941768839948,1.0,0.37851398798878927,0.5026599446714501,0.3785649428326796,0.502727611811433,1.0,1.0,0.3433207248637426,0.9070218457459768,1.0,0.7144246446296016,0.3257260011737722,0.9999916329721568,0.9999992169494557,0.6479992672345338
1113,21.403221452325283,21.403251072046743,21.403279422857622,21.403577055143018,21.403235903759963,21.403366460498916,21.79282808427783,21.40323542713611,21.405767075193324,21.404975146046127,21.40324432974174,1.0,1.0,1.0,1.0,1.0,1.0,0.9999924158853698,1.0,1.0,1.0,0.9998947082215175,1.0,1.0,0.8230022630343643,0.8240446987053793,1.0,0.9999921775752789,0.9999782406879079,1.0
1114,42.222717961360786,42.223021347834475,42.20102450351155,42.20103635243194,42.20102522861151,42.22271693263133,42.75999903345448,42.22323601576619,42.109894532149156,42.201038412051446,42.20188571766272,1.0,0.9892118847260197,0.9892177452898177,0.9890676990288797,1.0,0.9892122433648367,0.9890621979384403,0.9999994856354038,0.9998478039814161,1.0,1.0,1.0,1.0,0.7646160176781214,0.7224896021025591,0.9449051359092817,1.0,1.0,0.9554571630962465
1115,41.85858664435375,41.12031624160244,41.88317003210767,40.15553220946512,41.80128796281383,41.450559175606486,40.38121444457289,41.12636958801971,40.168600332215334,40.1713898479546,40.158174689550805,0.6913319351027924,1.0,0.42676267460486805,0.6173050208383813,1.0,0.9717571603466698,1.0,0.8154511713993152,1.0,0.8054892451280413,1.0,0.47774120755620875,0.471904901406501,1.0,0.899148516576498,0.6194739505793525,1.0,0.9598857282799966,0.44204490135003116
1116,58.6618316112976,57.37447374702592,58.66146965102075,57.374473427734785,58.66851693992473,58.661761798092755,60.21351245046051,57.374477467355774,57.82655192566213,57.37447469541087,57.37447793642235,0.5253561149580306,0.9998190362374932,0.5253560310872627,0.9999998403544467,1.0,1.0,1.0,0.9999650940068056,1.0,1.0,1.0,1.0,1.0,0.2418306740938783,0.30316433450326136,1.0,1.0,1.0,0.6564015836554602
1117,39.855188106140304,39.856930839819654,39.85520144924496,39.85692738449555,39.855203152796435,39.85519046292609,38.50322325710613,39.85520669625987,39.85704268296479,39.855214349189396,39.855221299525226,1.0,1.0,1.0,0.9999982723394398,1.0,1.0,0.9991365294937827,1.0,0.999130190057386,0.9999945068556525,0.999131916218192,0.5086564584846474,0.5086530649677877,1.0,1.0,1.0,0.9991382996972306,1.0,1.0
1118,34.230068471994,34.23007139354206,34.23089175552383,34.230501734797144,34.23007612369926,34.23007272803818,34.35272008442652,34.23005094603704,34.22885398762577,34.23006832331643,34.23005825751403,1.0,1.0,1.0,1.0,1.0,1.0,1.0,1.0,1.0,0.9995905700964842,0.9997855196247233,1.0,1.0,0.9405085219526638,0.9399458155603854,0.999401699847323,0.9999897762997512,0.9995922672333234,0.9993891186273023
1119,44.75958559324059,44.56029884835101,44.759624327367305,44.006821211909084,44.759636814853735,44.759590970433095,44.008708599767346,44.56026769724022,44.560317256598665,44.56034797025413,44.58678906294355,0.9051601655391237,1.0,0.6863399701790416,0.758252512990615,1.0,1.0,1.0,1.0,1.0,0.9999833216719797,1.0,0.686987970751232,0.6869746659405134,1.0,1.0,1.0,0.9999844245659035,1.0,0.9051453149852773
1120,47.01591414376446,47.01592238511671,45.3366129986932,45.336524692311656,45.33651784426303,45.337405610861026,45.34947911375758,47.0166498622026,45.338431352614435,45.3365248061169,45.33845373044511,1.0,0.4318614013015235,0.4318423336636368,0.43184055418490974,1.0,0.4318408550275179,0.43183907555488377,0.4320325845205021,0.43203080425781437,1.0,1.0,0.4346485458606998,1.0,1.0,0.9944913480035318,0.4320952388244289,1.0,0.9999524239166928,1.0
1121,33.84522065072517,33.84716667919517,32.75191347324747,32.751930659860506,32.55189308321377,32.69218518988839,32.789082621611186,33.845254079951076,32.75331647304813,32.75196926538149,32.75192805584277,1.0,0.5788837558066706,0.5788887303535966,0.5783257373230155,1.0,0.5237903428684745,0.5232809352793157,0.5618514822801526,0.561305058672023,0.9705773856051916,0.9705690451720537,0.5897426553802438,1.0,1.0,0.9822758789567941,0.5792803026449724,0.9990441574867143,0.9048281932502598,1.0
1122,35.98330998934415,36.01382408804187,35.980753878051644,35.98014588733804,35.98054248003726,35.983310245482215,35.82884438903224,35.98340191566632,35.9466330984981,36.00814186434923,36.00786398129313,1.0,0.9987227607190406,0.9984191997799453,0.9833018848346202,1.0,0.9986172022935802,0.9834968893426486,1.0,0.9848588758928838,1.0,1.0,0.9256743313919552,0.9268581510303284,1.0,1.0,0.9817835537841327,0.9849040180246581,0.9998943065787502,0.9831882311278284
1123,42.18553273669295,42.18665780775791,42.18553035655185,42.18574700024439,42.185223285201005,42.00027112255387,42.835517753452194,42.18672800458086,42.217509878156704,42.185838260897555,42.18672339719575,1.0,0.9999988099301593,1.0,0.9995446999237912,1.0,0.9998452862234389,0.999282995891928,0.9115299686017692,0.9110173448035782,0.9115310533873846,0.9114323200083371,1.0,1.0,0.7229647057278079,0.7341778790867017,1.0,1.0,0.9998464761105754,1.0
1124,49.539966415929285,49.53930856645431,49.53993273645122,49.53930949814645,49.54006119797236,49.54130166068683,49.305907170048556,49.53863011267106,49.493592401549904,49.53932202035057,49.538631865216615,0.9996711293523228,0.999983160402755,0.9996715950452992,1.0,1.0,1.0,1.0,1.0,1.0,1.0,1.0,0.8895588414245948,0.8895738214894684,1.0,1.0,0.9777328013194643,0.9996608306393107,1.0,0.9770334420397137
1125,44.81181385261641,44.120027356102526,43.97818149180253,43.227581007807885,43.97825692390796,43.97818172235361,43.30469988982898,44.119988846108726,43.22768117695122,43.22758041848252,43.227580150123146,0.7075880193292619,0.6591420720361659,0.4528852837136098,0.6400409155357235,1.0,0.6591669327421232,0.9315688150952048,0.6591421480191286,0.9315337880422905,1.0,1.0,0.47068933838039784,0.7140939083532994,1.0,0.9622227017198023,0.6400852972353595,0.9999807451884762,1.0,0.6870914549111302
1126,42.27397507851967,41.54611478113662,42.273952827680176,41.546114384696324,42.13210903357,42.08886510795065,44.63796274039663,41.54595961079377,41.392203315757,41.3923262427092,41.545959164284625,0.6949397354974105,0.9999888746421409,0.6949395977463659,0.99999980177987,1.0,0.9315242812292248,1.0,0.9115990850513318,1.0,0.9116092270302102,1.0,1.0,1.0,0.21309833251524868,0.1973296275362248,0.9260026824569569,0.9999224178382263,0.9315346448855073,0.6907668933765336
1127,37.00404565129918,36.77330536840233,36.67197285190707,36.42588177271503,36.75413890950614,36.78682759994314,36.70885153450848,36.77095462231492,36.69189432372383,36.534829243389936,36.40659850187561,0.8910362734043893,0.8470154025250664,0.7489508343871865,0.8405391079373954,1.0,0.8825380535833962,0.9904625433614236,0.8970810846116664,1.0,1.0,1.0,0.8627786943417994,1.0,1.0,0.9915572366140989,0.961240972815541,0.9988253174366376,1.0,0.9693570203545159
1128,32.822628389973744,32.8230918092855,32.609755260999094,32.609387110597,32.6097560672502,32.60975793112598,32.58763223997627,32.82186704488626,32.607305501069646,32.609387938784664,32.609225914056196,1.0,0.8990320769130986,0.8988666026331151,0.8986583506898633,1.0,0.899032439335976,0.8988241489712102,0.8990332771787614,0.8988249866198819,1.0,1.0,0.8891422233447048,0.9889994430428429,1.0,1.0,0.8982734276357988,0.9993878052680901,1.0,0.9987754672625514
1129,39.672273791270186,39.67303132552081,39.48450216288782,39.48451012468763,39.45311923841521,39.43102736309996,39.99052205480473,39.673724929755195,39.56770647889823,39.453886989057054,39.48451602725831,1.0,0.910386709548767,0.9103903337143461,0.910045573080852,1.0,0.8962129055544978,0.8958735138478614,0.8863678676109293,0.8860322041748956,0.9736168798534607,0.9736130039898311,1.0,1.0,0.8535095372525098,0.8094439180918735,0.9483712633106763,1.0,0.9844310073448959,1.0
1130,45.68812364892102,45.68811095960092,45.68808300036207,45.69018366365347,45.68808340294237,45.68808304736777,46.64028278913116,45.68846621686649,45.694188298886644,45.68811172708436,45.68814449020584,0.9999936553600767,0.9999796759270614,1.0,1.0,1.0,0.9999798772131396,0.999986221765645,0.9999796994294334,0.9999860439808108,1.0,0.9989502432376898,1.0,1.0,0.621320463337194,0.6231006320166952,1.0,1.0,1.0,1.0
1131,38.59122106045402,37.62753582490029,38.16011074119302,37.057773940941075,38.160110744665445,38.29714431807446,37.05775298125678,37.627531560917504,37.14217801918534,37.057773093620625,37.142187410838204,0.617644260342616,0.8060938051953497,0.46453259091468013,0.7521037929778502,1.0,0.8060938065948987,1.0,0.8632608524348029,1.0,1.0,1.0,0.46452772271196463,0.5762700565592247,1.0,1.0,0.784525054147319,0.9999978680108786,1.0,0.6011165943140486
1132,51.124517589525226,51.125430351732206,50.026324277570126,50.02773902002107,50.02632825742671,50.026330368597684,50.10088481458391,51.12405501385237,50.02880159804789,50.02767265033057,50.02634913407215,1.0,0.5774712300181459,0.5778798610596811,0.577616187783333,1.0,0.5774723791456287,0.5772088917938966,0.5774729887174122,0.5772095010875467,1.0,0.9992959222674366,0.5994058361637835,1.0,1.0,0.9646001573062651,0.5783207069317768,0.9993125674501785,1.0,1.0
1133,33.85725387917046,33.85818938305269,34.9059782209242,32.1486548243021,34.96631489722006,33.14246246098878,32.16081322766689,33.85664571104303,35.01758412816946,32.14865471838317,32.14857355824287,1.0,1.0,0.4255811946498088,0.42538217476950524,1.0,1.0,1.0,0.699495646175691,0.6991685322394436,0.4140544136038743,1.0,0.4281762685610565,0.2534515758138316,1.0,1.0,1.0,0.9992284617839594,1.0,1.0
1134,38.35050071677887,38.349833088439,36.994296691140704,36.99365406659976,36.9942969411822,36.99524214110335,36.81853393476749,38.349105094791554,36.9453799512944,36.99365295783383,36.994552129231835,0.9996662415398164,0.5075794580075316,0.5074163926982793,0.5075858037545515,1.0,0.5075795214654987,0.5077489869855549,0.5078194602203887,0.5079890058487708,1.0,1.0,0.4648765507006337,0.9158695123823075,1.0,1.0,0.4956612388695625,0.9996360694150843,1.0,0.9758381902967281
1135,40.87063500386378,40.867648884014756,40.35013360195876,39.806031306934756,40.350521253553865,40.44572343611074,41.00839639187461,40.21503595241893,39.99534900926105,39.808796332276614,39.70532620823843,0.9985080541349343,0.7708583066652145,0.5872516484004974,0.588129105187106,1.0,0.7710077333722112,0.7721597539242486,0.8085960685146447,0.8098042526208551,1.0,1.0,1.0,1.0,0.6725490591702649,0.6025867194323842,0.8959743697743114,0.7215840127219849,1.0,0.8372888871144466
1136,31.526067962779706,31.52348298137059,31.042810485297963,31.042635267442535,31.042806898053357,31.042963401224682,31.11736412832329,31.523296643612127,31.037343976894363,31.042606602867153,31.042564318829136,0.9987083442018118,0.7853476926075689,0.7852788921521477,0.7862945140202657,1.0,0.7853462839916949,0.7863619930194534,0.7854077409882341,0.7864235294999443,1.0,1.0,0.8151754464197615,1.0,1.0,0.9607797585610449,0.7842900750636524,0.9999068354608532,0.9999982063793054,0.9972722664647545
1137,29.893926401287843,29.893977918610744,29.48129440358099,29.481328669928587,29.48129439734484,29.481295441402352,29.920498961083297,29.89398505012724,29.484950090540053,29.48132874175431,29.481331004672825,1.0,0.8135759465924179,0.813589885849921,0.8135689291334012,1.0,0.8135759440556274,0.8135549876982249,0.8135763687657764,0.813555412397434,1.0,0.9999833858748989,1.0,1.0,0.9868305309283958,0.8043068444616581,0.8150404950533685,1.0,0.9999999968819253,1.0
1138,42.62272389567755,42.550880148854674,42.577993007470894,42.5072514854474,42.57799348911797,42.62268622613277,42.70717708653714,42.55083989593808,42.50937166270009,42.50722521650724,42.507214180794534,0.964715660482486,0.9778828082394097,0.9438989103022115,0.9784218801114275,1.0,0.9778830437366365,1.0,0.9999811654049826,1.0,1.0,1.0,1.0,1.0,0.9248084950340204,0.9058308302804737,0.9794793572340093,0.9999798737442402,1.0,0.9662710315022827
1139,46.26072921037894,46.25425398474417,45.36401508320645,45.22653729770968,45.36444985937126,45.364997935168105,46.08138666304325,46.15275937756965,45.26473985121757,45.227879032697444,45.227773861109995,0.9967676225993829,0.6386765951577071,0.5962495709654604,0.5981831245787792,1.0,0.6388154509302534,0.6408870397137726,0.638990534562585,0.6410626911177328,1.0,1.0,0.9142316679031739,1.0,1.0,0.6647638554928602,0.6414591581180642,0.9505188328863805,1.0,0.9513673588889707
1140,39.262263662067454,39.265717370299114,38.89591286589706,38.89583200488363,38.89592657167708,38.895951324748324,38.94655756000515,39.26216277016502,38.890058810708325,38.89583378038097,38.89581205632288,1.0,0.8326221026062557,0.8325884399532488,0.8311519218644877,1.0,0.8326278084934957,0.8311912224796741,0.8326381136049982,0.8312015098111085,1.0,1.0,0.853975263532959,1.0,1.0,0.9721459080269494,0.830230438707647,0.9982242783954445,1.0,0.9970704191370845
1141,34.365683732876846,34.231721308827304,34.36558332811114,34.23168673982343,34.11314562175073,34.07617642564412,33.90872704714886,34.23208567481532,33.96949378255462,33.96830453217095,34.12683103092155,0.9352127719261107,0.9999497988772669,0.9351966073788419,0.9999827156474398,1.0,0.881377675311998,0.9424354561548202,0.8652354144741757,0.9251749339267323,0.8652788524440457,0.9251909252528701,0.7957435305437384,0.7957834797678752,1.0,1.0,0.8769582035966184,1.0,0.8814219236821685,0.9306928971037867
1142,23.585191023259455,23.58523530266112,23.050196936317064,23.05022894035531,22.504221168775246,22.50422117005769,23.280328649157184,23.58524761885127,22.51064030178179,23.050229381066316,23.05023089473508,1.0,0.765292593229077,0.7653048395537712,0.7652878961211405,1.0,0.5824657303779672,0.5824528349037033,0.5824657307514571,0.582452835277185,0.7611020097474095,0.7610898306759399,0.8586179759584418,1.0,1.0,0.6805566765796578,0.5843216609207701,1.0,0.761102009259374,1.0
1143,49.87617627445263,49.87685954878148,49.87853542330063,49.87657006987851,49.876595526973574,49.876484842102855,50.425469988987004,49.87712774335429,49.953110289050215,49.87688915201571,49.87783072099265,1.0,1.0,1.0,0.9998552710227635,1.0,1.0,0.999867997809102,1.0,0.9998126642102271,0.9989752348319284,0.9999573870201306,1.0,1.0,0.7602019762265722,0.7896386446759192,1.0,1.0,0.9990305220841396,1.0
1144,33.61321741534522,33.1510775345088,32.11223255149034,31.516241600651256,32.11223269725312,30.31463051879922,32.006629130010054,33.6099350163536,31.92822943643617,31.516160311062805,31.516159273243574,0.7936839535063468,0.47213400163148467,0.35046728766538315,0.4415703330237235,1.0,0.4721340360412689,0.5948640311492623,0.19218564976378294,0.2421438015909769,0.4070574224683565,0.5483697238735636,0.44785124564874434,0.9485680846987724,1.0,0.9615585255615795,0.4313425219659057,1.0,1.0,0.9121036624423363
1145,32.155143604245154,30.804131473423666,32.155700392623714,30.804269810943993,32.155243893238406,32.155142129521806,30.673296101239913,30.804045059908333,30.804163524369358,30.804185351729615,30.80415014866722,0.5088988193414645,1.0,0.5089340204592416,1.0,1.0,1.0,1.0,0.999999262638598,1.0,0.9997209074026329,1.0,0.47667338432665307,0.4765406996964441,1.0,1.0,1.0,0.9999567941757317,0.9997717763543253,0.5088814565067488
1146,38.83914662454197,38.37683449592657,38.48762301330345,38.003811171531964,38.517571810821494,38.616157880815166,40.651592539158656,38.37476263572677,38.03644138106279,38.03861158640578,38.00154440200919,0.7936156013006674,0.8388177612203327,0.6585810210909298,0.8298488840334948,1.0,0.8514730692001979,1.0,0.8944964257371724,1.0,1.0,1.0,1.0,1.0,0.32032635237353957,0.27047500740034897,0.844373263068104,0.9989646062904463,1.0,0.7861833729224543
1147,48.09850152169378,47.40418303575103,48.098634809308805,48.175406751234306,48.09864054515418,48.0985183140117,47.52521430406176,48.09835715551162,48.03931254350607,48.09847924044962,47.40460691094469,0.7066927834383195,1.0,1.0,1.0,1.0,1.0,1.0,1.0,1.0,0.999941754047808,0.9622853808576061,0.7507792522693735,0.750729219148617,1.0,1.0,0.9709092202958884,1.0,1.0,0.9707716572336558
1148,37.122613212354025,36.308958234629415,36.54597329851575,35.693377815460565,36.54606119088021,36.546104170573585,38.21999976895012,36.30915808415767,35.694321745471484,35.694159820994344,35.693536128895346,0.665759031243476,0.7495217392032651,0.48937916645388346,0.7350695123727304,1.0,0.7495546785459761,1.0,0.7495707865341807,1.0,1.0,1.0,1.0,1.0,0.3846502333599062,0.2828498714315959,0.7353430386897519,1.0,1.0,0.6532014338941063
1149,39.11620967033943,39.11619341184468,39.11622542443706,39.11622227820436,39.116663573668944,39.11619916220687,36.900441137858365,39.11625752585181,39.11614281146561,39.11873905307931,39.11667431242063,0.9999918707856656,1.0,1.0,1.0,1.0,1.0,1.0,0.9999947459475219,1.0,0.9999868689711161,0.9999884420680469,0.33025695822256335,0.3302543567826275,1.0,1.0,0.9999426444517924,1.0,1.0,0.9997396527945487
1150,46.98514173887381,46.98360449044981,46.96489937490762,46.964916328381264,46.96490259356946,46.98366345817419,47.76566543963233,46.98363844277662,46.96927639219189,46.983603027836295,46.969307960621904,0.9992316711039223,0.9899298648161348,0.9899382562266384,0.9906994392331293,1.0,0.9899314579421595,0.9906926357213156,0.9992611327471309,1.0,1.0,1.0,1.0,1.0,0.6763710260321725,0.671531386172504,0.9928446966629256,1.0,1.0,1.0
1151,34.085471020771365,33.74175690473987,34.08551875464087,33.74181724151313,34.08552367434453,34.08576710970877,32.9120698558971,33.74192393336929,33.742079147346146,33.74182061989194,33.74198717392778,0.8420995359444551,1.0,0.8421249411120508,1.0,1.0,1.0,1.0,1.0,1.0,1.0,1.0,0.5561592624811804,0.5561459888227513,1.0,1.0,1.0,1.0,1.0,0.8422130539949273
1152,35.50071471030489,35.374841948779306,35.50070919702006,35.3749165148316,35.50071394957601,35.5007008917033,35.123005522405805,35.375034052874014,35.39921117238558,35.37503046265195,35.49921561112953,0.9390032104568939,0.999997243361383,0.9390382199907668,1.0,1.0,0.999999619635632,1.0,0.9999930907230754,1.0,0.9999958473502452,1.0,0.8279068806126296,0.8279091628589994,1.0,1.0,1.0,1.0,1.0,0.9505149500173142
1153,35.54261282010208,35.54264066290369,35.54261564556549,35.545178655507954,35.542618592713694,35.542621004335984,36.357853642591465,35.542677227177165,35.54899550720921,35.542646371318284,35.54268018121081,1.0,1.0,1.0,1.0,1.0,1.0,0.9999889649658869,1.0,0.9999901707644528,1.0,0.9987219917630024,1.0,1.0,0.6652527683885451,0.6673577181948691,1.0,1.0,1.0,1.0
1154,45.75395536180318,45.2087517018127,44.320563590248184,43.74209193107447,44.279833393131355,44.416548765370806,44.850861634948245,45.20920216622994,43.67700733394446,43.676728032740385,43.742800153356,0.7613958922873955,0.48836320091922036,0.36570374422488433,0.4803069571681461,1.0,0.47851822342291994,0.6284749212204825,0.5123725416006477,0.6729384106097175,1.0,1.0,0.6366425904145196,1.0,1.0,0.5560332688269892,0.46482354611021337,1.0,0.9798408695049716,0.7397721618426286
1155,51.19396602030548,51.19412050870196,50.438007786672614,50.43580554143094,50.43801985924131,50.43827362711323,51.40453918641316,51.194653247577634,50.258428022012936,50.437996638739264,50.43868672967213,1.0,0.685244810609619,0.6844906873151502,0.6844378164228184,1.0,0.6852489469546272,0.6851960174933998,0.6853358995544585,0.6852829633769064,1.0,1.0,1.0,1.0,0.9003758700821656,0.5638000665859187,0.6261830034766125,1.0,1.0,0.9141177206476085
1156,45.8964159326342,43.10406860586605,45.86419536608247,43.104067127649984,45.853294693224,45.862995854859264,42.98060811602764,43.1040698227998,43.10406668518476,43.10406547007486,43.10406834030488,0.2475423344335577,0.9840187932550173,0.24754215147309772,0.9999992608922414,1.0,0.978670148975108,1.0,0.9834287994055864,1.0,0.9994004242058433,1.0,0.23272357379023795,0.23650318000575585,1.0,1.0,0.9999984311937111,1.0,0.9945644897063229,0.2529372097104838
1157,61.13823077169741,61.13810238449881,60.575070795330475,60.575018468779035,60.49752054584624,60.274651504252574,60.67493524942708,61.13895329623969,60.49474091376172,60.49743532667563,60.57502824720271,0.9999358084610648,0.7545905549334913,0.7545708126310093,0.7546192528021569,1.0,0.7258912179448884,0.7259378170105335,0.6493459628111464,0.6493876480036374,0.860527551750736,0.8605500662648626,0.7932254789461013,1.0,1.0,0.9138423848730766,0.7246212378170938,1.0,0.9619670074042574,0.9986111493047829
1158,44.10086037482773,44.10021629288809,44.034559719422276,44.03458480658463,44.03456288045416,44.03455654941345,47.35604672672335,44.10029839483414,44.362154706929005,44.03459081127798,43.97471640701127,0.9996780108798069,0.9673931226719409,0.9674052573222122,0.9677168516198612,1.0,0.9673946516534018,0.967706242535041,0.9673915893507883,0.9677031792460817,0.9999984149968439,0.9999858715142177,1.0,1.0,0.19634653092149945,0.2238126390606386,1.0,1.0,1.0,1.0
1159,29.655269057248205,29.07698182674318,29.655358669662036,28.764572990719614,29.372302953475526,29.3722905076977,31.21081186779702,29.077079707622374,28.764573448166743,28.764749779447214,28.765087335847,0.7489046435496013,1.0,0.6406012866737996,0.8553843165366505,1.0,0.8680698876073412,1.0,0.868064485721669,1.0,0.8680255919160544,1.0,1.0,1.0,0.3440851648238472,0.29431071681400384,0.8553426503135488,1.0,0.8680309935596939,0.7379606669229296
1160,35.8496209636256,35.849396516086415,34.721217762985475,34.721204945365514,34.72121784271684,34.7212180774776,35.801972217269196,35.84971535988467,34.723803570041895,34.721112739174856,34.721266696787865,0.9998877825272607,0.5688141065133493,0.5688104611035076,0.5688742987396188,1.0,0.5688141291895121,0.5688779672372926,0.5688141959571353,0.5688780340124091,1.0,1.0,0.9764571867718229,1.0,1.0,0.5832821055689559,0.5695231228377196,1.0,1.0,1.0
1161,22.965697394997306,22.965719308455107,22.965699727979114,22.964529012594454,22.965771313374972,22.96569964751015,23.833194497428906,22.96842138764754,22.92603502875579,22.965723914745496,22.965742921741423,1.0,1.0,0.9994159794050299,0.9994050291350747,1.0,1.0,1.0,1.0,0.9999901695758402,0.9999999597655184,1.0,1.0,1.0,0.6489584701232156,0.6353496928051958,0.9790298178627115,1.0,1.0,0.9803279285614224
1162,33.175781003615015,33.17600088872504,33.17586553370012,33.17600720862043,33.17579180255666,33.17597851908633,34.00550698764448,33.176297421298614,33.275616150921195,33.17602397737616,33.17630550310568,1.0,1.0,1.0,1.0,1.0,1.0,0.9998954623802465,1.0,0.9999888152431929,1.0,0.9999856553358333,1.0,1.0,0.6606013098736696,0.6942345423026045,1.0,1.0,0.9999631351077973,1.0
1163,33.604058106522274,33.60396111311826,31.805127126322617,31.80515273864495,31.77596350210544,31.73647289488588,33.09242635418127,33.60882595073738,31.77901862170532,31.775988952577507,31.80515775157062,0.9999515044739389,0.4067870333378344,0.40679224275149983,0.4068119713120565,1.0,0.40089837921479277,0.40091782193547476,0.39306015769259817,0.3930792202761692,0.9662553756136172,0.9662430016707809,0.774284519899243,1.0,1.0,0.518557756377709,0.40055521191239246,1.0,0.9855239876386346,1.0
1164,40.14367499893049,39.644433642231064,39.79516573082151,39.193351648253355,39.79987912407341,39.851357428960114,39.4435627948306,39.645679658724646,39.193753059694814,39.192203144907864,39.19585576383054,0.7790962551056104,0.8400829566918875,0.6217845211152274,0.7980843407223689,1.0,0.8420651121135296,1.0,0.8640204988098267,1.0,1.0,1.0,0.7046485563812677,0.8387844923744925,1.0,0.8825808606547704,0.7977473788442055,1.0,1.0,0.7385525423196406
1165,53.56967788056414,53.57170818613508,53.57001237009183,53.571943581902474,53.56967844961744,53.56968110204886,54.25033236153908,53.57324535834428,53.577444430122824,53.56970403736236,53.573975470491575,1.0,1.0,1.0,1.0,1.0,1.0,0.9989856465458028,1.0,0.9989869714171395,0.9998343796950722,0.9988693996838724,1.0,1.0,0.7128077704377702,0.7143059080805079,1.0,1.0,0.99983305369989,1.0
1166,51.577412736157584,51.07445941660944,51.200497157093025,50.673856889008846,51.200492695530045,51.5773658080538,50.84318532159844,51.074433351836575,50.673866277280126,50.67385258264858,50.67384022627175,0.7776516079621745,0.8282354629070814,0.6364955046775347,0.818484136290109,1.0,0.8282336152968021,1.0,0.9999765362233861,1.0,1.0,1.0,0.6927308720230105,0.8363936380984536,1.0,0.9188250707262227,0.818498645295815,0.9999869676984872,0.999997769220998,0.7685011580370207
1167,52.34414930331667,52.34542286713577,50.12242377773512,50.12374235407313,50.122423448914844,50.12242396666309,52.11466576556455,52.34425125575817,50.24910829301882,52.0876944424252,50.1237585740046,1.0,0.32927475248613447,0.329491911011958,0.3292821633125407,1.0,0.32927469835003115,0.3290650889236781,0.3292747835907413,0.32906517411012576,1.0,0.9993410235154188,0.8915963521101983,1.0,1.0,0.39345887150370706,0.3507886122045856,0.9994143658618523,0.9999998355898747,1.0
1168,41.57318864106941,41.57301918287487,41.39310014846248,41.572418959680874,41.573189676298114,41.57318909017357,41.720254265047146,41.571828866258215,41.515333898793926,41.57275457616569,41.571832216523774,0.9999152744921413,0.9138907480892643,0.999615233347415,0.9996999334319813,1.0,1.0,1.0,1.0,1.0,1.0,1.0,1.0,1.0,0.928474186939894,0.9026140883083149,0.9721477462751981,0.9994050187632469,1.0,0.9714865170458534
1169,38.613924798887666,38.61380611204925,38.18550056397626,38.61374419021905,38.185500656831465,38.1855067072749,38.75712726261625,38.61369174787049,38.65874748752009,38.613800726682314,38.61368972397989,0.9999406583415761,0.8071771504989432,0.9999096997430065,0.9999690395641867,1.0,0.807177187974243,0.807225090049808,0.8071796298678943,0.8072275320883738,1.0,0.8072525249783585,1.0,1.0,0.9307935683628072,0.9520003395239017,1.0,0.9999428195454863,1.0,1.0
1170,40.378110390059646,40.37817482153301,40.378072491573676,40.378085267912326,40.378224273326396,41.97151289779754,40.89050228820065,40.37872937616842,40.38020268495083,40.38099683271321,40.37999658676705,1.0,0.9999810509365503,0.9999874390052297,0.9999552241921251,1.0,1.0,1.0,1.0,1.0,1.0,1.0,1.0,1.0,0.7742298729458779,0.77480042290485,1.0,1.0,1.0,1.0
1171,41.887273904224315,41.88563704951778,41.21318359207203,41.21147383067466,41.212920377034806,41.210526174467276,44.4669184620939,41.890354462086606,41.052628317649464,41.21368822893396,41.21005173714099,0.9991819074670517,0.7138766033086302,0.7132665847629122,0.7138505805925358,1.0,0.7137826579623667,0.7143670763332992,0.7129286990658172,0.7135124182473513,0.9986721735403294,0.9995262841351144,1.0,1.0,0.27574410476099287,0.1813828891779618,0.6577942594101127,1.0,0.9998684011412785,0.9229815538323709
1172,49.36499306967127,49.364725312305666,49.36501008303054,49.36471467764025,49.365020528493886,49.365064377535816,50.17936939290752,49.36449182645063,49.361147249757295,49.36481559384535,49.36433110057672,0.999866130278548,1.0,0.9998608136718055,0.9999946826814295,1.0,1.0,1.0,1.0,1.0,1.0,1.0,1.0,1.0,0.6653521808638134,0.6642404499916996,0.9983291091483754,0.9998832638866734,1.0,0.9980652347077272
1173,41.308495013996435,40.81474276381479,41.308518069778756,40.81474082805926,41.276327105636085,41.25925751344087,41.60223214920998,40.81474213202728,40.7810135357347,40.81477069654045,40.81474194908287,0.7812374632573899,1.0,0.7812367071153843,0.9999990321227011,1.0,0.9840447019210595,1.0,0.9756818195516856,1.0,0.9756705720626924,1.0,1.0,1.0,0.6745260326564946,0.6632460067340951,0.9832771081080813,0.9999996841062925,0.9840333580262242,0.7806278205215653
1174,62.601094245464765,62.60292276932432,62.60121399493221,62.60302567077375,62.60116681368899,62.17988225785396,63.034373408571696,62.60112364878387,62.56502521519121,62.6011202458248,62.60415831481606,1.0,1.0,1.0,1.0,1.0,1.0,0.9991224074920855,0.8100931857431284,0.8093528868489444,0.8100446830813985,0.8093112461276002,1.0,1.0,0.8052319713604594,0.7908285412742273,0.9821126947283313,0.9991008442128181,0.9999764096566475,0.9820914985564211
1175,39.86063820650185,37.87636267442994,36.17142462455524,36.715338747497185,36.660022517481906,36.60320704162194,37.12401679670572,37.87638865701149,36.69991931681221,36.66030425652383,37.28144578563192,0.3707831954483631,0.15808747009028107,0.20749464860438563,0.5596117924208412,1.0,0.20183437482571612,0.5443460688169847,0.1961813911969649,0.5291000067026661,1.0,0.945476871410834,0.2545365839739869,1.0,1.0,0.8089252696310817,0.5553067195232361,1.0,1.0,1.0
1176,42.77497589595424,42.77533660253064,42.575356267441094,42.57537982502555,42.57535962197505,42.575366206323565,42.87002123043746,42.77483444889609,42.576462573728975,42.57538289040917,42.575635953803925,1.0,0.90500952157829,0.9050201815601895,0.9048569729126077,1.0,0.9050110395221497,0.9048478325232157,0.9050140189810997,0.9048508114448589,1.0,0.9999931906721912,1.0,1.0,0.9535214188740938,0.8634845029401061,0.9055743120691487,0.999748954699868,1.0,1.0
1177,51.99195540183484,51.989398366257376,51.99138874434348,51.9558558801597,51.90832465388061,51.89369145178412,58.34012851661288,51.9840786010883,51.54330571519512,51.910033885656105,51.94767682725791,0.9987222991669331,0.9997167113881177,0.9821121604186661,0.983368611312552,1.0,0.9590468292299275,0.9602737718281646,0.9520554738616632,0.953273472171197,0.9523252567617118,0.9693958717055392,1.0,1.0,0.041667869708436375,0.03342632884682362,0.8022087301491179,0.997343651768794,0.9593185932625656,0.8331767542547204
1178,30.691789434321294,30.69440695842593,30.54260730070098,30.545237850752898,30.53626870998002,30.500858175046403,31.059996468615623,30.695554495845812,30.85256277804706,30.538899015698036,30.54634885095834,1.0,0.9281229490139282,0.9293444891042729,0.928128993873916,1.0,0.9251861095717139,0.9239760531108845,0.9089496020441626,0.907760781408895,0.9793418027319161,0.978054545651024,1.0,1.0,0.8334171462220187,0.9014805197460911,1.0,1.0,0.996835721554634,1.0
1179,62.354233418474166,60.22908834801294,60.931042579609,58.935342562059446,60.93105209359885,60.93104536394128,60.23145162001504,60.22908843348611,60.710905295471406,58.93534259592289,60.92783680663595,0.3455656859811547,0.4908604441283123,0.1809661235017289,0.5236808249288901,1.0,0.49086277915450816,1.0,0.490861127488078,1.0,1.0,1.0,0.3459742601818902,0.70483222740892,0.9988191045419907,1.0,1.0,1.0,1.0,0.8957683843228065
1180,53.2307231811032,53.23122561206489,53.23074097770734,53.2313609049493,53.2307261948541,53.230724159578216,53.639517020308745,53.231476439519525,53.3017772506015,53.231229096954166,53.23141039530324,1.0,1.0,1.0,1.0,1.0,1.0,0.9997503225692039,1.0,0.9997493051858609,0.9999915909707932,0.9996816779896643,1.0,1.0,0.8154458253018538,0.8446187939346745,1.0,1.0,0.9999926086006955,1.0
1181,39.16005632036524,39.02317931908658,37.364777232977104,37.36305405141522,37.36469664177153,37.36473206457856,37.05710586283982,39.15740798261416,37.24896367890406,37.05713303125083,37.363036215644115,0.9338508895702354,0.4075304832025112,0.40717950991461693,0.4360219757374795,1.0,0.40751406184689265,0.4363802255780189,0.40752127955679784,0.4363879545527254,0.9999774160557495,1.0,0.3494218914760735,0.857412895178292,1.0,1.0,0.38511158641082244,1.0,0.99995970520907,0.943775950636533
1182,36.64027869715818,36.63942138783523,36.640285614303195,36.64050404734115,36.640215760078036,36.640276228694574,34.27879255095172,36.640689917527084,36.57766487822465,36.63943840451503,36.64062549213665,0.9995714371978072,1.0,1.0,1.0,1.0,0.9999685319550569,1.0,0.9999987657689586,1.0,0.9999953072067007,0.9998860971641312,0.3070504928474249,0.3070494308928683,1.0,1.0,0.9689788251008742,1.0,0.9999650734973646,0.9692085765983397
1183,27.604385069700015,27.604392354820305,27.604367520778993,27.60438870739847,27.604367647242157,27.604370087662517,27.858389240942017,27.60438050974821,27.606985713220325,27.604497890407345,27.605553750147635,1.0,0.9999912255779844,1.0,0.9999981762907456,1.0,0.9999912888090133,0.9999876462872334,0.9999925090093083,0.9999888664830837,1.0,0.9999906901753597,1.0,1.0,0.8807298276773559,0.8818778154029654,1.0,0.9999940774814908,1.0,1.0
1184,44.00466565152837,44.00468518350152,44.00466979260867,44.00468923325508,44.004672248698796,44.00466816605578,44.47357854088216,44.00775790110194,44.009140198796246,44.006100507089855,44.0077326173554,1.0,1.0,1.0,1.0,1.0,1.0,0.9999935326195507,1.0,0.9999914913133279,0.9999991867238872,0.9999894664558288,1.0,1.0,0.7922246171293894,0.7927723515213977,1.0,1.0,1.0,1.0
1185,48.52024077218496,48.24772024536895,48.1049614391072,47.788507234367046,48.104950866878255,48.10499270179341,47.788508385838696,48.247720251232806,47.98425922031072,47.78850690064067,47.788506940233276,0.8726154930498603,0.8124997548195196,0.6935952034998938,0.7948463086252612,1.0,0.8124954598641587,0.9311036376679752,0.8125124553812217,0.9311231141925138,1.0,1.0,0.6935956028276156,0.8536563841569205,1.0,1.0,0.8765771872520407,1.0,0.9999947138994991,0.9414389057887902
1186,53.68811687493215,53.688143222564975,53.61982684692666,53.61985191926618,53.610155255244024,53.60830964364109,56.826411385126846,53.69805358051468,53.65986752197492,53.61016399421922,53.61991745226564,1.0,0.9664313483972331,0.966443463820621,0.9664307321557176,1.0,0.9617691654695375,0.961756495382577,0.9608820486851826,0.9608693902848587,0.994257947322121,0.9942454832138318,1.0,1.0,0.2092597653617386,0.2053022631126513,0.9810880880887627,1.0,0.9951758777947057,1.0
1187,44.73815939567561,44.74045965739077,42.639746438527226,44.422090303630455,42.63974640490028,42.639747100749645,45.496426216760625,44.7381993396495,42.64604240922495,42.63977682746824,42.63980986965058,1.0,0.35021554241566705,0.8538202853641343,0.8528388448078299,1.0,0.35021553652732756,0.3498129743759148,0.35021565837597823,0.3498130960845043,1.0,0.41017490961416947,1.0,1.0,0.6844679632050645,0.24046231315638128,0.35131273643605077,0.9988704795183827,0.9999999831865268,1.0
1188,53.85929622642149,53.315915455207175,53.47193391519244,52.89359446832876,53.471931667247304,53.411464358691944,52.89358361181806,53.3159155875706,53.30037597641996,52.893594582199256,52.8935947627931,0.762090178654171,0.823920564838602,0.6170218273968266,0.8096441138848808,1.0,0.8239196387750105,1.0,0.7993823325280445,1.0,0.9702177207879692,1.0,0.6170184780538823,0.7488810261396377,1.0,1.0,0.9922603013386002,1.0,0.999998876028065,0.9177981016315383
1189,46.6524195256479,46.65510382611839,46.06085730751329,46.527563957202716,46.060889214543835,46.06094044754087,46.92405017622747,46.65614962582521,46.06771688479586,46.063381592694896,46.06451335744251,1.0,0.7439502541639581,0.9394809057077481,0.9382208269857755,1.0,0.7439621228803741,0.7429642837169597,0.7439811808290908,0.7429833161042037,1.0,0.7919066543120643,1.0,1.0,0.8746335544996444,0.6517028022691005,0.745115253029508,1.0,1.0,1.0
1190,35.752510502645436,35.139655618067735,35.75253656821269,35.139645916277914,35.75253075317963,35.752515420846095,35.183713659201004,35.133572894941636,35.13356336046334,35.13964669239374,35.133562628369646,0.7360719239358792,1.0,0.73606835333699,0.9999951491168549,1.0,1.0,1.0,1.0,1.0,0.9999894263726034,1.0,0.7524667858622909,0.7524569791893884,0.9752412700552349,0.9752366208579559,0.9999952327722158,0.9969632586918871,0.9999970924876953,0.7338257353329993
1191,32.44935332900141,32.44864372974487,32.448626134271194,32.448657654814355,32.448608570507986,32.44860948879301,33.30174632136334,32.44867804357699,32.43749096647471,32.44864192460477,32.4486771530938,0.9996452633056758,0.9996364687284026,0.9996522233947799,1.0,1.0,0.9996276900778337,0.999982420536077,0.9996281490495081,0.9999828796706234,0.9999916772955422,0.9999759172793214,1.0,1.0,0.652767580432464,0.6491264925824358,0.9944220761582305,1.0,0.9999912181569565,0.9944566195349439
1192,52.05752782660909,51.36894073622918,51.898545462641664,51.21580155363901,51.89854928323601,51.898581994838,52.389612525009454,51.37022906646081,51.215132386952405,51.215097111014046,51.21513172178112,0.7087208559134428,0.9235861641305368,0.6564799434135415,0.9262884504329002,1.0,0.9235879284562595,1.0,0.9236030346001544,1.0,1.0,1.0,1.0,1.0,0.6006807225558441,0.5558593029357446,0.9253822905629657,1.0,1.0,0.7105553382418439
1193,39.02760900417948,35.50164414274295,39.02776312989204,36.71188933730619,39.02776718664754,39.02761361024645,36.70601845194824,35.512292382015005,35.51388513010673,36.71188934965468,36.71188930734351,0.17153251633647873,1.0,0.314157811969845,1.0,1.0,1.0,1.0,1.0,1.0,0.9999252429716513,1.0,0.31323697191847516,0.3132128339128112,0.5505359421362381,0.550974549296368,1.0,1.0,1.0,0.17257194995749067
1194,52.657598429242796,52.6574985575748,52.44964099781606,52.449843574076965,52.44965410489888,52.4496629629964,55.47887262637721,52.657709895980815,52.45683090480796,52.44968054855906,52.449712469791194,0.9999500654127736,0.901244479562894,0.9013357695545272,0.9013807796316919,1.0,0.901250385925266,0.9012953917386214,0.901254377616008,0.901299383628697,1.0,0.9999096985371395,1.0,1.0,0.24400138799568777,0.22068457469819733,0.9044398333590524,1.0,1.0,1.0
1195,36.5929398017137,36.59287317076465,36.592832942160044,36.59284500417681,36.59283486157739,36.592834345485244,37.76177348022625,36.592889400977526,36.59856148401474,36.59324080371775,36.59301163833109,0.9999666850804294,0.9999465716505183,0.9999526023548595,0.9999859168052496,1.0,0.9999475313083748,0.9999808455898177,0.9999472732758757,0.9999805875487221,1.0,0.9999946706684185,1.0,1.0,0.5574167915432682,0.5589998925162061,1.0,1.0,1.0,1.0
1196,52.55798503360103,52.32017248294588,50.70987148659452,50.39188695561106,50.70999022985535,50.71005658670822,51.89831408060624,52.32005146783641,50.391819829590816,50.39198677404062,50.70860397793021,0.8878910141567661,0.3969056144640175,0.3385616625900641,0.381309932403807,1.0,0.39692918009702666,0.44704718683744316,0.39694234980110216,0.44706201940570367,1.0,1.0,0.7190420230130986,1.0,1.0,0.4708352068403068,0.38132020676471123,0.9999394942758096,1.0,0.8529236866624128
1197,28.95305661597098,28.95517693534211,28.953058937682812,28.95519714316916,28.953057119979405,28.924214443675766,29.70528368368764,28.9515403402699,28.963413988012064,28.955190232051876,28.957432799864165,1.0,1.0,1.0,1.0,1.0,1.0,0.9989406538223963,0.9856823996587389,0.9846379726433805,0.9856812554241579,0.9846280239967121,1.0,1.0,0.6860041019817683,0.6900889008781856,1.0,0.9981833545653716,0.9999990911487098,1.0
1198,29.174964656624326,29.171968602795687,29.175052567623055,29.17196993456818,29.174967780113946,29.176658209031928,33.185609519847446,29.16784343046703,28.81949403472322,29.175496400714366,29.167878611098672,0.9985030945679252,1.0,0.9985037594576253,1.0,1.0,1.0,1.0,1.0,1.0,1.0,1.0,1.0,1.0,0.13413841764296525,0.11269640665996931,0.8401501124005515,0.9979395395048047,0.9999576071440477,0.8371626748686025
1199,45.91050890446678,45.91067557620937,44.953480319089294,44.15239590741686,44.347421022519995,44.286557691087125,44.58571236851762,45.910678011122485,44.87674472524901,44.819294604218726,44.15326663841006,1.0,0.6197034060821687,0.4151744446474944,0.41513984716503605,1.0,0.4576988055643635,0.4576606644248957,0.4439800692252288,0.44394307130097066,0.7164396142859987,1.0,0.5156132716851709,0.8320323345403781,1.0,1.0,0.5963266790089174,1.0,0.7385771984988502,1.0
1200,67.51712137226872,41.456619889048085,66.81806902790109,40.73818257857371,66.81804231219081,66.8180950051192,40.73817638438132,41.45662533918795,40.74221568924935,40.73821930564975,40.738196323694496,2.1929766379160643e-06,0.7050220696556002,1.5311837990713234e-06,0.698221664835596,1.0,0.7050126521358233,1.0,0.7050312269711103,1.0,1.0,1.0,1.5311790568551453e-06,2.1718171994291166e-06,1.0,1.0,0.6996291815321142,1.0,0.9999866422340773,2.176237017387101e-06
1201,49.93694327241016,37.020801988795824,49.29376537952905,37.01665889692106,49.93696988661816,49.93707607945143,37.01828863619829,37.020802616589606,37.02080205058533,36.03413469482106,36.03413536081459,0.0015678176761078576,0.7249961413332753,0.0015645732314386867,0.9979305982330641,1.0,1.0,1.0,1.0,1.0,1.0,1.0,0.001565848674251616,0.0021598027699457887,1.0,1.0,0.9999997169979028,1.0,1.0,0.0015677968615705013
1202,38.11302710411917,32.90641017334144,37.6442854867002,32.478221401361054,37.64423746207035,37.644766538769574,32.47818307506003,32.96041817063161,31.742260412926953,32.47822111182086,32.478220520887305,0.07402825270076659,0.79106842644094,0.05976094940142567,0.807272186242035,1.0,0.7910494312848175,1.0,0.7912587218773042,1.0,1.0,1.0,0.059759804204330386,0.0755431543048596,1.0,0.6921439456394399,0.5438515916282723,1.0,0.9999759879733693,0.052287992427281174
1203,56.623449776303886,56.62336664307031,56.432110073368136,56.43213092090102,56.43210725204219,56.43211689773065,56.730580121814825,56.62649068986286,56.4350199293101,56.43213143661259,56.43213719273891,0.9999584342470931,0.9087639936459534,0.9087734664389435,0.9088112418624618,1.0,0.9087627116871388,0.9088004866636092,0.9087670945187104,0.9088048696773641,1.0,0.9999929884393984,1.0,1.0,0.9492864176251677,0.8626207876304043,0.9087044453753219,1.0,0.9999985893380201,1.0
1204,74.11226791216686,33.39467158407422,74.11228777509572,33.39421475035962,74.11229227325359,74.1122754896742,33.4717984020069,34.63032634752864,33.61115247418516,35.57631427249353,33.611155489532536,1.439747387569439e-09,1.0,1.4394185625518855e-09,0.9997716092278472,1.0,1.0,1.0,1.0,1.0,0.9999938573081069,1.0,1.4963534003973163e-09,1.4963385394905342e-09,1.0,1.0,0.6007436727503832,1.0,1.0,1.6043134970925225e-09
1205,45.025325612727585,40.57933820893561,45.024748610777976,40.57912717743224,45.02475088403435,45.02474960140859,40.959440485653744,40.579628287811886,40.581046327327925,40.57896936535397,40.580018504758954,0.10828445173569057,0.9997115406376003,0.10827302662314518,0.9998944898149067,1.0,0.9997126769385604,1.0,0.9997120358101498,1.0,1.0,1.0,0.13094962607169525,0.13098741061664412,0.8270367899443213,0.8276233832975659,1.0,1.0,1.0,0.10840812072413894
1206,46.588668590309794,42.87064299680708,45.804548445597106,42.29437850894317,45.804543633447395,45.80734424428681,42.294138088562136,42.87038468957036,42.32511946303492,42.294364867014764,42.294388690202595,0.15582638677634691,0.6756635240414874,0.11681719047618083,0.7496624473738529,1.0,0.6756618983464271,1.0,0.6766086941114813,1.0,1.0,1.0,0.11680314870345708,0.17287176907937546,1.0,1.0,0.7613724543909284,0.9998708547216094,0.9999975939280388,0.1755709428125157
1207,52.1040598844769,51.923196020405385,52.0502126459873,51.86813288853949,52.007078602629235,51.84781268718609,52.546709278991074,51.92476216271899,51.82528004322768,51.8237219025614,51.86963556203537,0.9135365143554752,0.9734355904304257,0.8887284924177998,0.9728439733411443,1.0,0.9526662553401597,1.0,0.8797446371791473,0.9630098232032148,0.903752282973493,0.989891338788732,1.0,1.0,0.7327332504461077,0.6971779321945816,0.9514757679825788,1.0,0.9786638835743796,0.9131096749475477
1208,42.91543938675832,40.08494129729024,42.90844143660976,40.084935786585675,42.91275309086177,42.91544088325361,42.575863433929584,40.080612790637986,40.08060921269069,40.08493789885236,40.08060728393016,0.24286512163684593,0.9965071392056891,0.2428644524588002,0.9999972446515119,1.0,0.9986577536712147,1.0,1.0,1.0,1.0,1.0,0.8438437124002637,0.8468014720625958,0.2871859620536927,0.28718544828603393,0.9999982110279518,0.9978380869814573,1.0,0.24266535150620347
1209,42.30498870083244,42.30736003306774,42.30504095003644,42.30738387401405,42.30504476638703,42.30499251362616,40.9893190036928,42.30496021332468,42.30203823400677,42.30501657247268,42.30501131218179,1.0,1.0,1.0,1.0,1.0,1.0,0.9988430364586345,1.0,0.9988169406463668,0.9999757820881175,0.9988050343468026,0.5179716082412775,0.5179580766159191,1.0,1.0,0.9985400770668849,0.9988008097324704,1.0,0.9984978631485222
1210,41.68832666462649,41.68847133465704,41.68834113973236,41.68848429927914,41.688340655684186,41.6883266685671,41.11815922312212,41.68851076400102,41.702811668245175,41.68848887189259,41.68853010722583,1.0,1.0,1.0,1.0,1.0,1.0,0.9999346626481519,1.0,0.9999276695710029,0.9999927644435477,0.9999211877498292,0.7519512977557806,0.7519458554881524,1.0,1.0,1.0,1.0,0.9999997579759432,1.0
1211,46.27162350069253,46.27163197023248,46.18589084105537,46.18589953219663,46.185891255873656,46.18589118165633,46.303323189939476,46.27198649801221,46.18694350562072,46.185899650644814,46.18591971256237,1.0,0.9580394428145519,0.9580436060516632,0.9580395489659563,1.0,0.9580396415207133,0.9580355844517953,0.958039605969144,0.9580355489003765,1.0,0.9999958247385673,1.0,1.0,0.9844537639835118,0.9434708198965965,0.9583698639933265,1.0,1.0,1.0
1212,49.7972702789952,45.38933460151574,49.60587195066705,45.0518772027996,49.60421203810267,49.59478814945038,45.214996700298144,45.406595719097396,45.06706545540857,45.03923944269434,45.0814974440392,0.11036438037391702,0.9087373557135076,0.0932289914969906,0.8447380502760824,1.0,0.907983456331313,1.0,0.9037151527376872,1.0,0.9944734273943464,1.0,0.10115140862671655,0.11130983885580026,1.0,0.9287036198524816,0.8438629898671745,1.0,0.9991703880362632,0.10345968166024787
1213,39.49120775490729,39.49262303004724,39.49121328943187,39.49123137572792,39.49121498694191,39.491209081206506,40.00786338907622,39.49123272314773,39.493699900988815,39.49123263050788,39.49123805707825,1.0,1.0,1.0,0.9993044148719172,1.0,1.0,0.9992962262123616,1.0,0.9992932754271658,0.9999978958895323,0.9999888528014231,1.0,1.0,0.7723516457696462,0.773304998104172,1.0,0.999305088113427,1.0,1.0
1214,45.52205832100162,37.02650342424536,45.524802611306086,37.02650345322277,45.52210765575782,45.522061413529315,37.05534991768985,37.026509979754536,37.02651025316024,37.02650361122349,37.02651005436945,0.014295972162096502,1.0,0.014295972369226629,1.0,1.0,1.0,1.0,1.0,1.0,0.9986303399532966,1.0,0.014503660666553736,0.014483773186255664,0.9856835008439666,0.9856836355897213,1.0,1.0,0.9986534296664126,0.014295668334162997
1215,47.50402149036239,46.62654808295062,47.395636149618014,46.50635860502513,47.39562566864731,47.396156099435416,46.61687196440255,46.62655438673261,46.50628842313742,46.50627848085841,46.50628323528289,0.644850544038154,0.9472495819893129,0.6072398398398584,0.9416753160154423,1.0,0.9472446179547621,1.0,0.9474958751265384,1.0,1.0,1.0,0.6417382536765589,0.6774753622259179,1.0,0.9462090316664233,0.9416393043704502,1.0,0.9999947595283808,0.6410366658040991
1216,78.78059332212055,49.35804421347041,78.78184739020642,49.35804480380585,78.78057376377436,78.78057567775818,49.32816521541207,49.35804422273901,49.358043203598385,49.35804316165883,49.35804352991761,4.0829554314230397e-07,1.0,4.08295663657987e-07,1.0,1.0,0.999990220874718,1.0,0.9999911778577288,1.0,0.9993643458896064,1.0,4.0224114968010416e-07,4.019890098441772e-07,1.0,1.0,0.9999994904298167,1.0,0.9993633895064684,4.082993297895316e-07
1217,54.66373628173588,54.66315585710723,54.66325759534101,54.6632300082656,54.66315431786845,54.66317048784046,55.55704094150224,54.66308170386051,54.666299914396745,54.6633138869353,54.66687494909425,0.9997098297931944,0.9997606854428627,0.9997468953012606,1.0,1.0,0.9997090603974207,0.9999992303809058,0.9997171430638591,1.0,0.9999564471981769,0.9999702402302609,1.0,1.0,0.6395569430665939,0.6405868859339605,1.0,0.9999629240639722,0.9999483625969758,1.0
1218,46.84223473907582,44.288810674531135,46.84221779884814,44.28878281195034,46.8422176552817,46.842217709421845,44.24096651746973,44.288606861472346,44.28944165527605,44.2889947093833,44.289049025827126,0.27895298266601865,0.9999915299220308,0.27894909651807964,0.9999860688066431,1.0,0.999991458139422,1.0,0.9999914852092635,1.0,0.999999955286854,1.0,0.2723590324603383,0.27236133938211876,1.0,1.0,1.0,0.9998980986628995,0.9999999282167832,0.27904338708026344
1219,31.682305949347466,31.683002322374193,31.68230802916247,31.68232198737263,31.68230898734555,31.339052380518098,32.107408789305566,31.68244917226204,31.3411024560925,31.682322946472397,31.68042361199724,1.0,1.0,1.0,0.9996598903496237,1.0,1.0,0.9996533925679182,0.8422934715653196,0.8420002473895404,0.8422925956584748,0.8422867172304542,1.0,1.0,0.8085766425143068,0.6817084763151766,0.843096919291871,0.9997234631872781,1.0,0.8431560160985787
1220,36.306467923543835,27.9610246072817,36.27602224145457,27.96098308997003,36.28494976289761,36.306473401805846,28.587736433651315,27.961113029101966,27.961072984920747,27.960985200971123,27.961071043533764,0.015410261533327793,0.9848924406869536,0.015409941640332563,0.9999792415596234,1.0,0.9892985915641215,1.0,1.0,1.0,1.0,1.0,0.021081366246719038,0.02140473962011017,0.7310220158275902,0.7310073793850784,0.9999799781098312,1.0,1.0,0.01557733370418156
1221,54.9044170941618,54.11389870091293,54.90433432395906,54.113898383035746,54.90441398984018,54.90431005282673,54.112234858710764,54.11389877236692,54.72025338215144,54.11389835404282,54.113898444203585,0.6735054462846747,0.9999586157549826,0.673505339238677,0.9999998410614224,1.0,0.999998447840394,1.0,0.9999464807646702,1.0,0.9999878645074695,1.0,0.6729453758917081,0.6729732263805985,1.0,1.0,1.0,1.0,1.0,0.9120319069359837
1222,45.311798033836226,43.76430543488934,45.3126473499872,43.76437238389579,45.3118513150618,45.3117795949002,41.4428516774492,43.76434199543124,43.76455879375894,43.764260386654826,43.764439178042664,0.4612817277821841,1.0,0.46129716921731456,1.0,1.0,1.0,1.0,0.999990780574487,1.0,0.9995662165677498,1.0,0.1445003747231076,0.14443902449942628,1.0,1.0,1.0,1.0,0.9996020617357422,0.4613278761711236
1223,51.25644672247722,51.25782133380142,51.2564537403625,51.25781984831923,51.256455620700535,51.25645241816008,50.99231362285559,51.258993707512815,51.259221920354975,51.25782979430781,51.25899863693792,1.0,1.0,1.0,0.9999992572591823,1.0,1.0,0.9993173765430341,1.0,0.9993157763671524,0.9999993388990074,0.9993165186003206,0.8762826766925012,0.8762796018722465,1.0,1.0,1.0,1.0,1.0,1.0
1224,25.94176069383215,25.94105255212608,23.763632018971776,23.719033970418224,23.76363206608798,23.76385799653292,25.435681703185736,25.9176005431994,23.71998915007535,23.718987930877233,23.71899819851828,0.9996459918226519,0.3365312261139534,0.3291099591530346,0.32922650802907666,1.0,0.3365312340419902,0.336650411040406,0.33656925251505426,0.33668844297708667,1.0,1.0,0.7764372155793755,1.0,1.0,0.42407443854422167,0.3332688702693952,0.9883424771935688,1.0,0.9784149076058083
1225,46.5952982338018,39.34681077035589,46.59507083399933,39.34667583861392,46.59505651587196,46.59586197768098,39.654086657043024,39.34683559518521,39.34740009584803,39.34768742406962,39.34695461594225,0.02666925882606944,0.9998863065623542,0.02666745962198737,0.9999325364047866,1.0,0.999879148338231,1.0,1.0,1.0,1.0,1.0,0.031098186033989703,0.03110172209569145,0.8575931029827222,0.8578351930836517,1.0,1.0,0.9999928409619411,0.02668034278478098
1226,46.53702972358872,46.537051144627014,46.537140329499664,46.53705715669378,46.53727375097472,46.537080923970905,46.973231348908826,46.53706492907631,46.54053503436174,46.53938447818669,46.54016887302501,1.0,1.0,1.0,1.0,1.0,1.0,1.0,1.0,1.0,0.9999702976767431,1.0,1.0,1.0,0.8040585332396581,0.8054548280949078,1.0,1.0,1.0,1.0
1227,64.81800166139669,57.623482660653906,64.81873099558601,57.62351765255423,64.81785195797508,64.81796499792446,56.01003065324059,57.62347136834484,57.62346385551672,57.6241221362115,57.62345912823977,0.027398705797504027,1.0,0.02739918516808864,1.0,1.0,0.9999251510905129,1.0,0.9999816684319104,1.0,0.9996170745039167,1.0,0.012228505893530146,0.012224047372801253,1.0,1.0,0.9999962435929955,0.9999943538614053,0.9995605777687765,0.02740049907797991
1228,36.43708516359018,36.43708903849506,36.437090105606956,36.43906772868843,36.437091465474765,36.43708694447514,36.67460631078478,36.43709342682834,36.4379290317018,36.437098469507504,36.4370980678232,1.0,1.0,1.0,1.0,1.0,1.0,1.0,1.0,0.9999989529905885,0.9999984194353416,0.99901009816975,1.0,1.0,0.8880240598083677,0.888395155941466,1.0,1.0,1.0,1.0
1229,51.092187672984636,49.57763886478443,48.61407046852614,46.97241092584008,52.20282283265229,48.614070528480624,49.582332661516745,49.57764058427284,48.07411669492947,46.97241094823448,46.97241282163145,0.46894283540243886,0.28965677186741035,0.12746819792027614,0.2718203335186583,1.0,1.0,1.0,0.2896567805505221,0.6176803624730585,1.0,1.0,0.4700446890401717,1.0,0.9976567111758591,0.47043005909892543,0.471535001798832,1.0,1.0,0.12690035981281925
1230,41.270192930163205,41.269691833232486,41.27019375743541,41.269645990122655,41.2702870653865,41.27020100550183,41.541363865880385,41.26928348045578,40.78809347778477,41.27009161961908,41.269031046316684,0.9997494829192859,1.0,0.9997265673692425,0.9999770787077814,1.0,1.0,1.0,1.0,1.0,1.0,1.0,1.0,1.0,0.872807551280917,0.6861663458100483,0.7861599556546488,0.9997958444542291,1.0,0.7857655654716222
1231,45.93339988573004,33.649145641510415,45.9338153583588,33.64914312720279,45.933452304924856,45.933460785114875,33.55602008409119,33.64914655567574,33.64914311726429,33.64914220115375,33.649144043419795,0.00215034470430527,1.0,0.0021503420009929284,0.9999987428469781,1.0,1.0,1.0,1.0,1.0,0.999822729092382,1.0,0.0020525139895146626,0.0020520876521076823,1.0,1.0,0.9999982807957507,1.0,0.9998184897580058,0.0021502856314480566
1232,43.53542701717498,42.811011543886025,43.26660405257687,42.811009598565164,43.21984848317166,43.16117443403135,42.562861527628655,42.816433223064706,43.02730582746392,42.45182195570527,42.81643129222198,0.6961377395018892,0.874230260304445,0.696137062396585,0.9999990273400426,1.0,0.8540297352535489,1.0,0.8293389912465572,1.0,0.948650520239079,1.0,0.6149079207313626,0.7033706663473589,1.0,1.0,1.0,1.0,0.9768933586857753,0.9082175579139011
1233,52.802292727348714,41.46333981599338,52.802568004474836,41.46323964236345,52.80225324509615,52.80223485509879,41.620125881102496,41.46345800651659,41.463228445122866,41.46321865366815,41.46329413428083,0.0034496708590026925,1.0,0.003449498080303687,0.9999499144393578,1.0,0.9999802590685745,1.0,0.9999710642936829,1.0,0.9998334391847695,1.0,0.0037309834404409947,0.0037304699485804,0.924655597994416,0.9245494714712758,0.9998852258901904,1.0,0.9998426326941926,0.00344954686519592
1234,58.5368908376021,55.79707858823329,57.98918265810656,55.79705567318828,58.53697382707267,58.53691175268244,55.76693756462629,55.79707820173081,55.79705539613266,55.79705545371104,55.18592140624679,0.2541308150435265,0.7604430235998137,0.25412790335067453,0.9999885425431331,1.0,1.0,1.0,1.0,1.0,1.0,1.0,0.25032964830314064,0.3291892233005449,1.0,1.0,0.9999885972659369,0.9999998067487796,1.0,0.2541173233970551
1235,48.61004463855329,34.1839882610586,48.509922419939755,34.183985242770746,48.51029109849159,48.509923704424295,34.00239222724355,34.183989983761705,34.00267476048086,34.183983716893295,34.002449495009756,0.0007369222336724751,0.9511712973060803,0.0007369211215516,0.9999984908572107,1.0,0.9513466516961542,1.0,0.9511719081886896,1.0,1.0,1.0,0.0006729589635044863,0.0007075055412315846,1.0,1.0,0.9133303710581095,1.0,1.0,0.0007074750677441872
1236,43.434819763084846,41.202788197669264,43.33392827165602,41.1618942413547,43.38095111592639,43.398911065405,42.532718142788184,41.200122322428314,40.69667953399812,41.15376223955414,41.158448034652025,0.3275823573462664,0.9508055125468068,0.32095230133506086,0.9797606438120923,1.0,0.9734251705060903,1.0,0.9822058701722527,1.0,1.0,1.0,0.6369584774010425,0.6699145818947763,0.5136064798375011,0.399309168240063,0.7774613131173882,0.9986679503462963,1.0,0.26128701776042257
1237,39.25566593951481,37.346681025815684,38.819460680246436,36.86127534111691,38.819449027607504,38.81924745375943,37.35826778415756,37.35987639391456,36.877098676781884,37.35987584906363,36.877074135909055,0.3850075028933509,0.804042918801358,0.3020401573169587,0.7845046006820948,1.0,0.8040382342040957,1.0,0.803957201747237,1.0,0.999893392439487,1.0,0.38724447088650243,0.48162164211805303,1.0,0.7861681692197822,0.7855361045463816,1.0,0.999994173697507,0.37863781069899544
1238,33.93548615352853,33.93617980735857,33.866432181141874,33.86716943317498,33.85338998791073,33.842088656618756,34.53627454014662,33.93661795289731,33.85579140299026,33.85413635483468,33.86746626753808,1.0,0.9660622689915613,0.9664184503223404,0.9660833285105876,1.0,0.9597829797766915,0.9594501589256772,0.9543748611903212,0.9540439156951616,0.9879020140042938,0.9875379147324824,1.0,1.0,0.7409454348146056,0.7115984021838908,0.9603924509797975,1.0,0.9935001195922655,1.0
1239,44.612863217181484,43.520049384140975,44.61289041711592,43.520049316470136,44.61288245346731,44.61286423407688,43.532467736538024,43.52004953336788,43.520049413814235,43.52004926440915,43.52004946608275,0.579026567960195,1.0,0.5790265483685886,0.9999999661645808,1.0,1.0,1.0,1.0,1.0,0.9999869085661736,1.0,0.5826330309394148,0.5826251072031752,0.9938101350515065,0.9938100756446953,0.9999999402231783,1.0,0.9999960181836207,0.5790210074174176
1240,43.33309875854354,41.245924009045154,43.333048832821476,41.24592355637867,43.07810952210721,43.07810965289005,41.18207537415941,41.24592734530282,40.86785935404657,40.867783965006254,40.86778005386725,0.3521889791902006,0.9999750374505363,0.3521888994781361,0.9999997736667837,1.0,0.8802981533940841,1.0,0.8802982109580308,1.0,0.8803201859942178,1.0,0.34112316057762454,0.34113167609396255,1.0,0.8546117471694537,0.8277583660508193,1.0,0.8803201284288339,0.33116945564090156
1241,43.95829888672205,42.59977353273473,43.92705414518741,42.55644318173228,43.92706831038504,43.927054579662155,43.2473758572028,42.599791057459896,42.59974736277786,42.55644698988874,42.55650885395772,0.5069906704732678,0.984499025479019,0.4961247595699564,0.9785678286877183,1.0,0.9845059983153414,1.0,0.9844992393490224,1.0,1.0,1.0,0.700849915977513,0.7118848245040229,0.7234004048094643,0.723384600606769,0.9999781528976343,1.0,1.0,0.5149628721635191
1242,39.076531730769915,38.72115796777169,37.15726308978799,37.051029300489006,37.157294420499795,37.15731797637571,37.38428889278242,38.721156450544896,37.05102857630956,37.051031531206974,37.05103106255001,0.8372045266782768,0.38303292766129604,0.3632183119576165,0.4338465696055597,1.0,0.3830389280554295,0.45752132943569823,0.38304343949072683,0.457526718125264,1.0,1.0,0.4290759144308921,1.0,1.0,0.846512629173744,0.43384674163602976,0.9999992413868917,1.0,0.9482539602018246
1243,39.4022432581082,26.54555109961052,39.40224410499877,26.545532052352883,39.40224560926953,39.40224476213976,25.99443727134212,26.545629554602954,26.545533483252456,26.54553343001038,26.54566923406213,0.0016151199069908398,1.0,0.0016151045252615923,0.9999904764165307,1.0,1.0,1.0,1.0,1.0,1.0,1.0,0.0012261170249371197,0.0012261165057437563,1.0,1.0,0.9999519654784456,1.0,1.0,0.0016151037821023012
1244,52.80940054131915,48.039900479743494,52.809404515563614,48.23218277906949,52.809412849211185,52.80940836113081,48.237974490230584,47.71428252685806,47.714517362485225,47.91195997476029,47.71451592443373,0.09211200186626793,1.0,0.10140743357186473,1.0,1.0,1.0,1.0,1.0,1.0,1.0,1.0,0.10170152046535144,0.10170131837219992,0.7696295516253493,0.7697199251501978,1.0,0.849753495847414,1.0,0.07828120498045968
1245,27.480500598868332,27.01864569344508,27.176193750749377,26.65827256827555,27.176193763419036,27.176497046360282,26.723319647657604,27.018298213380064,26.658300978793733,26.658262677858517,26.65831348597598,0.7937970517699984,0.8588565013813693,0.6629113452582989,0.8351143957767893,1.0,0.8588565068220788,1.0,0.8589867549610875,1.0,1.0,1.0,0.6848260082043939,0.7973695339127458,1.0,0.9680134139338086,0.8352713663459006,0.999826275059417,1.0,0.7718643998000573
1246,42.32208264860827,42.322052576009185,40.53484031149219,40.53473351133678,40.53484002586407,40.53466049486647,39.8166827550516,42.32201655944914,40.52712631763015,40.53506768765976,40.53473243228089,0.9999849638135004,0.40917138824136956,0.40914953904082296,0.40915569118210304,1.0,0.40917132980594695,0.4091774822748816,0.40913460198590257,0.40914075390258287,0.9999100957287725,0.9999634924312625,0.2857322924865551,0.6983193368300769,1.0,1.0,0.40760972411672425,0.9999819918821253,0.999999857185951,0.9961505739920992
1247,25.269613457712666,23.217148988802137,24.51857014041161,22.687539107945213,24.518564054025774,24.518582728993607,22.68760532937634,23.217149494027296,22.681528614147965,22.68753944355359,22.687539129128083,0.35835461632559046,0.6869308418922593,0.2749854271548927,0.7673556154361052,1.0,0.6869287514323662,1.0,0.6869351656484809,1.0,1.0,1.0,0.2749945322698929,0.4003234612561246,1.0,0.9969662535230318,0.7650527908115903,1.0,0.9999969568117115,0.3991101959333652
1248,58.22766871437588,58.22964072813011,57.49261293135012,57.494354948019094,57.49240684820822,57.466699078643984,57.574634561811905,58.227845651466566,57.49453947121091,57.49431781055915,57.492457631704866,1.0,0.6924440132281895,0.693047400474389,0.6923643877543113,1.0,0.6923726663851787,0.6916903186296692,0.6835299413406029,0.6828563082757215,0.9871266532495109,0.9862672320431886,0.7214320555662117,1.0,1.0,0.9607437592156672,0.6930500292432099,0.9991028643352794,0.9998969637376481,1.0
1249,38.919846548964244,38.91766004951421,38.919812342457476,38.45837235064647,38.919756623230626,38.913032337352035,38.433755537597136,38.45837698485997,38.7463066987205,38.458371368659414,38.31331598358193,0.998907347654749,0.9999828968928756,0.7939481682412788,0.79481662649226,1.0,0.9999550381440052,1.0,0.9965986917926694,0.9976888188203841,0.9966157370183815,1.0,0.7842358257722398,0.7842492388709845,1.0,1.0,1.0,0.7948184681693626,0.9999721407746504,0.9169292511089191
1250,61.867943274600464,57.28145920977806,60.92080749257423,56.19816405793969,60.91670462579279,60.914920332855104,57.32460940050498,57.41645387253902,56.329896714745644,56.18978698968277,56.33665054090548,0.10093868432217586,0.6227763016710015,0.058725008227770936,0.5817889208891667,1.0,0.6215000271145131,1.0,0.6209458053202055,1.0,0.9970607482239054,1.0,0.10314010863861395,0.16561341265214122,1.0,0.6081362401768884,0.5808407948353073,1.0,0.997950669360629,0.10092234133944065
1251,32.335990917775604,28.195235741503097,31.88060070207439,27.82866063681476,31.88079635702161,31.880658376591384,28.59208028036292,28.194759445305692,27.827713025966915,27.828801106469683,27.82825866830433,0.12613814444510116,0.7963670288795258,0.10501362866054165,0.8325287257277398,1.0,0.7964449392648532,1.0,0.7963899942525241,1.0,1.0,1.0,0.1538225953724397,0.19315540422217795,0.8198282453701887,0.6823697400569222,0.8323325573502314,0.999761880256305,1.0,0.13179050960642447
1252,59.71960725770916,47.229788455308864,59.00327650803854,46.27515308036081,59.1264087481849,59.17680555055381,48.592230208933074,47.27043290875082,46.338132163291135,46.33821150937396,46.27279763962551,0.0019403063593182541,0.6989574754707679,0.001203854136315637,0.6204453902519924,1.0,0.7433418433846191,1.0,0.7623108601158806,1.0,1.0,1.0,0.0038346062415526,0.005486179597649888,0.5163870746276873,0.32398792810440213,0.6274129311582712,1.0,1.0,0.0016713254370829382
1253,91.73948101328818,69.30096264953929,91.73949489234309,69.29885573634644,91.73948404621001,91.73953429337192,67.14713478652072,69.2981486100133,69.29815167553056,67.21311917606317,69.29814929712023,1.3413362024034013e-05,1.0,1.3399239069595448e-05,0.9989470980941788,1.0,1.0,1.0,1.0,1.0,1.0,1.0,4.569196845895529e-06,4.569165137938599e-06,1.0,1.0,1.0,0.9985939696252293,0.999994576948165,1.339450264790025e-05
1254,42.82026550728003,34.21573928651739,42.13366428030912,33.21575591237888,42.60390172251408,42.49426826205564,34.24261257181993,34.21361139336085,33.25715593039615,34.060819008756994,33.25736859445854,0.01353788658607505,0.7094249168052665,0.008211211541116072,0.6065357017809598,1.0,0.8974643396559299,1.0,0.8495923586319402,1.0,1.0,1.0,0.01372101791021207,0.019341043125467812,0.9856040379851958,0.6109572309462296,0.619881014484446,0.9989366192122158,1.0,0.009340711087641266
1255,70.33265458936407,54.44472559577545,69.2895901042013,52.97867813705247,69.28958511146237,69.59809506380506,54.22124279467627,54.444633229471634,54.226364447303695,54.221276617613995,53.01383322501104,0.00035479709446051267,0.5936102958127312,0.00017046369334813467,0.4804540285408305,1.0,0.5936088139439664,1.0,0.6926158498020392,1.0,1.0,1.0,0.0003172863443463661,0.0005345027648348969,1.0,1.0,0.8966099130229441,0.9999538179145164,0.9999975036336546,0.0005358746254057118
1256,46.00486022071391,46.004072794473274,46.00486255224638,46.00407389735503,46.00486605598613,46.004928099274935,45.96736085832592,46.003491911653754,45.91598418596027,46.004100519518005,46.00351250888744,0.9996063643745227,1.0,0.9996069155984848,1.0,1.0,1.0,1.0,1.0,1.0,1.0,1.0,0.9814250006319107,0.9814238565204492,1.0,0.9746388019275968,0.9571895283861256,0.9997096007642632,1.0,0.956532095981022
1257,41.73867580346604,32.763708993493196,41.73867783725518,32.79982422588799,41.73872071673111,41.73867454576754,32.763098762099105,32.76370925354979,32.76370898034696,32.763708719114334,32.76370898651376,0.011248917187248204,1.0,0.011453890915159906,1.0,1.0,1.0,1.0,0.9999993711509477,1.0,0.9999983542575321,1.0,0.011245485489598639,0.011245474054131297,1.0,1.0,0.9999998633985947,1.0,1.0,0.011248664503346108
1258,43.569070818732996,37.05384782555234,43.56943726404876,37.05431890405512,43.56910855625736,43.56906592747316,38.02245707507498,37.05393154399809,37.054325365202715,37.054069831106546,37.05404677627968,0.038480198426260374,1.0,0.03848926309089136,1.0,1.0,1.0,1.0,0.9999975543730732,1.0,0.9998143489474913,1.0,0.0624551317636545,0.062443689616676734,0.6161512773169711,0.616272615982146,1.0,1.0,0.9998356596096633,0.038488661193250576
1259,48.6316099800612,46.27897126851502,48.631127369004105,45.33071010665273,48.63110492536421,48.63110511283185,46.24730912505481,46.27897179289576,46.2789701979878,46.27896967373155,48.61136223465272,0.30841180624670816,0.9997587235832901,0.1919635177544891,0.6224259702980743,1.0,0.9997475045338536,1.0,0.9997475982440078,1.0,0.9999888719757879,1.0,0.30356776120050205,0.30364102261840553,1.0,1.0,0.9999992025463396,1.0,0.9999887782430182,0.30848953337366625
1260,37.090267749743646,35.150837700616705,37.09029570541503,35.15083877456567,37.09042389982727,37.09027249049598,35.163280394850716,35.15083954447701,36.53607061448878,35.15083890319963,37.07927649597681,0.37919108285198183,1.0,0.37919128646797207,1.0,1.0,1.0,1.0,1.0,1.0,0.9999883926078394,1.0,0.3815575157696232,0.38155218245863476,0.9937988816050047,1.0,1.0,1.0,1.0,0.7579206041666561
1261,41.30913333307956,41.30894815258668,40.15444088889868,40.154183637835104,40.15443441238705,40.15443778122619,41.22429431463959,41.30998576164944,40.13662354771574,40.15418399101941,40.154108398534134,0.9999074140399058,0.5613861857799057,0.5613139818269574,0.5613659564329982,1.0,0.5613843678707687,0.5614363489941723,0.5613853134783822,0.5614372946893437,0.9999984461649654,1.0,0.9584676102217551,1.0,1.0,0.5805174700517792,0.5561700940498435,1.0,0.9999967617494285,0.9911341035783768
1262,32.010719661133635,32.013671225741376,31.977728042199686,31.97775568002814,31.91215102436263,31.877020907001565,33.20381740532849,32.01083438930965,31.92052816033501,31.912184808604962,31.97781518078662,1.0,0.9836395013558517,0.98365309427967,0.9822025070887112,1.0,0.9519104455790619,0.950506669077644,0.9353360737908769,0.9339567394139783,0.9508931600465484,0.9508800198263234,1.0,1.0,0.5507405190802181,0.5264259397751703,0.9558511159744424,0.9985825872638014,0.9677432070051536,1.0
1263,62.88778501622258,55.82884528740169,61.347490635339625,54.94465456651528,61.46967159150836,61.52149821605073,54.945048478613444,55.809479661957795,54.782036809039084,54.68432956092431,54.490780755576395,0.02932045556460022,0.4629449222286427,0.0188439150757612,0.6426883454877905,1.0,0.49210817815635277,1.0,0.5050269927799009,1.0,1.0,1.0,0.01884762686434134,0.04071246050957383,1.0,0.9217273317553787,0.5982650316593845,0.9903639147696894,1.0,0.035301938863675594
1264,92.3960976651822,53.689014194272914,92.39615465054396,53.689016788441336,92.39616110764965,92.39610121434322,53.68265774819099,53.68914972133942,53.689043126760026,53.68901620050082,53.6890613213738,3.934265087849878e-09,1.0,3.93427019092631e-09,1.0,1.0,1.0,1.0,1.0,1.0,0.9999732822565531,1.0,3.921780965070371e-09,3.921669224608743e-09,1.0,1.0,0.9999467041305791,1.0,1.0,3.934197202730143e-09
1265,50.41291955520276,50.37369656920481,49.12581594726629,49.12551577650436,48.75032100127345,49.07474836069002,49.07297435750206,50.34483877512858,49.11639152707346,49.12557273988665,49.12547214695536,0.9805795613377718,0.5254229067637353,0.5253440543840483,0.5357485257670871,1.0,0.4354831054209125,0.4441078751700652,0.512176699507285,0.5223203906152599,0.9747894370688206,0.9749357496922629,0.5117225993819623,0.9739251806394248,1.0,1.0,0.5410607988905876,0.9856747006315071,0.8288239812443774,1.0
1266,62.48113541445281,58.51463623831427,62.481143489389325,58.514636293270314,62.481138094053705,62.48114142680535,58.647536217162155,58.749218674416795,58.74921868990435,58.51463341372414,58.74921998308906,0.13762129736892012,1.0,0.1376213011504814,1.0,1.0,1.0,1.0,1.0,1.0,0.9999989687085449,1.0,0.14707691486811914,0.14707632105094257,1.0,1.0,1.0,1.0,0.9999973023358287,0.15474762697998623
1267,21.33069259340067,21.474690339227124,21.568928673821205,21.567456839058195,21.56855395684417,21.33068922143252,21.492521310334922,21.474538748908515,21.269039697720984,21.474940201010497,21.47369080131071,1.0,1.0,1.0,1.0,1.0,1.0,1.0,0.9999983140173472,0.930530375740145,0.8877015132754832,0.8883550286858716,1.0,0.9625168738095745,0.9910490199758454,0.8942760181673461,0.9023529615004736,0.9999242077130761,0.999812659061988,0.8609170423355699
1268,40.437350184077985,40.43726526735571,40.43758825373823,40.43726760758361,40.43724972300464,40.43724738328717,41.04638284146165,40.44117744472757,40.44049663223399,40.437269188727356,40.437280763825186,0.9999575425402072,1.0,0.9999587126051588,1.0,1.0,0.99994977072486,0.9999922278546672,0.999948600925571,0.9999910580057095,0.9998295792977305,0.9999898879029101,1.0,1.0,0.7388926012987069,0.7386411204467711,0.9996596516848406,1.0,0.9998307489577809,1.0
1269,48.60158960646601,45.34536255322854,45.784642246826564,42.10829991280346,45.784642188556916,45.78464894262484,46.18346630124563,45.34550160883259,42.108284438387614,42.10824447517621,42.108287310616305,0.19629953890773955,0.24451620850273795,0.038904519723928555,0.19818956244320884,1.0,0.2445162013788013,1.0,0.24451702711971207,1.0,1.0,1.0,0.29847722339049093,1.0,0.6577158063443411,0.13034233658036037,0.19817424991626367,1.0,0.9999999708651761,0.1591069159972139
1270,39.85930730003966,34.97594981428844,39.859586812422464,35.08146621154029,39.85950090882895,39.85936695886127,33.78095426034463,34.975951496408754,34.97762094718723,34.97595632481682,34.97595604140102,0.08701465355224143,1.0,0.09172864747046611,1.0,1.0,1.0,1.0,1.0,1.0,0.9998900792611316,1.0,0.047874296799633155,0.047867606537760066,1.0,1.0,1.0,1.0,0.9999570491256577,0.0870789604273081
1271,49.08443670295469,42.494734961919676,46.36606766467082,40.90222094307569,46.3660572344063,46.495367103033345,40.90185763527961,42.49242696673082,40.95638517360425,40.9026293127811,40.90226507881022,0.0370735733977842,0.25687016426824766,0.01672069876657639,0.451013949671648,1.0,0.25686882465985994,1.0,0.27402531127056645,1.0,1.0,1.0,0.016717661662326768,0.06508214649977268,1.0,1.0,0.4639303264409279,0.9988466680047373,0.9999947848813368,0.06688128944576607
1272,44.17193901508813,44.173766125538094,44.17263556005108,44.171948454735315,44.17193180250254,44.172024379711644,44.609936674046054,44.17207569191439,44.1772906276118,44.17195198801119,44.17198138995417,1.0,1.0,1.0,0.9990915774644185,1.0,0.9999963937137094,0.9990832589462942,1.0,0.9991295061865331,0.9996944565182033,1.0,1.0,1.0,0.8033775581307142,0.80547507269641,1.0,0.999155140283261,0.9996481831278072,1.0
1273,39.27732591489621,38.08201423143606,37.992350986047484,36.90743798880041,37.992339516571974,37.99235860634704,37.40880911644203,38.13635426746896,36.90744508835198,36.9074368571973,36.88032586898012,0.5500996464897085,0.525982432850711,0.3057633130627791,0.5558325932654444,1.0,0.5259794164880438,0.9561529803635018,0.5259844369263784,0.9561621067797188,1.0,1.0,0.39287711549508075,0.7469396142486584,1.0,0.7782698110848307,0.5409358469262591,1.0,0.9999942652786887,0.5813238862035586
1274,60.97104881435072,60.970525529290114,60.97232018536832,60.9705671666909,60.9710535756698,60.97108536263076,61.28101944246475,60.969873671615886,60.944890525144444,60.97059353127267,60.97026254709539,0.9997383916951172,1.0,0.9997592051658183,1.0,1.0,1.0,1.0,1.0,1.0,0.9993827791904002,1.0,1.0,1.0,0.855924690221086,0.845299346065269,0.9875861226142777,0.9996741242719194,0.9993668956459297,0.9870036660070686
1275,48.37687583551974,46.48681790914631,48.15398121585497,46.252936712876476,48.152877029939475,47.83176783217698,45.883169311594514,46.487761417577076,45.9448222913295,46.25293698100322,46.2529380665909,0.38866831366579213,0.8945385235462999,0.34577411590622925,0.8896380377525533,1.0,0.8940447914325691,1.0,0.7614323094475948,1.0,0.8512012500355823,1.0,0.287407772370955,0.32129166582067176,1.0,1.0,0.7622584838820792,1.0,0.9994480594175268,0.3315331848278576
1276,47.39373686174932,34.69828205603886,47.2052238312433,34.52934088470184,47.20523048069788,47.20523873345297,34.694788199403945,34.69828323798697,34.5293491112956,34.69827122460279,34.66250372351155,0.0017507213029451076,0.9100492907734784,0.0016089105782040208,0.918998686711283,1.0,0.9100523164442188,1.0,0.9100560716714119,1.0,1.0,1.0,0.0017476655881594665,0.00192040761514585,1.0,0.9206093013703538,0.9190019237270372,1.0,1.0,0.0017679392350001375
1277,63.30835785197374,42.80936620574613,62.69687598347247,42.513665149424014,62.69684038903313,62.69766169821938,42.638589268398306,42.80935069228576,42.51362564437201,42.513620780130026,42.513620188791265,3.537533177968593e-05,0.7365774167209422,3.0513347373498423e-05,0.8625600337413816,1.0,0.7365643078075046,1.0,0.7368668434382093,1.0,1.0,1.0,3.248005686873225e-05,4.409591732166499e-05,1.0,0.9394301490012934,0.8625496867093981,0.999992243299899,0.9999822029387,4.142577143683411e-05
1278,35.91299990557161,35.91296394050116,35.91297545231009,35.91489212598614,35.912946764163706,35.9129667180116,36.70352259232257,35.912996223890104,36.080896343684486,35.91461731940552,35.91363559909496,0.9999820176264586,0.9999877734439865,1.0,1.0,1.0,0.9999734296490463,0.9999914118681527,0.9999834063576726,1.0,0.999995632860291,0.9990377592635441,1.0,1.0,0.6735027606252371,0.7324844812522889,1.0,1.0,0.9999856560296825,1.0
1279,49.015980068190146,49.01599041192128,46.605987808042215,46.60658425970533,46.60574491218671,48.00525470626337,46.633107337892085,49.01598665585277,46.823496306626,46.606712497914685,46.60659034795711,1.0,0.2996931593013618,0.29978254887148315,0.29978099844045053,1.0,0.29965676439829025,0.2996552146177962,0.6032867351305389,0.6032836150207149,1.0,1.0,0.3037846049214679,1.0,1.0,1.0,0.33412330596036205,0.9999981219675091,0.9998785594467474,1.0
1280,50.39076029994561,50.39079009956734,49.49248937605671,49.492534541676065,49.18700594649198,48.8987849697705,48.97560750386194,50.39403672673825,49.19179586616485,49.187049992676606,49.49254018279791,1.0,0.63817964378277,0.6381940558349373,0.6381845469350513,1.0,0.5477823860077373,0.547774224214596,0.4742656529172449,0.47425858650136143,0.743153840047396,0.7431370577351619,0.49283719238911705,0.7722546420751614,1.0,1.0,0.5481970752658278,1.0,0.8583513926592697,1.0
1281,53.56248020718769,53.562399422562606,53.56242274453044,53.56241390249278,53.27861835630935,53.27861652253381,53.74992893255791,53.56240217462465,53.28050323121954,53.27863173962268,53.56241665343197,0.9999596085032166,0.9999712690841142,0.9999668482020773,1.0,1.0,0.8676811891130595,0.8677162374706742,0.8676803935471527,0.8677154418726318,0.8677053235158163,0.8677091596658696,1.0,1.0,0.9104981797737837,0.7907978941154459,0.8685331960926295,1.0,0.867706119104581,1.0
1282,49.52840249610341,40.508551147260164,49.5278200644409,40.46909158102764,49.52763743546717,49.52741227220872,40.46916531029018,40.50794329286555,40.48095356660599,40.468887962820986,40.4688755365886,0.010999277673100803,0.9997088265679603,0.010784391113378323,0.9804635753265881,1.0,0.9996175428372736,1.0,0.9995050106003498,1.0,0.9997961246693098,1.0,0.010784788683308275,0.010787929841864934,1.0,1.0,0.9865957843192206,0.999696118983884,0.9999086896821747,0.010852694004930247
1283,25.107148245307172,25.107480947327275,25.10714760387262,25.10717008544745,25.10717542314913,25.107183460906924,25.606946660093115,25.107202999715497,25.10930275545502,25.107582408630776,25.10719424676688,1.0,0.9999996792827747,1.0,0.9998445811388502,1.0,1.0,0.9998472495784612,1.0,0.9998512678515474,1.0,1.0,1.0,1.0,0.778900608217875,0.7797187881485348,1.0,0.999861035850523,1.0,1.0
1284,62.87892831539651,40.92311722735292,62.87892652608815,40.92311137249823,62.87901246872869,62.87899014990302,40.62663239794472,40.92311938431902,40.9231133820079,40.92311364206816,40.923110962914734,1.7074822565813958e-05,0.9999991053462219,1.7074772580584627e-05,0.999997072576939,1.0,1.0,1.0,1.0,1.0,1.0,1.0,1.4722288930945855e-05,1.4722302102309085e-05,1.0,1.0,0.9999969988489412,1.0,1.0,1.7074071301442028e-05
1285,54.16073487561363,51.35861431204461,54.16073439207207,51.35861501596847,54.160740169737124,54.16073686971782,51.61406491089184,51.59142373783942,51.519312868722835,51.35861413851339,51.519025453811565,0.24633564023548818,0.9999997582292516,0.24633572693627076,1.0,1.0,1.0,1.0,1.0,1.0,1.0,1.0,0.27989661325843374,0.2798966809292638,0.9887432501966442,0.9537287080540592,0.9645868205566802,1.0,1.0,0.2669447287315571
1286,36.27958781905309,34.99531499838298,35.5552370912182,34.145210370392675,35.55523815151412,35.55524432845132,34.14520686638801,35.00633063525191,34.14603228023822,34.14521050858258,34.14521211658598,0.5261671135492276,0.696160275743686,0.3439741656339424,0.6537355847150652,1.0,0.6961606448117321,1.0,0.6961627948853464,1.0,1.0,1.0,0.34397356299092935,0.4941011071386878,1.0,1.0,0.650412060636215,1.0,1.0,0.4943048061177231
1287,42.00939667125249,42.009416279472276,42.009409350373545,42.00942568104267,42.00941105942391,42.009466605886274,39.623451265218506,42.0128207688235,42.0123887038302,42.011830806992464,42.00943609049389,1.0,1.0,1.0,1.0,1.0,1.0,0.9999973899792236,1.0,1.0,1.0,1.0,0.30331824746226593,0.3033163245639719,1.0,1.0,0.999783990836687,1.0,1.0,1.0
1288,54.77794681368064,50.88475686719275,54.79540549995741,50.884753353543374,54.77800902123397,54.777955477966316,50.88365340778921,50.88475243559486,50.884739250537564,50.88475334111533,50.88475332638575,0.1427593443214188,1.0,0.14275909351849864,0.9999982431768557,1.0,1.0,1.0,1.0,1.0,0.991312941454167,1.0,0.1426806014753326,0.14144051399512497,1.0,1.0,0.9999934074930814,0.9999977842035115,0.991339480876494,0.1427536466092893
1289,50.12584304743382,48.87216933072739,49.34508110458896,47.84394497696377,49.34488613638814,49.34489568402665,47.843957038729116,48.872169319813,47.84557175265766,47.843945321714784,47.84394505202505,0.5342791315392608,0.6767989843051365,0.319515646275578,0.5980313050128907,1.0,0.6767330103807511,1.0,0.6767362409895386,1.0,0.9999072940163136,1.0,0.3195175732427635,0.4721011417752191,1.0,1.0,0.598517937557052,0.9999999945428044,0.9999025206510125,0.47252851159670384
1290,53.57055646205984,47.44933957901023,53.377048423540856,47.17465061250121,53.38103726669203,53.38270380300912,47.44314973662003,47.44933007072396,47.449927630608784,47.17215862331855,47.17214944459084,0.04685917547639216,0.9077792748904947,0.040845732741732615,0.8716698987226281,1.0,0.9095915761077978,1.0,0.9103498256741853,1.0,1.0,1.0,0.046714374210860284,0.051460058081294516,1.0,1.0,1.0,0.9999952458681667,1.0,0.05153187050082563
1291,84.16023638474863,50.444017868195886,83.90401612956086,50.03583544080249,83.90401727132232,83.9040190266197,48.68624480906084,50.44413028166943,50.0358982766237,50.035089116515536,50.0371059675133,4.7710742332440977e-08,0.8797564883443002,3.890276644653962e-08,0.8153879932420925,1.0,0.8797569905804693,1.0,0.8797577626983766,1.0,1.0,1.0,1.9811648030594194e-08,2.251946793581445e-08,1.0,1.0,0.8153677809813897,1.0,1.0,4.422128965830597e-08
1292,40.50704156210986,36.53550274152505,40.50715799334671,35.819076866251095,40.40405879538372,40.50735806528857,37.549028449879216,36.53550626992177,36.42447836952579,36.42447986043237,35.81907699142144,0.13727495271217438,1.0,0.0959447908814848,0.6989242318855726,1.0,0.9498118341106645,1.0,1.0,1.0,1.0,1.0,0.2278639460217847,0.22785068116736518,0.6024436831244477,0.569911017393044,0.945998826707453,1.0,0.9497565418368082,0.13672410538668703
1293,38.85835560071516,38.85896083978034,38.858276413349984,38.85724231766213,38.85828135565362,38.8583193083617,37.166736489855396,38.856128075508394,38.73667755851952,38.857247256157336,38.856132198926645,1.0,0.9999604071012327,0.9994435133696377,0.9991411079999651,1.0,0.9999628781582623,0.9996603156424392,0.9999818539879125,0.9996792857305015,1.0,1.0,0.4292097484426268,0.4292267427736015,1.0,1.0,0.942023310936902,0.9985846204597971,1.0,0.9410096366700985
1294,40.543249729516674,35.231123188818174,39.75975610264854,36.485343838185116,39.75976270878613,39.75975569553904,37.37110091350519,35.3955001910127,35.39639783282138,35.23201329022746,35.39640059763178,0.07022413171836803,0.6758752148241318,0.13147310859334402,1.0,1.0,0.6758774472901499,1.0,0.6758750772465367,1.0,0.9999997964452726,1.0,0.20472771381576543,0.3029075624100779,0.3723949250913819,0.3725621012316995,1.0,1.0,1.0,0.11285150517357
1295,66.25763043478082,53.36773502305081,66.25763396676601,53.367734901976405,66.25763879761524,66.25763580243418,53.36650163393023,53.367736034923695,53.36773590152396,53.37075424379532,53.367735913755155,0.00158852763758246,1.0,0.0015885275414174425,0.9999999394627982,1.0,1.0,1.0,1.0,1.0,1.0,1.0,0.0015875483032356079,0.00158754549963954,1.0,1.0,0.9999999333001335,1.0,1.0,0.0015885216930362146
1296,40.76667666583123,36.2757511754881,39.79562659172569,34.96461763848859,39.703821240256076,39.79769189669514,34.965491083467896,36.561887328998466,34.560917205063674,34.96461961680575,34.41099086085532,0.10587853425524851,0.6153740177705964,0.0549666020486265,0.5191477426020539,1.0,0.5877652104464566,1.0,0.6160098135006027,1.0,1.0,1.0,0.05499061244247882,0.08936128412067376,1.0,0.8168605050097373,0.3677010401172242,1.0,0.9551349154711435,0.0764244951082385
1297,38.4216178932447,37.13543946644566,38.42163209511497,37.1352092254387,38.421634743475096,38.423435910410035,35.65482271133368,37.135447164115845,37.13546179144515,37.13546956370294,37.135424063255584,0.5256660186712943,1.0,0.5256055072176836,0.9998848861226307,1.0,1.0,1.0,1.0,1.0,1.0,1.0,0.2507252424643188,0.25072346208695623,1.0,1.0,1.0,1.0,1.0,0.5256674576233007
1298,33.54478498961555,33.29022373327075,33.52640541130998,33.2901520650766,33.53046769937882,33.54478630624874,34.92895730664088,33.29256497005673,33.28626317614757,33.29021416352174,33.28309419756681,0.8804865485928454,0.9908523079064904,0.8804549977176906,0.9999641665449572,1.0,0.9928669169486399,1.0,1.0,1.0,1.0,1.0,1.0,1.0,0.4412268360608076,0.4398387637516066,0.9968540619115701,1.0,1.0,0.885057856428432
1299,36.974001837101184,30.342011871598118,36.818442429519365,33.83820384084501,33.84139664325994,33.841378330438516,31.950409737457164,31.946503304170335,31.94650407112084,30.341369169863242,33.83746974079526,0.036297914804933315,0.9251682151463545,0.2084827451737859,1.0,1.0,0.20881583308014545,1.0,0.20881392108536803,1.0,0.22570373437692653,1.0,0.08112240843316784,0.08768395531220763,0.9980486896428814,0.9980490723699289,1.0,1.0,0.2257058010224794,0.3877299115247783
1300,56.300142510725834,54.870017748140015,56.08798596565521,54.59207751400291,56.08805630055514,56.088114133761565,54.781282052207416,54.82794673699567,54.87033855898511,54.59216443779337,54.59313595934387,0.4891615963117242,0.8993542505835268,0.42569485237586535,0.8702540338113257,1.0,0.8993858791352798,1.0,0.8994118866959058,1.0,1.0,1.0,0.4679329655821991,0.5202988313877326,1.0,1.0,1.0,0.9791841974570576,1.0,0.5439712565289923
1301,39.966953999849494,39.396757428018304,39.96696089733618,39.39675833457733,39.96696558699071,39.96696198371404,37.94802585127067,37.92168958274948,39.513039748868096,39.396766409378245,39.37492910875176,0.751940345542012,1.0,0.7519406863812419,1.0,1.0,1.0,1.0,1.0,1.0,1.0,1.0,0.3644142262011312,0.3644129694321618,0.9869181863103228,1.0,1.0,0.47829196733533463,1.0,0.7969503334086988
1302,46.364821607486874,46.36659181238386,46.36470028474466,46.3672298268022,46.36471524284093,46.36472027079611,46.9189928367291,46.36473496555104,46.36817975754653,46.3649806844914,46.36473520128425,1.0,0.9999393404687553,1.0,1.0,1.0,0.9999468190911825,0.9990621552800495,0.9999493329382382,0.9990646669030774,1.0,0.9987460089017093,1.0,1.0,0.7579567632082287,0.7592633898448624,1.0,0.9990720074352608,1.0,1.0
1303,36.938709265862826,36.34348983918002,36.93871484359761,36.34349294267275,36.93872405924742,36.9387174306552,37.827516456300316,36.335764986962175,36.33577586324719,36.34350034821341,36.33576859024123,0.7425911065997278,1.0,0.7425922589136724,1.0,1.0,1.0,1.0,1.0,1.0,1.0,1.0,1.0,1.0,0.4743187406412588,0.47432132006117844,1.0,0.9961450234645708,1.0,0.7397269865148157
1304,53.050193140373125,53.05047943796228,53.0501980099105,53.0504840452877,53.050200879177794,53.050196278825894,51.60810918174377,53.0508316582372,53.157253287851404,53.050489089646305,53.05082364340643,1.0,1.0,1.0,1.0,1.0,1.0,0.9998607303066808,1.0,0.9998584304537205,0.9999991344580701,0.9998561271197908,0.48624533432468264,0.4862441504312087,1.0,1.0,1.0,1.0,1.0,1.0
1305,37.15835669790374,33.05076360102407,37.158008737826606,33.051002864318434,37.157557124554785,37.15755511417629,34.152445093669456,33.051673014997306,33.05077056347605,33.05268133614743,33.053527502593624,0.1282470818957238,0.9998260350950814,0.12826242522313255,1.0,1.0,0.9996002932295658,1.0,0.9995992884426043,1.0,0.9997732138946996,1.0,0.2224716053070319,0.2225103142927012,0.5767271280435748,0.576466952609892,0.9995488760264054,1.0,0.9997742188564892,0.1282988102566736
1306,31.625805469407197,31.624983267182103,31.62564541910433,31.601493133748818,31.48357972218281,31.625714655916084,31.81033549403952,31.62396145191309,31.405485841052695,31.60149592031152,31.482075719741374,0.9995889833779366,0.9999199780504936,0.9879174198955615,0.9883236373384858,1.0,0.9313567605926067,0.9317397211054178,0.9999545942853143,1.0,1.0,1.0,1.0,1.0,0.9110231038532787,0.8167478780924184,0.8965171954892117,0.9994892228565752,0.9314312955407071,0.9617055650841869
1307,43.34647704383133,43.345571971137275,43.34648707897449,43.34813679461007,43.34669606259351,43.34647927250168,43.594172115437374,43.34845703663001,43.29036733024742,43.3480120979072,43.34829525161473,0.9995475660321023,1.0,1.0,1.0,1.0,1.0,1.0,1.0,1.0,0.9999960967712133,0.9991715822733962,1.0,1.0,0.8843896442629925,0.8590721284501641,0.9713728943152351,1.0,1.0,0.9722285521811016
1308,53.66448210806024,53.66441124223161,53.45504114559725,53.45501920398772,53.45515082081329,53.455042598791806,53.72642812829872,53.664298545944604,53.455438308592676,53.45499264953207,53.45498736917202,0.9999645677134219,0.9005762153628617,0.9005663353712219,0.9005982456263527,1.0,0.9006256021624656,0.9006575145176287,0.9005768697193265,0.9006087803477265,1.0,1.0,1.0,1.0,0.9694127616473518,0.873283608059084,0.900837746941857,0.9999436534440245,1.0,1.0
1309,41.56200884026936,41.56196038594891,41.410576114003845,41.410475011354464,41.41070264958569,41.41058310164897,41.59993818074216,41.561835233445834,41.40701012043786,41.41047786750468,41.41042788405824,0.9999757731332506,0.9270791230893698,0.9270322591961304,0.9270547188272729,1.0,0.927137779192998,0.9271602413806213,0.9270823621449842,0.9271048229899935,1.0,1.0,1.0,1.0,0.9811288586613434,0.9080425591650264,0.9255079505091348,0.9999374257063158,1.0,0.9981554387241175
1310,44.50211722913312,43.10495263444591,44.50206343741786,43.10495292434669,44.502065380121735,44.50206440092066,43.1865419591804,43.104951494545844,43.10495194927819,43.10495330665401,43.104951790491725,0.49728981337027334,0.9999731045040604,0.4972898854526313,1.0,1.0,0.9999740758303447,1.0,0.9999735862426191,1.0,1.0,1.0,0.517996064119534,0.5180099962552851,0.9600256920586433,0.9600259103360348,1.0,0.9999994300501304,1.0,0.4973025351621303
1311,61.528315603430514,53.99325809542091,58.53847239594407,51.120468451384596,58.538547329669825,58.58845142025814,51.123153450478924,53.993025661569874,51.1399054199934,51.12046836036342,51.12093013145707,0.023109101054454406,0.22426618567086481,0.0054949621676244845,0.23778346698454983,1.0,0.2242745883787021,1.0,0.2299410995918867,1.0,1.0,1.0,0.005502344105861865,0.024534880679413514,1.0,1.0,0.2401335334990079,0.9998837898274058,1.0,0.02474032056269963
1312,56.53096588539216,46.811308401918154,56.29205864208592,46.281629510185695,56.292059260021944,56.29206240747729,46.281639010507206,46.81130706447266,46.282831383458785,46.281643063724715,46.281629556455414,0.007751811339210247,0.8874051632491653,0.005948190712478724,0.7673291379514824,1.0,0.8874054374290169,1.0,0.8874068339646095,1.0,1.0,1.0,0.005948218967407921,0.006702934819117995,1.0,1.0,0.767790906160403,0.9999993312774753,1.0,0.006706930137454752
1313,57.58422909335576,30.307721884810917,57.33696968324958,29.372442900320976,57.33697521124117,57.336971212936135,30.174934132687554,30.308130610416953,29.385525709246394,29.372442931255875,29.372442638712585,1.1939378404514692e-06,0.8837070125452995,7.479773826579457e-07,0.6264793336101231,1.0,0.8837094551111417,1.0,0.8837076884429267,1.0,1.0,1.0,1.1172419209696118e-06,1.264267347784954e-06,1.0,0.673879335381834,0.630461964968664,1.0,1.0,8.519612852496146e-07
1314,47.499815301465674,46.26707187185605,47.4998941105533,46.267069795810556,47.49983926043291,47.50121201424915,46.25939485261722,46.267071553273695,47.21857816040543,46.26706969738984,46.267069839300575,0.5398997985920067,1.0,0.5398992381640264,0.9999989619777937,1.0,1.0,1.0,1.0,1.0,1.0,1.0,0.5378313604212234,0.5378101678393625,1.0,1.0,1.0,0.9999998407088369,0.9999725753158674,0.8688102343407249
1315,41.26881578199004,39.94864983767715,41.26882331595098,39.94865456036072,41.268823891794796,41.26882105690149,38.54745162992356,39.953321758818504,39.95332926098189,39.94865738975304,39.95332646777632,0.5168084520009659,1.0,0.5168096723637996,1.0,1.0,1.0,1.0,1.0,1.0,0.9999988704758904,1.0,0.2564857744782043,0.2564848083031207,1.0,1.0,1.0,1.0,1.0,0.5180169499191021
1316,61.50096460938218,48.55744073116156,61.50096216444177,48.55744054215535,61.50122509688623,61.50108052250448,48.554383946298685,48.557440683140584,48.55744043116658,48.55744049002263,48.557440462390105,0.0015464984948368853,0.9999987775305439,0.0015464983486879785,0.9999999054968969,1.0,1.0,1.0,1.0,1.0,1.0,1.0,0.0015441366436196777,0.0015441385312818694,1.0,1.0,0.9999998740130075,0.9999999759895107,1.0,0.001546296854246146
1317,40.131499975148756,37.713939733076415,40.13151893238873,37.71394096391572,40.13158950220617,40.13202982876854,37.80006593166456,37.71394218351125,38.995342219410986,37.713941801533,40.11053853182213,0.29856126598276694,1.0,0.2985614497232938,1.0,1.0,1.0,1.0,1.0,1.0,1.0,1.0,0.31169908686582304,0.3116961324026306,0.9578521220178486,1.0,1.0,1.0,1.0,0.5665875633730857
1318,31.982261484763825,25.7009782769766,31.982263765914013,25.700967799558924,31.98226789011406,31.982266910090118,25.72110501396105,25.700970677304383,25.700979860866198,25.611569924335214,25.700979870636047,0.043255036397202656,1.0,0.04325480979725478,0.9999947613048846,1.0,1.0,1.0,1.0,1.0,1.0,1.0,0.04369252538195805,0.04369247554738025,0.9899833359901646,0.9899878817871822,1.0,0.9999962001711113,1.0,0.043254932121100716
1319,52.83106701363249,47.92955814045686,52.73377407311173,47.8782961457234,52.64264646900057,52.394176796466866,47.60549310702879,47.952961495534396,47.81071295632884,47.78807409125591,47.90284249895964,0.08622850801230429,0.9525178135557301,0.08404646872797111,0.9746946881648263,1.0,0.9100913750985842,1.0,0.803767598176328,1.0,0.843834715464144,1.0,0.0733298917338038,0.07698532320363105,1.0,1.0,0.9313461469202102,1.0,0.9554586404019376,0.08928098422933015
1320,32.709123709979735,32.71052023652078,32.43345922262415,32.710527173932235,32.4375945881001,32.44238106597007,30.976622944410423,32.71154914158794,32.94744660906008,32.43902285799197,32.711584651290565,1.0,0.8712448363166008,1.0,1.0,1.0,0.8730481579312075,0.8724387532563389,0.8751400730027148,0.8745292081302471,1.0,0.8745261746510348,0.4205254060253406,0.482671906330273,1.0,1.0,1.0,1.0,1.0,1.0
1321,48.552459207714946,48.55183655978075,48.48858909466779,48.47581904249225,48.488588874762655,48.48859013482996,48.620612350778345,48.55197766959836,48.478068864520594,48.48823729723287,48.48816525082012,0.9996887244891809,0.9685694823060316,0.9624048425301935,0.9627045088679593,1.0,0.9685693758093373,0.9688709616128311,0.9685699860408323,0.9688715720343354,1.0,1.0,1.0,1.0,0.9662648209301223,0.9312088081470711,0.9637200775359839,1.0,0.9999998900474398,0.9947538044824349
1322,41.45152775087135,38.04437191939945,41.45153031046476,38.044369655149495,41.45186850319584,41.451569368891995,37.07391827658907,38.044376444646616,38.044394074504226,38.044427119710235,38.04436561081937,0.18203106571384267,1.0,0.18203085963204294,0.9999988678756622,1.0,1.0,1.0,1.0,1.0,1.0,1.0,0.11205059852721304,0.11205045512531792,1.0,1.0,1.0,1.0,1.0,0.18200207072761518
1323,37.660446554614936,37.65519171194333,37.0832980289388,37.077989831825334,37.083299155076105,37.08506521191495,37.74628714752183,37.65405663941422,36.639672364787145,37.07798860483692,37.07779458933865,0.9973760273146219,0.749331155622913,0.74734499378481,0.749311165816762,1.0,0.7493315775479161,0.7513029760354766,0.7499935508540694,0.751966690911335,1.0,1.0,1.0,1.0,0.9549318960759257,0.5750447636623632,0.6021840573399824,0.9994326247536883,1.0,0.8010648329758581
1324,45.11687440589549,43.862912188864186,45.116876833552425,43.86290483870283,45.11693064626877,45.11692675595987,43.85613302374642,43.86292166648721,44.536181229261786,43.86290587449386,43.8629048869073,0.5342020672461523,1.0,0.5342001040140651,0.999996324926076,1.0,1.0,1.0,1.0,1.0,1.0,1.0,0.5323944105675926,0.5323937643324925,1.0,1.0,1.0,1.0,1.0,0.7479832393808998
1325,40.76968732771911,40.76835289932862,40.76782956074325,40.76778715972881,40.76781680142801,40.767837752515135,40.975264309979906,40.767771242037895,40.767999613615586,40.76778186555251,40.76778028510006,0.9993330083426485,0.9990715477907909,0.9990503671917492,0.9997171702039862,1.0,0.9990651740767093,0.9997319869716067,0.9990756398822784,0.99974245976244,1.0,1.0,1.0,1.0,0.9014537563706398,0.9015566954558973,1.0,0.9997092136411893,0.99999362036273,1.0
1326,43.25971183622073,30.846575430193752,43.2603775345915,30.846576671549713,43.259717630297274,43.260455050788124,30.855690786836107,30.846575142303294,30.84657564160915,30.846576790074607,30.846576675675948,0.0020161446043170687,1.0,0.0020161458556940174,1.0,1.0,1.0,1.0,1.0,1.0,1.0,1.0,0.0020253545148345947,0.0020246804894148472,0.9954525488429593,0.9954527973606335,1.0,0.9999998560547813,0.9996701022811112,0.002016138976598849
1327,35.03560862600398,35.03592485885491,35.03568416670285,35.03599444569383,35.03640996491282,35.03561731134036,34.558290582605366,35.03595072699008,33.98065313535457,35.03714904076131,33.985929803603824,1.0,1.0,1.0,1.0,1.0,1.0,1.0,1.0,0.9998462380653022,0.9999665728774535,0.9998114506009372,0.7876834195412927,0.7876536690251386,1.0,0.7491479959272334,0.5899905283721523,1.0,1.0,0.589855070912205
1328,35.583324190003765,35.58112015451982,35.289648793082165,35.28991618495411,35.58333154234978,35.58332957590113,36.83803214778669,35.584154862883025,35.373016734147,35.58112570308691,35.28329995602141,0.998898589256586,0.8634341027286055,0.8635495480762349,0.8645017195578557,1.0,1.0,1.0,1.0,1.0,1.0,1.0,1.0,1.0,0.5342247531869193,0.4807020176282588,0.8998123257311262,1.0,1.0,0.9001828189664859
1329,38.45424106039417,36.218216565611584,37.476020714902546,35.40227551703015,37.47607006025544,37.476112552322746,35.402227675585124,36.21822328992272,35.403040817014045,35.40219658543356,35.40220411716763,0.32692900315518636,0.6131717684550566,0.2174072901122977,0.6649984798353882,1.0,0.6131868972303384,1.0,0.6131999251581888,1.0,1.0,1.0,0.21740208963503868,0.35455332554335217,1.0,1.0,0.6652507535091452,1.0,1.0,0.3546887546211522
1330,40.52571974538546,37.44964999377055,40.52600239958247,37.44964997502831,40.52575421424467,40.525875987610846,37.44963385488987,37.44965015948969,37.44059580335704,37.449649976077666,37.44965014621974,0.21480280112625022,1.0,0.21480279911330713,0.9999999906288792,1.0,1.0,1.0,1.0,1.0,0.9999367960116456,1.0,0.21480106779485494,0.21477071272823525,1.0,0.9954911696669352,0.9954830541574399,1.0,0.9998759150302788,0.21382888097425345
1331,42.20197023018625,39.09656231647068,42.20139476850403,39.096545423185944,42.19243667924138,42.201544046556734,38.99004635138277,39.09655156675777,39.096539383712525,39.09654501093584,39.09654335034779,0.21167483967657175,0.9997123105494399,0.2116730517424536,0.9999915533933041,1.0,0.9952445675713646,1.0,0.999786930887691,1.0,1.0,1.0,0.2006964042464774,0.20075415910020653,1.0,1.0,0.9999939084959318,0.9999946251579878,0.9955309713295218,0.21268381606248335
1332,43.30211444698324,43.3029469500278,43.30216569643707,43.30225215272762,43.302357038940556,43.30215627031865,42.774212136669234,43.304746016682714,43.302028144607135,43.30213534594702,43.302234555774106,1.0,1.0,1.0,0.9996526616858318,1.0,1.0,0.9997050879514867,1.0,0.9996047382819256,0.9999952869518942,0.9999520599446758,0.7680110521198148,0.7679913722984816,1.0,1.0,0.9986419868976707,1.0,1.0,0.9998355663539835
1333,46.56477981364458,32.78190311095486,46.507650425131885,32.606635287656445,46.50765080811627,46.50764701249119,32.80946549768632,32.78190658911518,32.781903493533434,32.60663899453925,32.781905221306204,0.0010164507757064933,0.971839419683806,0.0009311666803912387,0.9160961874853438,1.0,0.9718396057834836,1.0,0.9718377614158448,1.0,0.9999982936811085,1.0,0.0010305556481465742,0.0010604176238105994,0.9863150478341189,0.9863135212258712,0.9999984522103246,1.0,1.0,0.0010459040402281284
1334,34.79269599030451,34.038084783565694,34.79272143778499,34.78939307427913,34.792694014809285,34.79280933122888,36.585221632587064,34.038085333078186,34.32387022222383,34.78943154110905,34.74595412687799,0.6857064876594681,1.0,0.9983499048937317,1.0,1.0,0.9999990122528761,1.0,1.0,1.0,1.0,1.0,1.0,1.0,0.2798313581026409,0.32281505490530404,1.0,1.0,0.9999862886061494,0.7910359240188464
1335,45.4704515722899,37.70134801233368,45.4018366146276,38.03302286892796,45.411736042381165,45.47041244423775,37.83034049933525,37.6849388060503,37.68492004072044,37.70132913132031,37.68492042804911,0.02055704077403774,0.9662743500477494,0.024265144242362008,1.0,1.0,0.9710689878607037,1.0,0.9999804361652987,1.0,1.0,1.0,0.021926583135259765,0.02269188159054025,0.9298789648356586,0.9298702401338388,0.9999906173790893,0.991828962753651,1.0,0.020996321971125786
1336,32.8583661473713,30.135071537246745,32.85867581844377,30.135038630373742,32.858679433938306,32.85837191167428,29.84846016757041,30.135076466315155,30.13503871557188,30.135038568236467,30.135038669386518,0.25623832640438676,1.0,0.256234110438038,0.9999835466988558,1.0,1.0,1.0,1.0,1.0,0.9998480581595866,1.0,0.22202773113236263,0.22199335601086737,1.0,1.0,0.9999811248065015,1.0,1.0,0.2561939871427178
1337,63.82202521345363,57.10849151502174,63.481226787536684,57.10849137991343,63.8193759772916,63.48122720062702,57.107066978061795,57.10849358222529,57.1084934574279,56.682582039582826,57.10849347249882,0.03484774501866198,0.8433280818878933,0.0348477426645521,0.9999999324458481,1.0,0.9986762588382789,1.0,0.8433282560732506,1.0,1.0,1.0,0.03482293290577901,0.04129227243070527,1.0,1.0,0.9999999376013042,1.0,1.0,0.03489396944656791
1338,44.536999380684875,44.53788855537451,43.982043985633396,43.98111375349032,44.53031337656839,43.981512431152765,45.14180591959547,44.538853084402206,43.92787962278348,43.98269626696157,43.98403909750817,1.0,0.7576924628311872,0.7573401298336626,0.7570035008322588,1.0,0.9966625795516263,0.99621957446623,0.7574911121778038,0.7571544160664798,0.9997342580753266,1.0,1.0,1.0,0.7397252706486634,0.5450034530834684,0.7367646810356445,1.0,1.0,0.739917284382918
1339,18.079478139584864,17.161229370182184,17.93183773244681,16.984329516577333,17.931843370253745,18.07942385211291,17.015794207974295,17.161229816422804,17.341083502227576,16.984333601994933,16.98433146137299,0.6318366491986395,0.9288386807087563,0.5783510096478524,0.9153489440370023,1.0,0.9288412990190249,1.0,0.9999728566324108,1.0,1.0,1.0,0.5875217773592514,0.632533710709527,1.0,1.0,1.0,1.0,1.0,0.7442487683217238
1340,35.38419266619414,31.17493565126216,32.643602665643726,28.848395480040693,32.643601968655474,32.64359166707527,30.369496243040118,28.846546635907117,28.846560395881653,28.84839872649283,28.84655702339512,0.12189094743617394,0.25403200898556294,0.03808637801947171,0.3124627285337573,1.0,0.25403192045691547,1.0,0.2540306119951836,1.0,0.999994500730893,1.0,0.08148403140799883,0.32076285084463385,0.4669772192433803,0.466980432051755,1.0,0.3121740145597964,0.9999996515059347,0.14979002687451512
1341,40.14277765493176,39.6166554934311,39.91520295673388,39.41667622450814,39.915203647000055,39.91520695617504,39.68470654305392,39.616763240046964,39.41697919249799,39.41697874788534,39.416836148272864,0.7686949434132643,0.8924477155162663,0.6955511575803066,0.9048467972116808,1.0,0.8924480235295557,1.0,0.8924495001641151,1.0,1.0,1.0,0.7953002553550654,0.8911449281877508,0.9665989058748342,0.8747093009780338,0.9049351242399407,1.0,1.0,0.7794924881765316
1342,48.70202243420704,48.7042946817576,46.83955336945479,47.85809180315442,46.83955212967484,46.84238480262454,47.85463152925382,48.70424970751819,47.333865590242226,46.84257317055284,46.842572126242914,1.0,0.39406692158211326,0.655756783577913,0.6550121857630202,1.0,0.39406667730405526,0.3936192230127832,0.39462520374996385,0.3941771152638478,1.0,0.6017859267834428,0.6546232154330676,1.0,1.0,0.7707563530949768,0.5039934239883863,0.9999775131331258,0.9999993801102182,1.0
1343,48.40022519945518,48.033061191192246,48.088851176900505,47.70866802469004,48.08579672297799,48.083801046681316,48.37104893666975,48.0579869756466,48.20320586815865,47.70254372517695,47.73941924018766,0.832283622243823,0.8558270126596672,0.7076691566418033,0.8502740384749359,1.0,0.8545209681388167,1.0,0.8536687197919246,1.0,0.9974781201857192,1.0,0.985517759852222,1.0,0.8551050257013967,0.9195034027835878,1.0,1.0,0.9984739386563745,1.0
1344,48.254787171199155,48.253819654514274,47.374366238324626,47.37439089618783,47.374376199752334,47.37437991897056,49.52845067811876,48.25271149230417,47.383297001975734,47.374400844507164,47.37445664374869,0.9995163586497604,0.6439008872952845,0.643908825954221,0.6442203975771571,1.0,0.643904094389341,0.6442156637227896,0.6439052918003769,0.644216861713223,1.0,0.9999945114064264,1.0,1.0,0.5284169690071192,0.3421257778391031,0.6474541846790953,0.9994460723695375,1.0,1.0
1345,44.598324476696405,41.08590762925482,43.77016908914649,40.28850550108331,43.602181865710264,43.47735649954868,40.288156425116284,41.17975278064563,40.086350773887375,40.288503296007974,40.28850527894494,0.17269842327497215,0.6609495976017147,0.11591368173966941,0.6711913145559556,1.0,0.6077016008952406,1.0,0.5709326720792489,1.0,0.8638066717203607,1.0,0.11589345216486314,0.17534385766386382,1.0,0.9040208762909043,0.5788563088923243,1.0,0.9194371296999246,0.17240385746576048
1346,30.793989868872927,27.90790145564472,30.766630406465765,27.907895464175112,30.766569751223244,30.793988385377133,27.816485576248397,27.907892867739974,27.907887394182723,27.90789839179112,27.8165173813519,0.23620759834666039,0.9864134111149631,0.23620689073239715,0.9999970042696839,1.0,0.986383495996254,1.0,0.9999992582523782,1.0,1.0,1.0,0.22565406318003334,0.2287621606086763,1.0,1.0,0.9999972632251191,0.9999957060568466,0.9999696728386172,0.2394666360489386
1347,44.20304450178767,42.19362121417532,44.20305352736435,42.19356791372991,44.20304524583966,44.203118066213705,42.474802105759494,42.19445922605445,42.194348537826954,42.193647382920915,42.194586522533854,0.3661502012613169,1.0,0.36614044340693386,0.9999733501324063,1.0,1.0,1.0,1.0,1.0,1.0,1.0,0.4214217362031475,0.4214198344203425,0.8692092055263342,0.8691611012443503,0.9999446574177102,1.0,0.9999958592462301,0.3662832440597204
1348,38.40194831673156,36.8767051600837,36.974987941153586,35.283857363618125,36.97503121000801,36.974990680156594,37.61445016182276,36.87691859332682,35.28412232236218,35.28385740831399,35.28385730378639,0.4664420084977977,0.48993615720279915,0.21033674676653433,0.45093868677037796,1.0,0.4899467568055892,1.0,0.4899368281715629,1.0,1.0,1.0,0.6745232881080282,1.0,0.6915873721390391,0.3118715359444168,0.45095030434089123,1.0,1.0,0.42936219287191213
1349,27.1849644377059,21.815496507821024,27.18497006881836,21.815495744669903,27.185051115924637,27.184962029298475,21.8116201040213,21.815496758140227,21.81549595344103,21.815495703925762,21.81549599413779,0.06823934563996957,1.0,0.06823931960150799,0.9999996184245123,1.0,1.0,1.0,0.9999987957970123,1.0,0.9999959802481374,1.0,0.06810721210270607,0.06810702034329075,1.0,1.0,0.999999597650482,1.0,1.0,0.06823636935714936
1350,40.39289204004922,38.121667423958826,39.58970286351851,37.42501445197027,39.74162382954995,39.782790238655025,39.05699660583889,38.12191736818377,37.72898361357284,37.72976464885093,37.4243598337855,0.32122537222527237,0.6692520133187263,0.22674283389431632,0.7058683824492655,1.0,0.7220693404837445,1.0,0.737085855252908,1.0,1.0,1.0,0.5127598269091942,0.7661685235229858,0.626541905366684,0.5147847143359899,0.8216285453958767,1.0,1.0,0.3655617351674045
1351,58.02147454250158,37.19159796718478,57.43676407130053,37.1656077220307,57.43676508497731,56.517230873005815,36.812085072787454,37.259221561051845,37.199163804690954,38.403960758539824,38.40489155262716,2.9981252519553478e-05,0.7465033043166804,2.9594163052986675e-05,0.9870889494588538,1.0,0.7465036826733091,1.0,0.4713653315642531,1.0,0.6314310048442751,1.0,2.4799309824023456e-05,3.322062967520794e-05,1.0,1.0,0.9704175092519252,1.0,1.0,4.0314448078692965e-05
1352,55.02015204667279,54.778967543970424,54.88485928811534,54.64765288250493,54.931134862796625,54.93115233390654,56.936828181709046,54.77902726449696,54.72381280092179,54.930364837876766,54.65306582665764,0.8863953124082595,0.9345909058601441,0.8300663994250889,0.9364517025365016,1.0,0.956467382149791,1.0,0.9564757374596662,1.0,1.0,1.0,1.0,1.0,0.33996913034186266,0.3307118950301943,0.972770365055324,1.0,1.0,0.9015308366967032
1353,39.822090647407066,39.82268483800303,38.03288799218285,38.03340910482564,38.019618684267584,37.98636937307435,42.73441470218506,39.82293710777009,38.042248190355906,38.02015023765421,38.03363501338242,1.0,0.4087705316842042,0.40887705330707247,0.40875559590018806,1.0,0.4060674575545994,0.40594683474141935,0.39937253054579996,0.39925389646851794,0.9770091031276571,0.9767545703912751,1.0,1.0,0.23322799204583752,0.09574343129722689,0.4105143231624184,1.0,0.9933873067648307,1.0
1354,65.75039242205835,64.93682957325908,63.87471835913772,62.93406605766796,63.874712260248515,63.87493241025334,63.62434703875067,64.93682958888414,62.94378623728454,62.93406551680485,62.93406538075453,0.6657896997818746,0.39147366549935436,0.2445921419926101,0.3673714719118411,1.0,0.391472471723919,0.5879821689223681,0.39151556542891397,0.5880468946233053,1.0,1.0,0.34541016237556466,0.8823330732476418,1.0,0.7115707698210366,0.36916127315565245,1.0,0.9999969505600487,0.6278443387429954
1355,52.443621382321936,45.4887215954617,52.443623355357914,45.48871574279423,52.443632301630345,52.44363085386257,44.48683135061617,44.446855588467486,44.44687100026218,45.488723702567654,44.44686685154571,0.03088607347019721,1.0,0.030885983087370707,0.9999970736705464,1.0,1.0,1.0,1.0,1.0,1.0,1.0,0.018715653572391,0.018715635109071184,0.9802105523335868,0.9802181057645835,1.0,0.5939661169031181,1.0,0.01834532233348564
1356,52.45269614747863,51.613341242215284,52.45276028752332,51.61337233750339,52.4528234729832,52.452977970518106,51.152862352519804,51.6133534155083,51.61356627285906,51.61334384802532,51.613364034742744,0.6572587827198557,1.0,0.6572690016249005,1.0,1.0,1.0,1.0,1.0,1.0,1.0,1.0,0.5220891618836074,0.5220724187409991,1.0,1.0,1.0,1.0,1.0,0.6572908922845984
1357,56.01732847068939,56.019586552034525,54.911157162651165,55.63863991055834,55.716372512721165,55.63869611187792,55.99749096718804,56.017375992637284,55.641320212797496,55.63863997622565,54.91120395294777,1.0,0.575172286701157,0.827501565354593,0.8265678096539681,1.0,0.8602966744055589,0.8593259125875912,0.827524819021277,0.8265910370811322,1.0,1.0,0.9901302768327904,1.0,1.0,0.8368709707423061,0.8285915975571377,0.9988953308980048,1.0,0.9631692305528822
1358,40.67997766673889,40.49662213806687,40.680008369250174,40.49666773263138,40.680013032992065,40.67998253926871,40.45194597587991,40.49661454139121,40.496653226692075,40.49665886748562,40.4966457234286,0.9123991097132622,1.0,0.9124199101703923,1.0,1.0,1.0,1.0,1.0,1.0,0.9999870850926644,1.0,0.8922438177838922,0.8922301208260844,1.0,1.0,1.0,0.9999962016693845,1.0,0.9123971582633754
1359,33.602994529702755,30.08834219866,33.60300999929376,30.016870272034737,33.60301594117905,33.60299836377828,29.94310957347011,30.088347580629062,30.08819082136992,30.01686902353589,30.06760975879891,0.1725054988683053,1.0,0.16644969808112858,0.9648950275388041,1.0,1.0,1.0,1.0,1.0,0.9999941822591845,1.0,0.16042279533114925,0.16042155449843223,1.0,1.0,0.9999216234420322,1.0,1.0,0.17249059600590502
1360,40.09159362006082,40.090375687981805,40.09183445950532,40.09037796050501,40.09121909409558,40.09121788859963,39.978096108242596,40.09120145894474,39.99404928485109,40.09161769197203,40.08974303635398,0.9993912193426786,1.0,0.9993923549131918,1.0,1.0,0.999812754549997,1.0,0.9998121519150662,1.0,0.9996917620622315,1.0,0.9448314228603224,0.9447176533729904,1.0,1.0,0.9525848571797609,1.0,0.9996923646245975,0.9525764577279702
1361,30.939617813693616,24.148439979259535,30.93913705299738,24.148278154874106,30.939088472351244,30.93911544499545,24.20968889359517,24.14933079990564,24.149381275474553,24.1503192420617,24.14876727456914,0.03352080737751199,0.9997596485409238,0.033518095245209274,0.9999190910805884,1.0,0.9997353643510065,1.0,0.9997488471950652,1.0,0.999989196057398,1.0,0.03456324447218342,0.0345715537955807,0.970271793891943,0.9702962817113489,1.0,1.0,0.999975709971939,0.03354546492112008
1362,49.23310603823353,45.13571556030209,48.72857688389945,44.687093901033904,48.728550671054876,48.72856039091573,43.676352328036955,45.135735764059746,44.68709569906528,44.68708148853119,44.68713760947401,0.12890298150066834,0.7770391240596368,0.10300208290278726,0.7990667221475649,1.0,0.7770289399234823,1.0,0.777032716239247,1.0,0.9999917535421431,1.0,0.06213928663185824,0.07996931519639819,1.0,1.0,0.7990593684797187,1.0,0.9999868936636017,0.13255899518164724
1363,66.407561191875,53.499707188279245,66.24595648954693,53.22225221302003,66.24597331968849,66.40820613701854,53.922334371570486,53.49970916294626,53.222357723404315,53.222955455430565,53.222226818716734,0.0015743276262883458,0.922375979968217,0.001370397425742848,0.8704652086768715,1.0,0.9223837418600331,1.0,1.0,1.0,1.0,1.0,0.0019447664035008789,0.002108431318395664,0.8095209675781601,0.7046963176463339,0.8705102719631469,1.0,1.0,0.00148579128299221
1364,32.60131890710156,32.09021274361467,32.60133442120937,32.09021298063965,32.60133787400753,32.60132047785018,32.26138565511167,32.08758100154412,32.08758129173606,32.09021380819004,32.08758054082176,0.7744880242947696,1.0,0.7744881160812782,1.0,1.0,1.0,1.0,1.0,1.0,0.9999930283447058,1.0,0.8436929735400897,0.8436864289935957,0.9167666348060438,0.9167667678251951,1.0,0.9986849943433994,1.0,0.773462345260608
1365,59.64094222548587,59.0774636614496,59.46168203417142,58.879602954499546,59.1894808270726,59.22069386919506,58.52461160322056,59.0774623177536,58.49728561186521,58.49051630944513,58.87960336360453,0.7544703628835702,0.9142693149196124,0.6834036246318508,0.9058057920524487,1.0,0.7979329567123523,1.0,0.8104835953712586,1.0,0.8864823330995428,1.0,0.5722580167160206,0.6259184327610694,1.0,0.9864299194002936,0.7481974592098128,0.9999993281522263,0.8727548258387202,0.707443431878263
1366,39.161373775559554,35.78260530984508,38.78148899606373,35.45809740774507,38.78109398534889,38.772946620055706,36.11061639296622,35.73921890585373,35.41479171307546,35.458142161727665,35.41475643300629,0.18463318004230175,0.8270067766398755,0.15697979378747579,0.8502252615240111,1.0,0.8268434544998964,1.0,0.8234820080494568,1.0,0.9957379205467458,1.0,0.2175386612672594,0.26304338418013673,0.8305237579322094,0.7061607755934514,0.850259572768406,0.9785404032462219,0.9998025141454792,0.1857876106124128
1367,50.10802088784226,50.10806677352451,50.107775402889416,50.108065468983995,50.1081082437089,50.107936028564666,50.45989024348012,50.10803157270081,50.152786099655714,50.10839800659494,50.10804201622477,1.0,0.9998772650561286,1.0,0.9999993477299536,1.0,1.0,1.0,0.9999575712613282,0.9999346296568105,1.0,0.9999352818846432,1.0,1.0,0.8386772460439592,0.8576561032427398,1.0,0.9999823997430348,1.0,1.0
1368,59.80994031508848,59.81172670584749,59.8090073855584,59.80884604161224,59.809174219494764,59.57560047045757,59.5065796125829,59.808760268175064,59.551361635394414,59.808796455779145,59.57518361031197,1.0,0.9995336440127341,0.99945301291389,0.9985607046628507,1.0,0.9996170255565819,0.9987245708756131,0.8894340456296279,0.888639961938433,0.8898490320534888,0.8899208208262802,0.859262899157306,0.8596638085214457,1.0,1.0,0.8792382983486332,0.9985178805892145,1.0,0.8790563362531789
1369,49.79895855573545,49.79990749024,49.74734909889136,49.747401269035834,49.747346878979045,49.74674565537123,50.24385494225834,49.79898271694637,49.74936230202812,49.747361639838715,49.74754605352254,1.0,0.9745253681365434,0.9745507890327182,0.9740885062753308,1.0,0.9745242864567093,0.9740620162709438,0.9742313769812339,0.9737692457384578,0.9996983237533655,0.9996722468904865,1.0,1.0,0.8005661511615778,0.7809483065611917,0.9754950361417085,0.9995377202374145,0.999998890044457,1.0
1370,56.83092429203944,49.9370167659271,56.829683987581376,49.93713947936402,56.82963249059034,56.82949148354163,49.43236487799007,49.93690256276457,49.93724802928165,49.9369316451741,49.569310825161836,0.0318424885508461,0.9993800400256166,0.03184444236139033,1.0,1.0,0.9993543078244203,1.0,0.9992838523073491,1.0,0.9999037526122044,1.0,0.02474134106787546,0.024756689224292784,1.0,1.0,1.0,0.9999429000490018,0.9999742518359725,0.03186674687320921
1371,48.319113307250745,46.82341551046497,46.82126190955893,45.24370852334209,48.31912327446463,48.31911821476078,46.86422735862308,46.82671819099403,46.82671928738728,46.82341744080367,45.2225681724924,0.4733837548520733,0.47287428935596165,0.21487423146329032,0.45391129133790376,1.0,1.0,1.0,1.0,1.0,1.0,1.0,0.48314282055207936,1.0,0.9814201890893469,0.9814207271007288,1.0,1.0,1.0,0.47416401518675266
1372,40.16990070023937,39.37214866354924,39.89724662136945,39.08843604756939,39.9211089692908,40.038516780152776,40.58989880402126,39.37289509538999,39.11541692585229,39.11459710476257,39.089380631694894,0.6710738970483101,0.8725572251996445,0.5823216467084545,0.8677459356857296,1.0,0.8830302105109292,1.0,0.9364192744211661,1.0,1.0,1.0,1.0,1.0,0.5441654978980632,0.4784321195439688,0.8792033331624272,1.0,1.0,0.6684150127946309
1373,31.007231364276095,31.007975475754364,29.212902203615585,29.21296166527594,29.21259203650078,29.2126447245476,29.22129692765691,31.008314953876948,29.21412956190852,29.21296244683043,29.21297299389454,1.0,0.4077240912263893,0.40773621338230503,0.40758454100110275,1.0,0.4076608648266975,0.4075092204741433,0.4076716043955254,0.40751995604799607,0.9998712687525867,0.9998415421915952,0.4094390534827045,1.0,1.0,0.9964227308534018,0.4077534012595063,1.0,0.999844928467431,1.0
1374,57.345954031617225,51.822050972505735,57.3459680331832,51.821810463268235,57.345972730765396,57.34595418016346,52.579502307330756,51.82181113606907,51.82203813122382,51.821913247332475,51.8220985701864,0.0631683730470136,1.0,0.06316077721512187,0.9998797526115468,1.0,1.0,1.0,1.0,1.0,0.9999930735141195,1.0,0.09225250313791983,0.09225185730042613,0.6846513245067217,0.6847290351833022,1.0,0.9998800889715708,1.0,0.06316737687604164
1375,34.84066705646049,34.189632021199685,34.32870656925098,33.61939746474917,34.32869437081692,34.32869683924105,33.62890547822704,34.18963197918447,34.01182621903186,33.619397453741556,33.619398046218976,0.7221535297366888,0.7741572631980416,0.5430060616473839,0.751926064593736,1.0,0.7741525414592759,1.0,0.7741534969282716,1.0,0.9999951350068663,1.0,0.5455936619850221,0.7047581775971156,1.0,1.0,0.9149344276214302,0.9999999789923921,0.9999939008015684,0.8534792267926405
1376,41.925640556739864,39.3114204287952,41.92382943921646,39.311420841076625,41.92366056149473,41.92365902999981,39.353545542206064,39.31141703548445,39.31066243311162,41.91589795631103,39.311417482944535,0.27060094690496256,0.999094851132897,0.27060100268684,1.0,1.0,0.9990104922634028,1.0,0.9990097272739504,1.0,0.9999147990214843,1.0,0.2763609418626404,0.27661131628220104,0.9791560484813285,0.9787866814282433,0.9996227699827233,0.9999983033460649,0.9999155647039933,0.2707663345449598
1377,26.065367716170982,22.93757945094518,26.065368468873828,22.93758021345124,28.500379832291742,28.625679666131163,25.301954228673083,26.017515939627287,22.937583764319186,22.93758367602979,22.93758031002534,0.20931936468655374,1.0,0.2093194444902112,1.0,1.0,1.0,1.0,1.0,1.0,1.0,1.0,0.6826952284959462,0.6826949715626741,1.0,0.3066079963449412,0.21438837171633007,1.0,1.0,0.06195183603444489
1378,50.03803867572711,47.29973484090232,49.85493290071739,47.139067900478864,49.91137498927756,49.95952305067314,47.46043667171662,47.32478349156156,47.139378614367956,47.139363261425416,47.13902253685137,0.25432255464888753,0.9125130543372022,0.23469103193253607,0.9228085659038212,1.0,0.9386319433514191,1.0,0.9615027897254529,1.0,1.0,1.0,0.27560103014991,0.3020242053962625,0.9344224976613891,0.8516930996914798,0.9114646766564813,1.0,1.0,0.25007405438220953
1379,29.37367978904743,29.36358808754639,29.376412783060545,29.36359527331507,29.37369114530614,29.373683958069137,32.5148175817406,29.357735763041376,28.089909209631855,29.363599442289967,26.7102906125844,0.9949668581696218,1.0,0.9949704329768876,1.0,1.0,1.0,1.0,1.0,1.0,0.998636517891833,1.0,1.0,1.0,0.20627585390644518,0.10943175280877962,0.53051169458938,0.997078114787469,0.9986401066169481,0.5262962731698786
1380,37.858870830532,29.014426637426254,37.32819879840736,28.442755232618993,37.54109798041628,37.78571207957813,29.520791202253292,28.987586845332004,28.672277122774574,28.756353948493455,28.361473625016913,0.01200752074744604,0.7669481997600872,0.009022283665517083,0.7513860567291624,1.0,0.853093243482971,1.0,0.9640815664250248,1.0,1.0,1.0,0.015467104291034752,0.02016707816234929,0.7659777333018098,0.6542556905816757,0.8541445294518587,0.9866697492993641,1.0,0.011862057373604951
1381,51.79421782295802,50.927345155922694,51.68041775829283,50.60553012704173,51.71708467360273,51.79161577088931,50.752544164630365,50.92296174640677,50.65182495705022,50.670669130821125,50.752493649790466,0.6482775648539149,0.9446885029523591,0.5519245935312423,0.8513708069715704,1.0,0.9621676466066028,1.0,0.9986998199331012,1.0,1.0,1.0,0.5940232439454354,0.628803295572014,1.0,0.9508874202911274,0.8732194373235681,0.9978106952732042,1.0,0.5870590556857391
1382,71.3677869375368,52.82193514005107,71.3211343600446,52.8219390108265,71.33182300010887,71.35390453961861,52.60900955408121,52.82194665447611,52.821922864985055,52.821928193182174,52.821901158699546,9.393327212873548e-05,0.976943666038979,9.39334539262123e-05,1.0,1.0,0.9821787421444689,1.0,0.9930828355208768,1.0,1.0,1.0,8.444680979114503e-05,8.643979456209059e-05,1.0,1.0,0.9999881053252159,1.0,1.0,9.563706846969204e-05
1383,67.36478655558037,60.33986295668225,67.36575952230498,60.33986324200575,67.36482757139521,67.36511408790258,60.38781534398149,60.33987426268055,60.33987533629829,60.339863848931856,60.339874547947204,0.029823404749616048,1.0,0.029823409004275388,1.0,1.0,1.0,1.0,1.0,1.0,0.9996773348663944,1.0,0.03054709750800218,0.03053224046744226,0.9763144709235178,0.9763149950179257,1.0,1.0,0.9995341330948143,0.029822977738199315
1384,44.79861122901579,42.629763715575905,44.798598504732524,42.62976302852866,44.7986088750157,44.798598252975296,42.61068855212173,42.62976407530968,42.6297629787845,42.62976262557754,42.62976338266972,0.33809655564014307,0.9999936378786053,0.338096439496009,0.9999996564764352,1.0,0.9999988230006486,1.0,0.9999935120007999,1.0,0.9999998741213937,1.0,0.33488726089242865,0.33488939149939123,1.0,1.0,0.9999994517375594,1.0,1.0,0.3380968290265962
1385,65.51393951414877,49.01751098218051,65.51006370562763,49.019250401776134,65.5100687031566,65.5100674209778,49.01751127313776,49.01751371465224,49.18951957631501,49.019251889384066,49.019251989288364,0.0002617255123990912,0.9980639722635191,0.00026195323665421564,1.0,1.0,0.9980664661934454,1.0,0.9980658263438182,1.0,1.0,1.0,0.0002617255504745612,0.00026223324130315124,1.0,1.0,1.0,1.0,1.0,0.0002857839182143078
1386,47.961702045071036,47.387742170888885,46.84063296624376,45.95497363354437,46.82552415322738,47.94668593848121,44.23653480824052,46.95298700977753,45.63375072151109,45.93770679466522,45.68833726687575,0.7505267864365796,0.5709038116826859,0.36664389851042234,0.48851540695996765,1.0,0.566607221739184,0.7549460352099809,0.9925200617301889,1.0,1.0,1.0,0.15527095081021525,0.27197392561203715,1.0,1.0,0.5170487348928805,0.8046261007709451,0.9924740563023424,0.5510737033670142
1387,46.68041055482374,44.88093466468402,46.68042417063165,44.88093543156441,46.68942277488864,46.68044364177584,45.03101614602093,44.88093954781695,44.88094264787634,46.67343968726297,44.88094092181805,0.4066762172857352,1.0,0.4066763732217735,1.0,1.0,1.0,1.0,1.0,1.0,1.0,1.0,0.43836770818367243,0.4383647238285755,0.9277079552665572,0.9277093932425496,1.0,1.0,1.0,0.4048494280865669
1388,63.30773315910136,37.01681343299245,63.30765075786678,37.01680586418928,63.30837143599851,63.307643882873236,36.95083725382102,37.01680966580858,37.0168037557346,37.01680530924227,37.01679457641376,1.9543363930318873e-06,0.9999588002314443,1.954328997052136e-06,0.9999962156055758,1.0,1.0,1.0,0.9999553628822038,1.0,0.9999965625091356,1.0,1.890918340153188e-06,1.8909962487609737e-06,1.0,1.0,0.9999970449673758,0.999998116409839,1.0,1.9537033353924384e-06
1389,17.93594437320391,13.805826616411679,17.43180317155364,13.005451925097418,17.431217991119183,17.423716650920085,13.02812931614136,13.891995021476447,13.030003570768855,13.144674461123032,13.03061674783362,0.12681082393026233,0.7771898658861399,0.08498791372664269,0.6701944762489715,1.0,0.776962500998446,1.0,0.7740538291216164,1.0,0.9959649026548384,1.0,0.0859570497896643,0.11059980779813357,1.0,1.0,0.6498616886976128,1.0,0.9997074525831152,0.1107358979797969
1390,55.835337643667685,55.83708636095318,55.72215476296378,55.72261086146767,55.714074464189224,55.69899574614311,55.821564316213625,55.836181333808895,55.779674357728965,55.71503040968622,55.7231025577143,1.0,0.9449800712340768,0.945195597806827,0.9443695190639707,1.0,0.9411699125660989,0.9403473521775498,0.934100776555995,0.9332843944262125,0.9884872760714687,0.9882618779895126,0.9931369950005603,1.0,1.0,0.979272843421029,0.972141909218406,0.9995475887966826,0.9959680010362525,1.0
1391,44.26614108656261,34.01530555562002,42.639872659177286,32.75452388779868,42.63984879606579,42.64003900044696,32.75436018037982,34.0153023102674,32.94107775702577,32.754526446276515,32.75455008190255,0.005943733750994155,0.443465968685657,0.0031643468873684658,0.5323836867422257,1.0,0.4434606774782959,1.0,0.44350285356564956,1.0,1.0,1.0,0.0031640878844381277,0.007134905737673269,1.0,1.0,0.5844335002202514,0.9999983773250085,0.9999880685154338,0.007833189412666414
1392,18.339977764930126,16.299800588853486,18.33998783518308,16.29981096283774,18.339990278080336,18.339981037342625,16.45194067663317,16.301201978588637,16.301214894247806,16.29981380319836,16.30121231968647,0.3605629971896044,1.0,0.3605648674318824,1.0,1.0,1.0,1.0,1.0,1.0,0.9999966010855483,1.0,0.38906123000112375,0.3890592710335551,0.9274008884519527,0.9274068774681852,1.0,1.0,1.0,0.3608158029810411
1393,37.687994810636866,36.38534983937271,36.6136366617215,36.34625447585162,36.61360325087503,36.6475538355559,36.69356673941286,36.38535762443718,36.42785719167631,36.38544644706235,36.38537442684921,0.5213558350415248,0.5843944626304728,0.5112634993420867,0.9806421353304042,1.0,0.5843847001551818,1.0,0.5943894780469783,1.0,1.0,1.0,0.6082227885416811,1.0,0.8571823914883446,0.8755922417500607,1.0,1.0,0.9999832947162999,0.9113092022451394
1394,70.77341734161112,33.270222111948755,70.68398891652788,33.27022150913055,70.5099615642535,70.41365961188362,33.239601473797364,33.349469891551934,33.08005390242823,33.002827145127924,33.349469434183305,7.182648752867304e-09,0.9562707329676639,7.182646587951915e-09,0.9999996985909433,1.0,0.8765794898324466,1.0,0.8353713981106432,1.0,0.8735720641770297,1.0,7.073517656345819e-09,7.396982269230456e-09,1.0,0.9233251921400588,0.8739710787389153,1.0,0.9166645591171596,7.450729939392022e-09
1395,48.63087113860735,38.16656584158835,48.51159941298502,37.781641799148474,48.47875061072148,48.43533389660581,37.781539814075245,38.16656941294002,37.78201523147732,37.64893433674817,37.78164203716804,0.0053420134393396814,0.942107527518688,0.004406763894217222,0.8249256472784046,1.0,0.926760354643344,1.0,0.9068587075410859,1.0,0.9625851413474638,1.0,0.0044065391878772165,0.0046773208568698195,1.0,1.0,0.8250782152882068,1.0,0.9837097439230051,0.004755907784581926
1396,50.4906173351352,48.925183988768765,50.49135570689154,48.92518253839526,50.49057844356301,50.4904425266721,48.8882430653517,48.92518456616321,48.925182192225236,48.92518161613893,48.92518311541525,0.45716236204645744,1.0,0.4571620305184896,0.9999992748135114,1.0,0.9999805544029738,1.0,0.9999125995880884,1.0,0.9995435141116805,1.0,0.4487958665180326,0.44863020800320663,1.0,1.0,0.9999988130317173,1.0,0.9996114438432384,0.4571708413505532
1397,58.58127974730061,53.837645623225086,57.58061186022411,53.085698855775405,57.43234557160412,57.20086120327392,52.830168910260056,54.059824903908805,52.28925516351279,52.24858329825244,52.61138773812522,0.09331102022897915,0.6063281465339367,0.06406926945038542,0.686620608082128,1.0,0.5630048209863748,1.0,0.5014711142146744,1.0,0.8270622386265993,1.0,0.056384813635343395,0.09299389110940356,1.0,0.7630308062311346,0.41259662005528774,1.0,0.9285480547205027,0.07641737371270141
1398,49.526097405141456,35.40618816724992,49.52617648836599,35.40618226983267,49.526122324367606,49.52609937136856,35.37858566150712,35.40619106049817,35.406182015159004,35.406186593667314,35.4061823792635,0.000858817067113908,1.0,0.0008588145347163473,0.9999970512957208,1.0,1.0,1.0,1.0,1.0,0.9999614422446537,1.0,0.0008470457320308663,0.0008470122391391441,1.0,1.0,0.9999954773406426,1.0,0.9999729183675214,0.0008588037249288507
1399,41.365316670253804,35.71572763818406,41.36531695977189,35.71572820500086,41.36530605604116,41.36527807507423,35.735336721800905,41.30938740419384,35.71573358561227,35.71572839332839,35.715733576152076,0.059320845059610584,1.0,0.05932086187163859,1.0,1.0,0.999994692907762,1.0,0.9999807025964098,1.0,0.9999805578401717,1.0,0.05990531933426757,0.05990531066243156,1.0,0.9902463107174042,0.061003324927213054,1.0,0.9999945481494987,0.059321336286909825
1400,48.96602269153462,47.0639602369443,48.9659322309451,47.063960053732046,48.96593623787578,48.96592863313671,47.06424764555916,47.0639609179816,48.48205205445947,47.06396014314731,48.958950376304756,0.3863424111202408,0.999954770728115,0.386342375728911,0.9999999083938789,1.0,0.9999567741048468,1.0,0.9999529719069025,1.0,0.9999982010974244,1.0,0.3863979341782186,0.38641541146592423,0.9998566464873169,1.0,1.0,1.0,1.0,0.7851016401303922
1401,43.79305934195435,40.6856764453002,43.79306132019701,40.685677761104074,43.793069479646334,43.79306723740734,42.105815293567076,40.44152100864784,40.44152339247972,40.685682473410054,40.441521046839455,0.21146591575040297,1.0,0.21146605487428405,1.0,1.0,1.0,1.0,1.0,1.0,1.0,1.0,0.43014968587066504,0.43014926040064505,0.4351140308071121,0.4351145494267713,1.0,0.8850795789261447,1.0,0.18716343804863414
1402,64.45010751583854,34.82269815848693,64.40177827788739,34.647390757819466,64.31708225409443,64.24711973261375,34.494257930753065,34.945523745881246,34.63127127423871,35.83409501283077,34.79739937607229,3.6854438726038266e-07,0.976125007832156,3.3761542705707685e-07,0.9160780593262613,1.0,0.9356510976923915,1.0,0.9034866981723159,1.0,0.9255850336001941,1.0,3.1273026455167724e-07,3.203793182660178e-07,1.0,1.0,0.8545961713586548,1.0,0.9585361405403886,3.57938200435864e-07
1403,46.4163018078539,46.41631219944742,46.41634916454609,46.41646117300928,46.41630411494202,46.41657708273536,47.771498662960965,46.41660379845962,46.42190146984066,46.41721053844478,46.41635818488311,1.0,1.0,1.0,1.0,1.0,1.0,0.999995957755472,1.0,1.0,1.0,1.0,1.0,1.0,0.5079118184241342,0.5092589767893176,1.0,1.0,0.9999774754516472,1.0
1404,48.22724244752567,41.12198874776621,48.22726379204141,41.12322643939572,48.22726735928114,48.14385313708709,41.12021732489026,41.12198756410794,41.1232404351656,41.12324050420193,41.12198719472099,0.028649283356191654,1.0,0.028667018332334277,1.0,1.0,1.0,1.0,0.9591626111602352,1.0,0.9591523747841303,1.0,0.028623919592379317,0.028623614112158205,1.0,1.0,1.0,0.99999940817104,1.0,0.028666861868381646
1405,38.14154047050059,37.801455401191106,38.14159486575528,37.654676926429914,38.14154301758583,38.00189084816847,37.9061785556959,37.80145550117638,37.802797988707425,37.6549117704991,37.65469085521855,0.8436289323678601,1.0,0.783932960358007,0.9292390650445082,1.0,1.0,1.0,0.9325571792009771,1.0,0.9325318162032459,1.0,0.8889796297459586,0.8889554519380609,0.9489857206111425,0.9496229351989078,1.0,1.0,0.999974076251302,0.8441943702131988
1406,69.24220627663385,35.883624212055,69.24220804237072,35.88362486158201,69.24221566335808,69.24221648100615,35.88390095449151,35.88361757103908,35.92818856953377,35.883624913609395,35.88361822108001,5.705266591459112e-08,1.0,5.7052684443217825e-08,1.0,1.0,1.0,1.0,1.0,1.0,1.0,1.0,5.706056090768574e-08,5.706051053073988e-08,0.9998583183115852,1.0,1.0,0.9999966794975554,1.0,5.833791879231688e-08
1407,41.13146515159133,41.13270209762976,41.131480233243735,41.13269779803136,41.1314716,41.131490554628385,41.61000073662845,41.135583282247836,41.39941174537253,41.13269937393886,41.13559902458371,1.0,1.0,1.0,0.9999978502031099,1.0,1.0,0.9993849404118615,1.0,0.9993944119418248,1.0,0.9993965604414423,1.0,1.0,0.7888266212686968,0.9000594199883138,1.0,1.0,0.9999956833874477,1.0
1408,50.81897423604843,42.55965171528368,50.8189854837361,42.55965210503348,50.81900477685048,50.818989290597585,42.6388852138806,42.55965175300213,42.55965282795904,42.55965274559708,42.55965218865174,0.016088327653626437,1.0,0.016088330788837982,1.0,1.0,1.0,1.0,1.0,1.0,1.0,1.0,0.01673848849373294,0.016738394359352343,0.9611577510755207,0.961158267677244,1.0,1.0,1.0,0.016088090930695884
1409,43.470510691249956,36.5228360899865,43.1290404784786,36.13576199844255,43.11443807798784,43.047756417234694,36.53055105489301,36.536283448985614,36.12513829141122,36.19062121605435,36.15001937834498,0.030997854064101403,0.843044861096873,0.025543450226643432,0.8240393084573325,1.0,0.8369120374805925,1.0,0.80946872869362,1.0,0.9601727808890649,1.0,0.03111765866575725,0.03691103534546255,1.0,0.8165179508116062,0.8141810001531286,1.0,0.9927253887672108,0.030359375597352797
1410,45.055921066519176,45.05590911590318,45.05594595999051,45.05728260980388,45.055926275926424,45.055929464640656,45.16382173796498,45.05586520309282,45.0783544572603,45.05656943883767,45.05592894563861,0.9999940247098527,1.0,1.0,1.0,1.0,1.0,1.0,1.0,1.0,0.999991752359085,0.99932365624201,1.0,1.0,0.9474526968543531,0.9581665729910881,1.0,0.9999780438358625,0.9999901580163899,1.0
1411,34.69565802765959,34.693910003937475,34.589384696644714,34.588198506038964,34.58938286574738,34.57476643242029,34.78410417475976,34.69390284523976,34.521657035825086,34.59047140553116,34.59047946374881,0.9991263699760576,0.9482504105029101,0.9476881743847729,0.9485168271631972,1.0,0.948249542428734,0.9490786860639633,0.9413447907640327,0.9421678969263821,0.9927175146328541,0.9933064653625563,1.0,1.0,0.9559012514196179,0.8770216772019728,0.9174814614998146,0.9999964206575495,0.9999990845517528,0.966704016212243
1412,65.30038766884488,39.86472664304924,64.99523659484828,39.694726690498186,64.92879370570682,64.86514521769143,39.85984301704292,39.89590498382327,39.58472350512298,39.54574456828172,39.73474088351284,2.997204572407233e-06,0.8584940434440197,2.7529692839330066e-06,0.9185123061926784,1.0,0.8304421729361013,1.0,0.8044300815082187,1.0,0.93702465107514,1.0,2.989894887383138e-06,3.4827205968588655e-06,1.0,0.8714822721814226,0.8559094087416692,1.0,0.9673243271492219,3.1376542220005576e-06
1413,39.67065810086015,39.41921418638739,37.804795405463096,37.80361826969383,37.80479862948346,37.804867894784536,37.62983899128082,39.419134628214294,37.65285408793267,37.55469995814039,37.55516437986202,0.8818600074928657,0.3933988297660317,0.3931673559746808,0.44583874156223324,1.0,0.39339946392946146,0.4461019442846704,0.3934130886315465,0.4461173942449468,1.0,1.0,0.3604472870262919,0.9162388389428171,1.0,1.0,0.413482424298664,0.9999602217046282,1.0,0.9268419068104637
1414,29.36402859395278,28.36181038870319,29.364043100385658,28.36183087042471,29.364050549959302,29.364031865581296,28.80418459553647,28.36097711282477,28.361004605603455,28.361832621148096,28.36100148587701,0.6058583278773491,1.0,0.6058645324198952,1.0,1.0,1.0,1.0,1.0,1.0,0.9999943826135969,1.0,0.7558426954852224,0.7558372132144409,0.801232796859547,0.8012438109932285,1.0,0.9995834488423233,1.0,0.6056076334429066
1415,43.892066322604535,42.860122514328964,43.89206733612889,42.860495894553196,43.892461986824,43.892524750285816,43.80254071038138,42.85973617776372,42.85981005118202,42.860200912813525,42.16993704793694,0.5969201634254273,1.0,0.5970316129205973,1.0,1.0,1.0,1.0,1.0,1.0,1.0,1.0,0.9562242654879228,0.956223780909755,0.6241264628586779,0.6241495164620693,1.0,0.9998068503731704,1.0,0.596708853084652
1416,52.10327139871907,52.105002908371915,51.11604301360046,51.32038681201146,51.20271285369253,51.32089578995772,51.37958328755903,52.10610456545828,51.321891647517845,51.32038685498341,51.32038740609934,1.0,0.6104162407947109,0.6760810637397714,0.675495996594683,1.0,0.637450104468333,0.6368984677893013,0.6762531408103628,0.67566792475319,1.0,1.0,0.696390957658533,1.0,1.0,0.9715662489836827,0.6756321830253961,1.0,1.0,1.0
1417,47.65981155302842,47.66160627792112,47.65963763859597,47.65958507229621,47.65963610082784,47.659540088470834,45.916365145468205,47.65943948913889,47.64998483963805,47.65962384550471,47.6609292187986,1.0,0.9999130465644432,0.9998867660453437,0.9989899076745844,1.0,0.999912277747532,0.999015396493798,0.9998642769324165,0.9989674387334906,0.9999512261269174,0.9999775083402533,0.41823023202107157,0.4182666017390714,1.0,1.0,0.9952838314626247,0.9989171922687063,0.9999992311162316,0.9951859940541542
1418,28.875264138588705,26.852168856912158,28.87524688205866,26.852036836982535,28.875341053337877,28.875246881295766,30.566127401771183,26.85205174609672,26.852017269107762,26.852157528849204,26.852048871719546,0.3636557353669539,0.9999913717722018,0.36363173125692266,0.9999339922137982,1.0,1.0,1.0,0.9999913713907573,1.0,0.9999999996185522,1.0,1.0,1.0,0.15613444314697755,0.15613175164744014,0.999982761654103,0.9999414463066154,1.0,0.3636141896082514
1419,46.22251162413056,45.17378818001353,46.222514804679236,45.20411294922772,46.22261456821579,46.22293659046085,45.220160336882884,45.204169736512085,45.94733370679552,45.20413889951263,45.20414961285303,0.5919330616321512,1.0,0.6009765656611916,1.0,1.0,1.0,1.0,1.0,1.0,1.0,1.0,0.6058180148001844,0.6058170513841086,0.9920365772140944,1.0,1.0,1.0,1.0,0.8714119684027486
1420,57.02810149824296,50.92290103675512,57.02811021302034,50.92290925711151,57.028118117749415,57.0281085922833,50.70720677798036,50.913754067763705,50.91376932459326,50.922916323214906,50.91376238365331,0.04723594022284118,1.0,0.04723613437137174,1.0,1.0,1.0,1.0,1.0,1.0,0.9999991896318094,1.0,0.042406765740132926,0.042406580957774116,1.0,1.0,1.0,0.9954369579589745,1.0,0.04702036860496106
1421,39.46331621560131,36.48141152734391,37.903916862037306,34.81386371831823,37.90262871537024,37.90262838508923,35.32747883742718,36.481396580015485,34.862653620563265,34.81342904126521,34.81342819362493,0.22515812538364738,0.458543701948502,0.09781021606626462,0.4344067792339521,1.0,0.4582484612663492,1.0,0.4582483855909728,1.0,0.9993559690030103,1.0,0.12644868704853324,0.27576147379456184,1.0,0.7926190145386782,0.44513775642283904,0.9999925263637158,0.999356134037174,0.21871461050005295
1422,52.850553162722434,47.9154002065892,52.85055523674197,47.91540108779989,52.850563470184,52.85056147082207,47.42161810617554,47.36232782165837,47.362330395032956,47.915406148057514,47.362327473270796,0.08479010086621067,1.0,0.0847901382251908,1.0,1.0,1.0,1.0,1.0,1.0,1.0,1.0,0.06624021465979078,0.06624014596807686,0.9707899647671349,0.9707912138710509,1.0,0.7584061700458691,1.0,0.064305086984697
1423,41.51890352187365,36.297204168095845,41.518907780168576,36.2971520163112,41.518914882562854,41.51890764596294,36.261345573601375,36.29721387992561,36.29717622337773,36.2970741934046,36.29719593361497,0.07347208969733102,1.0,0.07347017387200996,0.9999739244476513,1.0,1.0,1.0,1.0,1.0,0.9999999328971847,1.0,0.07216652565830221,0.07216637200529093,1.0,1.0,0.9999811719033136,1.0,1.0,0.07347064578631363
1424,36.75319577708555,19.68733945813591,36.753195842965454,19.687397089492435,36.7531975426148,36.75319700000594,19.594922325239935,19.68730979754642,19.68732092906322,19.687307687750888,19.687329033901847,0.00019687763595921498,1.0,0.00019688330920356894,1.0,1.0,1.0,1.0,1.0,1.0,1.0,1.0,0.00018798719184808478,0.00018798718565579608,1.0,1.0,1.0,0.9999851698152231,1.0,0.00019687563819272474
1425,55.44907346756747,55.44829062855581,53.79408678721359,53.793196100828084,53.79408675240242,53.7940867334697,53.75771290726658,55.44659352072301,55.30337079639722,55.43032311697226,53.79119903342985,0.9996086570887894,0.43714368461750985,0.43694904899635245,0.43712011285386554,1.0,0.43714367700876944,0.4373148170623943,0.4371436728706092,0.437314812922614,0.9999999731280557,1.0,0.42926523823944474,0.9819774443614377,1.0,1.0,0.9308926056084146,0.9991518060036649,0.9999999825944174,1.0
1426,50.57411577257753,50.40910168044172,49.95739829302934,50.07816760250478,50.07793941653344,50.07793924736791,49.920895503847476,50.40661812640789,50.0134421864914,50.07706848743362,49.9562528597032,0.9208049497797454,0.7346517219379332,0.7803801665396198,0.8474977971461656,1.0,0.7802911357154554,0.8474011091079597,0.7802910697162758,0.8474010374324333,1.0,0.9998858289495759,0.7213649236057125,0.9819141534206551,1.0,1.0,0.8215290582394216,0.998758993669125,1.0,0.9682658267238766
1427,30.305136937569586,29.826611407620476,30.3052725999857,29.826603922424397,30.305278537025544,30.2752610935064,28.436439335864208,29.82651631121786,29.79422313501601,29.82402207431872,29.82667649692945,0.7872080045024766,1.0,0.7872050583048555,0.999996257408964,1.0,1.0,1.0,0.985173095249117,1.0,0.9851062720342967,1.0,0.39284160037051613,0.3928149543539141,1.0,1.0,0.9839830692733537,0.9999524529290891,1.0,0.7745076816223803
1428,43.907658920067604,43.44125654840428,41.59217700335239,41.053850981111225,41.592077185511414,41.5920771791948,43.00228323433987,43.44125084449098,41.31420695065785,41.05385195603975,41.05383971738996,0.7919942194792473,0.31419515972438833,0.24005097809219852,0.30309688150254066,1.0,0.3141794789744518,0.3966941566581527,0.314179477982177,0.39669415540527136,0.9999500891667935,1.0,0.6359166085544659,1.0,1.0,0.4299707302312431,0.34523775757478337,0.9999971480474156,0.9999500923249415,0.8702844929237836
1429,46.325665786463105,36.731651835371935,46.326071480210516,36.73148957256234,46.32582986071455,46.325742175066125,36.72864347024529,36.731491598826835,39.48327620444894,36.731489535296845,36.73149150624343,0.008254415781836071,1.0,0.008253746116653712,0.9999188718862655,1.0,1.0,1.0,1.0,1.0,0.9998353609822956,1.0,0.0082420089669432,0.008240337270746108,1.0,1.0,1.0,0.9999198849368335,0.9998791975492205,0.03267069343583085
1430,50.48505907899545,45.51025589860103,50.48510740767219,45.51025397889302,50.485071103238596,50.48508995112812,42.56290889647852,45.51025885048227,45.5103028648648,45.51026392626997,45.510291749309175,0.08312568078065338,1.0,0.08312560099217399,0.9999990401464546,1.0,1.0,1.0,1.0,1.0,0.9999912717660555,1.0,0.019042630716906615,0.0190421705698941,1.0,1.0,1.0,1.0,0.9999818479479541,0.08312713308296583
1431,64.67309181162409,46.111492080992235,64.67276959017588,46.111466463250736,64.672782312528,64.67276976668441,46.021825857848484,46.11152317453278,46.11146654580409,46.112297181901795,46.11216563548484,9.319654895706865e-05,0.9998389022535282,9.319535522216397e-05,0.9999871912112834,1.0,0.9998452624250486,1.0,0.9998389904935825,1.0,1.0,1.0,8.91105363949681e-05,8.912489421458058e-05,1.0,1.0,0.9999716860365049,1.0,1.0,9.320978212460642e-05
1432,34.752008067412646,34.75386838614483,34.752035273190586,34.75203677006115,34.75201716188124,34.75201273306158,34.93462179596841,34.752057887676614,34.75695754910663,34.7520414329731,34.75538302338458,1.0,1.0,1.0,0.9990846111823599,1.0,1.0,0.9990748161149743,1.0,0.9990726037563277,0.9999887299990022,0.9999879815724336,1.0,1.0,0.9127603180585933,0.9149991676026673,1.0,0.9990951603803692,0.99999094438633,1.0
1433,31.422818986943724,31.424359022112554,31.42282749972594,31.424364690653164,31.42282981732842,31.422822480434746,31.49570647343492,31.425346748905497,31.4256166537819,31.424372022444288,31.425353220219137,1.0,1.0,1.0,1.0,1.0,1.0,0.9992356898418562,1.0,0.999232024205574,0.999997490357552,0.9992291921159338,1.0,1.0,0.9654317558985208,0.9655620520595917,1.0,1.0,1.0,1.0
1434,44.20568597722084,43.9900691207454,44.2056997845996,43.99007848337749,38.86787645619455,38.86787203220936,37.98037652844965,38.86827280268918,38.91105870563496,34.50928955438249,38.86824729236861,0.897799573003358,1.0,0.8978037758967394,1.0,1.0,0.06932811463196274,0.07722003520233738,0.06932796127885622,0.07721986439238027,0.06932748266179817,0.07721950290263643,0.04448270912151782,0.04448240202777122,1.0,1.0,1.0,0.07723533966388833,0.06932763601384602,1.0
1435,66.40098858439552,61.45387287371531,66.4009899756941,61.453879269803224,66.40099592593691,66.40105683397712,60.67069548358023,61.45400668361526,61.454018518531825,61.453880424907254,61.502113361133155,0.08428445302666157,1.0,0.08428472257247818,1.0,1.0,1.0,1.0,1.0,1.0,1.0,1.0,0.05697478084282189,0.05697474120836978,1.0,1.0,1.0,1.0,1.0,0.08429028163613594
1436,42.66557139793204,40.41665136621529,42.66557457775269,40.416654158907335,42.665578788638925,42.6655751332535,39.558536098437145,40.421414362892534,40.421420323060374,40.41665747033588,40.421417134434535,0.32482782188233283,1.0,0.32482827545468645,1.0,1.0,1.0,1.0,1.0,1.0,1.0,1.0,0.21150267142014836,0.21150233515013436,1.0,1.0,1.0,1.0,1.0,0.325602087774887
1437,62.94614326563047,47.07076690567925,62.94679621577856,47.0709916621482,62.9462672348817,62.946200014791685,46.437464176183425,47.072719681449,47.07033027130163,47.07040224434232,47.074315045187234,0.00035703091618521503,1.0,0.00035707104094376193,1.0,1.0,1.0,1.0,1.0,1.0,0.999701943934099,1.0,0.00026012727051798293,0.00026004235930952976,1.0,1.0,0.9988060083023005,1.0,0.9997355445260852,0.0003569308537960914
1438,51.36478307557758,51.366703801225384,51.03490539379811,51.03493049656731,50.973735462681844,50.90420881035328,51.32834896537818,51.36814331449648,50.976685971171804,51.03492922201821,51.036759717320024,1.0,0.8479455620982381,0.8479562050558997,0.8471422503487454,1.0,0.8224037648187809,0.821614337945595,0.7943054987441894,0.7935430434478351,0.9367411473664459,0.93672939004182,0.9819478724320649,1.0,1.0,0.8387593048027876,0.8222353001519839,1.0,0.9698780223387758,1.0
1439,47.76164553844475,47.76178691561387,47.76165668096499,47.76179698733239,47.76165671886483,47.76165045813784,46.69501097871614,47.76191951561262,47.789897573342046,47.761844988144475,47.76189966307308,1.0,1.0,1.0,1.0,1.0,1.0,0.9999349037443329,1.0,0.9999317735895116,0.9999968885912639,0.999926738086509,0.5866556372925404,0.5866523688904899,1.0,1.0,1.0,1.0,1.0,1.0
1440,78.93475875684507,70.67619404099585,78.93473899584825,70.12512953046712,78.93474089553064,78.57969499051944,70.63150844904868,70.676198601072,70.1251661784147,70.67618706076826,70.12512843126538,0.016094424715538708,0.9999901195504014,0.01221837132979096,0.7591679445363754,1.0,0.9999910693826618,1.0,0.8373343020442772,1.0,0.8373425753653898,1.0,0.01573881768857728,0.015738973196708677,1.0,0.7763350121163237,0.7591801246757836,1.0,1.0,0.012218704341531092
1441,28.92246433922668,28.922507060511606,28.310730676065475,28.310758500817514,28.3101576276583,28.297791175669914,28.606705706255156,28.922511579079185,28.313200755664496,28.889294847622978,28.895118326955014,1.0,0.7364846894280459,0.7364949357512527,0.7364792039142755,1.0,0.7362736989673331,0.736257971856065,0.7317351980412504,0.7317195678742427,0.9935511335741632,0.9935373110133512,0.8539528337790038,1.0,1.0,0.86350769045166,0.7373774222451304,1.0,0.9997135168405514,1.0
1442,45.88815426878054,39.86651434159066,45.88816269650002,39.3657972541794,45.88816382906549,45.62090499966712,43.94665879545582,39.83833111792427,39.838694154169104,39.36572871956153,39.36549795735547,0.04925127794420794,1.0,0.03834318365819059,0.7785215990055304,1.0,1.0,1.0,0.8749184171128677,1.0,0.8749147303371424,1.0,0.37879968976590184,0.3787980935605029,0.12819998663256024,0.12822325936557516,1.0,0.9860072101970213,1.0,0.04857069869303783
1443,36.74417566351312,36.03912719132555,36.33769632487116,35.616711189110504,36.337696417156565,36.33769648388014,36.10673853104285,36.03912849712847,36.39844111179062,36.74106473731544,36.039138444137336,0.7029115337744203,0.8160826280159604,0.5690811495415452,0.809605650494527,1.0,0.8160826656722188,1.0,0.8160826928981947,1.0,1.0,1.0,0.7270801454175451,0.8909393736087781,0.9667599880655147,1.0,1.0,1.0,1.0,1.0
1444,30.296342589530724,30.29566067061404,28.73774017632988,28.73700657131809,28.737740227063114,28.737740566381575,28.771606029594693,30.294736485404712,28.65340489087089,28.737006680519784,28.735811189551953,0.9996590986617288,0.45872645434895265,0.4585582231916686,0.4587145996125612,1.0,0.4587264659852913,0.458882899779936,0.4587265438124771,0.45888297763366226,1.0,1.0,0.46656017245641634,1.0,1.0,0.9426119665060655,0.4401385139110998,0.9995380141436804,1.0,0.9587090221793594
1445,75.39071268201269,64.8888563165838,75.39047934227804,64.88885375049091,75.39065533945299,75.3904750304354,65.37226250763592,64.88885631519238,64.88885374628214,64.88885374023411,64.8888537468907,0.005242650003039621,0.9998833369383398,0.005242643276480487,0.9999987169543789,1.0,0.9999713291311674,1.0,0.9998811812708576,1.0,0.9999978440810017,1.0,0.006676074678114717,0.00667685362030032,0.7852892983025711,0.7852882896343563,0.9999987155457013,0.9999999993042934,1.0,0.005242793580895017
1446,30.392648303135303,30.394006955906917,30.39227148349255,30.393610641998066,30.392278964377198,30.392285675119723,30.897861048604256,30.395730091992306,30.553890617555396,30.39361522384317,30.394102327106225,1.0,0.9998116079266393,1.0,0.9998018626773669,1.0,0.9998153476712877,0.9991363773720104,0.9998187024286014,0.999139729851123,1.0,0.9993377359545311,1.0,1.0,0.7779714296398705,0.841991621481037,1.0,1.0,1.0,1.0
1447,46.07746829478725,41.55454503148647,45.54071058977817,40.92499527754194,45.540710875457904,45.5407109341173,40.025483434163476,41.553832855371724,41.554102104340416,41.554181435239315,40.92581987818164,0.10419807419469676,0.7646180487606282,0.07605971613391316,0.729953185044415,1.0,0.7646181579785757,1.0,0.7646181804045955,1.0,1.0,1.0,0.04850965492112802,0.06344298960736994,1.0,1.0,1.0,0.9996439753344547,1.0,0.13624447652061736
1448,49.24795509801052,46.393929741836416,49.24811202058646,46.39404806195367,49.24811736060093,49.24796007258033,47.19869155680564,46.39247804702907,46.39259763817893,46.39405015735059,46.39259581229652,0.2400248839026711,1.0,0.24003908420891584,1.0,1.0,1.0,1.0,1.0,1.0,0.9999240288828841,1.0,0.35892860914036545,0.3589004482441876,0.6682407575481673,0.6682807165831294,1.0,0.9992744159598305,1.0,0.23984560834426777
1449,41.52777835858868,40.470430036134644,41.22586787251231,40.14178874883149,41.224126875376555,41.222182119289926,40.57322398797649,40.47042147789824,40.139784908541884,40.139809177106656,40.14179112445336,0.5893858825370051,0.8598861836910527,0.5000761936455573,0.8484699217649817,1.0,0.8591379797021096,1.0,0.8583029788285197,1.0,0.9981588204432622,1.0,0.6204705201442864,0.7215728452350785,0.9498974429171693,0.8051557518517825,0.8476238754566178,0.9999957208909543,0.9991298802060854,0.5814844878838414
1450,44.64431398387623,43.68002885784273,44.64434473060149,43.68002773636579,44.6446454242174,44.64437351993723,43.65388550467907,43.680028999732855,43.68002705447944,43.68002692049623,43.68002787738337,0.6174590286678501,1.0,0.6174586824349158,0.9999994392616864,1.0,1.0,1.0,1.0,1.0,1.0,1.0,0.6094403270580515,0.6094309579829201,1.0,1.0,0.9999990273737649,1.0,1.0,0.6173561550715498
1451,39.21002919867388,37.30187041155065,39.11265573427812,37.20715056262006,39.02140077841173,39.210932888395234,37.434772375151,37.302949785919424,37.10669780532922,37.301865146162186,37.20870674421971,0.385166568208141,0.9524794641150701,0.3673503265334972,0.9537440599854549,1.0,0.909996787105224,1.0,1.0,1.0,1.0,1.0,0.4116308148715826,0.43216765335095253,0.9362139078227586,0.8487103771994906,0.906534681986551,1.0,0.9553978026714561,0.38390832704797034
1452,61.25610933461587,56.09696050135577,60.01281478215145,55.03466894952467,60.0135266427705,60.01289762368265,55.0345919812994,56.096960811527794,55.04308061316175,55.03465583834375,55.03465345614799,0.07580625904194498,0.5370590239690015,0.04456884562868719,0.5879309464938303,1.0,0.5372502135767054,1.0,0.5370812698256626,1.0,1.0,1.0,0.04456713046921535,0.08298367307908361,1.0,1.0,0.5904088008707828,1.0,1.0,0.08330697375181328
1453,45.74286999279343,44.56922385577229,45.72750027384953,44.56959447671761,45.73920191217195,45.74294964315641,48.077722553891306,44.561895403259314,44.569821514928236,44.56969744635188,44.56959156218829,0.556091144888727,0.992344593564826,0.5561942039502948,1.0,1.0,0.9981676405134671,1.0,1.0,1.0,1.0,1.0,1.0,1.0,0.1724041972043521,0.17308880032815002,1.0,0.9963424788283902,1.0,0.5572784807133411
1454,59.539487135170305,45.75923444982493,59.48387024492135,45.75922438617755,59.483899404925694,59.48387227481393,45.71941008591091,45.75924623389483,45.75922231811839,45.75922267799598,45.759221873470125,0.0010177852431640698,0.9725746503750023,0.0010177801218610566,0.9999949681889695,1.0,0.9725888306188917,1.0,0.9725756374865386,1.0,1.0,1.0,0.0009977193589750747,0.001025853756922799,1.0,1.0,0.9999880421832761,1.0,1.0,0.001046463867777713
1455,53.987239270687525,50.16262365437194,53.94525052075463,50.100856232353635,53.91049002674947,53.866677649547796,50.100806421096905,50.16262159290821,50.162612274715656,50.10082450371627,50.10082321429255,0.1477390395045696,0.9792244727244809,0.14324604695910806,0.9695883189674956,1.0,0.9623523550195872,1.0,0.9415001132766412,1.0,0.9614752689514797,1.0,0.14324247937072443,0.14628155582364394,1.0,1.0,0.9999953409145768,0.9999989692686652,0.982769918261999,0.15351778184634807
1456,48.7286556251658,39.67421603956811,48.72710092414286,39.67419105182671,48.72740624919658,48.727096114403565,40.22284401731335,39.674374880987784,39.674401264758274,39.674386943773015,39.6751253008477,0.010810690289531627,0.9992229515471654,0.01081055522300874,0.9999875062073492,1.0,0.9993755070923045,1.0,0.9992205485491077,1.0,0.9999975951332443,1.0,0.014222845005244348,0.014233905439443868,0.7601537464788286,0.7601637744059639,1.0,1.0,1.0,0.010818447585767142
1457,51.38190401690008,46.943195260026215,51.38190852379191,46.94319496152974,51.381911174266975,51.38190698726868,46.94345875354264,46.943196743644876,46.94319671685304,46.94319523113032,46.943198063938354,0.10867925184804854,1.0,0.10867923562786305,0.9999998507517742,1.0,1.0,1.0,1.0,1.0,0.9999992317386808,1.0,0.10869357093039028,0.10869332599558304,0.99986900363189,0.9998689902377258,0.9999999866040811,1.0,1.0,0.10867894208327498
1458,46.26935484969388,45.500975596932875,46.07382798968567,45.28464866731909,46.073840144071994,46.07382800554291,45.626543117808126,45.50097624014799,45.43525646607176,45.28464872700704,45.284649297956776,0.6810022789377074,0.9068634150538262,0.6111865231533962,0.8974808779007075,1.0,0.9068689262547182,1.0,0.9068634222440012,1.0,1.0,1.0,0.7251288861387668,0.799600991838145,0.9391468344055188,0.9087880994755742,0.9676741337799836,1.0,1.0,0.7266634496238055
1459,28.43065310467884,28.43129753700447,28.430717832522987,28.43129570952709,28.4325688838359,28.438621385835745,29.514887739839253,28.432997308496226,28.44167453660856,28.431356338689113,28.433170128031833,1.0,1.0,1.0,0.9999990862617292,1.0,1.0,1.0,1.0,1.0,1.0,1.0,1.0,1.0,0.5821976898344599,0.5847291083681991,1.0,1.0,1.0,1.0
1460,62.78107908734361,36.91412036838719,62.67653740984852,36.80647752820653,62.637100348347985,62.56850200829899,35.39612155814527,36.93052902517093,36.93052167930267,36.91409443454975,36.930021082279325,2.4158016990255395e-06,0.9490717866167991,2.289216864238935e-06,0.9476013139498718,1.0,0.9305407878745066,1.0,0.8991651659548378,1.0,0.9474153363678991,1.0,1.130920376140337e-06,1.1916067805279317e-06,1.0,1.0,0.9999963270726177,1.0,0.9804746079236525,2.617504082463129e-06
1461,45.69283165793428,29.715162756839533,43.334518115526464,26.59752676455207,43.33451536977634,43.334519317474275,28.706762404686827,29.715163654049917,26.60221706787246,26.597497230324507,26.59749740821053,0.00033922924148725416,0.3075379541555976,7.136860817654276e-05,0.21038459969915144,1.0,0.30753753194469957,1.0,0.3075381389779385,1.0,1.0,1.0,0.0002048905494299581,0.0006662284985036176,1.0,0.3491433596780731,0.21087846787364134,1.0,0.9999986271258807,0.00023260957562449725
1462,42.79722610376956,41.38185966743677,40.0383509918436,38.44662778469822,40.03825797215964,40.03820992280794,40.99979139790287,41.38178271025413,38.50965473161904,38.44662767745473,38.44662759418705,0.4927845502705086,0.2517200917168227,0.11357417179151841,0.23047429496150626,1.0,0.25170838452738575,0.5107878978535616,0.2517023373876788,0.5107756264872949,0.9999294679696689,1.0,0.4070914797059392,1.0,1.0,0.2879212328960745,0.2378621465452615,0.9999615221489703,0.9999534912395864,0.46565902426531547
1463,45.99502628541117,45.52615694081814,45.989040197397514,45.52615842527979,45.99505469666707,45.99502123900305,47.54517292375971,45.52614447476921,45.54553579807455,45.52620564133355,45.52614481963343,0.7910179075868158,0.9970114306839563,0.7910184947049073,1.0,1.0,1.0,1.0,0.9999974767991233,1.0,1.0,1.0,1.0,1.0,0.3643959512109284,0.367946194227082,1.0,0.9999937669949607,1.0,0.798708325502529
1464,25.08200276454059,25.08187478271796,25.082688363131894,25.08323523378803,25.082029556281242,25.082108370018545,25.272760916946993,25.0818275225204,25.0744545245866,25.08187651279448,25.083809824494807,0.99993601113606,1.0,1.0,1.0,1.0,1.0,1.0,1.0,1.0,0.999710045488263,0.9994367268131951,1.0,1.0,0.9089486316720351,0.9056039623283648,0.9963202878280177,0.9999763701804077,0.9996706508220259,0.9962196477438999
1465,63.183008108684334,56.79089725592772,62.766100395270996,56.48968210257422,62.92168357683815,63.139799006853366,57.9852838696502,56.78391437714137,56.6710803951419,56.68094565231601,56.510857120245106,0.040923311033363455,0.8118384947400729,0.03520162604252651,0.8601851891658459,1.0,0.8775140907615757,1.0,0.9786271557552748,1.0,1.0,1.0,0.0743581407712992,0.09159228252056036,0.5484359680151647,0.5183514783149852,0.9451449367752853,0.9965146485940048,1.0,0.04392368464431779
1466,42.48660419840908,40.98390018436487,41.14511511615166,39.5869285040323,41.14589686616756,41.14915679493478,40.980969756056936,40.96875832213169,39.625755180376444,39.58875597741741,39.62569352473744,0.4717283413750418,0.5113277314999207,0.23460832740953957,0.49733778285544483,1.0,0.5115276357972882,1.0,0.5123620875034045,1.0,1.0,1.0,0.4710376644507993,0.921205003039958,0.9939128850483979,0.5078306323701447,0.5109407876782038,0.9924576561927199,1.0,0.46763329733957903
1467,62.673696169725844,58.14610651717072,62.68660017623651,58.14715668825062,62.673826813142284,62.67378992079668,53.296459679364716,58.143929679184055,58.49617824682059,58.143782521163615,58.143777428192294,0.10395524320396589,1.0,0.10400984293248357,1.0,1.0,1.0,1.0,1.0,1.0,0.9936153413849118,1.0,0.009199388677980001,0.009140225258808607,1.0,1.0,1.0,0.9989121731197771,0.9936336699542437,0.12383264238632241
1468,93.03344721979448,55.043121015787136,91.20839254525944,53.463207249472276,91.20796330525909,91.20805572620884,53.46320636505314,55.043989499462725,53.46452268405653,53.463207375894854,53.46321886865542,5.629962238540743e-09,0.40150819402722504,2.555239231070439e-09,0.45386436405881414,1.0,0.40142203158497347,1.0,0.40144058191628607,1.0,0.9998316046547869,1.0,2.555238101119448e-09,6.364099510622156e-09,1.0,1.0,0.453965802937906,1.0,0.9997854030290458,6.369656390835745e-09
1469,54.05505837048344,52.47984645166753,54.05506586362975,52.47985304287127,54.055070095370695,54.05506444822106,52.03042581176689,52.47989855235059,52.47990822993421,52.47985612391412,52.47990534010006,0.45493261977317834,1.0,0.4549341190524422,1.0,1.0,1.0,1.0,1.0,1.0,0.9999992922959056,1.0,0.3633763229580585,0.36337496154463145,1.0,1.0,1.0,1.0,1.0,0.45494400537316504
1470,80.88896053562206,41.69218119711044,80.60238248283622,41.6931648318166,80.60238000506749,80.60187266815262,40.96896947889101,41.69282793307204,41.43124347454818,41.431269033905664,41.43068629964239,3.0798354421679117e-09,0.8665035902926138,3.0813505312260037e-09,1.0,1.0,0.8665025167955278,1.0,0.86628274031509,1.0,0.999745125144318,1.0,2.145280490388475e-09,2.4757894998034785e-09,1.0,1.0,0.8774000535109565,1.0,0.9999987611164016,3.1195774865911125e-09
1471,48.60011321645379,46.23081846396522,43.71730809456824,41.79030003617112,43.71911768469897,43.71786865401958,44.150771306782275,46.230819545949345,41.79047454662103,41.7903873801765,41.79075319041445,0.30585401187583355,0.08703868874633466,0.033209922071237165,0.10858095948311207,1.0,0.08711747656044606,0.2848335257273422,0.08706308734519592,0.28465569835500676,1.0,1.0,0.10810298354725345,1.0,1.0,0.30723314793958023,0.10859037540596178,1.0,1.0,0.38124175823479883
1472,47.44237219748658,45.9873756980092,47.273205508776584,45.7889644995401,47.27319403627192,47.2731907623878,43.225045281969585,45.98911085200521,45.790126184723306,45.7884475883715,45.79048643792413,0.4831161153654844,0.9188950674685836,0.4374889419821636,0.905556507158112,1.0,0.9188897964697265,1.0,0.918888292301602,1.0,0.9999926268327891,1.0,0.12140011443148066,0.1321153184181514,1.0,1.0,0.9052968901729088,1.0,0.9999942637641187,0.47638261920925806
1473,49.66125943232214,42.178128964486405,49.4104780307926,41.85471235064952,49.410460748836215,49.410476601448096,39.96733113472098,42.17831676789592,41.854732576103515,41.85460956949984,41.85508006817662,0.02371695148648763,0.8821521777163699,0.0201757570606984,0.8506893085392203,1.0,0.8821445550915716,1.0,0.88215154726691,1.0,0.9999992853280015,1.0,0.007852179449831713,0.008901162008304143,1.0,1.0,0.8506180331377535,1.0,0.9999913590591388,0.022871490819958415
1474,55.946318101744595,55.94847406589602,55.66452662225299,55.66668662412232,55.68265125361199,55.682655567401696,56.13149407834902,55.946371867425654,55.68539114021141,55.68267245403891,55.66739265947095,1.0,0.8685798653345651,0.8695184391400208,0.8685816188765704,1.0,0.876486984557697,0.8755426563746209,0.8764888750499998,0.8755445448301051,1.0,1.0,1.0,1.0,0.9115935059204907,0.8000736691880823,0.8776649504322653,0.9989494529761239,1.0,1.0
1475,42.37222143076801,37.04424916363601,42.37223506603485,37.04447371084893,42.372253099525295,42.372226704008625,37.42820535960581,37.04457018234211,37.04558667235989,37.04506199803552,36.61325852622676,0.06966995376519965,1.0,0.06967777630129483,1.0,1.0,1.0,1.0,1.0,1.0,0.9999958189956296,1.0,0.08441518001280589,0.08441460450301531,0.825457427578135,0.825877068827003,1.0,1.0,1.0,0.06971545752378833
1476,34.772242505407235,32.93098589309409,34.77219526108277,32.930986312314076,34.77263978975435,34.77219840345467,33.41681375674423,34.709992435782794,33.275588493820095,32.930989783071254,32.93099164533072,0.39826872776242467,0.9999763781167694,0.39826881124353875,1.0,1.0,1.0,1.0,0.9999779492668369,1.0,1.0,1.0,0.5077762534812462,0.5077882483959557,1.0,0.931822781052879,0.488116110058917,1.0,1.0,0.47306350097558536
1477,42.88135895593348,41.33706256230761,42.881521874993524,41.337027065261196,42.88149577928684,42.8813263236151,41.56999782813887,41.337060150436,41.33702840039953,41.33702705059605,41.33702734161102,0.462019492693614,1.0,0.46201129260269647,0.9999822516342983,1.0,1.0,1.0,0.9999836839739178,1.0,0.9999022290906743,1.0,0.519088669339492,0.5190463863426478,0.8900578317688811,0.8900437021967254,0.9999841251077723,0.9999987940649243,0.9999869522317794,0.4619799951201409
1478,38.739940112496186,35.43028172373681,38.73994258026323,35.43028010006745,38.73994056151986,38.666208283701394,36.38984041345648,35.51461887330751,35.51461506643841,35.4302762494699,35.51461868118898,0.19112469809024835,1.0,0.19112454292865297,0.9999991881656483,1.0,1.0,1.0,0.9638053591077063,1.0,0.9638041698848876,1.0,0.3088035855938587,0.3088032045664376,0.6455770118534387,0.6455757830410184,0.9999980965672602,1.0,0.9999989906288227,0.1993560718178266
1479,44.272899866790624,39.60520254763588,44.2547068773012,39.571865710494336,44.25125292764568,44.23474989048566,41.693920905960795,39.59994154508226,39.56147513746268,39.56658610390693,39.56667346565365,0.0969220085382102,0.990944753198293,0.0953198616529814,0.9834697308754475,1.0,0.9892348934211777,1.0,0.9811057881738039,1.0,0.9900711265761953,1.0,0.27541135009377277,0.27792805724524733,0.35099276072668323,0.3443065501593015,0.9809505741556072,0.9973729554600238,0.9982745155352033,0.09585785181672656
1480,54.30024794574976,44.88161959604892,54.30025080835884,44.88096644481942,54.30025520367931,54.300310356310774,46.65834484594697,44.87959314135358,44.88407987583028,44.87959955395269,44.87959515225424,0.009010955403579381,1.0,0.009008013125743217,0.9996734777052617,1.0,1.0,1.0,1.0,1.0,1.0,1.0,0.021906945421568,0.021906914066080006,0.41091214260151954,0.41183500421178254,1.0,0.9989872857938348,1.0,0.009022014219327528
1481,54.028392549295745,42.69870979849418,54.03041877837876,42.698709451650075,54.02839777760255,54.02850086849435,42.72358011499523,42.698712217518874,42.698711821913264,42.69870939996713,42.698711870046424,0.0034656974739935907,1.0,0.003465696872965277,0.9999998265779632,1.0,1.0,1.0,1.0,1.0,0.9990415047081449,1.0,0.003509063040561149,0.0035055097580127255,0.9876430334080863,0.9876428380495431,0.9999998021972143,1.0,0.9989900099954833,0.0034656919204124055
1482,38.93842513996674,38.93879360192352,38.73009243277323,38.730415194371915,38.7300762835425,38.73008116991613,39.075202069243346,38.93913839928797,38.7813272891986,38.73045206593832,38.73055005582319,1.0,0.9010753878208403,0.901220815821521,0.9010547983221286,1.0,0.9010681120130429,0.9009021226438312,0.9010703134934633,0.9009043237187081,0.9999943685873063,0.9998330017178748,1.0,1.0,0.9342307318892976,0.8633480299250265,0.9241271994757388,1.0,0.9999919254172339,1.0
1483,41.06679875344685,41.06867903790237,41.066806357930545,41.06682068016124,41.06680903839114,41.06680145377922,39.58771358440691,41.06682548762981,41.06946153519394,41.06682328982245,41.06684216772152,1.0,1.0,1.0,0.9990712526824492,1.0,1.0,0.9990654372204557,1.0,0.999061648465827,0.9999975479273439,0.9999903868551954,0.47733220473235916,0.47733038980332465,1.0,1.0,1.0,0.9990736541871591,1.0,1.0
1484,57.95561649018913,38.93671539651092,57.95550460775513,38.9367144785472,57.95551245109391,57.95550534620418,38.85906988987753,38.93672206985434,38.9367204014074,38.93671278562263,38.93672112891625,7.414777127292719e-05,0.9999440603476816,7.41477372404531e-05,0.9999995410182466,1.0,0.9999479818053832,1.0,0.9999444295516183,1.0,1.0,1.0,7.132431248087673e-05,7.132830256132244e-05,1.0,1.0,0.9999991657768772,1.0,1.0,7.415181406761435e-05
1485,38.02814884902759,37.589468845896874,38.02820674110825,37.58964572416099,38.02825320052236,38.02815133115243,34.78983376773809,37.58950763107407,37.58952451158535,37.5897094822725,37.5896749296748,0.8030486339391303,1.0,0.8031196580039223,1.0,1.0,1.0,1.0,1.0,1.0,0.9999722954058693,1.0,0.19806549094186532,0.1980597578131524,1.0,1.0,1.0,1.0,1.0,0.8030290856419451
1486,36.859425743789075,36.036646574679,33.557436568795936,33.719922935383266,33.60036367918053,34.53562864019881,36.036605470958165,36.03664657481983,31.152136872199605,33.71992357383661,33.719932234222824,0.6627286924382441,0.19185899313973567,0.20809690794407584,0.3140001486558049,1.0,0.19602148031664535,0.295779377825733,0.31289157575406273,0.4721261948126977,1.0,1.0,0.6627150722706235,1.0,1.0,0.08696632542129264,0.08696453811375432,1.0,1.0,0.29401826036403256
1487,40.07453492031786,37.928176478207604,40.07451644892859,37.92817624647171,40.074513949448715,40.07450835904211,37.92789274643371,37.928176736786895,37.928176465838845,37.92817619730786,37.92817651524416,0.34191974915259443,0.9999907643480149,0.3419197095350568,0.9999998841320585,1.0,0.9999895146203999,1.0,0.9999867194503143,1.0,0.9999959550649418,1.0,0.3418712458446803,0.3418744032776916,1.0,1.0,0.9999998645259843,1.0,0.9999987502608427,0.34192333223396554
1488,58.8192244107569,36.64226698630185,58.81932553550888,36.642266598704396,58.81923130703814,58.81923475650393,36.634326013804184,36.642270562488704,36.64227009536165,36.64226651861844,36.64227017588797,1.5287444120061966e-05,1.0,1.5287441157375036e-05,0.9999998062012924,1.0,1.0,1.0,1.0,1.0,0.9999546115276131,1.0,1.5226865875530375e-05,1.5226095988476636e-05,1.0,1.0,0.9999997664365015,1.0,0.9999528868744865,1.528741517162139e-05
1489,45.094238217636246,41.32562214003096,45.094104500579334,41.325639271036806,45.09410932517562,45.095857035086084,40.79795195428807,41.32563401181187,41.32563809817708,41.32564434332659,41.325630768539014,0.1519341556042309,0.9999331437065259,0.15193545700225852,1.0,1.0,0.9999355558463022,1.0,1.0,1.0,1.0,1.0,0.11670065445724831,0.11670845715211058,1.0,1.0,1.0,1.0,1.0,0.1519451598800324
1490,49.40847389407614,45.686390257503945,45.68636687737583,45.68639084994916,45.686370589144644,45.686542018601784,47.29415835148336,45.68676465026613,46.0859696901513,45.68639455925103,45.68653682137693,0.15551053222809988,0.15550871431064248,0.15551057829384232,1.0,1.0,0.15550900291710817,0.9999901658687053,0.15552233290036324,1.0,1.0,1.0,0.3474419176861905,1.0,0.4476709287056887,0.5465692135248166,1.0,1.0,1.0,1.0
1491,48.3260633212854,48.32771783155374,46.29528746838105,46.295319527097746,46.29528750018869,46.29583772906514,48.67974731768771,48.32609642264654,46.30030223182962,46.295319567435456,46.29533781788359,1.0,0.36226187160851414,0.3622676784804103,0.36196811460840367,1.0,0.3622618773698626,0.36196231829486963,0.3623615545534328,0.3620619130540757,1.0,1.0,1.0,1.0,0.837926033825304,0.30430568411848213,0.3631653294375691,0.9991896240784698,1.0,1.0
1492,46.39858836995529,46.400066773465426,46.398612603776684,46.400092044274146,46.398598796211814,46.39859493837571,47.54804531650794,46.40156029155918,46.40224021091288,46.40008440699651,46.40150667274645,1.0,1.0,1.0,1.0,1.0,1.0,0.9992662806769539,1.0,0.9992643531760445,0.9999911673385207,0.9992517271466471,1.0,1.0,0.5636946851346383,0.5638863511751557,1.0,1.0,0.9999930962413964,1.0
1493,57.499087176915225,43.347074634564905,57.49915190489946,43.34707419455316,57.50053106654633,57.49914524733575,43.330819842523255,43.34706657260804,43.34706596055406,43.3470740224397,43.34706613263688,0.0008451416840969954,1.0,0.0008451414981608817,0.9999997799941511,1.0,1.0,1.0,1.0,1.0,0.9999966712236822,1.0,0.0008383007202043585,0.0008382735898854818,1.0,1.0,0.9999996939730564,0.9999959690296933,1.0,0.0008445280959016357
1494,60.002585676622374,60.00134246685383,60.00281969379884,60.00435963524109,60.00254410310663,60.0025425976028,59.89985661116461,59.99938396726503,59.83186947710507,60.001352033584,59.99944360183645,0.9993785882720186,1.0,1.0,1.0,1.0,0.9999792134581709,1.0,0.9999784607221853,1.0,0.9998614614993226,0.999091893759123,0.9499323259862552,0.9498211822483869,1.0,0.9665777225832233,0.919654479649374,0.9990212295142152,0.9998622141472367,0.9182025105148711
1495,52.768999692615296,39.89914528661819,52.5161664116016,39.64280904384091,52.51616730334479,52.516169527425944,39.64281037387556,39.899145913212834,39.642963005946626,39.64280909685408,39.642809288899116,0.0016045255027928454,0.8812476068356402,0.0014115098606090571,0.8797054694064861,1.0,0.8812479997590013,1.0,0.8812489797430818,1.0,1.0,1.0,0.0014115107992878813,0.0016017187318741152,1.0,1.0,0.8797729170358545,1.0,1.0,0.0016018402591469769
1496,43.337842053931524,37.98558205668721,42.71453655102755,37.443057655498194,42.71453658308033,42.71453660883043,37.986489043748634,37.98558228696584,37.98558273193942,37.44305149407572,37.44305213713048,0.0688290077504104,0.7322357518880058,0.05247637560076419,0.7624165641186551,1.0,0.7322357636231023,1.0,0.7322357730506734,1.0,1.0,1.0,0.068860228338783,0.09404106281512878,0.999546724369054,0.9995469467550209,1.0,1.0,1.0,0.09399845570000312
1497,38.675219197441834,30.742966865845688,38.67522063087844,30.743170764139677,38.675348017589556,38.67575930357722,27.368372537998084,30.74299851576069,30.74300588287747,30.742973672819176,30.74304390322456,0.018946687481927068,1.0,0.018948619179019986,1.0,1.0,1.0,1.0,1.0,1.0,1.0,1.0,0.0035054957429071797,0.0035054932304551148,1.0,1.0,1.0,1.0,1.0,0.018945836765240132
1498,36.517340298151765,34.93756814886552,36.51540260123758,34.93718000479879,36.51540855028679,36.51540581700522,33.851874427406955,34.93706119408145,34.937747531619834,34.93753282081897,34.9406688508123,0.4538965026579608,0.9990316207250405,0.4538084225879675,0.9998059467973924,1.0,0.9990345923735974,1.0,0.9990332270531077,1.0,1.0,1.0,0.2637554488199143,0.2640111117088521,1.0,1.0,1.0,0.999746554730644,1.0,0.4543758730191858
1499,70.90092451411965,51.61808586863961,70.23846424390712,50.221297494175104,70.90091838710475,70.90091672390116,51.61813452194383,51.61808594777406,50.221297535595625,50.22129749376518,50.22129753586918,6.498076059426618e-05,0.7180399038350636,3.2320349521329836e-05,0.4973833674113953,1.0,0.9999969364972431,1.0,0.999996104898341,1.0,1.0,1.0,6.498234137785045e-05,9.049962408882664e-05,0.9999757132100452,0.497371278187111,0.4973833580322544,1.0,1.0,3.2320449204477904e-05
1500,37.63358303845433,37.622038626711145,37.62147807574817,37.62150967928875,37.621686278005484,37.62152213521338,41.16485121977314,37.62397372439193,37.63710343998076,37.62152588858146,37.621664951139365,0.9942444213015134,0.9939657980150796,0.9939815045583899,0.9997355612588912,1.0,0.9940692763625113,0.9998238411649595,0.9939876950570207,0.9997417875936818,1.0,1.0,1.0,1.0,0.1702582720120417,0.17137967023862916,1.0,1.0,1.0,1.0
1501,52.633462835001865,52.63412949309122,51.60911863285307,51.60889130208594,51.60911922215746,51.60913051656817,51.557805429842546,52.635224221116175,51.59248787344367,51.60889191898653,51.608877278496465,1.0,0.5991926572712638,0.599124553678629,0.5989248813436507,1.0,0.5991928338247219,0.5989931387337808,0.5991962175992569,0.598996521380593,1.0,1.0,0.5840149468386329,0.9746697322664961,1.0,1.0,0.5937076966990669,1.0,1.0,0.9917188052232647
1502,32.51930096230839,32.52258939913429,32.519365767406015,32.52179541735339,32.519451111885246,32.519304277209216,32.399090792415535,32.51926415328535,32.51564449548235,32.51933407131622,32.52253432945915,1.0,1.0,1.0,0.999603087900006,1.0,1.0,0.9984320868376604,1.0,0.9983587873024171,0.9999692553742261,0.9987552053283439,0.9416655735083869,0.9416350616380113,1.0,1.0,0.9981918078512633,0.9983387584673398,1.0,0.9980985019410042
1503,51.23384649403346,37.0803776173058,51.23385333221847,37.08037963233738,51.23385402729542,51.23385179732119,35.73229915907294,37.032987741497124,37.03299603301906,37.08038577542135,37.03298972211124,0.000844526503657147,1.0,0.0008445273545313652,1.0,1.0,1.0,1.0,1.0,1.0,0.9999992325516548,1.0,0.00043040941795936333,0.00043040794635226283,1.0,1.0,1.0,0.9765835829550936,1.0,0.000824751031529823
1504,59.2427032285014,59.244045168216985,59.242705067009666,59.2440434939511,59.242715499910474,59.242709919320305,60.56917619497165,59.23955897778396,59.25033580549473,59.24405461437908,59.248386456300636,1.0,1.0,1.0,0.9999991628674061,1.0,1.0,0.9993353868000019,1.0,0.9993325983632743,1.0,0.9993334349378649,1.0,1.0,0.5143719646599415,0.5171510945076918,1.0,0.9977594186416024,1.0,1.0
1505,39.49796763246533,39.499748710773304,39.49797345497694,39.49796840236908,39.49799100549927,39.49797300057622,39.670355172935615,39.4979693895813,39.49692522380383,39.49797308433921,39.42877033163461,1.0,1.0,1.0,0.9991102418676113,1.0,1.0,0.9991215334408533,1.0,0.9991125389281764,0.9999997727996659,1.0,1.0,1.0,0.9174172519993989,0.9169384091590022,0.999478053372821,0.9991107350346519,1.0,0.9994672511133876
1506,52.38211427255695,52.38351566614722,52.354348263709596,52.35574880311631,52.335927594747574,52.293965895608636,52.58956394466594,52.38424685635914,52.32666266119014,52.337326859214556,52.356325974733664,1.0,0.9862129200624625,0.9869037769562873,0.986212498859124,1.0,0.977171271420347,0.9764868104699659,0.9568829651525431,0.95621271517397,0.9702600175750468,0.9695808117217553,1.0,1.0,0.9024350626074109,0.8768225525071025,0.9716184452914474,1.0,0.9908319507297239,0.9953782465460872
1507,47.5639884896151,45.11855232436099,47.5623300471826,44.90726438891676,47.3732833546828,47.37346902423997,44.90710361348408,45.118333476789076,44.92710435505015,44.90728759928754,44.82164395489377,0.29442879652517046,0.9991711224926524,0.26491081671165867,0.8997449292940058,1.0,0.9090523756695622,1.0,0.9091367712629417,1.0,0.9098909594133383,1.0,0.26488952199199844,0.2651092650988284,1.0,1.0,0.9088142411400705,0.9998905822006066,0.9098064938083188,0.294319460914944
1508,38.96168757884976,38.96233303151391,38.962661756979145,38.961398615955545,38.96169496342941,38.96284766088007,38.70565439374988,38.96037088396275,38.8777445734662,38.960784422602245,38.96037597830522,1.0,1.0,0.9998555289898331,0.9995329013453782,1.0,1.0,0.9996810168436993,1.0,1.0,1.0,1.0,0.8798387802546269,0.8794103247625371,1.0,1.0,0.9595286014767982,0.9990194073199565,0.9995167200425291,0.9588935656500253
1509,51.83920989854397,49.296320334433204,51.839170556151515,49.2962723356319,51.80586682151147,51.83918627927193,50.51280051685154,49.29635820130787,49.29622198763141,49.296271086977896,49.296369089970085,0.28042617425283234,0.9999803289972492,0.2804194442734808,0.9999760008873299,1.0,0.9834666625082972,1.0,0.9999881904337123,1.0,1.0,1.0,0.5151976369611646,0.515207771614657,0.5443182647121318,0.5442811941785257,0.9999318954809903,1.0,0.9834860086642789,0.28512647736121044
1510,49.272900372308754,49.27412576603578,49.27290064780422,49.27290243117392,49.27294441155911,49.273383516116155,49.88815730110235,49.27290531844545,49.273441887190984,49.27405380475403,49.27318653106505,1.0,1.0,1.0,0.9993885195994565,1.0,1.0,0.9994094971771217,1.0,0.9996289438985366,1.0,1.0,1.0,1.0,0.7351902341181586,0.7353875006295602,1.0,0.9993899623535103,1.0,1.0
1511,41.218707018281805,38.63990101964092,41.21871364712251,38.63990713473217,41.218718983109596,41.218710786994166,38.767816462245804,38.634434260432045,38.634443838194386,38.639910581174405,38.634440509444886,0.27543516899868603,1.0,0.2754360111555699,1.0,1.0,1.0,1.0,1.0,1.0,0.9999985699368488,1.0,0.2936269255946772,0.29362595239323125,0.9354841269084859,0.9354886068415338,1.0,0.9972703526762405,1.0,0.27468300028341397
1512,40.66661744491873,36.22276003462625,39.94627542570106,36.011442261645925,39.94627555127269,39.946275636936804,36.27570234823301,36.22276004236443,36.06798644188359,36.055663183972314,36.0114425044963,0.10839983575573454,0.6975570269163586,0.09753074750807207,0.8997315063082335,1.0,0.697557070713047,1.0,0.6975571005908511,1.0,1.0,1.0,0.11130762123433979,0.15956777286925142,0.9738761368992447,0.9013533227061515,0.9255317884428292,1.0,1.0,0.1438269332422287
1513,39.24072515322223,36.88107141394684,35.901224218223604,34.723775929952694,35.90112886728042,36.560874835683904,34.7228353381617,36.869682098921174,34.80307937416501,34.72373935557698,34.723740335296895,0.30733194248594525,0.18829404526101018,0.10450978123372644,0.34005505704473193,1.0,0.18828506846759255,0.6126439931514867,0.2618652661657966,0.8520600366093481,1.0,1.0,0.10446064226840551,0.5547740085120794,1.0,1.0,0.3558302945899142,0.9943215263142369,0.9999523256648654,0.5775127571323511
1514,44.77473524161917,44.5829868062506,43.67391577583814,43.50058958969086,43.67400170024385,43.67392665831284,43.3438244277699,44.58294409141854,43.57053696644178,43.50059227353145,43.500658897889906,0.9085782919631852,0.5767134634898514,0.5288381619542443,0.5820501839324952,1.0,0.5767382409029012,0.6347699983638506,0.5767166015332259,0.634746181627454,1.0,1.0,0.4889693810415572,0.847854978246336,1.0,1.0,0.6027796556874405,0.9999786428120367,1.0,0.9495829726715079
1515,50.426162530233654,49.88841310446776,49.50236731780822,48.93541576881739,49.50332467445929,49.50293172289713,48.935417520691175,49.888413193907866,49.30949198339576,48.93541566767527,48.93541514749887,0.7642389989512901,0.6300868536182159,0.4745570763988116,0.6209537553697364,1.0,0.6303885347365936,0.8248578463041409,0.63026469082341,0.8246957976343481,1.0,1.0,0.4745574920810438,0.7531620273553414,1.0,1.0,0.7486672858859821,1.0,1.0,0.9076319304240162
1516,39.133454260025246,39.13132759963409,38.9547911052218,38.71132507778378,38.95478441426971,38.9385958113229,38.78399349142677,38.88432897251059,38.779822815576665,38.711306846148034,38.71132542768305,0.9989372349396484,0.9145422817413267,0.8097217643559147,0.8105832238847667,1.0,0.9145392221671483,0.9155121965419588,0.9071665445845556,0.9081316751991558,0.9919350506761401,1.0,0.8396833820760314,0.918146048400561,1.0,0.9979168348814706,0.9490886425477073,0.883822247933266,0.9999966545295506,0.9162364638208318
1517,64.63876607224506,51.27884169900807,64.63903418269052,51.279877161288255,64.63883353788879,64.63877973533593,51.25931985251515,51.278841973917224,51.27991458077409,51.27883598963632,51.2798775778455,0.0012558254586717283,1.0,0.0012564758069564571,1.0,1.0,1.0,1.0,1.0,1.0,0.9998727844152926,1.0,0.001243627073360635,0.0012434603698303105,1.0,1.0,1.0,1.0,0.9998996826312554,0.0012564569309630065
1518,42.50863141790083,41.25644354572307,42.50867930055284,41.811471919683385,42.50868423617749,42.5086344376715,41.39186460322412,41.25948048901364,41.259466015222415,41.25642846140079,41.25946629612673,0.5346762068812443,1.0,0.7056896346604047,1.0,1.0,1.0,1.0,1.0,1.0,0.9999775688109135,1.0,0.5721332230229036,0.5721195255588605,0.935951090971621,0.9359443176157862,0.9999927631305737,1.0,1.0,0.5354706975010392
1519,55.95493767700049,50.694477283367064,54.82500941686203,49.274878007407494,54.824924049213905,55.95494146823364,50.66586121144306,50.69447637723121,49.2748800353456,49.27488117486158,49.27487352144317,0.07206187191579833,0.5683805341623034,0.0354359004829479,0.4917427141547678,1.0,0.5683562740253438,1.0,1.0,1.0,1.0,1.0,0.07103814925589419,0.12498343096952187,1.0,0.4988296680734883,0.49174343556004363,0.9999995469321763,0.9999573170868786,0.06234810458394355
1520,43.34558669964093,36.45181279447678,43.345587925564075,36.99298359799866,43.34559348550849,43.34559200971512,36.47962013536912,36.500939385911295,36.500939953449915,36.45181439464068,36.50094078581583,0.031844616033670836,1.0,0.041739742319404013,1.0,1.0,1.0,1.0,1.0,1.0,1.0,1.0,0.032290465369288965,0.032290445576480656,1.0,1.0,1.0,1.0,1.0,0.03263640923797699
1521,54.446589598811244,54.446608596236956,54.4465934604477,54.44662373150777,54.44660342453639,54.446591535155335,54.95111017553742,54.44661813096755,54.4516661078093,54.446673772387385,54.44662198609436,1.0,1.0,1.0,1.0,1.0,1.0,0.999997414153061,1.0,0.9999914694955744,0.9999990373542801,0.9999839019533571,1.0,1.0,0.7770535420627355,0.7790172934056185,1.0,1.0,1.0,1.0
1522,57.80549668812861,55.54942719560404,57.80563546089411,55.54166660637486,57.805520807506014,57.8054955023309,55.54861329196106,55.549427195281055,55.58559664094193,55.54166658964516,55.54166658209738,0.3236687229588093,1.0,0.3224152264967783,0.9961272240006009,1.0,1.0,1.0,0.9999994071013186,1.0,0.9999300231668878,1.0,0.3235370321801608,0.32351458389462445,1.0,1.0,1.0,0.9999999998385078,0.9999426749490957,0.32957145710626945
1523,72.38277580472965,43.52052308531978,71.92652397208965,42.50937133004274,71.92652602740128,71.92652474872673,43.44734447182154,43.51956864099421,42.56520070287044,42.138742230063514,42.138742223633216,5.403080701925743e-07,0.7960240211093736,3.258912053028705e-07,0.6031581301140251,1.0,0.7960248391485064,1.0,0.7960243302203194,1.0,1.0,1.0,5.208958774789101e-07,6.543720587137147e-07,1.0,0.6433464582879596,0.6205283607716183,0.9995228916895986,1.0,4.209875137455806e-07
1524,67.3608164470356,60.96880998453648,64.26400069721504,59.60177042149115,64.26399034835157,64.46930098820815,59.60166589541984,60.96881080381792,59.61273362779713,59.60179496236759,59.60180050404671,0.04092544708659685,0.21258616830363058,0.020660677711145804,0.5048369457620958,1.0,0.21258506829386103,1.0,0.23556751247965618,1.0,1.0,1.0,0.020659597949625966,0.09718223021978772,1.0,1.0,0.5076116521584919,1.0,0.9999948255816528,0.09772202011953873
1525,38.27667638585211,32.728314980732904,38.27643357127113,32.72831576985459,38.27643657694293,38.276882232774,32.770028823145225,32.72832301368729,32.72832351497891,32.728315509694454,32.72832323887869,0.0624005803880413,0.9998786000790739,0.06240060500887173,1.0,1.0,0.999880102733659,1.0,1.0,1.0,1.0,1.0,0.06371573170499638,0.06372346772893982,0.9793630136426609,0.9793632591159291,1.0,1.0,1.0,0.06240832924763509
1526,42.13573469595721,41.397739225303724,39.460292992971404,38.901991602000464,39.460307170965734,39.46220840508536,39.236977798654436,41.39773923766472,38.906688739404274,38.901995210551235,38.901991469571186,0.6914269763047174,0.262443134342932,0.19851878531631975,0.2871146080780495,1.0,0.26244499480816186,0.37957008303433676,0.26269459811727464,0.3799310803886007,1.0,1.0,0.23471613089240562,0.8943504332092918,1.0,0.847771167184075,0.28778970713179125,1.0,1.0,0.758199135742849
1527,43.91115597586628,43.91133106397001,43.25022235951329,43.25042242588921,43.250223934917756,43.250227195790075,44.2929825623778,43.911557111371735,43.25213626977782,43.25042243365755,43.25053114457327,1.0,0.7185882122729863,0.7186600985381383,0.7185971868750093,1.0,0.7185887783067493,0.7185258728870092,0.7185899499208324,0.7185270443985288,1.0,0.9999023897146251,1.0,1.0,0.8263699490671194,0.5942690320178279,0.7191319489396877,1.0,1.0,1.0
1528,46.82717475059485,46.82750289265687,46.48678172611392,46.48705054352092,46.428970685690416,46.330732601688936,46.87383697305404,46.827684912388946,46.460434187841116,46.429241159006864,46.48710003769847,1.0,0.8434990424219329,0.8436124236541716,0.8434740226481595,1.0,0.8194662769134615,0.8193318372656591,0.7801874446986818,0.7800594490407271,0.9249417076497624,0.9248173957885072,1.0,1.0,0.9771881850061661,0.8132624599167649,0.8322475367542775,1.0,0.9715082480242465,1.0
1529,38.606697443445796,26.87108858441698,38.60670359409471,26.9393108706451,38.60670985407668,38.60670835522404,27.132483795858548,26.788403384656363,26.648854038381103,26.87225230520704,27.13112035366626,0.0028290779602467143,1.0,0.0029272458340434903,1.0,1.0,1.0,1.0,1.0,1.0,1.0,1.0,0.0032240826339332493,0.0032240727188483187,0.8419453215702517,0.7852015215943128,0.9326039369514992,0.9595003489261468,1.0,0.0025315388808641336
1530,77.0747389210112,54.80909040336894,77.0748140657962,54.80908118214623,77.07475191565621,77.0747419536809,54.78077714206097,54.80917470613849,54.80910605013281,54.49266008448001,54.80915411788061,1.462432589115518e-05,1.0,1.4624258464227584e-05,0.999995389399273,1.0,1.0,1.0,1.0,1.0,0.9999639445923594,1.0,1.441875325213834e-05,1.4418211515259028e-05,1.0,1.0,0.9999656725863588,1.0,0.9999689254128269,1.4624345283893333e-05
1531,53.23142745209421,48.935980087516725,53.23138584960631,48.9359798522118,53.23138993480683,53.23138917368311,48.934154468306645,48.935980089086314,48.935979834728926,48.935979912222194,48.93597985595869,0.11674961474249301,0.9999791989723957,0.1167496010066142,0.9999998823475449,1.0,0.9999812415322514,1.0,0.999980860977605,1.0,1.0,1.0,0.11664309319711251,0.11664551954378444,1.0,1.0,0.9999998728213139,1.0,1.0,0.11675179007074345
1532,37.074515246547776,36.58192126984463,35.851574266509516,35.28135198209,36.22497282270007,36.10086611658576,35.74494464765604,36.584390155163646,35.75439782745741,35.75223532582362,35.284036259570144,0.7816900376130078,0.5425524642116998,0.4079618425028464,0.5218972007736095,1.0,0.6539193769729917,0.8365456197571862,0.6145748414366423,0.7862129640456038,1.0,1.0,0.5143839543719154,0.9480815005038971,1.0,1.0,0.6603428138721505,1.0,1.0,0.7903435950591149
1533,52.89499321684224,52.810174549983685,52.221736304540656,52.12686867539762,52.22178980798,52.22180853910041,52.45996163582916,52.81031651211197,52.8569540624606,52.810180706232586,52.16679596938371,0.9584773634371785,0.7141741376228979,0.6810890139541532,0.7105947828665582,1.0,0.7141932432647788,0.745133135647172,0.7141999321159176,0.7451401142690923,1.0,1.0,0.8045149011217215,1.0,1.0,1.0,1.0,1.0,1.0,1.0
1534,55.00256869336664,53.66533290546687,55.00256886962734,53.479192954620345,55.00612494918724,55.002569446172515,54.1457951226505,53.665336155560965,53.978014553588054,53.47919383137,53.665336679388986,0.512416302270283,1.0,0.4668777329644145,0.9111297413760885,1.0,1.0,1.0,1.0,1.0,1.0,1.0,0.6515593524374216,0.6515592950152709,0.7864473636279721,0.9195321374604183,1.0,1.0,1.0,0.5980653812585947
1535,57.36753589426081,51.3905391846497,57.35420765154893,50.65329701577045,57.353589323791596,57.35346540669738,49.818868077484865,51.39266322457033,51.392644393628814,51.39050516853865,50.6550400734796,0.0503630073372125,0.9933580346566784,0.03483546021710352,0.691687451939831,1.0,0.9930509717026101,1.0,0.9929894456132533,1.0,0.9996289464316334,1.0,0.02295237393508143,0.023105842137788875,1.0,1.0,0.9999905845735686,1.0,0.9996908839075587,0.05076884169269054
1536,52.1916056987273,52.19289826005192,52.1917280966986,52.19292392791306,52.19159755222475,52.191600783766035,52.846915975663705,52.19446553787719,52.12495799465259,52.192848676914394,52.19450194849344,1.0,1.0,1.0,1.0,1.0,0.9999959267570199,0.9993498575206834,0.9999975425223864,0.9993514722421494,0.9999363455597486,0.9993386467170418,1.0,1.0,0.7216426415711422,0.6969936417970912,0.965843204996332,1.0,0.9999347298932623,0.967229210747196
1537,45.993898706162554,45.09228862436373,45.14158701865725,45.11319275088658,45.994503862206216,45.99390278535574,45.11155239900998,45.11319377632688,44.34892378411115,44.1791280616261,44.286811435736496,0.6371150414461525,0.6530145659497966,0.643809130745014,1.0,1.0,1.0,1.0,1.0,1.0,1.0,1.0,0.6432813104694515,0.9850948876367124,1.0,0.6829631954616706,0.6824029252481678,1.0,1.0,0.4392045456290161
1538,39.33109372415626,31.94057109891625,39.33109697735014,31.940567949962826,39.33109525549881,39.285977915442686,31.660224182259242,31.993223464991217,31.99321831898169,31.940565084574104,31.993221173041206,0.024840961557544332,1.0,0.024840922446059642,0.9999984255245269,1.0,1.0,1.0,0.977694622775975,1.0,0.977693032462186,1.0,0.021591948877069136,0.021591913755699715,1.0,1.0,0.9999974269985462,1.0,0.9999991390747038,0.025503528387345188
1539,41.30862318493439,41.02564836757443,41.308704997627416,41.02564588665706,41.30875094733784,41.3087272303394,37.95069367600564,41.30376105262559,41.07041902078265,41.02565721889758,41.02567086309108,0.8680661056142155,1.0,0.8680650288147419,0.9999987595420825,1.0,1.0,1.0,1.0,1.0,1.0,1.0,0.18656701877213433,0.18655938715310846,1.0,1.0,0.8898779006738745,1.0,1.0,0.8876604694955891
1540,38.83900204257634,34.95638202852231,38.51071502498982,34.72537110345064,38.51071491915968,38.51071662349935,34.957481878130466,34.9563820964857,34.95638365483376,34.95638360003019,34.72537106336512,0.14351581984635506,0.8486202286762652,0.12786049789812862,0.8909157055648174,1.0,0.8486201837714679,1.0,0.8486209069402966,1.0,1.0,1.0,0.14359476446027705,0.1692096883953212,0.9994502603398652,0.9994510390858559,1.0,1.0,0.9999999470849318,0.16911680783892508
1541,52.92859464833447,44.80538339157752,52.92738880233796,44.80757360214059,52.92720580486366,52.926838384359286,44.805288883390176,44.80538339909697,45.02992446550016,44.80790570309941,44.807905637335296,0.017221345823210683,0.9993972587232932,0.017240215340144877,1.0,1.0,0.9993058193195689,1.0,0.9991222534574709,1.0,0.9997248288771838,1.0,0.017220532063348875,0.017230917848771874,1.0,1.0,1.0,1.0,0.999908505448733,0.019280893072558234
1542,39.22641147064519,39.22826483904811,39.226417003482965,39.226975511847655,39.2264573219085,39.226454554592465,40.26263572776091,39.22646193251222,39.23108300598034,39.22642818493742,39.226455227068925,1.0,1.0,1.0,0.9993555441507065,1.0,1.0,0.9990966496969702,1.0,0.9990952672898379,1.0,0.9997395552940171,1.0,1.0,0.5956590152979389,0.597036898545692,1.0,0.9990989529189921,1.0,1.0
1543,55.129396022544995,53.81216886616588,55.12938799509948,53.81216862034904,55.08641229368163,55.1291001953752,54.02130151750677,53.85797830645478,53.85797524285039,53.857975410048965,53.85797804637224,0.5175684054211211,0.9999959862852964,0.5175683418076116,0.9999998770915899,1.0,0.9787374400220672,1.0,0.9998520973537782,1.0,0.9998561104909504,1.0,0.5746194677305694,0.5746217740984328,0.921583764789982,0.9215823531070267,0.9999984681989752,1.0,0.9787413684106886,0.5410635575566677
1544,40.17647319360225,40.17859858023286,40.17648728771468,40.17650295034247,40.17647955193152,40.17650583605081,39.880870512931665,40.17660163878577,40.706562860551855,40.17650790516271,40.176603042902286,1.0,1.0,1.0,0.9989527338211989,1.0,1.0,0.998941046936272,1.0,0.9989541751653567,1.0,1.0,0.8626024622375084,0.8625963834508845,1.0,1.0,1.0,0.9990020275824865,0.9999961321159017,1.0
1545,53.4616681535862,43.37097626320872,52.92346887763381,42.27537827875827,50.60507477187372,50.7672562085109,42.27526296882232,43.370968756864954,42.29074262081025,42.275378650477506,44.22280601376022,0.00643923235703559,0.7640671217536582,0.00372329988735797,0.578221079922647,1.0,0.23971688666532542,1.0,0.2599655978877017,1.0,0.34023921522894285,1.0,0.0037230852268103857,0.004872720106402826,1.0,1.0,0.5826823659035476,0.9999962468351614,0.3137379947917876,0.01565185129265465
1546,52.54778150709279,45.39331574667909,52.55054842395296,45.39326137783124,52.54787629812458,52.547841992568294,43.89370608200227,45.393260773352694,45.39326412639582,45.39326378510384,45.393261534270835,0.027952940471583174,1.0,0.027952180597327785,0.9999728159455652,1.0,1.0,1.0,1.0,1.0,0.9986476994911616,1.0,0.013206611381491064,0.013188353216260907,1.0,1.0,1.0,0.9999725137145551,0.9986648292205037,0.02795089423309512
1547,64.73606139940097,53.844462960178106,63.76709512977172,50.798405176155114,63.6092722590092,64.73606324221831,54.23023955239853,54.468094459826204,54.23152539162189,50.99493341039761,50.57680851741935,0.004314390483867099,0.616015511465833,0.000940754719630223,0.21805043450471376,1.0,0.5692733419158404,1.0,1.0,1.0,1.0,1.0,0.005232265485353221,0.008493723596184848,1.0,1.0,0.8884432242520457,1.0,0.9241217653127469,0.009197041399173921
1548,35.93374595464718,35.934695136361654,35.562195863721826,35.56279710348204,35.562198068074565,35.56220115634284,35.45989393863772,35.93326186700614,35.53323446333533,35.563143087552476,35.56178779423283,1.0,0.8304603898037273,0.8307100802356174,0.8303159263648324,1.0,0.8304613051180493,0.8300672692856483,0.8304625874626892,0.8300685510218437,1.0,0.9997020708201134,0.7890496692171051,0.9501352248763975,1.0,1.0,0.8187195350408183,0.9992836220435438,1.0,0.9856225545641331
1549,47.17635371070429,37.1505772449826,47.176350648610736,37.15057553137984,47.17636410582901,47.17667397741059,38.02073737770226,37.150575765031704,37.15057395076508,37.15057464133628,37.15057654605948,0.006651663981314237,0.9999984689543947,0.006651658282161814,0.9999991431989887,1.0,1.0,1.0,1.0,1.0,1.0,1.0,0.010277397972590498,0.010277413707779596,0.6472123661054862,0.6472117789978549,0.999999092867099,0.9999992600248258,1.0,0.006651618453017701
1550,53.2721270098871,53.272194708977054,53.233053514644155,53.233034661549084,53.233033710283735,53.272125639191785,56.386293901701606,53.27198883810476,53.30488623169515,53.23299944668932,53.15922550868248,1.0,0.9806528578665102,0.9806436137393,0.9806104199609909,1.0,0.9806431473132662,0.9806099535507451,0.9999993146525771,0.999965465703688,1.0,1.0,1.0,1.0,0.21073527969020434,0.21423026559176012,1.0,0.9998970698615238,0.9999900978688164,1.0
1551,56.591626315191036,42.620704797594925,55.99259356331447,42.01321962594892,55.99259388221989,55.99259764682742,42.013211211149155,42.6207057216219,42.01494616279777,42.01321977289672,42.013219412157525,0.0009252368873573487,0.7411765848483807,0.0006828718496504082,0.7380508267464552,1.0,0.7411767030310056,1.0,0.7411780981520162,1.0,1.0,1.0,0.000682868976541512,0.0009213310167929872,1.0,1.0,0.7386878965257919,1.0,1.0,0.0009221304488976739
1552,56.38905447804271,56.389816357615445,55.52320258292215,55.52322455694309,55.5232027375354,55.52320836828204,56.44761769852991,56.389921091190644,55.525599567366754,55.523224581851025,55.52322674088788,1.0,0.6486085210700216,0.6486156473777814,0.6483686109276283,1.0,0.6486085712117581,0.6483615374566848,0.6486103972895959,0.6483633628390293,1.0,0.9999919057022341,1.0,1.0,0.9715638359570966,0.6306469601906746,0.6491050169332604,1.0,1.0,1.0
1553,46.40022992202674,46.40025792552504,46.40027369657747,46.40025854271565,46.400231157073506,46.303461272512294,47.293885103118924,46.40061536034602,46.40580826307405,46.40039077371466,46.40028669254818,1.0,1.0,1.0,1.0,1.0,1.0,0.9999866158638016,0.9527675445487291,0.9527542042299659,0.9527466912913328,0.952753910214538,1.0,1.0,0.6397774666921692,0.6414407761848859,1.0,1.0,0.9999787304742168,1.0
1554,42.26106709554563,38.37207994197115,41.479764833794064,37.412908340952924,41.479112049721635,41.465497341828325,38.346145763487925,38.36689197517708,37.406904291340396,38.448352718772156,37.40751793857663,0.14305965372578652,0.6766161653577539,0.0885596115134075,0.6190397446589414,1.0,0.6763953592664422,1.0,0.671806533250016,1.0,0.99289163878431,1.0,0.14121656202189653,0.20871000317769492,1.0,0.625239354053074,0.6187872023365282,0.9974093780707393,0.9996736612238715,0.13053630662978286
1555,40.81019097171395,40.81024162969459,40.810235930052926,40.811821398879204,40.81023571618263,40.81026370679223,40.845370468508236,40.81184028998385,40.84409101040728,40.81021433275217,40.81029835567057,1.0,1.0,1.0,1.0,1.0,1.0,0.9999970432483933,1.0,1.0,1.0,0.9992214571783655,1.0,1.0,0.9833746627717971,0.9993604755325243,1.0,1.0,0.9999998930648587,1.0
1556,49.6465790991092,32.07478041096044,46.37326703940033,29.56790086090271,46.35151095049957,46.45492044524485,29.97952209566685,32.07541573650036,29.586239508852373,29.567848409876376,29.567902402769306,0.0001528735660212714,0.19462979152670595,4.364861005664735e-05,0.28552097784239483,1.0,0.19252407381297074,1.0,0.2027403207543375,1.0,1.0,1.0,5.362321319087172e-05,0.00027551390139321925,1.0,0.8214852526445297,0.2880595314383091,1.0,0.9891809075207977,0.00022880608104370462
1557,36.123813729628466,33.4719699168036,36.12384916395209,33.4719599713236,36.124143152330106,36.123818601677414,33.470110102687784,33.47196991282871,33.471960042814715,33.47195993701905,33.47195996083968,0.26555802655628286,1.0,0.2655567060085448,0.9999950272723629,1.0,1.0,1.0,1.0,1.0,0.9999847189794191,1.0,0.265311197055138,0.26530649653536975,1.0,1.0,0.9999950650051785,0.9999999980125551,1.0,0.26551297889774456
1558,51.20687395654227,51.20689409042663,50.639292013789,51.20689576698109,50.639292057666694,50.639292058222395,51.919818327036296,51.20694836427006,50.82325894601118,51.206929889725814,51.21258742329255,1.0,0.7529240109281057,1.0,1.0,1.0,0.7529240274463894,0.75291644784189,0.7529240276555897,0.7529164480510884,1.0,0.7529158168986378,1.0,1.0,0.7001679939442527,0.5779431968341414,0.8254350410655265,1.0,1.0,1.0
1559,56.45764719445236,40.84516565404263,56.45764458672457,40.321921542940515,56.45785090134484,56.45766087038686,40.62346649322291,40.84515878036862,40.84516695062132,40.561764142699815,40.56178690539883,0.0004071858795762362,0.9999986961369531,0.00031345246826809843,0.7698019110935597,1.0,1.0,1.0,1.0,1.0,1.0,1.0,0.00036446123963685794,0.00036446171484502,1.0,1.0,1.0,0.9999965631689007,1.0,0.00040714467235063515
1560,41.370802788173194,38.49911095526238,40.32755487609367,38.49911029461791,40.32836562145192,40.33229547389101,38.29729238434973,38.54390451780225,37.361666945644885,38.49910812001778,37.3610217457628,0.23791402348062357,0.5935558562560339,0.23791394489234408,0.9999996696778174,1.0,0.5937965163589146,1.0,0.5949644297590427,1.0,1.0,1.0,0.2150778546154299,0.3623548691307242,1.0,0.6263708198063203,0.553707457876795,1.0,1.0,0.2268765282486469
1561,56.05959868282227,43.44438330654671,54.12588821199054,42.40040399363116,54.12588828057946,54.12589959940772,42.400363542906405,43.44438646794768,42.401885774824336,42.40040753854808,42.400394831348365,0.001822387748289415,0.38027704146179847,0.001081293418598077,0.5933388323165767,1.0,0.380277054503194,1.0,0.38027920665461895,1.0,1.0,1.0,0.0010812715492680082,0.0028433784619538507,1.0,1.0,0.5937776557803285,1.0,1.0,0.002845543328882258
1562,49.65897850321858,47.83462565624913,48.42208955134441,46.517118994052964,48.42208800548826,48.422088886827055,48.70928641736228,47.83461625182878,46.51721271878009,46.51723851711958,46.51715368192694,0.401649113510263,0.5387818742694565,0.207851841289093,0.5174960787851504,1.0,0.5387814578299803,1.0,0.5387816952545323,1.0,0.9999996677413759,1.0,0.6219808074379216,1.0,0.6457550137770802,0.3341929195566467,0.5175227639378621,0.9999952978008786,0.9999992270722234,0.38579943486376095
1563,43.63458781994254,42.73418477195,41.100934698915694,40.08768819351357,43.634131275868725,43.63416858518406,42.68505092970173,42.73418493008566,43.242422483657435,42.66493934617736,40.08768791058972,0.6374996671953064,0.28172423952109815,0.16974638424958105,0.2662689770433668,1.0,0.9997717540151724,1.0,0.9997904045889469,1.0,1.0,1.0,0.6220290736576908,1.0,1.0,1.0,1.0,1.0,1.0,0.822131931574719
1564,41.30439104110965,41.30656973887375,41.30478904683994,41.30697987409141,41.30454177044729,41.30436326388889,41.906395527905744,41.3043877394764,41.30872099902672,41.30562456456448,41.304833838362214,1.0,1.0,1.0,1.0,1.0,1.0,0.998986529695049,0.9999861114860636,0.9988973708503165,0.9997871311842547,0.9986925503567502,1.0,1.0,0.7400748907305971,0.7416800973409802,1.0,0.9989095952251222,0.9998763694465587,1.0
1565,58.00257992318055,41.058914465944895,57.34129497304585,41.244739423519604,57.3412218764833,57.34053619866833,40.692592320433334,41.08069097509562,39.73652790160753,41.05889286754666,39.736557949273504,0.00020928099640069497,0.7184619912026877,0.00022965778466112243,1.0,1.0,0.7184357331315965,1.0,0.7181894676268614,1.0,0.9996206847694611,1.0,0.00017425447949362025,0.00024253820191924482,1.0,0.6200022267526593,0.5106445453751035,1.0,0.9999634523866078,0.00015037972128243335
1566,28.330766856109022,28.331191718035797,28.191848306816695,28.191809643162173,28.190904485288087,28.189480781606335,28.975342117349157,28.33152518392393,28.19180300767377,28.1908655266173,28.192648278640007,1.0,0.932898125217178,0.9328800907660894,0.9326819391971928,1.0,0.9324579844116492,0.9322599225016885,0.9317944486764931,0.9315965277070974,0.9988169377653879,0.9988362469085338,1.0,1.0,0.724764527373604,0.6758598446478412,0.9325233494760246,1.0,0.999528200568067,1.0
1567,28.43148833818026,27.30288500439582,25.36483682766962,25.248162797295294,25.364836952765387,25.47752227692996,25.711488487520313,27.30287743924174,25.40934115229507,25.248162795423866,25.363193377462437,0.5687571900832783,0.21581671886842527,0.20358681200570344,0.35795030912205966,1.0,0.2158167323673046,0.3794531939643776,0.22832550135184662,0.4014463559017424,1.0,1.0,0.25666079611842385,1.0,1.0,0.8597843580651311,0.3879929368678743,0.9999962174301148,1.0,1.0
1568,43.95873708913956,38.64248380653186,43.60457911107383,38.1871579484513,43.604818759917066,43.60488845583126,40.01642924043301,38.64275619101238,38.18769790862518,38.18751219510986,38.18734312556148,0.07007938267151347,0.8377136117215583,0.05581070565704117,0.7963926554354144,1.0,0.8378139962847044,1.0,0.8378431928996196,1.0,1.0,1.0,0.1392960263630208,0.16628120208857303,0.5031653049953726,0.400770768039727,0.7964992102216044,1.0,1.0,0.06663266037324504
1569,74.39270416293505,44.700051994247474,74.39270679211342,44.70001532341797,74.39309162403299,74.39270879814441,44.34695213161626,44.699983551243236,44.69957930392715,44.69995486731665,44.6999622533624,3.567159306625464e-07,1.0,3.5670939018797067e-07,0.9999816647533417,1.0,1.0,1.0,1.0,1.0,1.0,1.0,2.9898392855294433e-07,2.9898353551216393e-07,1.0,1.0,0.9997978967675686,0.9999657790834298,1.0,3.5656254879098085e-07
1570,49.100899589327156,45.28867011328086,49.100900403347595,45.29366623463051,49.100904903915904,49.10090408994955,44.58955688187183,45.28867032579328,45.29119866247834,45.28867543445057,45.28867111926246,0.14865683679590325,1.0,0.1490286548125748,1.0,1.0,1.0,1.0,1.0,1.0,1.0,1.0,0.10480316012056119,0.10480311746461272,1.0,1.0,1.0,1.0,1.0,0.14884450319031042
1571,24.362223315338895,18.20011910261988,24.36205866253951,18.200129650644016,24.36329160622597,24.36204889654718,19.782675143007594,18.200114846629077,18.200218084046384,18.200132232654852,18.200179903650053,0.04591092805071636,0.999917676989033,0.045911170186143456,1.0,1.0,1.0,1.0,0.999912794406771,1.0,0.9999951170157562,1.0,0.10128934193293776,0.10129768106304683,0.45326417840658373,0.4532875759220215,1.0,0.999997872006863,1.0,0.045888682493407475
1572,59.42021495844483,59.41873174950257,59.42021537991977,59.418732175212966,59.42021615174761,59.4202157306448,59.161615710869,59.41603312010017,59.191801130819556,59.41873294280663,59.41603313778711,0.9992586704495002,1.0,0.9992588831469253,1.0,1.0,1.0,1.0,1.0,1.0,1.0,1.0,0.8787106434872938,0.8787104583100569,1.0,1.0,0.8939405591726328,0.9986515952145798,1.0,0.8920728222292009
1573,52.9055741898826,45.30350187440524,52.9058017763428,45.30350266261482,52.90561399150343,52.905665423184246,45.30705044349443,45.303501158161595,45.303501843574566,45.30350269835665,45.30350180794045,0.02234760421252601,1.0,0.022347613019825567,1.0,1.0,1.0,1.0,1.0,1.0,0.9999318257446939,1.0,0.022387290418188405,0.022384743041038428,0.9982269310807939,0.9982272731796956,1.0,0.9999996418782404,0.9999061119880708,0.0223471591370276
1574,54.17091420235903,54.17079803893378,54.17124106860919,54.170799260656935,54.17092106042631,54.171743295928565,54.71377219737491,54.17045831240864,54.164149643445626,54.171454833686425,54.17045976009243,0.9999419199740865,1.0,0.9999425308003707,1.0,1.0,1.0,1.0,1.0,1.0,1.0,1.0,1.0,1.0,0.7621156657567155,0.7597154855090948,0.9968506352047787,0.9998301511633768,0.9998400087085308,0.9966200165577119
1575,31.08944440952874,31.086988883373976,30.074433213601566,29.426029260157208,30.07456709102314,30.07445526128481,29.426044767111932,31.083317435644233,29.879026035532462,29.42602815369503,30.071635667388904,0.9987729903153454,0.601995325915403,0.4353053349554953,0.43584011499755826,1.0,0.6020356240551574,0.6027752351063029,0.6020019622531122,0.6027415319501588,1.0,1.0,0.43530871009864025,0.7231097840115346,1.0,1.0,0.5476353134049374,0.9981659600456263,1.0,0.9068569783948162
1576,59.442214001425924,38.41039751405614,59.348032451639426,38.410371959056334,59.3480204603413,59.34855466804751,38.36590279538885,38.410370864177224,38.410371404549494,38.41039439637663,38.41036581018747,2.710185875501196e-05,0.9540007943394646,2.710151246322671e-05,0.9999872225817276,1.0,0.9539950745026442,1.0,0.9542499242970528,1.0,1.0,1.0,2.650557146737118e-05,2.7783594756567538e-05,1.0,1.0,1.0,0.9999866751493173,0.9999940043689122,2.8408432782915394e-05
1577,61.293266719240904,51.92358773876762,61.10790577861542,51.45067126314774,61.107098805244874,61.10709877642026,51.83447891124621,51.92521696189772,51.5868728107983,51.45166251681508,51.450671201484795,0.009234216675218994,0.9114847001913489,0.007289664703541314,0.7894188494736011,1.0,0.9111170024365551,1.0,0.9111169893052565,1.0,0.99959658029804,1.0,0.008831822350081517,0.009689490507331,1.0,0.8835538394785049,0.844363596554484,1.0,0.9995965947045337,0.008564641562102758
1578,48.54884224693856,39.160954769963354,45.34369951408169,38.970170483888154,42.222687058379876,42.03172473001925,38.66090418515813,39.200239113538714,38.76308312912937,38.68212784712688,39.036979320398956,0.009150527615256311,0.20137803495688536,0.008317979671965854,0.9090164001141992,1.0,0.04229537257604657,1.0,0.0384437648603552,1.0,0.190903466053713,1.0,0.007126257829816611,0.03538746334148275,1.0,1.0,0.8036607977229222,1.0,0.21002972138993176,0.1773195220310434
1579,67.90089138465203,50.72529072137698,67.1719391656078,49.814627631323646,67.1698448726942,67.16984529381216,50.55480537627821,50.72520538416299,49.8250403875474,49.81462765200175,49.81462768021299,0.00018636557958603693,0.6945604291748256,0.0001182000681219993,0.6342376547458508,1.0,0.6938335033477088,1.0,0.6938336494405988,1.0,0.9989536119483653,1.0,0.00017113753881698292,0.00024639690317558577,1.0,0.6942782276887487,0.6375755505480427,0.9999573323032978,0.9989534016097339,0.00017124723232242797
1580,49.413113716740355,48.30303140897962,48.052645096955615,46.708334202464414,48.05269384278185,48.05267221951476,46.70823072025368,48.303110762508766,46.71927525911573,46.70835074753663,46.708326365585975,0.5740486363814065,0.506498300898471,0.25862147904592153,0.4505218942356126,1.0,0.5065106458879938,0.8823479645920818,0.5065051697101076,0.8823384250207995,1.0,1.0,0.2586080980309015,0.5105803860983538,1.0,1.0,0.45297526769174745,1.0,1.0,0.5133952350088733
1581,38.64171375158509,27.20344030127663,38.641734429781536,27.201572221087957,33.48536519319319,33.48519559359738,26.808177973908528,26.57776249577452,33.480966395111466,33.486204204436405,33.48676382466266,0.0032825434167102594,1.0,0.0032794788209980917,0.9990663959853305,1.0,0.07591247256238033,1.0,0.07590603547298447,1.0,0.07590525067708491,1.0,0.002693893083069083,0.002693865230787873,0.891180991568091,1.0,1.0,0.7313677244074159,0.07591168769992743,0.9978030178649705
1582,34.55451970789187,34.49258400290381,34.55452422039639,34.487119711679696,34.55452791922397,34.55452528750743,33.67596284297838,34.492575007981,34.487534475170776,34.487124420235716,34.48714314203818,0.9695067397987631,1.0,0.966861521420117,0.9972715833010144,1.0,1.0,1.0,1.0,1.0,1.0,1.0,0.6445013045635134,0.6444998504076297,1.0,1.0,0.997482906799929,0.9999955025487094,1.0,0.9670580812168758
1583,56.151970654291574,47.519169306890944,56.151976242795,47.51916973127288,56.15197969259748,56.15198218776885,47.53417593249503,47.51883276936559,47.51914158105302,47.519169871590265,47.51913347839189,0.013347840417507644,1.0,0.013347843249799131,1.0,1.0,1.0,1.0,1.0,1.0,1.0,1.0,0.013448370120647311,0.013448332542568558,0.9923577699117554,0.9925110075805782,1.0,0.9998317453937159,1.0,0.013347595058800297
1584,52.758487815950986,50.23005900948243,51.957000952288695,49.166348624684986,52.75841289406375,51.956994458985804,50.22875034536389,50.230059252704905,49.168305487349926,49.166342394818685,49.16634222839207,0.2824611095352661,0.6698218939703564,0.16594985814320498,0.587514006498957,1.0,0.999962539758036,1.0,0.6698197192956664,1.0,0.9999967533538249,1.0,0.2822763466305384,0.4214200060815435,1.0,0.5884740614188813,0.5880890584064468,1.0,1.0,0.16611853098452226
1585,58.17968224246411,58.174089905794204,58.17972649721355,55.58662056081408,58.179617165672994,58.17876026118094,55.59937919539345,58.154473398843265,57.11821421389425,55.58662066482768,55.586622030742035,0.9972077373026041,1.0,0.2734788910713495,0.27424465418920224,1.0,0.9999674621338095,1.0,0.9995391155982749,1.0,0.9995169986664124,1.0,0.2752290762473897,0.27522298621786423,1.0,1.0,0.595633584268422,0.9902396905655121,0.9999453357238676,0.5881922222668645
1586,48.37848807494757,48.3225015321197,48.378150440642656,48.37716834233308,48.37805077220068,48.37814689800328,47.90702294023299,48.376470099327236,48.32385185831586,48.37718462155931,48.37653302607504,0.972394909622075,0.9998311970963574,0.9993403513566474,1.0,1.0,0.9997813725290251,1.0,0.9998294260772415,1.0,0.9999982286818805,1.0,0.7899919153107559,0.7901252907540767,1.0,1.0,0.9740339491998768,1.0,0.9999501670207162,0.9732644388053263
1587,52.67245034637884,52.48905689749489,52.33832675601522,52.157441277477176,52.33834402465132,52.33832997354,52.36166210150651,52.48904630765688,52.19261005965751,52.15746877749456,52.15743829080549,0.9123818106934589,0.8461473218939937,0.7729781212742521,0.8472090436423184,1.0,0.8461546278306288,0.9274128636864276,0.8461486831450756,0.927406348118621,1.0,1.0,0.8560777115533116,1.0,1.0,0.9189477431958796,0.8622430185327192,0.9999947050950116,1.0,0.9297244914314615
1588,44.29376523991314,44.22883633197006,44.293792031863575,44.22884149321089,44.29382227544272,44.29382873293815,44.79893908896162,44.22883759955698,44.22893444548171,44.22883889287243,44.29200650637395,0.9680568597964208,1.0,0.9680593579869421,1.0,1.0,1.0,1.0,1.0,1.0,1.0,1.0,1.0,1.0,0.75197609454812,0.7520125083398704,1.0,1.0,1.0,0.9680767429117769
1589,57.35510173153983,52.58782013003406,57.355105126542696,52.5878135412114,57.35566757263362,57.35599135969045,50.8154982998434,52.58780956996884,52.58786630925158,52.58782416704469,52.587815611205656,0.0922142319531761,1.0,0.09221392816206615,0.9999967055940979,1.0,1.0,1.0,1.0,1.0,1.0,1.0,0.03801396389452043,0.03801389936581706,1.0,1.0,1.0,0.999994719981329,1.0,0.0921902749552978
1590,50.043734982574136,48.89779310303402,49.53953078501547,48.39825212297663,49.53953099781799,49.53979987266837,48.398249688738986,48.897793122585995,48.39848655575611,48.398253004270146,48.398252202427415,0.5638477900133037,0.7771653863808713,0.43922589555093716,0.7789795461299477,1.0,0.7771654690722515,1.0,0.7772699562201932,1.0,1.0,1.0,0.43922536096115805,0.5651633084259672,1.0,1.0,0.7790708530355132,1.0,1.0,0.5652301865220741
1591,48.316069053519584,34.25666843278833,48.3148199962566,34.25666542159328,48.31809665351281,48.31482229368902,34.26208271450764,34.256659659600075,34.256659873861906,34.256664936390365,34.25665985991586,0.0008851970252211345,0.9993756663459232,0.0008851956924716881,0.9999984944036094,1.0,1.0,1.0,0.9993768143456088,1.0,1.0,1.0,0.0008875966248185371,0.0008881511274573146,0.9972921454163368,0.9972922522571633,1.0,0.9999956134154931,1.0,0.0008842962829032849
1592,60.403724560933824,57.10974786036064,60.40349180518746,57.109744664459384,60.403497610325644,60.40350329216858,57.074616436922724,57.109748037695226,57.109744513778026,57.109744336950655,57.10974484163404,0.19262916749760245,0.9998836288984584,0.19262885968594914,0.999998402050648,1.0,0.9998865311339887,1.0,0.9998893717371353,1.0,1.0,1.0,0.1892750440986606,0.18929707280754177,1.0,1.0,0.9999982380429518,1.0,1.0,0.19265070503019652
1593,43.950243553621476,43.952575313037926,43.950694459144955,43.95026486609419,43.95038108382525,43.9507138315696,43.33151117528061,43.95284880713322,43.951232573687065,43.95026960230277,43.95026703259603,1.0,1.0,1.0,0.998845443541891,1.0,1.0,0.9989034870038596,1.0,0.999069692270646,1.0,1.0,0.7339119701979364,0.7337465263679666,1.0,1.0,0.9991922097153012,1.0,0.9998433246150171,1.0
1594,46.915688620642214,41.897369466512146,46.9156766090361,41.89736989710991,46.92174704462806,46.91563434789194,41.90233070125504,41.89737126464951,41.89737169900181,41.89736990099408,41.89737165086669,0.0813365676413897,0.9999939942149764,0.08133658515306373,1.0,1.0,1.0,1.0,0.9999728639930501,1.0,0.9999788696511693,1.0,0.08153858300182983,0.08153907270797155,0.9975233536589402,0.997523570297246,1.0,1.0,1.0,0.08109064525293237
1595,37.48171796843923,36.507068482460284,37.48199885005366,37.47805591858835,37.482097334357604,37.48171814283245,36.45185978955999,36.50700116345283,36.50681862628849,36.506818002716244,36.5068181851471,0.6142675214801485,1.0,0.9981706503780383,1.0,1.0,1.0,1.0,1.0,1.0,0.9998596562385033,1.0,0.597542965222474,0.597459051698672,1.0,1.0,0.9999087355826829,0.9999663410627465,1.0,0.6140742965301997
1596,32.390170797798675,32.38913989571682,32.3163246597571,32.315251011361255,32.39016283816062,32.3901689502716,32.36242424585376,32.388825252591374,32.260842169826674,32.31524336857174,32.31505643397452,0.9994846817811401,0.9637502747495618,0.9632330491233587,0.9637296765837582,1.0,0.9999960201888922,1.0,0.9999990762368899,1.0,1.0,1.0,0.986222514433415,1.0,1.0,0.9504772633995667,0.9380129337899306,0.9998426908116634,1.0,0.9373858072401599
1597,49.36402200454299,41.19286862101552,49.33675360804119,41.19285229647568,49.321574570770366,49.311568908275746,41.43217988601424,41.197281278518204,41.196897931567975,41.19286684896292,41.19728065965998,0.016813440347006298,0.9864583264526934,0.016813303111727955,0.99999183776339,1.0,0.978999921254447,1.0,0.9741143808142033,1.0,0.987486602010975,1.0,0.018950573969879966,0.019210719258690105,0.8891855889804932,0.8890151720213584,0.9998083448930721,1.0,0.9924392090387976,0.01720873251567668
1598,76.32072436676066,61.558356724109046,76.31704866322247,61.55835656370101,76.32079761617359,76.32088062412456,61.53212500813012,61.55835742669879,61.55835662164313,61.55835591878915,61.55835726643281,0.0006228630907668366,0.9981638360463232,0.0006228630408107159,0.9999999197959856,1.0,1.0,1.0,1.0,1.0,1.0,1.0,0.0006147470477026148,0.0006158779005033853,1.0,1.0,0.9999995974722495,1.0,1.0,0.0006228402470967574
1599,62.53135589526278,54.11768230091309,61.233946939906986,52.585588800285905,61.23395455808938,61.23787824943682,52.58843980305912,54.117693443164626,52.44143668573548,52.58751320398966,52.43599590740098,0.014893404766018074,0.522722537002315,0.006923155975547296,0.46484709737720264,1.0,0.5227245281039212,1.0,0.523751039557216,1.0,1.0,1.0,0.006933031981447802,0.013263311777615394,1.0,0.9291346975836142,0.43251927863951933,1.0,1.0,0.01232335623657471
1600,43.730186817690395,43.73023938244461,42.51169046478137,42.513426041732885,42.51150027273593,42.51152800717986,44.53073402863336,43.73469819845937,42.205617683103156,42.51367522917866,42.50760726875879,1.0,0.5437595266512754,0.5442315997022392,0.5442172961900684,1.0,0.5437078197415751,0.543693529995406,0.5437153595108739,0.5437010695665443,0.9999187744982174,0.9990514328979653,1.0,1.0,0.671649994886137,0.31268525396393915,0.46554791386092087,1.0,0.9999049084987648,0.8581800999529914
1601,43.60119629580754,41.16395211732976,43.60121281631578,41.27158076751488,43.60122014786691,43.601201621491526,39.973858045355,41.161899540680935,41.161921049081116,41.16397356591341,41.271826059388474,0.29563724814441145,1.0,0.3119826305157226,1.0,1.0,1.0,1.0,1.0,1.0,0.9999944026035388,1.0,0.16305476953018164,0.16305342266191264,1.0,1.0,1.0,0.9989742381293383,1.0,0.2953336486468048
1602,32.12967800304111,31.69592001403609,30.983809937744468,30.751935034709646,30.945682001785656,30.914052679118043,30.270839510133243,31.6953524202047,30.41962490545012,30.751930766798182,30.75193051258094,0.8050273761496463,0.5638686003963556,0.5021424251128639,0.6237581975342918,1.0,0.5532208441741855,0.6872074920236595,0.5445406618637991,0.6764250235417767,0.9657226195624826,1.0,0.3947829153873844,0.7001328236931139,1.0,1.0,0.5284200526091938,0.9997162433508398,0.9811166001889707,0.7687199514517645
1603,37.42142248361611,34.13693493960483,37.421689742297815,33.47841777061484,36.83005638951283,36.83005640340255,34.136989602905714,34.13693426009357,34.13693423272784,33.478417799203555,33.47841720153437,0.19354528323484585,1.0,0.1392474996040685,0.719456952278744,1.0,0.744023211002526,1.0,0.7440232161696623,1.0,0.7439237994803486,1.0,0.1935505732191639,0.1935247109116632,0.9999723289767767,0.9999723152942908,0.9999999863171355,0.9999996602444279,0.7439237943139028,0.2601333022496893
1604,66.30589057541027,56.234826187582655,66.3066879950101,56.36753855969474,66.30593107089564,66.30595048454782,57.4000725023634,56.23604524735427,57.476481658048215,56.23482845026976,56.36880585630928,0.006502736478946555,1.0,0.006948871491887115,1.0,1.0,1.0,1.0,1.0,1.0,0.9996313127507176,1.0,0.01164464295955392,0.011640001051738055,0.5587720741619698,1.0,1.0,1.0,0.9996216095505029,0.012097884136480873
1605,55.56610391587887,50.655009972466644,54.06144792611343,48.68501942632986,54.06067576477963,54.060658710799686,48.643570389068515,50.65519841745041,52.35218401270697,49.196244002863466,52.35218191010094,0.08581624354451411,0.4712681648402369,0.032047303132923685,0.37344099216251825,1.0,0.47108625243155866,1.0,0.47108223550093387,1.0,0.999605470190489,1.0,0.03138997315286951,0.06660745514925867,1.0,1.0,1.0,1.0,0.9996139938526506,0.4256040282883229
1606,31.227326303911127,31.185126246594592,31.227333452856527,31.185120084784927,31.227333551780646,31.16787261380847,31.053714569401905,31.18532658112801,31.186324235692126,31.185135409318434,31.185672648730247,0.9791210195090219,1.0,0.9791180029349881,0.9999969190999134,1.0,1.0,1.0,0.9707106517559397,0.9914102878137582,0.9707071819834167,0.9914133422592103,0.9168550699491249,0.9168517926815647,1.0,1.0,1.0,1.0,1.0,0.9797041329586764
1607,56.78507625763723,54.954212567779734,56.78506898783834,54.214595127784264,56.03203789216781,56.785057116569845,55.27793870459681,54.9541591512571,54.954401233924955,54.950412427720636,56.02606300627775,0.40034370235776856,0.9999963651071635,0.2765840392091087,0.6908664669387965,1.0,0.6862459534864345,1.0,0.9999904295121056,1.0,0.9999940643833668,1.0,0.47068378657285315,0.4706854974641962,0.8505349481681648,0.8506379042836892,1.0,0.9999732920953461,0.6862484479260021,0.5834372760327795
1608,59.9242904209855,38.705523087123595,59.92429127765786,38.705488542781694,59.92429290808661,59.92439460053791,38.8468833993428,38.7056315632847,38.705622790324355,38.705519314907264,38.705567352890455,2.4683299739034043e-05,1.0,2.4682873408543174e-05,0.9999827279782127,1.0,1.0,1.0,1.0,1.0,1.0,1.0,2.649105283574523e-05,2.649104148867132e-05,0.9318104004093308,0.9318063130504508,0.9999956135294495,1.0,1.0,2.4684499575258165e-05
1609,54.836423012743865,51.76181747114464,54.50128098783949,51.33540034995744,54.501277804677386,54.50127909607363,51.701739795680226,51.76141259622966,51.33505621039339,51.33548048385373,51.33533955224408,0.21496011691146377,0.8457165587497265,0.17368511009141469,0.8079876052679617,1.0,0.845715212724346,1.0,0.8457157588012474,1.0,0.9999990541175162,1.0,0.20859898367900434,0.24665354074110676,1.0,0.8324835703451544,0.8080121423459026,0.9997975830315907,0.9999984084202129,0.20533534704201856
1610,55.734386593594024,50.39215250883058,55.734406943129216,50.39215282732641,55.73474860715865,55.7343819723651,50.42296986484962,50.392172912846746,51.206758666053815,50.39215282607552,50.39217300870877,0.069174910828462,1.0,0.06917492184442342,1.0,1.0,1.0,1.0,0.999997689388207,1.0,0.9999875146958841,1.0,0.0702490591056256,0.07024834434141167,0.9847194743355904,1.0,1.0,1.0,1.0,0.103934439239164
1611,43.650107943023755,40.92978238643033,43.319385666665795,40.62590011954552,43.33764065523613,43.650104473198326,40.03824640670959,40.92978294288412,40.62590089332505,40.62590090925835,40.62589976484412,0.25661900154960754,0.8475875525844784,0.22044569144364815,0.859038847912567,1.0,0.8553593175408349,1.0,0.9999982650887901,1.0,1.0,1.0,0.164321440212746,0.19386957690883297,1.0,1.0,0.8590389412582025,1.0,1.0,0.25772300857799757
1612,56.52806177813608,55.710677159391,55.41936058381765,54.60988050523511,55.419362920857594,55.419373476598196,54.92809626874768,55.71067683110243,54.60987943157596,54.6098758056757,54.60987834823146,0.6645186670349001,0.5744451864299205,0.3832412331721036,0.5767200414130368,1.0,0.5744458576809861,0.8644540570157023,0.5744488895397186,0.8644586195041364,1.0,1.0,0.4493367129994291,0.7822099020308281,1.0,0.8529038833232792,0.5767198264779998,0.9999998358557313,1.0,0.6671490834385311
1613,48.129204976632195,43.227862633291096,47.66008157548566,42.53812179488881,47.66048485424605,47.660163768102734,42.540823498167924,43.22786288398578,42.53854603562908,42.538437755449394,42.53835816935853,0.08623568812081121,0.7909174323268707,0.06108178403603529,0.7083121311731546,1.0,0.7910769285075248,1.0,0.790949936781598,1.0,1.0,1.0,0.061164352220275116,0.07733342283319036,1.0,0.9988619168390004,0.7084623057371163,1.0,1.0,0.07722983682032472
1614,45.03507610411708,43.6851173369468,45.03507903538872,43.685119984366594,45.03508221000365,45.03507853231278,43.995133472942626,43.68555016660204,43.685555214868515,43.68512225419181,43.68555278581755,0.5091669176957512,1.0,0.5091675916854848,1.0,1.0,1.0,1.0,1.0,1.0,0.9999997484620625,1.0,0.594537601687581,0.5945367303126148,0.8565936274598536,0.8565957896190278,1.0,1.0,1.0,0.5092768515800589
1615,42.426277513751586,41.22558392756724,42.426292565542724,41.22555245435615,42.4262831333609,42.42714572143876,47.88151092798739,41.22554967887805,41.678845339443,41.22566938599772,41.22566256225875,0.54862134500745,1.0,0.5486127116376787,0.9999842635182722,1.0,1.0,1.0,1.0,1.0,1.0,1.0,1.0,1.0,0.03586545781423384,0.04498920106823393,1.0,0.9999828758020259,0.9999952839202074,0.6881703314152112
1616,38.52245723982389,38.522440454567175,37.5170079738692,37.516960263024544,37.51701396676461,37.595967926811824,37.63410635845142,38.52721790660428,37.512939241901336,37.51696691028786,37.51695074538682,0.9999916074068587,0.6048803355601615,0.6048659060564108,0.60487098249247,1.0,0.6048821480551702,0.604887224627543,0.6292386663409495,0.6292439473293863,1.0,1.0,0.6413528915650866,1.0,1.0,0.9412151194207172,0.6022158564858564,1.0,1.0,0.9979647115824574
1617,38.047789981019264,38.04698553325332,38.047966376864395,38.047141164706886,38.047956975902025,38.04779470277626,36.212737376188926,38.0469622902111,37.97622884764883,38.04714718806568,38.0471177304276,0.9995978569982096,1.0,0.9996756444584474,1.0,1.0,1.0,1.0,1.0,1.0,0.9999141666398255,1.0,0.39950607698479473,0.3994708429325604,1.0,1.0,0.9652513731237883,0.9999883785464189,0.9999952995298625,0.9647714316169217
1618,56.59345213350363,54.89590478655683,56.59346601567009,54.89613063135937,56.59346034839365,56.59345706812891,55.41505286268122,54.896082122684334,54.89592625631184,54.895935806733036,54.895933152356946,0.42793940373874517,1.0,0.4279877304123447,1.0,1.0,1.0,1.0,1.0,1.0,0.9999955262394196,1.0,0.5547711262576374,0.5547672755584412,0.7714484942040936,0.7713883751075813,0.9999220698504644,1.0,0.9999971663657947,0.4279422398876548
1619,65.71147888380705,56.1204716946954,65.71152773326901,56.12046896959856,65.71152877701715,65.71148339322826,56.115825535644774,56.12047173809077,54.324514949235976,56.12046892255873,54.30611147403869,0.008266834646407473,1.0,0.008266823382452682,0.999998637452511,1.0,1.0,1.0,1.0,1.0,0.9999778302253807,1.0,0.008247652421644791,0.008247450977413289,1.0,0.4083399285689612,0.4073924145930702,1.0,1.0,0.0033677617854449404
1620,64.50293260774106,40.407985291884444,64.50300792577687,40.53797647168244,64.50293636198816,64.50293549485107,41.16141029863991,40.5373808253963,40.53130138053933,40.534431169317656,40.538283859911616,5.859339594395411e-06,1.0,6.252819549464121e-06,1.0,1.0,1.0,1.0,1.0,1.0,0.9999637851928732,1.0,8.5399008991119e-06,8.539579300886597e-06,0.731970741372844,0.7297491317422335,0.9969648928501655,1.0,0.9999642187458102,6.231973568096294e-06
1621,67.40362084680595,53.146711356856486,67.40356771968226,53.14671054165203,67.40366529795614,67.40359702075833,53.11358185813495,53.146713318488224,53.146712160216396,53.146710202586206,53.14671252814733,0.0008019576596263556,0.9999734367909622,0.0008019573327466918,0.9999995923978537,1.0,1.0,1.0,0.9999880870471479,1.0,1.0,1.0,0.0007887828519428635,0.0007888038051032287,1.0,1.0,0.9999994208642533,1.0,1.0,0.0008019401579774634
1622,63.828591240566254,60.4568666280266,63.82858552889809,60.457648043175766,63.82859456388559,63.828536717781304,59.537095024188744,60.52300010882041,60.456867134046234,60.45682200814335,60.456820671032546,0.18528459098543093,0.9999971441699949,0.1853569972224937,1.0,1.0,1.0,1.0,0.9999727389791134,1.0,0.9999755947394212,1.0,0.1169804902382964,0.11698082431564452,1.0,1.0,0.9674742326167872,1.0,1.0,0.18528432998450328
1623,44.56545066304409,44.17110165618993,39.40942477167323,39.31907693465928,39.409429534031005,41.20353862386571,40.10925440438166,44.171194595750904,39.56917819514135,39.319828879841424,39.40835665689977,0.8210473452353542,0.07592472077606807,0.07257121929507515,0.08838859258995906,1.0,0.07592490156662551,0.09247323191193262,0.18619588401069956,0.2267784983304785,1.0,1.0,0.10773312989766536,1.0,1.0,0.7633504066053789,0.1001578136638316,1.0,1.0,1.0
1624,46.57961792754722,38.714059554349035,46.2181179556909,38.43328116793626,46.219783253038315,46.22085640508806,38.47187376639002,38.41703423857231,43.32038344055297,38.9023433687579,37.57264465925971,0.01958915491398547,0.8346440053587192,0.01702336648094856,0.8690199529125634,1.0,0.8353392599940554,1.0,0.8357876032879759,1.0,1.0,1.0,0.01735504423950964,0.020793349174119655,0.9729527453468431,1.0,1.0,0.8619890961396963,1.0,0.23464069173622787
1625,30.87689580945471,30.876760360235863,27.89735995479873,27.8971241097006,27.91131208083931,28.010842308683834,31.27320674459628,30.87668774358508,27.896244501203626,27.911103485056344,27.89709343346948,0.9999322776838369,0.22542496444330667,0.22539838332416395,0.2254136488585594,1.0,0.22700304118319048,0.2270184153960928,0.23858568894658655,0.23860184761634795,1.0,1.0,1.0,1.0,0.8201569943658369,0.18479999964485622,0.2253227137174481,0.9999636923337477,1.0,0.9924945180435671
1626,50.73412005228445,49.71004689387391,49.03782163712708,48.01975740472079,49.0378341803916,49.0378330803849,48.02412198835364,49.7048781748299,48.02510389325039,48.023932771533254,48.0239150981194,0.5992738664828314,0.42820672075787913,0.2573852411169943,0.4294951866124269,1.0,0.42820940632138405,0.7145471048730467,0.4282091708048409,0.7145467118698537,1.0,1.0,0.25794754415385107,0.6023902280125637,1.0,1.0,0.4317592486873033,0.9974189770601374,1.0,0.6026822657667279
1627,53.72819754551807,49.96661271579259,50.1275428609531,45.86030159555827,52.06056682579293,52.06056703629551,49.96696176698546,49.966612772296656,52.79185676004022,45.86030160466831,53.71031080551768,0.15246923898381343,0.16524478776139084,0.019566272712162814,0.12832931312945056,1.0,0.4343887711222624,1.0,0.43438881684224273,1.0,1.0,1.0,0.15249585109086447,0.9228481766763168,0.9998255178793728,1.0,1.0,1.0,1.0,1.0
1628,54.429653053485055,53.64411960225874,54.37146244678644,53.644117247808566,54.40061776879381,54.411419246095335,53.70196917431889,53.735751233570085,53.64318966907797,53.64938104245695,53.67229084005123,0.6751862328712552,0.9713238896353839,0.6751854380255513,0.9999988227756057,1.0,0.9855872305084356,1.0,0.9909245292625996,1.0,1.0,1.0,0.695001038215588,0.715519350066102,1.0,0.9710379261269675,0.9547738410070871,1.0,1.0,0.6847413865709351
1629,47.05848873346309,47.05846875024761,46.96420222959472,46.96422577580785,47.05848812217849,46.96420252936758,47.18355130486535,47.06085812302297,46.966879808855026,46.966297524456905,46.964229901499635,0.9999900084421757,0.9539507325142844,0.9539619635440273,0.9539714952053844,1.0,0.9999996943577442,1.0,0.9539508754985668,0.9539604070491361,1.0,0.9999883768474173,1.0,1.0,0.9404972154844525,0.8973262703432034,0.9540977427359936,1.0,1.0,0.9552290191131051
1630,44.44794577575698,44.446877217780326,43.45838339258441,43.32476736178762,43.45839480635479,43.45842495369325,45.817787091720476,44.443816253876435,43.36868141236289,43.45736620308793,43.32479894443904,0.9994658637132776,0.6097043011328966,0.5703020153496421,0.5706067971454478,1.0,0.6097077806552718,0.6100336217487685,0.6097169712579534,0.6100428172631082,1.0,1.0,1.0,1.0,0.5030903921711095,0.2938890864843161,0.5841675592650946,0.9984706886382917,1.0,0.9561344889606428
1631,44.06464493211962,42.75686428071677,43.825898027619644,42.5130959137864,43.82593990045024,44.064641851309034,45.69994154552842,42.75686680798262,42.513124910546395,42.51312486636226,42.51309565172713,0.5200187940263463,0.8874763088432527,0.4603470998417334,0.8852508892561497,1.0,0.8874948896103272,1.0,0.9999984595958933,1.0,1.0,1.0,1.0,1.0,0.22957227650127307,0.2032317516243417,0.8852626054052947,1.0,1.0,0.5187114647831141
1632,62.82076704312078,62.81996939784827,62.82077348242001,62.82014757190538,62.82076450188052,62.820761250855526,59.343864942841265,62.81890419700727,62.7147808382698,62.81997799029526,62.81888909520228,0.9996012568829193,1.0,0.9996903123554206,1.0,1.0,0.9999987293806755,1.0,0.9999971038715658,1.0,0.9999938842364599,1.0,0.1757924835840395,0.1757919175947488,1.0,1.0,0.9492703146434118,0.9994675413859286,0.9999955097403359,0.948387759066473
1633,39.73763936786676,39.334200339404646,39.09199928814081,38.677923822040185,39.471563301382474,39.62119234640343,40.226286743025355,39.33445194423723,39.16801297299861,39.057055960735,38.67862738124637,0.817324143585759,0.7241041525258353,0.5886886912020095,0.7202634301481885,1.0,0.8754317959661184,1.0,0.9434390551158378,1.0,1.0,1.0,1.0,1.0,0.6402366538131332,0.5891132227577605,0.9201491655454419,1.0,1.0,0.859181433778391
1634,40.48162288275935,40.48429222050788,39.68755825028802,39.69022882655463,39.688832009316656,39.69563931158433,40.533386164142826,40.481671239907485,39.698136383933445,39.688856124109606,39.687583310995876,1.0,0.672312298678907,0.6732106289446032,0.672312715014505,1.0,0.6727406169882599,0.6718433299500508,0.6750342925734816,0.6741339462798618,1.0,1.0,1.0,1.0,0.974473979167378,0.6586092329354292,0.675861282102336,0.9986903680172348,1.0,1.0
1635,38.955022509575514,35.90323041258833,38.95458135393528,35.9032306763381,38.389574231207234,38.38957442669397,35.90325395766811,35.903230421545885,38.067924763361304,35.558768130077766,35.55876910269666,0.2174261451832555,0.9997794465053829,0.21742617385630522,1.0,1.0,0.7537276831169223,1.0,0.7537277567888077,1.0,0.7538940307518609,1.0,0.21742870485629018,0.21747667009587754,0.9999882320081294,1.0,1.0,1.0,0.7538939570637234,0.8514412868047082
1636,45.022536593659396,45.02506496943499,44.916848759009355,44.916874513136264,44.93292321611034,44.93939744856519,48.81269022262563,45.0227054389091,44.94380984073587,44.93293591089582,44.91695407011227,1.0,0.9485280497242672,0.9485402640587943,0.9473418885913581,1.0,0.9561823047414567,0.9549742744028229,0.9592825932863844,0.9580706460768755,1.0,1.0,1.0,1.0,0.15031947869394896,0.14450514147151633,0.9613201344699267,0.9988209303864964,1.0,1.0
1637,58.07238513429695,51.55196337555276,56.13331810914286,50.02701340451617,56.13331776884067,56.1333244573201,50.02684514540812,51.551957593865666,50.04008092751408,50.0270312777707,50.02697766349576,0.038380303549790495,0.37925991682557203,0.01790481039853725,0.4665103905525255,1.0,0.3792598522940869,1.0,0.3792611206320681,1.0,1.0,1.0,0.017903304138184896,0.047205895861699855,1.0,1.0,0.4695697950279819,0.9999971091606317,0.9999998298489177,0.04751934343326269
1638,65.17317471513775,55.9570253577983,65.10362752091902,55.95702008587838,65.10367121402822,65.10362908055643,55.710750518085604,55.9570277967733,55.95702056262863,55.957009477596046,55.710753924370294,0.009970997212764461,0.9658240568645197,0.009970970929649698,0.9999973640435154,1.0,0.9658451570229966,1.0,0.9658248100324792,1.0,1.0,1.0,0.008815778968420042,0.009127727670234113,1.0,1.0,0.9999963829342039,1.0,1.0,0.010323573332618564
1639,49.19276353760338,43.511027749843635,48.45611546130064,42.7972754674264,48.03104631790279,47.91478085676471,41.78112249345028,43.50943885305776,42.40852601674868,42.40956017170154,42.787596037292815,0.05837498068448633,0.6918929456491217,0.04085426588542839,0.6998591760782508,1.0,0.5594178386352325,1.0,0.5278245509206914,1.0,0.7628702593946755,1.0,0.024580040625063592,0.03552578585983853,1.0,1.0,0.5766865400980097,0.9992058670976341,0.8085323635008255,0.06012917281854185
1640,38.74815218090822,36.44291737749205,38.748161317587744,36.442478834054555,38.748161650277865,38.74815539969745,38.351066801770855,36.442472530434685,36.442482245231105,36.44248960515375,36.442478864333395,0.31580908741864944,1.0,0.31573984700876406,0.999780752319538,1.0,1.0,1.0,1.0,1.0,0.9999970410592319,1.0,0.8199247677585911,0.8199210220722288,0.38508271035826086,0.3850845808628716,1.0,0.999777601205596,1.0,0.31573889060373234
1641,55.91187201929853,53.28950682460879,55.887352654591865,53.28950454780045,55.887351602994755,55.88735119732786,53.277983028101346,53.289507222881895,53.11921889490745,53.28950285194719,53.289504946940156,0.26950115650465617,0.9878151613866615,0.2695008497035896,0.9999988615964753,1.0,0.9878146419950137,1.0,0.9878144416331843,1.0,0.9999992713682627,1.0,0.2679527833297237,0.2712580185078154,1.0,0.9236869470904311,0.9183798775526033,1.0,0.9999994742015833,0.2505576227320851
1642,57.23970337014924,36.85755878606514,56.783556063378995,36.43131837480928,56.78349631415432,56.78351071864017,36.43174272555592,36.857567026752946,36.43137404607373,36.431308354394616,36.431307843272435,3.750365016310736e-05,0.7960656247481004,3.0305161977355955e-05,0.8080589981389972,1.0,0.7960418429514033,1.0,0.7960475762587823,1.0,0.999977327887605,1.0,3.0311592668605106e-05,3.807675111985472e-05,1.0,0.9998156772484296,0.8080781617183529,1.0,0.9999701258339041,3.8070870043812576e-05
1643,46.03777771738763,43.415342029221335,46.037636568520014,43.415343380676035,46.03764063157516,46.03768673734095,44.08279770489082,43.41544896401453,43.41534750956643,43.41564132618578,43.41576376939591,0.2694916576353302,0.9999294280565104,0.2694918397382753,1.0,1.0,0.999931459442777,1.0,0.9999545110113162,1.0,1.0,1.0,0.3762543105970244,0.3762808654689984,0.7162869884739422,0.7162506541449716,0.9999492740625541,1.0,1.0,0.2695108685150898
1644,41.21922892147592,33.011965551590976,41.14688217674936,32.993951356702695,41.146132216285764,41.14612984404209,32.827262725085575,33.011947980170845,33.01577516811349,32.99422650494091,32.994184527890155,0.016512597823497326,0.964473066012457,0.016364535054737474,0.9910333449441157,1.0,0.96411147547749,1.0,0.9641103319244954,1.0,0.9996239043880599,1.0,0.01505593372278987,0.01561052791763022,1.0,1.0,1.0,0.999991214328529,0.9996250900645033,0.01715992554011049
1645,47.911088097416695,47.82173264159681,46.14649984240012,46.070414239388356,46.14647546277226,46.147920009209855,47.0266789503259,47.90959884324329,46.083493037838906,46.070445038244884,46.0704432488088,0.9563056227896084,0.4138324374653112,0.3983847910745057,0.41658731432780893,1.0,0.4138273929556463,0.4327355011763747,0.414126397367224,0.4330481673413038,1.0,1.0,0.6426181593325306,1.0,1.0,0.624007459570975,0.40129723064109496,1.0,0.9999878102603657,0.9689994715314733
1646,50.717145516177254,50.716949526713535,50.71714601228231,50.7173070880869,50.71714758986491,50.71767317975812,53.674773435291,50.716344949179046,50.704160774837874,50.716951616444675,50.71634550343768,0.9999020100694671,1.0,1.0,1.0,1.0,1.0,1.0,1.0,1.0,1.0,1.0,1.0,1.0,0.22781662656993606,0.2264329667893338,0.993926431966644,0.9996977569174016,1.0,0.9935276290993232
1647,47.552417903441096,47.55187002300772,47.55242901623413,47.55187172963679,47.55242700826733,47.552425715068495,47.602448759024895,47.550685138177926,47.493919245197475,47.551878609646224,47.550873895102455,0.9997260973015085,1.0,0.9997269503826792,1.0,1.0,1.0,1.0,1.0,1.0,0.9999983494185452,1.0,1.0,1.0,0.9744502526657765,0.9471813005041069,0.9720160653793555,0.9994077330444573,0.9999989960171045,0.9711698710676321
1648,45.97465183652619,43.56824382219645,45.0622894358348,42.54026121639879,45.062292884348494,45.06229484999244,45.94425439096014,43.56824630301884,43.678400089282775,42.54026575079243,42.54026500171301,0.30023072782840493,0.6336990002167151,0.17956907788610912,0.598103595807624,1.0,0.6337000928774974,1.0,0.6337007156921793,1.0,1.0,1.0,0.984916194866946,1.0,0.30482908272084036,0.32208907191419583,1.0,1.0,1.0,0.5006007521278377
1649,70.55946467867412,63.24889478686802,68.83026019373239,63.02810179344331,67.7454178237399,66.96324461118732,60.95498645191785,63.249933164251445,61.55834284645604,61.5467399868441,61.540571728764604,0.02585412940521277,0.4212190623644533,0.023151830214912097,0.8954790104146447,1.0,0.24487107597086366,1.0,0.16561159295019068,1.0,0.3931721228867317,1.0,0.008211340327362626,0.019494227733354314,1.0,1.0,0.42921592761906135,1.0,0.5813390177460505,0.04534127612408417
1650,37.31477433991603,36.59899278702707,34.052171561343386,34.05086214492829,34.05217155527711,34.33995421890759,34.04605450217579,36.5989930845752,34.17333602317345,34.0512447689791,34.05378212238841,0.6991494344233953,0.1956747593208596,0.19554669137806338,0.2796922685624931,1.0,0.19567475872735127,0.2798754444945362,0.2259571136101086,0.32318858098835573,1.0,1.0,0.1950771965781679,0.9969461429528997,1.0,1.0,0.29735501102267986,1.0,0.9999999969668636,1.0
1651,47.75298028058074,41.33054347424857,46.939355873394874,40.13452252508392,46.57231938078104,46.47773164258655,40.72097144070602,41.641374324585854,39.81467908719284,39.79159224993748,40.1893937613161,0.04030747258930884,0.6657692076273785,0.022165264497336808,0.5499045976704557,1.0,0.5541441376009237,1.0,0.5285465917992161,1.0,0.7938886114646444,1.0,0.02971793866837053,0.0446369978183239,1.0,0.6356252132031038,0.40117897935487945,1.0,0.8323366885286624,0.034087649440484306
1652,63.19988284652172,58.12549186666325,63.103253860597874,57.9562233336909,63.10325210632536,63.10328535349018,57.96666284263296,58.125491397960104,57.95623109569982,57.95621973238457,57.95621923243712,0.07908789184630877,0.9528340803399994,0.07266977312012199,0.9188482765647735,1.0,0.9528332445750455,1.0,0.952849084208666,1.0,1.0,1.0,0.07305008319238591,0.07666611081576713,1.0,0.9947977055823164,0.9188520579603543,0.9999997656484528,0.999999122864126,0.07626733803226296
1653,64.36126735451501,52.86791063408239,62.53217393367677,51.21827771744796,62.532171709286274,62.53221374167387,51.21830383953292,52.86787669861067,51.225358420443456,51.21824626957661,51.21825221177494,0.003193370425556158,0.40069821725797894,0.0013997035447505491,0.4383154342349045,1.0,0.400697771603573,1.0,0.4007061928340865,1.0,1.0,1.0,0.0013997218264573956,0.003493207022571358,1.0,1.0,0.4398774387867115,0.9999830324080913,0.9999988878053688,0.003505554233644898
1654,71.96452781886146,55.57304761474572,71.94992498000624,55.57304760980054,71.94980846263189,71.95097818140513,55.57406338581558,55.57306477475308,55.57306428606361,55.57304712067952,55.57306472634923,0.0002758260617241926,0.992725171179474,0.0002758260610421883,0.9999999975274108,1.0,0.9926673379989337,1.0,0.9932480786186012,1.0,1.0,1.0,0.00027596618537147397,0.0002779885041532628,0.9995008191010131,0.9995005748782823,0.999999755655297,1.0,0.9999417430098285,0.00027786585733926
1655,54.50603694881761,54.50696343717098,54.090779239894744,54.0916910738398,53.98656260601831,53.79428566617992,53.81514869965491,54.507445758950354,53.99009424398031,53.98747307027267,54.09181269072366,1.0,0.8125085396772868,0.8128790605678119,0.8125025862831465,1.0,0.7712542668466817,0.7708970705397632,0.7005597355031468,0.7002352804420156,0.8622183045379389,0.8618252941757315,0.7079058852365185,0.871259624566759,1.0,1.0,0.7720733214583135,1.0,0.9492260440154999,1.0
1656,41.74134101642326,39.71787775742149,41.8119852246644,39.717859939910056,41.741683538554014,41.74134375366563,39.62606860741019,39.717863435066164,39.724401761715086,39.71786023936019,39.71786020690229,0.3635888329893804,1.0,0.36358559387971406,0.9999910912839657,1.0,1.0,1.0,1.0,1.0,0.9652957619833901,1.0,0.34727572969226966,0.3352233313175705,1.0,1.0,1.0,0.9999928388479778,0.9654597723714291,0.3647143303467473
1657,27.886101090580638,27.878250331439176,27.88612355770178,24.980202386141883,27.88609559529297,27.886101123643442,25.015945924519713,24.98020397237579,24.980205222094554,24.9802027254604,24.98020488230523,0.9960823146607707,1.0,0.23387947691750813,0.23479934687642653,1.0,0.9999972523599414,1.0,1.0,1.0,0.9999887830337421,1.0,0.2380968910197518,0.23809421635892786,0.9822877628081166,0.9822883766000328,1.0,0.23479953309984303,0.9999860188933326,0.23388045117260345
1658,40.55249824660402,40.552508497010905,40.55251474606408,40.552524999119726,40.55297799348409,40.55250315200442,39.381231137014794,40.5526016268951,40.55382676662015,40.55308001085007,40.55307487681387,1.0,1.0,1.0,1.0,1.0,1.0,1.0,1.0,0.9999973275003284,0.9999942029869742,0.9999890765020087,0.5567530165075363,0.5567484234644025,1.0,1.0,1.0,1.0,1.0,1.0
1659,58.506528724576924,57.445544090894856,58.50658914262664,57.44554392216298,58.50653121717352,58.50652387681316,57.44348911825358,57.445544322818506,58.239332043927305,57.44554389390356,57.44554415202941,0.5883152608591831,1.0,0.5883152112254173,0.9999999156340671,1.0,1.0,1.0,0.9999975761210567,1.0,0.9999673676257098,1.0,0.5877110854205809,0.5876933315099584,1.0,1.0,1.0,1.0,0.9999710376928556,0.8749403322857527
1660,53.02730873175534,50.218048063426096,50.65457407739484,48.46353322663373,50.654567918962385,50.65456994363399,48.46605795602352,50.21804709754062,48.46377223791944,48.4635124683152,48.46606331234625,0.2454577770379415,0.30532841011602957,0.10209130157825021,0.41592204903929153,1.0,0.3053274699452818,1.0,0.3053277790393671,1.0,0.9999979331217091,1.0,0.10222025941180136,0.3347879071356513,1.0,0.9988577937626528,0.4159719579318627,0.9999995170573783,0.999996920788513,0.3344065400083918
1661,40.10991722912385,40.110383324013554,39.753258683090166,39.75369107428662,39.78601589852872,39.78687329396243,43.665605505666036,40.111646771442565,40.05234504714514,39.78644754516583,39.75456768769405,1.0,0.8366668862980329,0.8368477895505719,0.8366527870347893,1.0,0.8504831618389624,0.8502849820047558,0.8508478401914709,0.8506495753798082,1.0,1.0,1.0,1.0,0.16914831132370836,0.1642065439442878,0.9707844119710817,1.0,1.0,1.0
1662,45.65036164367825,45.65059931191868,45.41716830515597,45.417436479758834,45.07285720662688,44.900382773685465,45.494795360966606,45.64741119702404,44.99011395403744,45.0732037499634,45.41760576967965,1.0,0.8899440625833163,0.8900634007817839,0.889957637164904,1.0,0.7491978197461506,0.7491087947720809,0.6872965400430386,0.687214870616029,0.7722918427569083,0.7721882951701579,0.9251650348260252,1.0,1.0,0.7769799731995726,0.7198959282668904,0.9984072123874327,0.8418482141129078,0.9594724984755938
1663,40.894708470690915,37.966467646068566,40.74447350174407,37.756662482154496,40.89468398403025,40.89479059523643,37.75777497381833,37.96646925318271,37.966465593361335,37.75666280814522,37.75666337061182,0.23128133424958158,0.9276344972759754,0.2082485430187444,0.9004122347115922,1.0,0.9999877567446175,1.0,1.0,1.0,1.0,1.0,0.20836441262580666,0.22461908568264174,1.0,1.0,0.9999981700909873,1.0,1.0,0.23128392854147278
1664,42.46303605734232,40.751885489921335,42.4466352419189,40.73491861391119,42.331638504501655,42.2591280971418,43.469415367303526,40.75324851097872,40.61743317542198,40.61623983267003,40.73651426186325,0.42503860295062734,0.9918331239113455,0.4214480658958252,0.9915524448135378,1.0,0.9364128914560805,1.0,0.9030711099545515,1.0,0.9105071086890542,1.0,1.0,1.0,0.2571531574610684,0.2402702143299849,0.9343467399048384,1.0,0.9441234305255782,0.42438990266904864
1665,50.42750692383342,47.17920686399799,49.81578347357103,47.17920724760975,49.815789969157066,49.81579389116453,47.189570346287496,47.17920631150898,46.53698669600686,46.53698774350019,46.536987685500236,0.19707911538646247,0.736488450259454,0.1970791531873995,1.0,1.0,0.7364908422253845,1.0,0.7364922864880914,1.0,1.0,1.0,0.19810297875397012,0.26898314384180955,0.994831386100485,0.721594577263778,0.7253435982677087,0.9999997237555318,1.0,0.19409614758647606
1666,41.77368405943969,41.77377762270348,41.580542692218586,41.58116936815483,41.58051128734306,41.77367443017795,42.271560971254786,41.77530679867726,41.656351467429744,41.58109477183956,41.58165717641853,1.0,0.907945718450005,0.9082302568926109,0.9081877693928825,1.0,0.9079314616008017,0.9078889880788777,0.9999951853807203,0.9999484050682997,1.0,1.0,1.0,1.0,0.7802607765304455,0.735205849295156,0.9422565780691509,1.0,0.9999842976855183,1.0
1667,51.12250669007537,44.80347694037502,51.080267146577285,44.62578500336173,51.080201896005406,51.080207701434176,44.754784926464936,44.80345817652389,44.62554867623524,44.754583652804456,44.625681879572994,0.042446327867689905,0.9791016888246786,0.03883781695048593,0.914986499457571,1.0,0.9790697458731936,1.0,0.9790725878371539,1.0,0.999970277870157,1.0,0.041425407369831385,0.04230960669627562,1.0,0.9374253742415963,0.9148869711412314,0.9999906181184448,0.9999673752462593,0.03966339289969679
1668,40.33738710496286,39.69255526165492,40.14395777983816,39.459906482906035,40.26451644418904,40.33705080075788,39.697370679921704,39.6891434734072,39.91124457958071,39.58899935884551,39.401922143044175,0.72439683533433,0.9078150027875516,0.6448482178584563,0.8901864094434375,1.0,0.9642204476433903,1.0,0.9998318620342832,1.0,1.0,1.0,0.7261430735842698,0.7998800100841725,0.9958948460189994,1.0,1.0,0.9982955600864949,1.0,0.8380848486073814
1669,68.24737352845045,48.574180750290424,68.24739869109987,48.574180852831915,68.2473840442619,68.24742117791726,48.57436657172016,48.574181192005426,48.574181308740634,48.574180854466476,48.57418131388479,5.3458955304162255e-05,1.0,5.3458958045042864e-05,1.0,1.0,1.0,1.0,1.0,1.0,1.0,1.0,5.346392244466244e-05,5.3463249801925204e-05,0.999907314438204,0.9999073728004,1.0,1.0,0.9999926766078321,5.3458689149759986e-05
1670,45.05092542115284,40.736564795243225,45.050952427766845,40.73656532892346,45.05106250379589,45.05095345957585,40.74969418819967,40.73656444625297,40.73656524640623,40.73656545395832,40.73656638688499,0.11565076067301541,1.0,0.11565079153328214,1.0,1.0,1.0,1.0,1.0,1.0,1.0,1.0,0.11641247027497709,0.1164108983322653,0.993456630714434,0.993457028173294,1.0,0.9999998255048875,1.0,0.11564286017558306
1671,53.755413436699115,53.245260124919554,50.97642197599549,50.975825527010954,50.975851391444905,51.3432843711426,50.77646109937291,53.246086751937014,51.173564385027845,50.903606900960995,50.97654439546767,0.7748570983241192,0.24920093742164628,0.24912663067920693,0.32151300054942306,1.0,0.24912985245968153,0.321517158452192,0.29937313730613085,0.38635915958390604,1.0,1.0,0.22549074372533584,0.9048551183569864,1.0,1.0,0.3547786576806161,1.0,0.9997147484166777,1.0
1672,44.8950574356293,43.74791706858366,43.16236902944925,41.759513166915525,43.162967391070765,43.17242266643785,41.759301451226634,43.74791741949812,41.780717723972344,41.759569073920176,41.759636873378525,0.5635100089643306,0.42048595405405975,0.2085091957588438,0.3700186197971193,1.0,0.42061177420325413,0.7464140255046974,0.4226049821471718,0.7499511551247748,1.0,1.0,0.20848712459305735,0.4958242304718061,1.0,1.0,0.37396246492662155,1.0,1.0,0.5010121966668384
1673,75.19282666042639,67.99604702082783,74.71909499006696,67.4063475416192,74.71593556838502,74.71153304572749,67.86205075787657,67.9960533129001,67.40635523234411,67.40634810811358,67.40635469363178,0.02736775400404428,0.7890971499932917,0.020379219293510973,0.7446434694823483,1.0,0.787851588743196,1.0,0.7861192288959795,1.0,0.9962261667054082,1.0,0.02559424003936418,0.03243484029765125,1.0,0.7962454688165331,0.7446439902313086,1.0,0.9984215362454341,0.025866924621750238
1674,47.737878951953974,47.53834428871838,46.939700358873466,46.47773878141331,46.93970447960834,46.93970079881535,46.47716337693399,47.53833724100946,46.53452424700697,46.477736233140945,46.477734577289766,0.9050479695875644,0.67093078688039,0.5325544754745468,0.5884267943468622,1.0,0.670932169245759,0.7413222191432647,0.670930934465684,0.7413208548177078,1.0,1.0,0.5324012803975517,0.7935263827630337,1.0,1.0,0.6053754124163997,0.999996476151749,1.0,0.8166128891495154
1675,67.20722963941932,51.03288518961122,67.20723419140188,51.03288497150649,67.20723121942632,67.20723109787895,53.41633731524783,51.09044467270644,51.09044344457013,51.03288397514956,51.09044467707338,0.0003074579509629537,1.0,0.0003074579174339389,0.9999998909476406,1.0,1.0,1.0,1.0,1.0,0.9999984532397289,1.0,0.001012385185869318,0.0010123828816920868,0.3125639092013098,0.31256371726582527,0.9999993859320322,1.0,0.9999985140133233,0.00031643462701560674
1676,52.96271108914871,48.11738678830116,52.50628630113451,47.41429720828194,52.50667027237856,52.50628592148581,48.262588162802956,48.117449265842254,48.11781320065566,47.414181329610386,47.40816504074823,0.08868520955410608,0.7959551857695512,0.06239894315096799,0.7036003349904579,1.0,0.796108012390782,1.0,0.7959550346778912,1.0,0.9999998101756697,1.0,0.0953633007043805,0.11980988679931857,0.9300011572503903,0.9301704025473034,1.0,1.0,1.0,0.11142221711605058
1677,46.50267676588598,43.467208317403674,46.502673145910194,43.46720812076825,46.50264473979007,46.4948370243188,42.756066774857146,43.47360231885929,43.473600829768515,43.46720683747256,43.473602145477486,0.21920800087304732,0.9999981900137451,0.21920797932101904,0.9999999016822918,1.0,0.9999839870802539,1.0,0.9960878018813303,1.0,0.9960896047898236,1.0,0.15361512462363103,0.1536154026653984,1.0,1.0,0.9999992554548883,1.0,0.9999857970408016,0.21991328816917458
1678,38.27764035280538,38.27767048816213,37.101783219975346,37.101844201776856,37.10178370666932,37.10197156178518,37.18133783553583,38.277697232747755,37.10412267662372,37.10180622473743,37.101806696460585,1.0,0.5554767269748038,0.5554936642187722,0.5554852942819577,1.0,0.5554768621484087,0.5554684924647608,0.5555290391839479,0.5555206687141188,1.0,1.0,0.5780174279308805,1.0,1.0,0.9621281939443397,0.5561110479964055,1.0,1.0,1.0
1679,54.70858410116534,49.043189734019506,54.70862515937901,48.94007244094962,54.658164735304666,54.70870385693419,48.944099346707276,49.043194741960974,50.53712529818887,54.642461229427795,49.04319429396526,0.05885389963041426,1.0,0.055896370458905796,0.9497479489026062,1.0,0.975105427627184,1.0,1.0,1.0,1.0,1.0,0.056009028544736335,0.05600787874120793,1.0,1.0,1.0,1.0,0.9750854097891607,0.12738774691153584
1680,41.355932676447935,33.33969730263482,41.35593387307961,33.34032045703438,41.35593722113859,41.355937562249835,33.71504706111347,33.14856832284664,33.148567392922985,33.34188900923439,33.14919775113597,0.018167560108489036,1.0,0.01817322158794265,1.0,1.0,1.0,1.0,1.0,1.0,1.0,1.0,0.021918093245369353,0.021918080131431,0.7533394400667971,0.7533390897927946,0.9999995350382791,0.9088597474948248,1.0,0.01651171889509025
1681,44.1234107176073,44.124999618530296,44.12343416485973,44.12342185249017,44.12343814300306,44.12341518120874,42.7611018059994,44.12339690876854,44.12205653273901,44.123426039315376,44.12535391699711,1.0,1.0,1.0,0.9992114280663366,1.0,1.0,0.9992195669328069,1.0,0.999208095061575,0.9999905082195527,0.9999966643648502,0.5060324629100057,0.5060265304093328,1.0,1.0,0.9993300365110607,0.9991989661181945,1.0,0.9993094334189075
1682,61.658735711166514,60.37651361709675,61.658737563935574,60.37651488067834,61.65874676949875,61.65873963101714,60.974940843818274,60.375950521638686,60.37595488900931,60.37651800966361,60.400873680486086,0.5267069026899127,1.0,0.5267072354585918,1.0,1.0,1.0,1.0,1.0,1.0,1.0,1.0,0.7104210662511361,0.7104204081283554,0.7411923089641228,0.7411939274966476,1.0,0.9997184919018113,1.0,0.5265568688425888
1683,59.58028391222297,59.10051676585715,57.49933630119807,57.498171542204176,57.49938870976007,57.49934361125523,57.19836621601294,59.48109183333884,57.40840547383701,57.498171690159495,57.49872169097483,0.7867194509763107,0.3532872528496172,0.3530815654968867,0.4488023844570208,1.0,0.35329651060936007,0.4490756014369838,0.35328854412698235,0.4490654752320604,1.0,1.0,0.3039297018884086,0.860290597628162,1.0,1.0,0.35474956833729465,1.0,1.0,0.9555276118075879
1684,50.725264153040314,50.726388321967505,50.72526674706708,50.723787404467515,50.72527568784338,50.72527372327892,49.64805024307125,50.72973788838502,50.588288473501905,50.72639557165027,50.7194262052987,1.0,1.0,0.9992618982448133,0.99870038648005,1.0,1.0,0.9994438376535818,1.0,0.9994428559181417,1.0,1.0,0.5835606126180568,0.5835598557326228,1.0,1.0,0.93171835195409,1.0,1.0,0.9337994297047615
1685,44.428081053284785,44.428432559417104,44.10360990096041,44.103636129120815,44.10361077368452,44.10361423076199,44.422489216906314,44.42731591917908,44.21963452959653,44.103637170703394,44.10364251394435,1.0,0.8502408844613442,0.8502520346616078,0.8501026133905158,1.0,0.850241255474287,0.8500918360975036,0.8502427251505007,0.85009330551544,1.0,0.99998905088053,0.9972079867498803,1.0,1.0,0.9035468253673582,0.9013688787416426,0.999441835712663,1.0,1.0
1686,59.88033098099524,47.99657710670172,59.84241719382629,47.99662901299817,59.8797174483139,59.880106614346175,48.117470604303804,47.99662289581099,47.99661946202002,47.996628333825214,47.18560223912269,0.002627094130070082,0.9812216582797099,0.0026271623123182066,1.0,1.0,0.9996932807073118,1.0,0.9998878229677818,1.0,1.0,1.0,0.0027907910626265497,0.002844200430226334,0.9413654472707609,0.9413638310460644,0.9999982831059911,1.0,1.0,0.002627955811110844
1687,86.48082399490917,37.27484063430171,86.42708111921121,36.72520635252047,86.42708021471603,86.42708024221713,37.133550626294635,37.274853514829914,37.27647317878103,36.72520637839921,36.76826253521716,2.065648751876113e-11,0.9734863869835773,1.5692961421594238e-11,0.7597110306067852,1.0,0.9734859467268039,1.0,0.9734859601127721,1.0,0.9999995615030566,1.0,1.9247562543913807e-11,1.9771783972813287e-11,1.0,1.0,1.0,1.0,0.9999995477525118,2.1236419271575564e-11
1688,44.66139281572029,44.66141218798336,44.661400230948715,44.66407693637717,44.66143470945994,44.66139681278946,44.876186343733195,44.66140969925618,44.6630852781995,44.661620876913645,44.662502596858474,1.0,1.0,1.0,1.0,1.0,1.0,1.0,1.0,0.9999923124326011,0.9999982909218342,0.9986608356880128,1.0,1.0,0.8981768232270587,0.8989296216124965,1.0,0.9999987556371861,1.0,1.0
1689,46.232382419925784,45.47359629484319,43.50931731959784,44.27205632669518,46.04081162227263,45.76281922783954,44.31704042401577,45.473616078681346,43.750740309507876,44.272058779920656,44.27339014677614,0.6842765963017216,0.2562677326947012,0.3752499106354476,0.5483892225213365,1.0,0.9086589944331106,1.0,0.7907435322870895,1.0,1.0,1.0,0.38378568354968706,1.0,1.0,0.7534067252327011,0.4225540613186626,1.0,1.0,0.31821257127901403
1690,94.65148104447715,46.47778499523889,94.58250768332024,46.477782823867585,94.62296776242874,94.6513422804154,47.121386297857015,46.48729403460803,46.487290057491634,46.47778150556107,46.4872919589198,3.4611053325075794e-11,0.9661012075100349,3.461101574837214e-11,0.9999989143149359,1.0,0.985844503650827,1.0,0.9999306203760049,1.0,1.0,1.0,4.7749745764957364e-11,4.942520037628811e-11,0.7282971568197769,0.7282957085599364,0.9999980114437809,1.0,1.0,3.527527393687605e-11
1691,41.53214828693683,41.53503242684096,41.5330889500334,41.5334262878734,41.53152089386208,41.53159687935448,42.861363240264524,41.53161718056222,41.81821895078886,41.531545325759964,41.53161812855609,1.0,1.0,1.0,0.9991972528902159,1.0,0.9996863526602388,0.998245773966852,0.9997243342116228,0.9982837007856556,0.9992542428757129,0.9990857139549595,1.0,1.0,0.5143388292385789,0.593586609954402,1.0,0.9982938340194817,0.9992162791840503,1.0
1692,57.13335584222284,50.38395749126306,57.133359618397776,50.044720105318135,57.13336892184532,57.133365220449235,50.04639429738364,56.53606703314966,53.92059695205111,50.04472012132166,50.04472063643303,0.034228413509132485,1.0,0.028888321425698252,0.8439865732599774,1.0,1.0,1.0,1.0,1.0,1.0,1.0,0.028912513849234798,0.028912459259931283,1.0,1.0,0.2704318804882263,1.0,1.0,0.2006113178818406
1693,48.113036816254805,46.64124433147879,47.08507533870039,45.663054366071094,47.0850766097133,47.08754340991214,45.66278122114991,46.64104950501931,45.694113416619786,45.663058974737,45.66311568100264,0.4790758983812392,0.598109914280128,0.2937602780316795,0.6131810826306916,1.0,0.5981102943829588,1.0,0.5988484588119776,1.0,1.0,1.0,0.29372016120717404,0.49108057598525034,1.0,1.0,0.622838487004609,0.9999025915147759,1.0,0.49883415332159675
1694,57.88002746931173,53.04588718004365,57.50747761050076,53.04588702837361,57.88007602178459,57.86922392504255,55.26201364593382,53.0458919327192,54.56626213867972,52.54391881649508,52.54392347196489,0.08918252696436789,0.8300453597318028,0.08918252020120956,0.9999999241649846,1.0,1.0,1.0,0.9946127912020984,1.0,1.0,1.0,0.27008814462438396,0.3253896205282716,0.3301986431742695,0.7061866118890043,1.0,1.0,1.0,0.19072800154941968
1695,46.21282419912015,39.154050876987384,45.868025858499095,38.470688368620756,45.560853774967285,45.568207151518635,38.537953013495695,39.66585852186435,38.503359451357,38.96528503077354,38.5099280643488,0.029322895226045188,0.8416431471507557,0.02083610634407946,0.7105746613169497,1.0,0.7218158615105819,1.0,0.7244746381771738,1.0,0.8607860001352869,1.0,0.02154879042426159,0.025603238732723573,1.0,0.982851949493736,0.5591991907313005,1.0,0.8576269692852259,0.029341653193093432
1696,33.13053296816443,28.536866717096473,33.13065777099064,28.536865791037457,33.130562279081715,33.13064744819701,28.483993402552812,28.536867887062897,28.53686569161033,28.536864668995662,28.536866941270517,0.10057685417879907,1.0,0.10057680760875855,0.9999995369705992,1.0,1.0,1.0,1.0,1.0,0.9999948386165061,1.0,0.09795277709678459,0.09794666489578334,1.0,1.0,0.9999989022743193,1.0,0.9999522551853587,0.10057532862035724
1697,45.831340072014854,32.80310874826762,45.82744431213712,32.80317004663209,45.82744927989049,45.82753346510452,31.190842944558995,32.803154097638554,33.74975378576792,32.80311201587563,32.80330714982159,0.0014823662329721459,0.9980540159480737,0.0014824116669812147,1.0,1.0,0.9980564949942529,1.0,0.9980985066782626,1.0,1.0,1.0,0.0006619976421583596,0.0006632883907886622,1.0,1.0,1.0,1.0,1.0,0.0023843046534634278
1698,44.09121581131956,38.07306727798189,44.09121101111526,38.07306718580995,44.09124146291009,44.09127313528984,41.83565510240683,38.07306745796973,38.07306736482673,38.07306718269899,38.073067367957606,0.04933733083800457,0.999997599900733,0.049337328564245754,0.9999999539140287,1.0,1.0,1.0,1.0,1.0,1.0,1.0,0.3237510721037939,0.3237518491403697,0.15239280894874388,0.15239280185158233,0.9999999534285007,1.0,1.0,0.04933670019387699
1699,39.43675917967249,39.43742872564985,35.56388183993084,35.564482185477175,35.56388184507844,35.563881839939654,39.976429834247966,39.43680048354548,35.568375519061334,35.564485374405564,35.56491877944714,1.0,0.14421663937030113,0.14425993577675367,0.14421164952982352,1.0,0.14421663974148577,0.14416836798647287,0.14421663937093648,0.14416836761604757,1.0,0.9996998722785777,1.0,1.0,0.7635209804835406,0.11035783387956354,0.14453805029650071,0.9996859282786676,1.0,1.0
1700,50.58603333739984,50.585217950252655,50.3315212681903,50.27410190767915,50.331522894822456,50.33152199779917,51.07871918915012,50.53101165165495,50.27667971373427,50.330681337454166,50.32948702001161,0.9995923895221397,0.8805082031646063,0.8555885238401929,0.8559374128980828,1.0,0.8805089192963756,0.8808679703106858,0.880508524377963,0.8808675752312346,1.0,1.0,1.0,1.0,0.7604432677022053,0.6696368438110561,0.8805875102747185,0.9732608451727388,1.0,0.9729509681186935
1701,37.57127529979539,37.57082557664714,37.399410550759,37.39897101126124,37.39941154210629,37.399414753404244,37.358375421901485,37.57062711510491,37.366357425296655,37.39897184208735,37.39891703598795,0.9997751637053438,0.9176562860703606,0.9174546351380108,0.9176609586276994,1.0,0.9176567409285106,0.9178631098691352,0.9176582143642995,0.9178645836362804,1.0,1.0,0.89902005292529,0.9796914886020388,1.0,1.0,0.902907790945148,0.9999007741520972,1.0,0.9836087641464675
1702,52.83769436512179,50.34531038584856,51.78991989690505,49.333059229995456,51.78992348098362,51.789946394330514,49.333247070118574,50.34531085378441,49.33328631659319,49.33305839697172,49.3330583998777,0.2875978900299463,0.5922139933812812,0.17337167691576869,0.602826665027745,1.0,0.5922150546529732,1.0,0.5922218395063312,1.0,1.0,1.0,0.17338796075901503,0.2927792363855608,1.0,1.0,0.6028949747838266,1.0,1.0,0.2927844570366466
1703,52.45413600504634,46.613885770429505,52.32211831534963,46.21050666011055,52.322057581388606,52.32205739844096,46.21048361827769,46.613885772074354,46.21298069622259,46.21050679849449,46.210506768952996,0.0539269396846986,0.9361225843927011,0.044077110283518885,0.8173486302250796,1.0,0.9360941576080453,1.0,0.9360940719799387,1.0,0.999969542009521,1.0,0.04407660247774001,0.04708422081957803,1.0,1.0,0.8183603301826528,1.0,0.9999696334805614,0.047144475631780876
1704,43.33807962740278,43.33666080906835,42.9424415986756,42.94098421675747,42.94245565643632,42.94244603570564,42.42537468838634,43.33540732504778,42.81197587722832,42.940985577373795,42.94064991704752,0.9992908424039764,0.8205183417345402,0.8199206552279955,0.8205025208231939,1.0,0.8205241090800676,0.8211064029228439,0.820520162068826,0.8211024531105631,1.0,1.0,0.633590476413313,0.7721831971165083,1.0,1.0,0.7697298083889679,0.9993734543514659,1.0,0.9368426975952565
1705,65.56059118934311,61.40963486761615,65.5022364000433,61.42286723235242,65.53309579746985,65.56060924096198,61.56035324418826,61.469680452006514,61.42324337760999,61.42336090012154,61.4233032598857,0.12549640567459716,0.971244155666759,0.1263294655803633,1.0,1.0,0.9863463720689722,1.0,1.0,1.0,1.0,1.0,0.13531918300691137,0.13932560851706205,0.9556759421027117,0.9337421651662988,0.9770489389027065,1.0,1.0,0.12810228790558434
1706,68.22682655514555,42.070146915424885,68.22685316253606,42.090126722601326,68.22686055316655,68.22683125882554,42.062733129030335,42.08791881157549,42.09012592751304,42.09011410043456,42.090123366188834,2.0900139447924146e-06,1.0,2.1109976205369834e-06,1.0,1.0,1.0,1.0,1.0,1.0,0.9999890482047122,1.0,2.0822808280921964e-06,2.0822531262468944e-06,1.0,1.0,1.0,1.0,1.0,2.110960896770966e-06
1707,48.82668916336959,48.20168377209893,47.46423314555389,47.07527597435609,47.46417604391522,47.464178522162,47.155643300249125,48.20168347904786,47.07527935008292,47.07526734551453,47.07526817673235,0.7316136567803619,0.5059952440204822,0.41656757130538236,0.5693818963667052,1.0,0.5059807976479138,0.6915956160176141,0.5059814246209444,0.691596472990451,0.9999726886770162,1.0,0.4336476540862273,0.8570192293520327,1.0,0.960614615321564,0.5693829408355242,0.9999998534744742,0.9999714495882336,0.8232887025586466
1708,36.11060646364882,35.30375286552058,36.110189549485085,35.3034834425942,36.11041706475842,36.11038547611187,36.49512212993403,35.30349476789246,35.30356357801702,35.30337471975784,35.303363408996745,0.6680269252053805,0.9997915646437997,0.6679369403819656,0.999865297609992,1.0,0.9999053050386516,1.0,0.9998895123357372,1.0,1.0,1.0,1.0,1.0,0.5511139524150845,0.5511329138511235,1.0,0.9998709595123803,1.0,0.6680269624100853
1709,57.0928166698198,44.20902512209133,57.09281872584526,44.20902511755597,57.092996854584214,57.092820525552554,44.209490982535385,44.209031882820966,44.209031873452574,44.20902511295023,44.2090319272298,0.0015933831214482237,1.0,0.0015933831178349357,0.9999999977323171,1.0,1.0,1.0,1.0,1.0,1.0,1.0,0.0015937543117615176,0.0015937526733626355,0.9997704764873431,0.9997704718042221,0.9999999953158039,1.0,1.0,0.0015932449545103427
1710,69.31775405891213,42.92585428773003,68.31577327991727,41.816896023434964,68.31574610603133,68.31729289607424,41.81787521142016,42.9258563102955,41.81771299092344,41.81689603206405,41.81689795597282,1.8581115427698079e-06,0.6059302554834819,1.067246044319654e-06,0.574371354869663,1.0,0.6059220227995856,1.0,0.6063908211351905,1.0,1.0,1.0,1.0677686895031081e-06,1.7621973483583794e-06,1.0,0.9999188930409877,0.5746054430684574,1.0,0.9999864131493322,1.7620783629858569e-06
1711,58.25539614099566,43.57061395192176,58.255397040131584,42.89714685628073,58.25540185099791,58.25540123653772,43.77771635502506,43.72757858662561,42.68197412494078,42.60261032952306,43.58882630185511,0.0006475004337303715,1.0,0.00046237946908597944,0.7140990878139255,1.0,1.0,1.0,1.0,1.0,1.0,1.0,0.0007181444013970611,0.0007181440785424175,0.9752427308994435,0.5781793784933925,0.5928568962110092,1.0,1.0,0.00041521509822699606
1712,58.47923139453647,53.288533875605935,58.42974925360522,53.288532185771544,58.429744991508784,58.363370356774766,53.12746017711737,53.288535542729505,53.29069867094648,53.28852888467287,53.28959450750244,0.07461984715779083,0.9755624812671337,0.07461978411022546,0.9999991550831612,1.0,0.9755604022986601,1.0,0.9437155155690777,1.0,0.967355278303968,1.0,0.06884583092122241,0.07057039630285933,1.0,1.0,1.0,1.0,0.999997868954051,0.0765720493144342
1713,54.25784458388702,50.770447733817406,53.81254698437937,50.23011460552374,54.257850055085896,54.24224519498566,50.645125315604474,50.77044771534531,50.77043699869671,50.770436929955025,50.230150249991055,0.17487245050925918,0.800395899176098,0.13347180937355194,0.7632523532715341,1.0,1.0,1.0,0.9922306442373393,1.0,1.0,1.0,0.16425098344590078,0.20521217514354523,1.0,1.0,0.9999946416900541,0.9999999907639534,1.0,0.17487103349559172
1714,48.20258573617585,43.07494050669817,48.20261055236054,43.07496371777836,48.20301788207752,48.20258944494569,42.99713057404901,43.07494055752909,43.07496716865987,43.07496712259203,42.88582398689698,0.07700979828736579,1.0,0.07701069203285371,1.0,1.0,1.0,1.0,1.0,1.0,0.9999894463482639,1.0,0.07407126704436995,0.07407034796695032,1.0,1.0,1.0,1.0,1.0,0.07699418675176302
1715,46.7820626054974,46.782676728971126,44.03555546293984,44.035811628264355,44.00749547361721,44.3895192809523,44.28059038462399,46.78357923646021,44.109465966447374,44.0345906269238,44.03581092336728,1.0,0.25328154794334545,0.2533139909959587,0.2532362199027866,1.0,0.24975282107039923,0.2496761433083809,0.30231926163519807,0.3022264452085493,1.0,1.0,0.2862939752925532,1.0,1.0,0.917996033581493,0.26261751130514277,1.0,0.9860679670445807,1.0
1716,50.8028822821513,47.042445868379076,46.90727299270375,44.64079555466955,46.90726969486238,47.09903261253328,45.19734941453322,47.121786374939745,44.67511968097318,44.64079553768357,44.64079555640478,0.15255681317752218,0.14258675682224775,0.04591132943420593,0.3009457819545653,1.0,0.14258652170818856,0.934645387107479,0.15693480183682657,1.0,1.0,1.0,0.060642068092060526,0.4252994418525029,1.0,0.7701924450076264,0.2942477006978382,1.0,0.9999983510806724,0.327562957105649
1717,44.816815162911695,42.60203896945373,44.816818070619036,42.60204180635432,44.81682485460075,44.81682195737804,41.218281566312754,42.600863663177165,42.60087254305489,42.60204792412654,42.600866667154605,0.33042086231495454,1.0,0.33042133100085697,1.0,1.0,1.0,1.0,1.0,1.0,1.0,1.0,0.16542013008946663,0.1654198895929782,1.0,1.0,1.0,0.999412519496005,1.0,0.330226612459351
1718,54.74495463250284,54.41941863399077,52.928927542685585,52.92834334557085,52.9288098630347,52.928820299173026,52.83450010227631,54.41945214901676,52.55849372200993,52.55853540752702,52.558494000064144,0.8497883170684831,0.4033246150350629,0.4032068217013296,0.4744791303936412,1.0,0.40330088418328447,0.4745898197030436,0.4033029886406817,0.4745922961520078,0.999946379681341,1.0,0.38472470011427234,0.9538835116245665,1.0,0.8710959128293823,0.39436468020228976,1.0,0.9999411619055864,0.8309729211546886
1719,60.304374312361375,49.2917857802606,59.82352693055867,48.887539928700875,59.72154833179067,59.69374240450577,48.69586061469798,49.29179767800548,48.88740748913028,48.88747499450815,48.887524490366616,0.0040611289965769605,0.786294644594448,0.0033179200218468228,0.8169944920842035,1.0,0.7472070250446483,1.0,0.7368905141547039,1.0,0.9371684256285052,1.0,0.0030146942944129784,0.003834051668974402,1.0,1.0,0.8169355328158618,1.0,0.9502888391539787,0.004440135338625303
1720,41.30776950690466,40.70979245322596,41.19234466204975,40.70932738667477,41.199950743942225,41.20001467802791,41.24224912464601,40.70966989407651,40.723128420465855,40.638258186692894,40.63780509107352,0.741567917514052,0.9439213590220846,0.7413954983444919,0.9997674937581736,1.0,0.9475179652860742,1.0,0.9475482551176014,1.0,1.0,1.0,0.9677706117413097,1.0,0.7662171871550754,0.7713906515510199,1.0,0.9999387223028318,1.0,0.7878786789205272
1721,31.298447897820353,31.299915019397247,30.711900264318672,30.7119152341337,30.707109904411226,30.697653881071403,33.824263507766915,31.307557081555814,30.97045469820796,30.709498472778677,30.711937522220552,1.0,0.7458178953027821,0.7458234777016419,0.7452765714623075,1.0,0.7440336648603132,0.7434880710760561,0.740524168018691,0.7399811477196848,0.9929021181746491,0.9928946864219378,1.0,1.0,0.2841215290660657,0.24005087359772123,0.8448880110802978,1.0,0.9976076862010069,1.0
1722,51.250190674050174,45.31748577780948,51.250191798974896,45.31748533751619,51.25034599951056,51.250261279467225,45.29470771074571,45.31748581731972,45.31748503029024,45.3174864013406,45.317485394215424,0.05149078351918592,1.0,0.05149077218366388,0.9999997798533784,1.0,1.0,1.0,1.0,1.0,1.0,1.0,0.05090768005441237,0.050907651420766496,1.0,1.0,0.9999996064853384,1.0,1.0,0.05148676551595995
1723,47.19804724339366,47.19866159259743,46.93468196102776,47.190006874280954,46.93444519806471,46.9345416496291,47.47169403119901,47.1998270303645,47.19065130512132,46.93502406461437,47.18993079708386,1.0,0.8766191537566255,0.9959878855674961,0.9956819903692866,1.0,0.876515384424773,0.8762461825086277,0.876557656084076,0.8762884411851446,0.9999298467615201,0.8800886725490934,1.0,1.0,0.8729006780895671,0.8689051022810489,0.9954226455439776,1.0,0.9998816255252834,1.0
1724,54.27836383694634,46.69222622894429,54.27836461561088,46.69433400925152,54.27849077588979,54.2256745509101,46.73186898251544,46.366697914441204,46.370192476917595,46.69584551909898,46.69427887194317,0.02252636666669661,1.0,0.022550119496961805,1.0,1.0,1.0,1.0,0.97399934968134,1.0,0.9739989704720349,1.0,0.022977324809099572,0.02297731586328726,0.8331133813298043,0.8345703371954429,1.0,0.8497915819652837,1.0,0.019174976649518345
1725,36.700133928865824,33.903308920029076,35.956941795396745,33.040159184469644,35.92396326103997,35.92755389546673,33.33863607243262,33.903222303028144,33.136861515729265,32.980822403266814,33.05533135074958,0.246988746426509,0.6896327518802738,0.16041559345872022,0.6494854351854105,1.0,0.6783544541542633,1.0,0.679573409460893,1.0,0.9854134792874116,1.0,0.18623444756484134,0.2700487281920351,1.0,0.904034931450283,0.6816899156619194,0.9999566924373338,0.9836459366303869,0.24819243834385687
1726,58.53182093747711,55.799603881370246,58.31115136978724,55.495882593056876,58.311155566093504,58.31116549938778,55.507864644101176,55.799604036887104,55.4959106594259,55.495883696110866,55.799602886058494,0.2550977361967627,0.8955342746973336,0.21915650444818888,0.85910799411857,1.0,0.8955361536673482,1.0,0.8955406014904698,1.0,1.0,1.0,0.22047341755075983,0.24619204845651935,1.0,0.9940408343467304,0.8591199834203377,1.0,1.0,0.24472443578736905
1727,44.249829223360024,44.248571559180164,44.24982893785176,44.137223211595,44.13851665893122,44.249850727412394,46.44590192474831,44.23907190410591,43.986341020523014,44.13728447849516,44.1348538192137,0.9993713655835319,0.9999998572458781,0.945252675371879,0.9458472675169625,1.0,0.945864190368685,0.9464591671749529,1.0,1.0,1.0,1.0,1.0,1.0,0.33173626432444153,0.2923567569437304,0.8812927267360875,0.9952614350548451,0.9458643253947161,0.926734817871568
1728,46.64243839292698,44.148858238355274,46.055916222168264,44.148859815480165,46.05591625794156,46.05591627363793,44.15815318524423,44.14885836862658,45.942545375346896,44.14885991158022,44.14885994548396,0.28742593271187267,0.7458273906479109,0.2874261593652584,1.0,1.0,0.7458274039882634,1.0,0.7458274098416557,1.0,1.0,1.0,0.28876484597338675,0.3871738281461245,0.9953633741831528,1.0,1.0,1.0,1.0,0.9448912463888893
1729,54.174405432555886,47.545339953493226,53.58479690947419,46.943545777766474,53.584494627330685,53.58449392643885,46.943506092657714,47.5453401955981,46.94652145370105,46.94355524785905,46.94353661910438,0.03635103000897381,0.7446773351953835,0.026905358071504633,0.7401539396507512,1.0,0.744564792369967,1.0,0.7445645314403221,1.0,0.9998485199565906,1.0,0.026904824205770634,0.03612950594059845,1.0,1.0,0.7412558986846636,1.0,0.9998488703494823,0.03618948808129318
1730,60.87933319744201,52.60716449572385,56.976237203683525,50.28201147574919,56.976237157486736,57.670158475549414,50.493928678594045,52.60716522565784,50.30104568476506,50.28274680581197,50.282747399965075,0.015985322030839633,0.14205400214505084,0.004998282823445192,0.3126795202375195,1.0,0.14205399886383155,1.0,0.20097246689125325,1.0,1.0,1.0,0.0055569701326521476,0.03911871576119302,1.0,0.9080630205343421,0.3156694142469028,1.0,0.9999999769016059,0.03552226001404048
1731,52.88557601686904,43.98625707522024,52.88558344139571,43.98626237487943,52.88559358990278,52.885625904329544,44.53967445268293,44.00558506296204,44.005593081236384,43.986265111760076,44.00559043077206,0.011682544540378932,1.0,0.01168257549717224,1.0,1.0,1.0,1.0,1.0,1.0,1.0,1.0,0.01540673107762148,0.015406673883884727,0.7656388505790529,0.7656419201363819,1.0,1.0,1.0,0.011795935519653163
1732,52.298581491662674,50.610112329051134,52.29858276410587,50.61011420071233,52.298586419484195,52.298585748752515,52.85598940645224,50.60943580014464,50.609435722283735,50.610116304321025,50.60943336816848,0.42988627530654633,1.0,0.429886677607465,1.0,1.0,1.0,1.0,1.0,1.0,1.0,1.0,1.0,1.0,0.3252123897559143,0.32521237709524936,0.999999961069549,0.999661792751722,1.0,0.4297398090804514
1733,34.99727977228639,28.665189913198958,34.691775052218844,28.230458738227497,34.69178626523251,34.692118990505975,28.316233736318992,28.66519261235186,28.23053521786352,28.230458639085867,28.23045886620386,0.042170054048478234,0.8583422553415335,0.03393153309913667,0.8046357507659192,1.0,0.8583470676567424,1.0,0.8584898764168416,1.0,1.0,1.0,0.03541842840142888,0.04126375950970271,1.0,0.9580557972534813,0.80466543452065,1.0,1.0,0.0395327623734205
1734,55.67713405821951,45.02092884628149,55.122486654006764,44.7229043336535,55.12245641434572,55.12241578608834,44.7228308269716,45.02090122103982,44.730455351506436,44.72290348568626,44.48846102662722,0.0048532698468715385,0.7578091529843963,0.004181376157761734,0.8615585553020687,1.0,0.757797695125056,1.0,0.7577823012815128,1.0,0.9999645666685631,1.0,0.00418122248104225,0.005517513828614767,1.0,1.0,0.8648294710618103,0.9999861874745583,0.9999848802837822,0.00553867192650159
1735,47.91230462538476,47.72324621471168,44.50527390448383,44.23547389732363,43.87419536487542,44.50760890544885,47.760251042804725,47.72326311994024,44.285930394239784,44.237505319112955,43.565835503098356,0.9098011631888607,0.18204245307529093,0.15906929341919904,0.17483962414563184,1.0,0.13278093284072884,0.1459450022852582,0.18225511184254478,0.2003241139017003,1.0,1.0,0.9267913762902169,1.0,0.9816760024909512,0.17601952998392675,0.1793051164918838,1.0,0.7293954272622988,1.0
1736,41.16158344700801,40.394217873899265,41.16158678198562,40.39422034277075,41.161586881083934,41.16158405479274,40.811859621947036,40.39506509343562,40.395068198592185,40.394220545475235,40.39506801108794,0.6813475254993213,1.0,0.6813483665795792,1.0,1.0,1.0,1.0,1.0,1.0,0.9999986364044904,1.0,0.8395729472687834,0.8395715472914617,0.8118844399703382,0.8118857004854665,1.0,1.0,1.0,0.6816361000058999
1737,40.56096395423694,40.52859125030906,40.515029571315694,40.481125385869206,40.5150393059441,40.56095876685478,40.747225139899,40.560244653126716,40.48161737817233,40.48101306523634,40.48089053685965,0.9839439430832876,0.9772945468539262,0.9608669931859128,0.9765464790351157,1.0,0.9772993036651314,0.9932469329529743,0.9999974063122848,1.0,1.0,1.0,1.0,1.0,0.9107469031887081,0.8756368044042989,0.9614491153782883,1.0,1.0,0.983427889735924
1738,44.49425735022041,44.493376634886516,43.46932781309641,43.4694722423817,43.469177577267175,43.46913217933505,44.75342593883292,44.49076744396916,43.28956839817934,43.46935424491329,43.470020672805504,0.999559739276261,0.5990173187208703,0.59906057810444,0.5993244371148789,1.0,0.5989723234790627,0.5992361436173421,0.598958727580926,0.5992225417308292,0.9999021879032326,0.9998299829312152,1.0,1.0,0.8769290002333107,0.4809803941419356,0.5484827095625401,0.9986962551560352,0.9999248849066606,0.914109794431451
1739,66.00068575953932,52.260647698756856,66.00006327166435,52.260662888490344,66.83385657694686,66.83143121454108,50.80216185428506,52.26072373136148,52.90128109702624,52.900995784413794,52.90097241638185,0.001038457302178545,0.9996888044938806,0.0010384651891533257,1.0,1.0,1.0,1.0,1.0,1.0,1.0,1.0,0.0005008209266412809,0.000500976828378942,1.0,1.0,1.0,1.0,1.0,0.0009431476244083089
1740,71.89762943202729,34.16395694650484,71.89765520698376,34.1639571342765,71.89769432387067,71.89769108843015,34.20232539982098,34.163943915743516,34.163944600100024,34.16395762668171,34.16394409849289,6.4008423198702364e-09,1.0,6.4008429208186604e-09,1.0,1.0,1.0,1.0,1.0,1.0,1.0,1.0,6.52482296371683e-09,6.52473887574474e-09,0.9809922279386478,0.9809925636129128,1.0,0.9999934846405634,1.0,6.400595129719513e-09
1741,52.07119439516953,51.12870355511015,52.0711956396363,51.13074783493363,52.07119558381052,52.0712162469008,53.09207004116939,51.12983447656035,51.11475894727002,51.130128021582124,51.11475906193968,0.6242243624494823,1.0,0.6248627332807957,1.0,1.0,1.0,1.0,1.0,1.0,1.0,1.0,1.0,1.0,0.3748918171229164,0.3720765944107332,0.9924905730570799,1.0,0.9999999720871107,0.6198868495833743
1742,47.93549106136521,47.93530139845359,47.93549385482959,47.92420608487603,47.90827426306561,47.07711642153117,49.27242633167046,47.93421612061661,48.13189081270727,47.058739357726665,47.924196204074434,0.9999051730405488,1.0,0.9943734006937763,0.9944677030423283,1.0,0.986483776519077,0.9865773306476058,0.6510379653806129,0.6510997071861451,0.6510370560555663,0.6547218227341784,1.0,1.0,0.5121667079231189,0.5653740341721454,1.0,0.9994575082833819,0.986482398666396,1.0
1743,49.998242339418766,48.462081801244324,49.99825664609716,48.4620848302975,49.998254624065,49.99824425290251,48.306252810109896,48.594620980452305,48.59462307889109,48.46208206698691,48.59462610027248,0.46390278254420025,1.0,0.46390348513783064,1.0,1.0,1.0,1.0,1.0,1.0,0.9999938034218729,1.0,0.42913026219896666,0.42912719249562037,1.0,1.0,1.0,1.0,0.9999989889844295,0.49568443594278844
1744,36.65536850330699,36.655379868419715,35.5771956281603,35.577206185287,35.450309934174726,35.38039376012398,37.446868344368426,36.65540247569521,35.45240370875382,35.450319724558796,35.57722005451052,1.0,0.5832808725353971,0.5832839514285595,0.5832806368940473,1.0,0.5474252892650302,0.547422178498808,0.5286189798402623,0.5286159759416496,0.9062854702271803,0.9062806863545385,1.0,1.0,0.6731864569200297,0.36889902484077525,0.5479893735957881,1.0,0.9385277574515513,1.0
1745,69.2283985018228,53.99215450306474,69.22839524458249,54.18156406701408,69.22841212084899,69.22840172660491,54.15935898223455,54.18310270091746,54.18239175172829,53.992154157155085,53.970906217804924,0.0004914639345608048,0.9999983713811719,0.0005402831427462339,1.0,1.0,1.0,1.0,1.0,1.0,1.0,1.0,0.0005343178027485784,0.0005343186729500297,1.0,1.0,0.999644588579023,1.0,1.0,0.0005405031004923728
1746,59.60755072341965,40.52492613236572,59.60755234477014,40.52492595995375,59.60755358297513,59.60760518899352,40.52054419719687,40.52492856188849,43.536587197191125,40.52492576238268,40.52492876333662,7.182253339746062e-05,1.0,7.182252720592854e-05,0.9999999137940173,1.0,1.0,1.0,1.0,1.0,1.0,1.0,7.166534481537925e-05,7.166528671808173e-05,1.0,1.0,1.0,1.0,1.0,0.00032376805023211127
1747,35.09513415580318,31.97918675455037,34.50622717529561,31.366200233945648,34.506396685222,34.50622682273462,31.573251514659546,31.979231176967176,31.3660934744251,31.366257311435646,31.365996209400606,0.210562301479444,0.7449385924407858,0.15497879762605268,0.736023478738346,1.0,0.7450017323594451,1.0,0.7449384611226542,1.0,0.9999998237195213,1.0,0.17188299065268386,0.23073444227061793,1.0,0.90160477501188,0.7359678441133828,1.0,1.0,0.20801364397500838
1748,43.07774588089336,34.0332062427284,43.07766474974454,34.03320596752073,43.077654013945846,43.077631655229254,34.02815735209066,34.03320900775765,34.03059579338807,34.03320669401194,34.033208731429994,0.010864335584184051,0.9999594352483628,0.010864334089209927,0.9999998623961753,1.0,0.9999540675811688,1.0,0.9999428887988537,1.0,0.999983452879261,1.0,0.010836943752213878,0.010837383367978596,1.0,1.0,0.9986942460547236,1.0,0.999994632115059,0.010850662832822685
1749,49.42525736770406,43.26163314370717,49.425334917957855,42.39427912962921,47.22165712541147,47.22169673413333,41.478096786002226,43.26158946340726,41.49399578208556,41.478390306187066,41.47816344035894,0.045876048742423306,1.0,0.02973325629516502,0.6481215603834154,1.0,0.33227241442159827,1.0,0.3322789949295821,1.0,0.33226611101917825,1.0,0.01880598157532575,0.018805252385141073,1.0,1.0,0.4132110330318183,0.9999781600885391,0.3322595307663493,0.057049802094526494
1750,41.35695114509184,41.35954898001603,41.062777821577384,41.35658955354293,41.06277787190044,41.062780781515215,41.01403819244902,41.35641327140394,41.32131403107667,41.357115854565166,41.357274575057346,1.0,0.8632191660849193,0.9998192205681165,0.9985213809992975,1.0,0.8632191878048313,0.8620986652188979,0.8632204436233977,0.8620999194073186,1.0,0.8633765243409696,0.8424369331764292,0.9759247318351991,1.0,1.0,0.9826034775100471,0.9984333741354269,1.0,1.0
1751,38.470730140536574,38.24533290707066,38.47075773794316,38.24533585195309,38.470836268452814,38.47073479646116,38.42019166219984,38.24590384820647,38.29115261615789,38.245339647212916,38.2459067364878,0.8934198813472729,1.0,0.8934211968564947,1.0,1.0,1.0,1.0,1.0,1.0,0.9999885293247881,1.0,0.975047355745522,0.9750339014491898,0.9165451888767683,0.9375178109034937,1.0,1.0,1.0,0.9140757567211663
1752,55.97323169856796,47.346220098749484,54.785012969663654,47.10967036502922,54.76018578589375,54.48413082890775,46.62204290309623,47.22684311284786,46.982173971336664,47.05511645714532,47.02299478485489,0.013386536714323652,0.5520540259192634,0.011893292814826468,0.8884518130892357,1.0,0.5452434120911867,1.0,0.47494777192731064,1.0,0.8603284273426721,1.0,0.009319983713768795,0.016882376137461266,1.0,1.0,0.8848522732793243,0.942057945572714,0.987663138917,0.020465680713223355
1753,60.25582428650168,48.43738118778572,59.40958167658934,47.736631712221936,59.28752748694296,59.4091074946856,47.7365079717199,48.43737519371874,47.68812868400141,47.7366409685026,47.736636783476314,0.002714299012996516,0.6549991736464404,0.001912017546911879,0.7044240659399795,1.0,0.6162217479551523,1.0,0.6548438976768773,1.0,0.9997629371519683,1.0,0.0019118992535657614,0.0029189338406673754,1.0,0.9761005807230324,0.6875482604694316,0.9999970029710004,0.9407977486820162,0.0030284649606772598
1754,51.66534065135414,50.75964799590335,49.645824294286285,48.62584246677113,49.645811490698065,49.649141573112615,49.2015958013512,50.75964846406771,48.62740471871106,48.62619116589457,48.62584225964929,0.6358158333846952,0.3643070661893225,0.21876677033563457,0.3440725424704412,1.0,0.36430473397795726,0.5729721011171132,0.3649118216447712,0.5739269179601951,1.0,1.0,0.29174579381630583,0.8008238678101616,1.0,0.750440027381047,0.3443413308613445,1.0,0.9999935982263815,0.6009741325872009
1755,44.769222227911,39.2154801066479,44.76919825437568,39.21548056049272,44.77345614542881,44.76920059717884,39.247188687889945,39.215493821980914,39.21549461449695,39.21548088817892,39.21549428675692,0.062232926109045524,0.9999880133041807,0.06223294023109268,1.0,1.0,1.0,1.0,0.999989184692404,1.0,1.0,1.0,0.06322744789276158,0.06322820579003156,0.9842774769070887,0.9842778669350067,1.0,1.0,1.0,0.062101771401481716
1756,28.476926624189787,28.47694614071014,28.47691193268014,28.477956641596762,28.477030718406922,28.47695080721354,29.52507946194325,28.47428256028857,28.418297545921178,28.477983878071456,28.451984116931186,1.0,0.999992654272156,1.0,1.0,1.0,1.0,1.0,1.0,1.0,1.0,0.9994972092500427,1.0,1.0,0.5913197055948003,0.5749967111093126,0.9723956527559505,0.9986690962282379,1.0,0.971060421818787
1757,28.23422344840216,27.694071973593083,28.23433117101132,27.693881281903884,28.23470715614266,28.234243778043577,27.709452803944686,27.693881398303603,27.693885433613247,27.69388058084749,28.230450073950863,0.7633216801446495,1.0,0.7632489040638588,0.9999046587006715,1.0,1.0,1.0,1.0,1.0,0.9999563044708062,1.0,0.7692145711234355,0.7691731413388747,0.9922445272586505,0.9922465292676251,1.0,0.9999047168949834,1.0,0.763065915695428
1758,38.80852773572008,34.928358911204384,38.40716528971947,34.522673623012935,38.51129153392387,38.511288420375706,36.64182877538997,34.92871772657651,34.69105794453668,34.6906814979605,34.52355733152433,0.14369181991480254,0.8181732047868518,0.11731096418786642,0.8164066977328439,1.0,0.8618982102067602,1.0,0.8618968684270111,1.0,1.0,1.0,0.3384599600066018,0.413677639436721,0.4246221669516458,0.37704700582271156,0.8879588376874548,1.0,1.0,0.14806309260202585
1759,40.777396509877065,40.078595797015566,39.305922307003925,38.68080119014496,39.30597111228744,39.30590303682274,38.680689224915284,40.07859592925695,38.69243175284299,38.680801223044284,38.68080067164729,0.7051107781185658,0.47915214504234127,0.35053396952683674,0.49713318871987755,1.0,0.4791638377631495,0.6795582377022991,0.4791475283902573,0.6795351074745416,0.9999903649558253,1.0,0.35051434626791844,0.7315303706653441,1.0,1.0,0.5000325472357602,1.0,1.0,0.7358200556716865
1760,42.45925130740579,38.41392168300567,42.45925693436473,38.413923719331365,42.459263769410654,42.45926190896651,38.813891447544876,38.305425762304765,38.30542678202161,38.41392503050449,38.30542646532936,0.1323024337683574,1.0,0.13230256847384875,1.0,1.0,1.0,1.0,1.0,1.0,1.0,1.0,0.16159211459148665,0.16159165995602945,0.7755112089606315,0.775511604361655,1.0,0.9471972100283503,1.0,0.12531577919367876
1761,37.253054183694985,35.095671633072186,37.252612142977426,35.095669844568135,37.2530340919086,37.25305849490999,37.68573821124929,35.09567030019784,35.095669269442396,35.09566909014825,35.09566983882033,0.3400402536432683,0.9997790040644208,0.34003994956171885,0.9999991057483745,1.0,0.9999899541572688,1.0,1.0,1.0,1.0,1.0,1.0,1.0,0.2738885641433646,0.27388842298733707,0.9999994846224118,0.9999993335630482,1.0,0.3400432678000595
1762,45.5248041976906,44.7499891305728,45.20858174435136,44.74998996207316,45.21067481732797,45.208563400661205,45.01167569518543,44.749991242028045,44.99107585349995,44.41386066836267,45.51390225572851,0.6788143989011918,0.8537548163823301,0.6788146811184584,1.0,1.0,0.8546487696455022,1.0,0.8537469859113287,1.0,0.9999908281969823,1.0,0.7737052814289613,0.9062382625347079,0.8773561869591656,0.9897529416929582,1.0,1.0,1.0,0.8960137842535332
1763,64.34021929513838,46.187595827769115,64.34021996590877,46.187445426744006,64.34039811147596,64.34020951405785,45.16917782461576,46.18751164244128,46.18749458715226,46.18746797958801,46.187439792899426,0.00011434255649304537,1.0,0.0001143339581974924,0.9999248023149329,1.0,1.0,1.0,0.9999951094716908,1.0,0.999994774088192,1.0,6.871653282172179e-05,6.871650977521787e-05,1.0,1.0,0.9999914723918497,0.9999579082219657,1.0,0.00011432654639993894
1764,57.50327355223175,56.62214753519521,57.50678968894812,56.62215494227203,57.50328146551752,57.503276980940484,56.46425279216095,56.62225355180843,56.622141092580705,56.62214152653493,56.62213681601767,0.6436739251457224,1.0,0.6436763090212428,1.0,1.0,1.0,1.0,1.0,1.0,0.9982451874832788,1.0,0.5948117083730025,0.5937669074142928,1.0,1.0,0.999943771966994,1.0,0.998247425839509,0.6436693049029643
1765,44.89766206182395,29.71868463796494,41.807541877276236,28.24775216116248,41.8075409898465,42.29136545196144,27.94630017548417,29.92349687592622,27.85747384298537,28.247751411460712,28.247752171173886,0.0005057395664785041,0.21329905321266823,0.00024239184421067107,0.47928194722524975,1.0,0.21329895856872816,1.0,0.27167512907335734,1.0,1.0,1.0,0.00020847718583458664,0.0009773938641289978,1.0,0.9565586580634009,0.3559334454928338,1.0,0.999999556285231,0.0009349349779150943
1766,31.945746296164458,31.657546474294378,31.845456059755264,31.55420244982008,31.85501751080801,31.87630733688377,32.37451627462991,31.656756826453574,31.566760553809587,31.567591312479067,31.553224712151206,0.865801240726243,0.951091393810096,0.8221997380028634,0.9496402861622073,1.0,0.9556491868122515,1.0,0.9658763262323258,1.0,1.0,1.0,1.0,1.0,0.698458354015129,0.667725672028245,0.9559992635062414,0.999605254012305,1.0,0.8657765072470276
1767,32.73209930495372,32.25545813436602,32.24547201787314,30.602316231464727,32.26785976665266,32.6263881982141,32.305430685027204,32.261363093164704,30.671505572723447,32.30560597119518,30.60276582331639,0.7879500454018442,0.7840255706486805,0.34476524710042106,0.43754708704229517,1.0,0.79285115851012,1.0,0.9485170126736109,1.0,1.0,1.0,0.8078860077239548,1.0,0.9782071750701297,0.44177147470970846,0.4516134066160751,1.0,1.0,0.45014879425820387
1768,30.349990937603025,27.402423741971774,29.78821112107454,26.870061020479824,29.788209110222425,29.789094432792155,26.870062022485484,27.40242401011102,26.871394681622206,26.870061052521066,26.870061084646693,0.22905718331160957,0.7551114624359185,0.17552655121206515,0.7663001381330999,1.0,0.7551107032275598,1.0,0.7554450354941815,1.0,1.0,1.0,0.17552663915138614,0.23245129743515447,1.0,1.0,0.7668111980963596,1.0,0.9999989945744484,0.23260647209141128
1769,28.689290919453782,27.742649876794417,28.689291967700143,27.742650411905373,28.689292121779772,28.689292409536193,29.016505104987573,27.74322270926058,27.74322395188176,27.742651051522387,27.743223265763106,0.6229303767035577,1.0,0.6229305433720147,1.0,1.0,1.0,1.0,1.0,1.0,1.0,1.0,1.0,1.0,0.5290664726347514,0.5290668013494562,1.0,1.0,1.0,0.6231088321829247
1770,38.61048324728009,38.61013628424777,36.2841670564533,36.28651062867061,36.28416079569368,36.5518095112314,36.27233523215358,38.61005599257635,36.62731526712042,36.28651330622699,36.286467430553046,0.9998265335308911,0.3124977232558836,0.3128641183734119,0.3129183992232444,1.0,0.31249674502085106,0.31255096213266886,0.3572437818134238,0.3573057623824164,1.0,1.0,0.3106544718107226,0.9941015524018666,1.0,1.0,0.37106784490559525,0.9999598549701215,0.99999686962509,1.0
1771,53.624367320761735,34.37279485901843,52.98931339990608,33.13769659896735,52.9892876637233,52.989282986295194,34.35842418648508,34.372795683359584,32.88120473384629,33.137696669867296,33.13769738344175,6.600459277416119e-05,0.7279470547457185,3.559393282490566e-05,0.5392644864379736,1.0,0.7279376875167609,1.0,0.727935985080651,1.0,0.9999847933101795,1.0,6.553202738372693e-05,9.002306823896434e-05,1.0,0.477777695751609,0.4743568109495824,1.0,0.9999871319914047,4.301156758092362e-05
1772,27.755608525296566,27.75467161414906,27.755505603069963,27.754671595423986,27.75550550569986,27.75550552549379,28.960173159624077,27.750419066565087,27.81921834263852,27.754671564399956,27.75041905231933,0.9995316541344279,0.999948540210799,0.9995316447762754,0.9999999906374626,1.0,0.9999484915282532,1.0,0.9999485014247084,1.0,0.9999999612119134,1.0,1.0,1.0,0.5461415725134433,0.5652555164889246,1.0,0.9978759851268221,0.9999999513149488,1.0
1773,64.27685208125621,57.78061203953115,64.11899663226626,57.780610783869946,64.11901837503203,64.2768494819671,57.52263905983483,57.78072619813281,57.52263098849019,57.52259040588507,57.52259020075854,0.03884717109673596,0.9241067123108242,0.038847146707300814,0.9999993721695953,1.0,0.924116758683328,1.0,0.9999987003562926,1.0,1.0,1.0,0.0341461133451856,0.036950400738676295,1.0,0.9999959643358243,0.8789321231429758,1.0,1.0,0.03694984992111826
1774,34.29971400281946,34.29792740396235,33.785072598807716,33.783261494094546,33.78507347674284,33.78507962679063,33.44009630671238,34.297370816336354,33.64682883920574,33.783276913115344,33.78299900709777,0.9991070994446002,0.7731202327941411,0.7724204488387358,0.7731107598656054,1.0,0.7731205721689184,0.7738115088949855,0.7731229495368089,0.7738138883875261,1.0,1.0,0.6506334526882179,0.8415682646627387,1.0,1.0,0.7223315835180438,0.9997217449071344,1.0,0.9332125236899173
1775,51.520125055579996,50.141034359618885,51.519305167824314,50.141037968385604,51.51930619479916,51.519345350958645,52.64051594903353,50.14103426192429,50.14104039002919,50.14104038346423,50.14107015881069,0.5018041634866268,0.9995901401376694,0.5018050689345259,1.0,1.0,0.9995906534147648,1.0,0.9996102236718621,1.0,1.0,1.0,1.0,1.0,0.28657905604688677,0.2865799341414908,1.0,0.9999999511527035,1.0,0.5020111730908616
1776,47.35270945384963,44.25780021251322,45.14433719358453,42.162410788171485,45.14441733894532,45.14489419983062,42.162293840640075,44.257800887082624,42.175607054760945,42.162408304555015,42.16240829258095,0.21278891358892185,0.3314805545229965,0.07463472982610761,0.35074538690625284,1.0,0.33149383810346666,1.0,0.3315728857493294,1.0,1.0,1.0,0.07463036577999464,0.22514251518430214,1.0,1.0,0.35306718437105233,1.0,1.0,0.22663711746750426
1777,46.536916137909856,42.59147078831879,42.59385911213198,41.9186559348104,42.59391241984832,42.59404332258404,41.96961530281618,41.91865571267286,42.27911539953365,41.91865637269379,41.91865695066451,0.1390776769726895,0.13924385744003195,0.09934763633609374,0.714332008548018,1.0,0.13924756887552123,1.0,0.1392566831176418,1.0,1.0,1.0,0.10191150732065261,0.7318923017091994,0.9748420753810333,1.0,1.0,0.7143319292080436,1.0,0.8543635184276392
1778,39.90535186263827,36.07583208782941,39.905428834601025,36.07596275620162,39.90543967263312,39.90535157721058,36.092806349703466,36.075898199571384,36.0758348225622,36.07583166282376,36.0758641946515,0.14737721546378765,1.0,0.14738684454876103,1.0,1.0,1.0,1.0,0.9999998572861659,1.0,0.9999613720508563,1.0,0.14863334812969528,0.1486276279395013,0.9915815601349749,0.991550138896002,0.9999683119974835,1.0,1.0,0.14737094651950777
1779,37.33906918372068,37.338986474471625,37.33908089476347,37.29870373096077,37.33902632561126,37.338951547612425,38.314080156444845,37.33895381366486,37.29892873167853,37.339001876639514,37.298714514074305,0.9999586462305623,1.0,0.9800195815144388,0.9800601106942916,1.0,0.9999785711748885,1.0,0.9999411836756192,0.9999825367228846,0.999935328515768,1.0,1.0,1.0,0.6141210801160935,0.6019531188422209,0.9801863807189743,0.999983669729957,0.9999727157961147,0.9801508437520419
1780,68.90584870345867,43.182310501727386,68.20323916799416,43.138202179858126,68.20214847408718,68.1798204401104,43.07293842958032,43.18235495324717,43.13975640726747,43.13820155688444,43.13820170582417,2.5954021016977295e-06,0.7037692350142821,2.5387892550945914e-06,0.9781872540805495,1.0,0.7033855412386343,1.0,0.69557660376774,1.0,0.9883589238646162,1.0,2.457280918691294e-06,3.491600366193081e-06,1.0,1.0,0.9789259546293821,1.0,0.9994548017211351,3.61219104011876e-06
1781,41.25031360629919,39.627065566665664,39.13025265441624,37.92666670672858,39.13029527281802,39.13025284842715,38.49327908538385,39.62706565186747,37.926652522978486,37.9266870067803,37.9266294684989,0.4441361942336146,0.34644525192394793,0.18979258713015026,0.42732970110136936,1.0,0.3464526344740762,0.7800594479175523,0.34644528553102877,0.7800429013195878,1.0,1.0,0.2519518552149211,0.7272486888353427,1.0,0.753283761247614,0.42732665233876965,1.0,1.0,0.5478129541076169
1782,34.574357852675774,34.57437619632884,33.562906316269846,34.818796598262196,33.78085775413692,34.47820843268309,34.84244630990034,34.57438485260775,34.81956523129898,33.780892557124986,33.56293637739381,1.0,0.6030677291767463,1.0,1.0,1.0,0.67250209701746,0.6724959289731687,0.9530625811156901,0.953053839831107,1.0,0.8434167457721391,1.0,1.0,0.8745631900474977,0.9886246548136105,1.0,1.0,1.0,1.0
1783,46.73030639763533,44.60127345240747,46.73031142923304,44.60127769225434,46.730311105406116,46.730308395490454,44.86146539298733,44.61020295955569,44.61020695855157,44.601277555025376,44.6102071559292,0.3448945804307045,1.0,0.3448953115815838,1.0,1.0,1.0,1.0,1.0,1.0,0.999998483129857,1.0,0.3928134340595716,0.39281244582122726,0.8819400315596666,0.8819417949987056,1.0,1.0,0.9999998380865509,0.3464377696583392
1784,65.3029109261467,60.4198097911497,65.10868070527059,60.08893581849105,65.10868811899684,65.30238019495602,60.18068385445284,60.41981127473508,60.08898676108325,60.08893565700458,60.088939296808064,0.0870258074030842,0.9074515429763634,0.0737563966100458,0.8475232670743584,1.0,0.9074549067812612,1.0,0.9997346696109958,1.0,1.0,1.0,0.0772187067533674,0.08509402772085951,1.0,0.9551866174160288,0.8475442261630333,1.0,1.0,0.08128037520520945
1785,37.02022932814904,33.56848550035653,37.00915742724203,33.568499677728965,37.02023270808755,37.02013821709744,32.86199327457172,33.56861112486749,33.56864886671721,33.56855435038622,33.54751947341421,0.17801776792003152,0.9944793446828174,0.17801902983660214,1.0,1.0,1.0,1.0,0.9999544455118358,1.0,1.0,1.0,0.12504044590346985,0.12573458319875983,1.0,1.0,1.0,1.0,1.0,0.1780320087024935
1786,30.10838784390205,28.92963916699739,30.108383840625777,28.92963899494245,30.005258691122577,29.974485364396287,29.121610704149475,28.94339263007339,29.235813943674657,28.92963579242047,28.943392493307925,0.5546742145203857,0.9999979983638663,0.5546741668031685,0.9999999139725341,1.0,0.9497423170518764,1.0,0.9352408027976575,1.0,0.9352426748131892,1.0,0.6105539800826866,0.6105552021920411,0.9147458269609796,1.0,1.0,1.0,0.9497442180942213,0.6806395734064985
1787,48.81843304619608,44.77318980898761,48.818389559590855,44.77318741217033,48.81838103509821,48.81839578441796,44.84623906985283,44.77319052921035,44.773187041204835,44.77318632238854,44.77318813099242,0.132308148509628,0.9999782569337731,0.13230798995049464,0.9999988015920782,1.0,0.9999739947892093,1.0,0.9999813692844949,1.0,1.0,1.0,0.1372299918387909,0.13723297570447018,0.9641346937536271,0.9641330123015273,0.9999982559987617,1.0,0.9999957377627622,0.13231140619565562
1788,67.3370306952296,55.061220275561936,67.33757947548253,55.061219858700326,67.33703570913903,67.33725575744862,55.0823063843975,55.061223498197876,55.06122289247321,55.06121964291603,55.06122310198566,0.0021594424624647827,1.0,0.0021594420123704997,0.9999997915692167,1.0,1.0,1.0,1.0,1.0,0.9998381540815083,1.0,0.0021823300222456794,0.0021817312945811257,0.989513923193844,0.9895136235073946,0.9999996971377133,1.0,0.9997281537851314,0.002159439874376535
1789,29.63527186067475,29.63529191883356,28.59919487304154,28.60135431782834,28.596494004571554,28.5917382239015,30.346671501673256,29.63912777087907,28.799723962764233,28.59874511048801,28.60276643266235,1.0,0.5956878481601977,0.596331373020915,0.5963253923962133,1.0,0.5948839538220605,0.5948779877135681,0.5934710655302602,0.5934651135916655,0.9962786170025387,0.9952034931917718,1.0,1.0,0.702035107588432,0.4614074580320454,0.6572427120020119,1.0,0.9986504771909984,1.0
1790,43.33420987344243,43.33500132273812,43.33422239403478,43.335000251735465,43.33421108554157,43.33421058281735,46.377056508555654,43.33335363197273,43.36872903673449,43.33401154287043,43.33764954854735,1.0,1.0,1.0,0.9999994644988147,1.0,1.0,0.9996049594507963,1.0,0.9996047081880164,0.9999940944087213,0.999605243477809,1.0,1.0,0.2183073300115812,0.22220303657617987,1.0,0.9991764938847353,0.9999943457693783,1.0
1791,42.80528338199781,41.85034428526299,42.80528683495953,42.801526384502125,42.80529021827891,42.80528678457159,43.36423065707797,42.79814407064191,42.36669851744787,41.85034745853275,41.85034794504557,0.620351176014644,1.0,0.9981232645266545,1.0,1.0,1.0,1.0,1.0,1.0,0.9999999748060308,1.0,1.0,1.0,0.7534871662694044,0.60727953813858,0.8059587015201413,1.0,1.0,0.8030840902424059
1792,30.66551969529408,27.916645419038986,30.372792974101287,27.91652346866931,30.665788775416928,30.665522463018533,28.905569095775547,27.91603897794579,27.643216398743107,27.91653024522512,27.916018564601416,0.2529819496320839,0.8638437593670937,0.25296652448122514,0.9999390266741115,1.0,1.0,1.0,1.0,1.0,1.0,1.0,0.41479315704588315,0.48017150387216634,0.6097141373713834,0.5319656557867368,0.8724837152049024,0.9996968254201053,1.0,0.22062602876743345
1793,71.26179605392068,54.64175784639005,65.4840763620013,46.201031360642276,65.48407646387162,65.48407669785618,54.64463478623799,54.64177125557467,46.20104604446851,46.20103134293109,46.2010459951712,0.0002460393430393347,0.05563961419175309,3.615131428296426e-06,0.01469330629662133,1.0,0.05563961702576563,1.0,0.05563962353517178,1.0,1.0,1.0,0.0002463935179082865,0.004428382933410188,0.9985692591553229,0.014672293334114286,0.014693315660974178,1.0,1.0,6.497453008529184e-05
1794,38.862192375623295,38.86216892084903,38.832819422507384,38.83277671493212,38.83565173243909,38.86219257405003,39.51031562009092,38.862168001522974,38.83306960153362,38.835611069705436,38.834751830467326,0.999988272681633,0.9854208437109758,0.985399801468219,0.9854113577009332,1.0,0.9868173409270963,0.986828913783942,1.0,1.0,1.0,1.0,1.0,1.0,0.7231968617673354,0.7127510989977034,0.9855561281832657,0.999999540337078,1.0,0.9987097676137154
1795,51.96972817373859,51.525687450994724,51.95806977033311,51.52568893127673,51.96972828782464,51.96976928333066,51.62000862928474,51.51556413294804,51.808524029256745,51.52568569811518,51.51556147795466,0.8008990567650627,0.9941877551292436,0.8008996495435143,1.0,1.0,1.0,1.0,1.0,1.0,1.0,1.0,0.8395747442116782,0.8444830867007953,0.9491179036850295,1.0,1.0,0.9949511295864016,1.0,0.922560678310786
1796,59.10744374062912,59.013386372106,58.78842549047258,58.69680451176765,58.7092508903653,58.670218226424595,59.21319444847785,59.010698250294894,58.636777839317375,58.61821981042732,58.7875352625565,0.954060030690407,0.852562187664233,0.8143869849781875,0.8536014074385394,1.0,0.8194708719362375,0.8589300940981943,0.8036328590232367,0.8423294480135453,0.9426090796085524,0.986794820947146,1.0,1.0,0.9037087957393144,0.7496054297305392,0.8294767443502585,0.9986568419397684,0.961186038735009,0.9644121584132201
1797,40.55147814913994,40.551963547378705,40.55151175656377,40.55148513118277,40.55264796172591,40.55148298052592,40.01298904421236,40.55423534839434,40.5520275254089,40.55198643926789,40.55148777632485,1.0,1.0,1.0,0.9997608205100099,1.0,1.0,1.0,1.0,0.9997597454393572,0.9999856120845815,0.999998924672151,0.7639564053806203,0.763943568185125,1.0,1.0,0.9988966975934255,1.0,1.0,0.9996898299541741
1798,45.675616348828925,45.06720761409696,45.67594484066041,45.06720761132604,45.67561632824041,45.67561633755588,45.19432373898283,45.06720770413054,45.242429091229866,45.067207670005786,45.667721583152144,0.7377100871765588,1.0,0.7377100861544919,0.9999999986145411,1.0,0.9999999897057421,1.0,0.9999999943634776,1.0,0.9998357619362844,1.0,0.7861196238631352,0.785990517528516,0.9384196730271889,1.0,1.0,1.0,0.9998357572793138,0.8052571444235336
1799,48.073331103712604,48.07345156669351,47.80213370787942,47.801974073167855,47.802132022772525,47.802132569808066,47.80256128727271,48.073228933093446,47.79582523621929,47.80197424037891,47.801961715616244,1.0,0.8731929763477829,0.8731232831747224,0.87307069524177,1.0,0.8731922406363404,0.8731396485501022,0.8731924794699677,0.8731398873693447,0.9999994309644846,1.0,0.8733796759658248,1.0,1.0,0.996637639909034,0.8704875269880571,0.9998886893954549,0.9999991574469075,0.996851573445911
1800,39.11588590018562,37.01486767407391,39.115898893425,36.62243348228341,39.11588629111094,39.115886146563554,36.58378315163486,37.01486774932536,37.01490614492445,37.01486829508107,36.62254750590114,0.34975963657790254,1.0,0.2874442907137999,0.8218337985657673,1.0,1.0,1.0,1.0,1.0,0.9999936265895885,1.0,0.28194271294235296,0.2819408812737224,1.0,1.0,1.0,1.0,0.9999936988628232,0.3497662960517031
1801,42.17297503881619,34.285223669117414,41.72931324402913,33.768020944187924,41.729311480218,41.72937295974455,33.27841446945021,34.286305853485715,33.768010668303276,33.76797942892034,33.76811407554737,0.019372985470796727,0.8010508126623392,0.014958478033884623,0.772130762005338,1.0,0.8010501062114822,1.0,0.8010747306805921,1.0,1.0,1.0,0.011710372579361385,0.014618763746635847,1.0,1.0,0.7717091160898879,1.0,0.9999991180948252,0.018673490038007133
1802,41.365799694988056,38.664967256202004,41.36580174525102,38.66496700738557,41.36578756836465,41.36737751667829,38.65738594232414,38.6649667143553,38.664966186095654,38.6649667272502,38.66496646619865,0.2591323822740503,1.0,0.25913235003585466,0.9999998755917907,1.0,0.9999939367066802,1.0,1.0,1.0,1.0,1.0,0.25815195970786353,0.25815169506829816,1.0,1.0,0.9999997358702111,0.9999997290766854,0.9999929115819394,0.25913381482881187
1803,52.00800642160445,52.00499508040127,50.42935400236371,50.34142997779466,50.42935906313974,50.438205533666604,53.06507254479962,52.00337058821475,50.36827562998056,50.34094679927438,50.34152201760233,0.9984954623517024,0.4541506945836925,0.43461781429528024,0.4352726984573857,1.0,0.45415184376262174,0.45483616189199527,0.45616511351331357,0.4568524652469951,1.0,1.0,1.0,1.0,0.5881042926891789,0.259655777609723,0.44151314798675456,0.9991880836893027,1.0,0.9699199694796318
1804,49.64295190894154,44.181228146788726,49.64300497598768,43.348152137652875,49.642993346023985,49.01265971874878,43.38480018449715,44.181001715297384,43.34974139231062,43.34939254711992,43.346552388851336,0.06516310261330364,1.0,0.04296369227583449,0.6593254549402481,1.0,1.0,1.0,0.729682263480979,1.0,0.7296629026966637,1.0,0.043758217194675646,0.0437570561504136,1.0,0.9826233499528708,0.6599242907717381,0.9998867906629898,0.9999941850350598,0.04299695512438189
1805,39.14558439195349,39.14556670298978,39.14571660352368,39.145596464373625,39.145631328529305,39.14558503854613,39.15291551494812,39.147066615836394,39.14425398318693,39.1457475337034,39.1470872954751,0.9999911555572578,1.0,1.0,1.0,1.0,1.0,1.0,1.0,1.0,0.9999342196748452,0.9999942871025712,1.0,1.0,0.9970798224812725,0.9956785983629678,0.9985946720746813,1.0,0.9999573634117771,0.9993115644094089
1806,46.04318187668056,46.042218366524565,46.04332945102777,46.04221977528019,46.04310499457739,46.0431037287926,46.05418851651092,46.04029398021174,45.905448689751665,46.04222242751791,46.0402952458079,0.9995183609473459,1.0,0.9995190649861492,1.0,1.0,0.9999615596872614,1.0,0.9999609268193957,1.0,0.9998871452509905,1.0,1.0,1.0,0.9930768083302652,0.9283282292864382,0.9348000290604976,0.9990382696029907,0.9998877780721603,0.9334870837982857
1807,49.940545787179076,49.93972955495062,49.939533233652554,49.93986172994431,49.93958487592556,49.93933962712097,52.11295766620486,49.94007799740879,49.77314379004022,49.939956535407845,49.938423581068776,0.9995919671538237,0.9994938513731946,0.9996580298677374,1.0,1.0,0.999519659773565,0.9999276631039117,0.9993971017871572,0.9998050550894068,0.9999032014194941,0.9997389826592853,1.0,1.0,0.33741561336817905,0.3103958259522348,0.9199213481965908,1.0,1.0,0.9201481926507493
1808,33.312406814209396,28.23170974779586,30.698675831300363,25.337427824338363,30.69867563230423,30.77855312991869,25.45650739019601,28.231709816447562,25.380892539374514,25.33742873282651,25.33743052864415,0.07883891702105683,0.27066713655362473,0.018546216093104525,0.23524189313954014,1.0,0.2706671096227693,1.0,0.28169598917112404,1.0,1.0,1.0,0.01968398905514222,0.07272397124296771,1.0,0.9628983527925972,0.2404102022598875,1.0,0.9999999005019383,0.07002579908582109
1809,32.54127591509294,31.652154652001457,32.54157365996221,32.53586227944075,32.542054000760714,32.54127894810978,32.57581292397043,31.652143780020538,31.653316512625338,31.652056097449844,31.65264588435116,0.6411058958668361,1.0,0.9972968423020989,1.0,1.0,1.0,1.0,1.0,1.0,0.9998526549301346,1.0,1.0,1.0,0.6301265719145551,0.6304961652505221,1.0,0.9999945640243154,1.0,0.641228927864131
1810,59.228306476053916,49.825432752016724,58.43039873086039,48.96388677912719,58.14083899760578,58.15770960040632,48.5957667039591,49.8435196067764,48.60822621326258,48.595417311137425,48.96388292227138,0.009082217827913843,0.6710216531259521,0.005903500207530156,0.6500064543030422,1.0,0.5805764793065107,1.0,0.5854945303551407,1.0,0.8725419330771462,1.0,0.004911038334814617,0.00731874793002068,1.0,1.0,0.5392118747313059,1.0,0.8652127343460485,0.008511761277593741
1811,41.89098462423868,41.891014116625854,41.8909854631585,41.89110333531397,41.890988073487534,41.89113900366789,43.28762238493397,41.902043107606744,41.90281841374025,41.891017572962795,41.89110575328718,1.0,1.0,1.0,1.0,1.0,1.0,0.9999869785156205,1.0,1.0,1.0,1.0,1.0,1.0,0.5001788029110279,0.5003727363449173,1.0,1.0,1.0,1.0
1812,43.77497371029645,41.19641296822542,43.45174917357056,39.94484653214687,43.47759864886939,43.506432669462924,39.95546875749966,39.9479574821456,41.62886238678925,41.1964012180608,40.010410001980006,0.27546894721210896,0.8507710114348409,0.14733246355323704,0.534842366242436,1.0,0.8618383708504516,1.0,0.8743535021334925,1.0,1.0,1.0,0.1481170445227435,0.1740974275474447,0.9962514059096705,1.0,1.0,0.5356749475335489,1.0,0.3967820541462658
1813,60.156606545914514,59.82405395169292,57.690642532486834,57.28222666319803,57.693702660989715,57.69610266347951,59.52996063747156,59.82402801919372,57.28652192664097,59.832631284281405,57.28234852192281,0.8468122300909975,0.29142225754698425,0.23759447589639004,0.2805751587584635,1.0,0.29186849362320805,0.34466731023930086,0.2922189464087371,0.3450811597009357,1.0,1.0,0.7310137904530329,1.0,1.0,0.3257192856863716,0.2811820242372907,0.9999870338344621,1.0,0.8157964797688454
1814,53.730938060459266,51.08881479554276,52.179190144721616,49.251972808283796,52.179190421429524,52.17918882713863,49.81248976410731,51.088787043821895,49.25213795752808,49.25170730376587,49.348327105248984,0.2668518529445009,0.46030132119643663,0.1065135974827957,0.3991488022567643,1.0,0.46030138488094896,1.0,0.4603010179539423,1.0,0.9999993412087246,1.0,0.1409677485893969,0.3062510188391095,1.0,0.7556508083013965,0.39918730220799986,0.9999861242358371,1.0,0.23141879791119135
1815,51.651747481181985,49.027405343336454,51.303029804262934,48.59721756455747,51.307201818435374,51.31925106547834,48.966110314712296,49.027425013718016,48.59725358511676,48.59721765115506,48.5972175430814,0.2692348938894342,0.8399954209080929,0.2171287120243123,0.8064657180487156,1.0,0.841749486168724,1.0,0.8468360167531056,1.0,1.0,1.0,0.2611086738970936,0.31084535391254536,1.0,0.8315795081320247,0.8064723110045765,1.0,1.0,0.2579539710759352
1816,40.41387654445401,39.59301514943621,40.413945981678836,39.59352131077034,40.41383028606904,40.41380570523782,39.6984041157655,39.59301516077858,39.59302446887284,39.59389009256722,39.59302006721035,0.6633644791716433,1.0,0.6635323851425208,1.0,1.0,0.9999768710749929,1.0,0.9999645810191706,1.0,0.9999298642391196,1.0,0.6992575047799234,0.6992332279510702,0.9486698081881647,0.9486742233524386,1.0,1.0,0.9999421538682555,0.6633829136041176
1817,25.62662784570756,25.31168794528287,25.61121018193188,25.29271071321031,25.62661114621315,25.626693361314693,25.623678776984264,25.27861463609463,25.34725752011113,25.62448624116402,25.278614598408524,0.8543024848310323,0.9923208049526605,0.8462346732878678,0.9905562588352295,1.0,0.9999916502876542,1.0,1.0,1.0,1.0,1.0,0.9985265522300057,1.0,0.8415313000958844,0.8709152329117618,1.0,0.9835993252958573,1.0,0.8696392460415229
1818,53.06941635383902,52.86980171552071,52.01156104908398,52.01096404005017,52.011561225929455,52.012000887089215,51.96674332888901,53.068722273714286,51.97340227704137,52.011072645275505,52.01094735732161,0.9050117796680288,0.58923649736626,0.5890606338596023,0.6508872559379038,1.0,0.5892365494681666,0.6510816352957385,0.5893660959191367,0.651224778682245,1.0,1.0,0.5761792248247721,0.9778403534067377,1.0,1.0,0.5783014547047857,1.0,1.0,0.9811013866570615
1819,54.138573428683856,51.27958460327105,54.13971499827659,51.27958624222049,54.138739784943255,54.13856693361279,51.288205644007775,51.279584936049304,51.27958642979931,51.27958612962303,51.27958642016205,0.2394299443851356,1.0,0.23943014059200282,1.0,1.0,1.0,1.0,0.9999967524697421,1.0,0.9994261323931409,1.0,0.24046423961103924,0.24032702544260537,0.995698922263728,0.995699665926641,1.0,1.0,0.9995125121941439,0.23941024852309747
1820,30.666735983720685,28.1135769400629,30.144522760125795,27.42694795685773,30.14453492355929,30.144523961996356,28.049448712614492,28.114117145659122,27.426829143221767,27.42744049516898,27.427247302159344,0.27898994929863175,0.7701988029590816,0.19791967479919817,0.7094150713914942,1.0,0.7702034871042847,1.0,0.7701992657988542,1.0,1.0,1.0,0.2701862790257678,0.3508006997514408,1.0,0.7324869274781598,0.7091813508123724,1.0,1.0,0.25695536398362856
1821,29.07537410743788,29.074335515568322,29.075354438376593,29.07436240362145,29.077019558829534,29.07532949797647,28.729609216068724,29.076101519978096,28.999442459691096,29.074364486763614,29.074291999369706,0.9994808388760179,0.9999901655177148,0.9994942760132903,1.0,1.0,1.0,1.0,0.9999776955180427,1.0,0.9999875298776907,1.0,0.8412365000131867,0.8412447732200066,1.0,1.0,0.9623957502224522,1.0,1.0,0.9619540932501902
1822,38.6253014677892,38.625276319311325,36.56083058997845,36.560353536311624,36.56083046676741,36.56083684850569,37.530424156978086,38.62552327127648,36.48462803269018,36.56035356944247,36.56034878277296,0.9999874258401182,0.35620978467098,0.35612482921149274,0.35612930723834035,1.0,0.35620976272649224,0.35621424182132094,0.3562108993470437,0.3562153784561646,1.0,1.0,0.5784294718110315,1.0,1.0,0.5928000846852253,0.3428550145465824,1.0,0.999999938394483,0.9626155028695628
1823,45.15010098084713,45.15110469433131,45.15016971068934,45.14989230691691,45.15011167050801,45.15008817930919,44.902364547372486,45.15162637175763,45.15605629021087,45.15139875535999,45.14985567903929,1.0,1.0,0.9998956684778033,0.9993939899910855,1.0,1.0,0.9995036113299922,0.9999935992515175,0.9994918716299112,0.9999592351408361,1.0,0.8834962632314569,0.883465902473749,1.0,1.0,1.0,1.0,0.999970980330414,1.0
1824,86.01255193805167,71.40891357654928,85.50523603619754,70.85853275490567,85.5054416147295,85.50523360399538,70.85853750627518,71.40891560567724,70.85905552645727,70.85852377625642,71.40891382670003,0.0006743109652000902,0.7759571720904517,0.000512090294733217,0.7594275062415197,1.0,0.7760369362579831,1.0,0.7759562284486682,1.0,0.9999987838996565,1.0,0.0005120915112997697,0.0006599481643041978,1.0,1.0,0.7596252650458442,1.0,1.0,0.0006600512700043424
1825,37.65251425740732,37.445502929507256,37.65259370020496,37.44515637069827,37.65263731497103,37.65247999378951,37.21152560874512,37.445331449171334,37.445193827382354,37.4451181210419,37.44536135541745,0.9016709157083814,1.0,0.9015146882449508,0.9998267356075162,1.0,1.0,1.0,0.9999828683378456,1.0,0.9999431484083892,1.0,0.8021221914286869,0.8020903306459998,1.0,1.0,0.9999311914729253,0.9999142635076221,1.0,0.9014761038455152
1826,37.3007748281087,37.3033680295886,33.49194559439434,36.90253194926771,33.595730981979585,35.02278427022432,35.037420023840696,37.300852290443174,36.90640623483549,36.90253163557182,36.902532075601925,1.0,0.14890978639215963,0.8194503737117378,0.8183885622723386,1.0,0.1568411258789535,0.15663789734069294,0.3201405121992454,0.3197256867638398,1.0,0.3906771202619072,0.32249185395035174,1.0,1.0,1.0,0.8210075053912412,0.9987429212136161,1.0,1.0
1827,31.4267568741717,30.426170053840792,31.42696188877727,30.426171612920882,31.42664769454001,31.42671685530138,30.62572953007853,31.415281909169977,30.85486855104338,30.42617318710171,31.41482670177919,0.6063527235568288,1.0,0.6063531962332425,1.0,1.0,0.9999454116741505,1.0,0.9999799907650262,1.0,0.9998774907669231,1.0,0.6699758097855637,0.6699071358922193,1.0,1.0,0.7556275529209917,1.0,0.9998429152204751,0.7513455811448888
1828,57.483273496758386,53.09439871364279,57.08097104785725,52.79943434941319,57.16128266978595,57.22089609913817,52.85454442203843,53.17429993472962,52.799451276354404,52.79925720731612,52.799409125559635,0.11142123039909811,0.8177887525476643,0.09614290759096235,0.8628778128422153,1.0,0.8512959755789207,1.0,0.8770522600574817,1.0,1.0,1.0,0.09882896616791013,0.1208490161548779,1.0,0.9728293740696456,0.8290918538608706,1.0,1.0,0.11293806626032271
1829,57.144239045055656,57.14365026033482,57.144254529816266,57.143652207288085,57.144239030928304,57.14428300160111,57.34424907610847,57.144039022176315,57.083469480962464,57.14412910892199,57.143712435704884,0.9997056509687625,1.0,0.9997066241593252,1.0,1.0,0.9999999929363241,1.0,1.0,1.0,1.0,1.0,1.0,1.0,0.9047423906974545,0.87775321815391,0.9701692185299962,1.0,0.9999922505860461,0.970072202213797
1830,43.55365101479782,43.55498972370293,42.12332703824461,42.12462593623505,42.12235036813766,42.11365682873122,45.094087261335204,43.55365320106958,42.188547868980606,42.12348634742963,42.12506165918879,1.0,0.48911287482711596,0.4894306318645466,0.48910313890855284,1.0,0.4888740821753884,0.4885469616237581,0.48675367093462774,0.486427969214799,0.9951765655456891,0.9945304589544781,1.0,1.0,0.4629125914271689,0.23392149855326191,0.505325417552539,0.9993319619201881,0.9995117841626802,1.0
1831,36.81745025037341,34.04816398693765,36.37890724472888,33.550125905707375,36.37890986101857,38.24539675270668,35.207014158918184,34.04849951735679,33.548764744096644,33.551170646178775,33.54876209398435,0.250413148357988,0.8031036436452217,0.1952133585142829,0.7795651298437731,1.0,0.8031046942218009,1.0,1.0,1.0,1.0,1.0,0.4469904515744908,0.5565787867001047,0.5603143458976537,0.43643112411590923,0.7789040693161677,1.0,1.0,0.24290798777955555
1832,49.515955355455645,48.607340535773375,49.25731405913473,48.22124850638045,49.25730187501148,49.25730347922655,48.221245706709055,48.60734057950705,48.221686083031244,48.22124928429207,48.22124859941161,0.6348875325686351,0.8786921693415717,0.5234292402167364,0.8244440367241747,1.0,0.8786868163110322,1.0,0.878687521112632,1.0,0.9999947100599028,1.0,0.5234285075023144,0.5956904201098479,1.0,1.0,0.8246244171562437,1.0,0.9999939079569317,0.5958252283224228
1833,47.28209426063859,47.28319185256538,47.28205857124277,47.281097859120024,47.28209225764326,47.28206173490841,46.695076505501106,47.28999015890912,47.25983012214493,47.283440775490845,47.2858596764292,1.0,0.9999821554613079,0.9995019233221101,0.9989535511871538,1.0,0.9999989985028362,0.9994503536498673,0.9999837372671513,0.9994351007871892,1.0,1.0,0.7456426033412508,0.7456559092269739,1.0,1.0,0.9850331156931976,1.0,1.0,0.9889306533658854
1834,42.5855548998976,42.57526891718854,42.46597374489062,42.40039091063048,42.58555675250571,42.58555597093945,43.47651024387673,42.57520945103016,42.5261087403037,42.52113138417147,41.08651567727691,0.9948702111822965,0.9419617809172884,0.9115744636859512,0.9162747597022156,1.0,1.0,1.0,1.0,1.0,1.0,1.0,1.0,1.0,0.6372135753866375,0.6217602244594701,0.9757485535084672,0.9999702673628356,1.0,0.9707134075591697
1835,40.23158159227407,39.6010066475184,38.65889459049018,37.97471310921688,38.65894103506707,38.65889914229365,39.76845628632046,39.60091743585858,37.97464743596291,37.97475476392921,37.97467426391171,0.7295791102781762,0.45550731602197914,0.3235394446608891,0.4434604008022225,1.0,0.45551789406708443,0.6243570952756629,0.4555083527130499,0.6243440173874664,1.0,1.0,0.7932929917786836,1.0,0.919643278187198,0.4078301765478275,0.44346562000838274,0.9999553951649119,1.0,0.7102439335645689
1836,42.97262662826017,40.627749613661365,42.97265465710177,40.6277482050065,42.97233321684189,42.972490930610064,40.51305604569447,40.62775101437492,40.62774848869552,40.50131179118699,40.62774959766281,0.30961103123435313,1.0,0.3096108131668868,0.9999992956728143,1.0,0.9998533050516145,1.0,0.9999321534766252,1.0,0.9999181401048508,1.0,0.29235534218304693,0.2923512450209685,1.0,1.0,0.9999987371610943,1.0,0.9998392927848475,0.30965628209580326
1837,57.5430712567362,51.47033408063922,57.54307444971988,51.47033404194798,57.54307893228557,57.54311773847138,51.46881698615991,51.470335307687634,51.470335189648665,51.47033417726317,51.470335203503936,0.04800891346873727,1.0,0.04800891253997507,0.99999998065438,1.0,1.0,1.0,1.0,1.0,1.0,1.0,0.047972510248473314,0.04797243366081321,1.0,1.0,0.9999999409805174,1.0,1.0,0.048008755842772546
1838,58.195849019519585,50.82179776004236,57.61970389538615,49.96634652656297,57.619704297798535,57.61970462393384,51.193935909808715,50.8217990677401,49.96653437056804,49.96634694502808,49.96634587581883,0.025046388594251286,0.7497071899621586,0.01633000204976552,0.6519902854782678,1.0,0.749707340807902,1.0,0.749707463060929,1.0,1.0,1.0,0.030168511779441,0.040240392760490594,0.8302167887471994,0.5413437688834701,0.6520510982443033,1.0,1.0,0.02178388149526283
1839,42.78163208222671,42.781624449657585,42.745348478890975,42.7446309941339,42.5895351495206,42.546730836295296,42.66340231944932,42.78170876323398,42.492961631641265,42.58881551846824,42.74281080332008,0.9999961837227207,0.9820217701598384,0.9816695405178629,0.9816732868553232,1.0,0.9084199871979348,0.9084234539937223,0.88918441595191,0.8891878093391438,0.9054630385711125,0.9057879248069937,0.9425984759148853,0.9598549691637321,1.0,0.9183099181147235,0.8655643424234483,1.0,0.9250507624185116,0.9528605066280397
1840,47.661561387344705,33.06692401109413,46.75043632951042,32.716338373901635,47.17340008971101,47.13467876306498,32.63170759690027,33.07909020549329,32.734730830751516,32.71632112527939,32.7162909298369,0.0006773525358759686,0.6340911729829869,0.000568441867055091,0.8392112481279317,1.0,0.7834244494600684,1.0,0.7684027170271505,1.0,1.0,1.0,0.000544889849235821,0.0008593241357902337,1.0,1.0,0.8418278937364417,1.0,1.0,0.0007322895006636056
1841,47.338301463696354,44.420172720036874,47.33838473832566,44.42017273355259,47.338291962143046,47.31106665497231,44.43037216324262,44.420168510895735,44.42016824938838,44.420172638650484,44.34695881457222,0.2324536632120877,1.0,0.23245366478297663,1.0,1.0,0.9999952492346311,1.0,0.9864748930633163,1.0,0.9864338197528945,1.0,0.2336421400548112,0.23363241202603569,0.99491116603765,0.9949110359493659,0.9999998692463322,0.9999978954316452,0.999953612984605,0.23245424793894998
1842,41.15495324162623,38.83886675049186,41.15495761863221,38.83886641612767,41.155044221883514,41.15496467876909,38.83060187239229,38.83886682783606,38.673296223252635,38.83886628485709,38.838866057888964,0.314100196900039,1.0,0.3141001443881146,0.99999983281792,1.0,1.0,1.0,1.0,1.0,1.0,1.0,0.3128048752430789,0.3128041906694234,1.0,0.9243607840974221,0.9205487657156138,1.0,1.0,0.28913140682513605
1843,44.889799965510974,40.88038398345577,44.88979805405339,40.88038098352192,44.88993876760014,44.89014191505342,40.758882707977875,40.880384618794665,40.880380270839765,40.8803796166213,40.88038161681621,0.1346996234518242,0.9999990442716629,0.13469942140699542,0.9999985000341974,1.0,1.0,1.0,1.0,1.0,1.0,1.0,0.12676014138727873,0.12676026253565367,1.0,1.0,0.9999978260249135,1.0,1.0,0.1346900254552305
1844,39.30416478907907,39.3041717385658,38.371137042555404,38.37182031471585,38.37113641982566,38.37114456125249,38.42710967367594,39.30421312904036,38.372363794120105,38.371147629433665,38.37114831570236,1.0,0.6271849076698586,0.6273992132684673,0.6273970332210006,1.0,0.6271847123865406,0.6271825330844083,0.6271872654809603,0.6271850861699566,1.0,0.9996621803422372,0.6449854260573511,1.0,1.0,0.972998304080199,0.6275545575454294,1.0,0.9999996886351769,1.0
1845,39.4846401399339,39.30328590990399,38.587890541054605,38.39098083945413,38.59137504715585,38.591304906735616,42.1284270678413,39.30264778269185,38.415687704226286,38.3863082967344,38.39046077844668,0.9133125582075179,0.638665267783693,0.5787818456351899,0.6337171655354399,1.0,0.6397789541748607,0.7005038400331443,0.639756517385943,0.700479273647063,1.0,1.0,1.0,1.0,0.24343881464938918,0.15623879861373258,0.6417990444077473,0.9996809872893084,1.0,0.9159040474703388
1846,24.58100840397117,23.62099796123539,24.581021874587265,23.62101101853807,24.58102884764179,24.581015211703516,23.957296873301743,23.611237958303775,23.6112575450137,23.621017454553368,23.611250979097093,0.618780160918843,1.0,0.6187842007319574,1.0,1.0,1.0,1.0,1.0,1.0,0.9999966685636749,1.0,0.7320871129533388,0.7320821821377204,0.841112837399131,0.8411210747560468,1.0,0.9951318863958906,1.0,0.6157676049551469
1847,56.67148559623979,56.673797504850484,56.09985896560772,56.099952545383275,56.09988559006388,56.101232746455906,56.74212741463168,56.67651017694661,56.103777572915476,56.09990270986833,56.09989815259496,1.0,0.7514028782629253,0.7514380371418072,0.7505699109613381,1.0,0.7514128811759991,0.7505447840578762,0.7519191870081052,0.7510505049617163,1.0,1.0,1.0,1.0,0.9677237459584815,0.7267484147310882,0.7509874773314368,1.0,1.0,1.0
1848,54.80789948280176,54.80727142575756,54.807878623232995,54.80728044189661,54.80818439543492,54.80787885672268,54.90370758731109,54.80646261938429,54.73209870869408,54.80727391244582,54.80669393985741,0.9996860207796976,0.9999895702700081,0.9996905274439386,1.0,1.0,1.0,1.0,0.9999896870136404,1.0,1.0,1.0,1.0,1.0,0.9525406612048996,0.9177736941298947,0.9635008052768824,0.9995956785733113,1.0,0.9626716959076085
1849,39.22581621437362,38.80073769229435,38.45673217594728,38.034167092251096,38.195103852171655,38.09512843583104,38.18535385185896,38.80139807331915,38.02234291044749,37.826927260332695,38.10024421146022,0.8085285720259852,0.680762340894286,0.5511079563055936,0.681618405796897,1.0,0.5972878140950582,0.738734331426771,0.5681647274040773,0.7027144705355163,0.8346007017040712,1.0,0.5943831218481901,0.8731139872798728,1.0,0.9217276673392577,0.6773768042991161,1.0,0.8773808100348627,0.9172451797581234
1850,50.204908073698334,49.98429608377944,49.605448598522514,49.39399846658557,49.60650758275193,49.60546219968373,49.366323250320534,49.98444582039292,49.52437941987844,49.39400021046413,49.39399742448802,0.8955600565021306,0.7410184630587346,0.6666735364032503,0.7444208030080495,1.0,0.7414109303867858,0.8278740493212495,0.7410235024316594,0.8274414396349268,1.0,1.0,0.6575119029889072,0.8873083948203748,1.0,1.0,0.7945072242212311,1.0,1.0,0.9597676246888168
1851,46.82973833069241,46.11179917872565,45.3777564208134,44.786718698223865,45.2690644880426,45.02976576156789,44.759225602674576,46.10863019051229,44.66399145546282,44.66520405176229,44.78531678562368,0.6983955990276641,0.48384486285425343,0.3600509188678517,0.5155400740914313,1.0,0.4582515905598332,0.6561490238452681,0.40657523605969503,0.5821560683167909,0.8403008221711055,1.0,0.3551353253380513,0.733985937647595,1.0,0.9534988370508808,0.4856246068068325,0.9984167605413585,0.9471043835343359,0.7389415043640857
1852,32.76427300580821,32.76545221854411,32.6964832233362,32.69650158047136,32.69648925666746,32.76409236101651,33.5795302550373,32.764153111324845,32.700791009756045,32.69650754922418,32.6968172676693,1.0,0.9666731051131311,0.966681977828274,0.966112183971911,1.0,0.9666760212470613,0.9661062309017013,0.9999096816830959,0.9993203023353803,1.0,1.0,1.0,1.0,0.6651860042109458,0.6444425350506812,0.9688155357615037,0.9993506573046429,1.0,1.0
1853,40.271462817567226,37.61136096975173,40.27146395036442,37.611360744358876,40.271478400581145,40.27146397746225,37.60358036284509,37.61136310349764,37.61136263635365,37.61136049705897,37.61136283389135,0.2644637934270892,1.0,0.2644637636229665,0.9999998873035799,1.0,1.0,1.0,1.0,1.0,1.0,1.0,0.26343694768407505,0.2634367984737997,1.0,1.0,0.9999997664280318,1.0,1.0,0.26446195323993704
1854,44.60866374235388,44.60724914932402,44.53534389109191,44.53371961253805,44.53519616327847,44.60869880944804,46.88325124953849,44.60383371130439,44.36618794862227,44.5346325735608,44.531574935727036,0.9992929535602855,0.9640039126338844,0.9632213250214022,0.9639028490990885,1.0,0.9639327101684816,0.9646147375843868,1.0,1.0,1.0,1.0,1.0,1.0,0.31991217655652193,0.2840708356955439,0.8879650620155572,0.9982937383126096,0.9999261388211503,0.9189678808664792
1855,32.52965836603238,30.38761000888465,31.230219610053297,28.97682197157664,31.230220503245846,31.230218183293857,30.44979314365031,30.387612783623013,28.976824136610276,28.97682028689198,28.976825565705298,0.3426573952810906,0.5221922948535815,0.1692432589002988,0.4939139246110952,1.0,0.5221925280627673,1.0,0.5221919223323217,1.0,0.9999992866205347,1.0,0.35347850165140204,0.6769125188844746,0.9693881496975933,0.4787941595270724,0.4939137740402907,1.0,1.0,0.32410161581003893
1856,43.949653767752864,43.94917890741729,43.0855034248234,43.085144279008034,43.085503586851615,43.08552920289668,43.061748830387046,43.94897097017994,43.06728452472868,43.08514340332806,43.085127866423335,0.9997625980165256,0.6491605764995981,0.6490440153132517,0.6491981362384625,1.0,0.6491606290907651,0.6493147777068919,0.6491689436079757,0.6493230941984541,1.0,1.0,0.6414959112482594,0.9881929594482336,1.0,1.0,0.6434935838352651,0.9998960367858752,1.0,0.9909318350128031
1857,40.24633643377666,40.2477234217028,36.978088754488425,36.97809024901673,36.97808635376862,36.97808676158988,40.45570768259182,40.248103442315056,36.97856246050304,36.97809033090911,36.97809107968391,1.0,0.19512325568833183,0.19512340149700064,0.19498813150589125,1.0,0.19512302147034,0.19498775174268543,0.19512306125800236,0.1949877915027649,0.9999990035512232,0.9999982562880941,1.0,1.0,0.9014036494038953,0.1757711153895025,0.19499711977618595,1.0,0.9999987996408165,1.0
1858,61.25704923351083,47.391996117133914,61.08734309647096,47.391995718028966,61.12277928259053,61.13607114996478,47.157351377800836,47.41342911536154,47.41342568157316,47.391992779830844,47.413428645646945,0.0009755330111982331,0.9186472526861658,0.0009755328165282264,0.9999998004475458,1.0,0.9350689814526317,1.0,0.9413040839856939,1.0,1.0,1.0,0.0008675400085376246,0.0009443668459257882,1.0,1.0,0.9999982831072843,1.0,1.0,0.001054512398395401
1859,36.10149152364747,36.03325594557782,35.23706444116354,35.236638542970525,35.237092041650385,35.24279424147187,35.50534346648081,36.10007060270439,35.185187285385865,35.23622940998959,35.236441904581454,0.9664576598178549,0.6490707585094306,0.6489325541936011,0.6714547167186851,1.0,0.6490797159057036,0.6716069858953095,0.6509329476448358,0.6735245367784812,1.0,1.0,0.7422463902651306,1.0,1.0,0.8520772471893816,0.6329007522284344,1.0,1.0,0.9743814903703579
1860,50.63244009087538,49.40477765165568,50.63244187397936,49.40477940308722,50.63243693351521,50.56708778046945,50.537965213535216,49.404280279492184,49.40427959636861,49.404776988482155,49.40428209861267,0.5412731552003738,1.0,0.5412736292020193,1.0,1.0,0.9999984213211617,1.0,0.9678519426584863,1.0,0.9678510797685441,1.0,0.9538608872397689,0.9538600368235746,0.5673139260403457,0.5673137322676207,0.9999996584382714,0.9997513448380735,0.9999975297709752,0.541139234289155
1861,54.805667492062526,52.37107157014702,54.5985726903491,52.15078738436546,54.59857857284936,54.80569116589467,52.15671203256218,52.371072690178636,52.37106871107014,52.15078755328051,52.150787415679474,0.29602896907278364,0.9016332835388461,0.265155176189629,0.8957068526777738,1.0,0.9016359354717591,1.0,1.0,1.0,1.0,1.0,0.26594181632412034,0.2949556334924968,1.0,1.0,0.9999980104477298,1.0,1.0,0.3283238103563439
1862,37.43797541394511,36.5076092866029,37.42715288375615,36.28616124977128,37.300061332470136,37.30002280299789,36.57927805362522,36.507656456172015,36.68522264674945,36.34471698892156,36.28599304715439,0.6280201269958208,0.9946033494275806,0.5621946807264577,0.8951857696277287,1.0,0.9333667759653003,1.0,0.9333487950738529,1.0,0.9384130825730869,1.0,0.6509329222114878,0.6544648402663396,0.964822821921784,1.0,1.0,1.0,0.9384311610276362,0.7353421757525194
1863,46.32082915339703,42.42825313617425,45.70575537957811,41.721224947913385,45.70575593991174,45.70575689212504,42.6955804586305,42.42832712088827,41.72120356450043,41.72130534879628,41.72120476803693,0.14280317311769353,0.7352557457354606,0.10027868663644894,0.702216095393081,1.0,0.7352559517297508,1.0,0.7352563017900815,1.0,1.0,1.0,0.1632252145636764,0.22199787694335602,0.8749166372555383,0.6143512493455927,0.7021826116745317,1.0,1.0,0.13638463484176566
1864,73.5760527079893,60.763089580058505,73.22881616057072,60.06505603988208,73.2288189561821,73.22881557902755,60.154468990853644,60.76309356152703,60.06530989977523,60.065055931605116,60.06505609197262,0.0016508226097104656,0.8406177223059714,0.0011644593999334803,0.7053813008641256,1.0,0.8406188973270279,1.0,0.8406174778782628,1.0,0.9999997092284613,1.0,0.0012176994969481192,0.0014485769983622787,1.0,0.9563995197522387,0.7054694361538979,1.0,1.0,0.0013854164090135299
1865,38.329168116614596,28.858027640813475,37.83840986571036,28.231502960804335,37.83841289288483,37.83841560169384,29.18799542783691,28.85803956246258,28.23139714023307,28.231460298807406,28.2315112780729,0.008777442174205912,0.7824078512742767,0.006416820212993086,0.7310581016244188,1.0,0.78240903551771,1.0,0.7824100952167485,1.0,1.0,1.0,0.0103518881662374,0.013230808138463451,0.8479124150299839,0.6198367489239156,0.7310150646891956,1.0,1.0,0.008200928689350894
1866,60.287064689014755,52.89251725375061,60.28706954361468,52.892589690912416,60.27414343513152,60.28707175173909,53.44954677166547,52.857755286536076,52.85946672471218,52.894256813667255,52.859442518521604,0.02479102174841622,1.0,0.024791919660303516,1.0,1.0,0.9935601980370145,1.0,1.0,1.0,1.0,1.0,0.03275305762463409,0.032752978123235084,0.7438649774323177,0.7445017893196239,1.0,0.9827691943493345,0.9935577863713114,0.024542760524632428
1867,55.122946854478045,55.122836950749075,55.123003505966864,55.12283869761603,55.122816600068006,55.12380746877599,56.09710847321463,55.126798962465614,55.139132747919234,55.123130428898946,55.126633687742185,0.9999450496453415,1.0,0.9999459230312059,1.0,1.0,0.9999348749157112,0.999989824711234,1.0,1.0,1.0,1.0,1.0,1.0,0.6156019216863711,0.619410002644596,1.0,1.0,0.9999065514171621,1.0
1868,51.935074835991315,51.93505354812956,51.9350762551077,51.93518482082686,51.9354097641922,51.93534248969644,52.68987988905022,51.93443477399356,52.03086296617164,51.93518297579979,51.934431431872724,0.9999893561257684,1.0,1.0,1.0,1.0,1.0,1.0,1.0,1.0,1.0,1.0,1.0,1.0,0.6854206390846558,0.7192771990329878,1.0,0.9996906607872431,1.0,1.0
1869,43.788951457101916,39.94477020519531,43.788951945592515,39.944770693212206,43.78920000023575,43.78895411956532,46.42139936912696,39.94477025755194,39.944772394683525,39.944772342770904,39.94477074546663,0.14630078197599308,1.0,0.14630081767462402,1.0,1.0,1.0,1.0,1.0,1.0,1.0,1.0,1.0,1.0,0.03922995931745834,0.03923000123727338,1.0,1.0,1.0,0.14628276222032535
1870,50.86694476814864,48.77099598732971,50.86694911489295,48.770452383717014,50.86695486567993,50.86695119014618,44.25725207861606,48.77095763489078,48.771001538411326,48.771003223476214,48.77095111159804,0.35064730477060513,1.0,0.35055201115085266,0.9997282351284156,1.0,1.0,1.0,1.0,1.0,1.0,1.0,0.03670485129561335,0.036704771522398386,1.0,1.0,1.0,0.999980823964395,1.0,0.350646507671349
1871,46.18822335984902,43.61755572484461,46.18514722628345,43.617627556059205,46.18247277115245,46.169537941463375,43.76352127463659,43.61747224161908,43.617612469866174,43.61753536687445,43.61753374192605,0.27655824823760433,0.9984631154357405,0.27656818117341575,1.0,1.0,0.9971288353515265,1.0,0.9907007983166161,1.0,0.9922257347325876,1.0,0.29749702840343667,0.2979549507681168,0.9295780397382774,0.9296432185727523,1.0,0.9999582592584072,0.9986636661248807,0.27736244825705003
1872,43.6686733176204,43.67093723554191,43.668675912587986,43.668688292181656,43.66877492210034,43.668676978926726,44.47750803801864,43.66870121010683,43.67146345226098,43.6686915115111,43.67365425598419,1.0,1.0,1.0,0.9988761603012472,1.0,1.0,0.9989194275185703,1.0,0.9988705100469053,1.0,0.9999943433885335,1.0,1.0,0.6673748386326702,0.6682972008889744,1.0,0.9988826120258322,1.0,1.0
1873,38.27327013697084,38.27317577373867,38.27153110226973,38.22569766838555,38.27152961134223,38.27153071903717,38.84752481417897,38.271581165994434,38.228665077291026,38.22491066688656,38.22504344716981,0.9999528194969525,0.9991308605701158,0.9764944284708947,0.9765405021430322,1.0,0.9991301157545542,0.9991772574401939,0.9991306691203953,0.9991778108321443,0.9999998083837381,1.0,1.0,1.0,0.7497827177500997,0.7338652367048268,0.9787705415603108,0.9992030138901566,0.9999992545365267,0.9787957719729238
1874,58.109711377062865,47.375441050510716,58.10972055357624,47.37546690742832,58.109723437741394,58.10971414073521,47.301390922894825,47.37544137674021,47.37544982422577,47.37547181176322,47.37544693547895,0.0046674837537318365,1.0,0.004667544097493325,1.0,1.0,1.0,1.0,1.0,1.0,0.9999967935846248,1.0,0.004497829971441446,0.004497809334290349,1.0,1.0,1.0,1.0,1.0,0.004667476082813827
1875,46.894586146640904,42.468159274426,46.40337700849787,41.851245188732406,46.40319426981512,46.403194347487414,39.55456177970029,42.46817425935919,41.85131459520113,41.85133877779435,41.85127890457915,0.10934869827821916,0.782231482297816,0.08032531286857002,0.7345795069658343,1.0,0.7821600135875488,1.0,0.7821600439636319,1.0,0.9999086736652757,1.0,0.02547615955675675,0.03256856842672731,1.0,1.0,0.7345994957101594,1.0,0.9999086348326747,0.1027003414514305
1876,23.9365887103817,23.941065280403706,22.362512811044525,22.362539442703195,22.36260991299514,22.362516214145955,22.377312540648575,23.940745237971328,22.365191510028865,22.362539462842136,22.36254502649001,1.0,0.4551910993344702,0.45519716062181936,0.45417943904052027,1.0,0.45521319984279063,0.4541954424012916,0.45519187386587,0.45417416410460465,1.0,0.9999883857888258,0.458571945403193,1.0,1.0,0.9939578125689004,0.4548548763560175,0.9998399915865229,1.0,1.0
1877,49.34126283608779,47.10823849721896,49.34150984349739,47.10917106808026,49.34127192377804,49.341272891469174,46.696918464234045,47.108908458569374,47.10888295904343,47.108247594442275,47.108756149508,0.32741979016363737,1.0,0.32757249684117906,1.0,1.0,1.0,1.0,1.0,1.0,0.9998815310038972,1.0,0.2665556641907709,0.26652274561153316,1.0,1.0,0.9999872503183045,1.0,0.9998810472157669,0.32752382372067096
1878,40.77266926211732,40.77127805899005,40.772384131361264,40.77237972082986,40.73208879394684,40.772403176036306,40.99934654182664,40.77011392115679,40.60895311433126,40.73206675363929,40.77237895703587,0.9993046403110468,0.9998574447839332,0.999855239835035,1.0,1.0,0.9799142275213849,0.9805960945166567,0.9998669658093267,1.0,1.0,1.0,1.0,1.0,0.8917082175049027,0.8226728110859858,0.9225807219629695,0.9994181004526203,0.9800539393224621,0.9402891545401477
1879,40.03395472748866,37.15422663779432,39.27394112079736,36.236562767803775,39.81224985772664,39.812165432214556,37.318114549716114,37.15419676315122,36.23667917262617,36.9515442940515,36.23663321893656,0.23695997242152542,0.6838567566826379,0.14976378694070208,0.6320214566631065,1.0,0.8950708204163376,1.0,0.895033037807614,1.0,1.0,1.0,0.25719516410223586,0.376095083639854,0.9213098299409199,0.5823301706728271,0.6320676842340538,0.9999850627900091,1.0,0.16733033899844357
1880,40.81154227635767,40.81077747896907,38.80210709751728,38.403695035715685,38.404484215787846,38.584814291058365,38.67990501615259,40.80523183895795,38.35908233586551,38.40443120169016,38.40555094092463,0.999617674410763,0.36614802428001836,0.3000147555643489,0.30012950275333655,1.0,0.30013316175698734,0.3002479542330067,0.3284521897814796,0.32857781348763193,0.8970475545439236,1.0,0.34444576564719953,0.9407281831562702,1.0,0.8517933400995263,0.29432380164985955,0.9972310207091407,0.8197044415224128,0.9775547876356462
1881,43.37459175183079,39.154153054516655,42.84598117052931,38.090620624920376,42.84583514325516,42.845960886326196,38.090564888459454,39.154154052780484,38.09790772804334,38.09061817665585,38.09061700108276,0.12121137596465724,0.7677391202998736,0.0712197178039362,0.5875662844113118,1.0,0.7676830669207291,1.0,0.7677313338512306,1.0,0.9999898579498724,1.0,0.07121773306408279,0.0927629336333228,1.0,1.0,0.5897107229706013,1.0,0.9999269890283531,0.09311092937984897
1882,42.79244334158727,40.37522882011274,42.11974972768289,39.738432543332664,42.11976345101749,42.11978344935841,40.05311518349504,40.3752292819417,39.73843706585086,39.738428698996785,39.73843036595599,0.29861287983331,0.7143753125254642,0.21718507709055437,0.7273131594718556,1.0,0.7143802143480047,1.0,0.7143873575932536,1.0,1.0,1.0,0.25419233374372846,0.3558246334760731,1.0,0.8544143129894832,0.7273146361697136,1.0,1.0,0.3040195736678688
1883,40.603585634836804,37.897892874121084,40.603166174800805,37.897990532778124,40.60321186319371,40.60320625213356,36.04625083267874,37.89856289525616,37.89792205074974,37.89792192549845,40.563042160410276,0.258503413431229,0.999790291973803,0.25851603628750736,1.0,1.0,0.9998131316405185,1.0,0.999810326638645,1.0,1.0,1.0,0.10242060139855787,0.10244208432586131,1.0,1.0,0.9996796290765171,1.0,1.0,0.2585555004299868
1884,17.99694304478183,17.32870859588843,17.475250693307174,16.816714001680026,17.475250598040788,17.475248746688465,17.42282926459876,17.328708552413588,16.816713392077645,16.816714115003265,16.816713561290243,0.715969848138439,0.7703994166232133,0.5542638059490659,0.7741440612201511,1.0,0.7703993799266297,1.0,0.770398666786619,1.0,0.9999990266911187,1.0,0.7504690333706028,0.9741298048485438,0.9540298143408339,0.7385563059403581,0.7741438420880458,0.9999999782625795,0.9999999523668077,0.7194497444450305
1885,63.414223421160074,63.41425122756863,61.403571987993445,61.40359493884267,61.40357457357658,61.403580643399835,65.73805007205678,63.414301919772896,61.407078363487244,61.403940786939785,61.40360685169583,1.0,0.36592542741119266,0.3659296265849428,0.36592453902596017,1.0,0.3659259004768049,0.36592081296962675,0.3659270110312607,0.3659219235086425,1.0,0.9999928523041257,1.0,1.0,0.3128992340734782,0.1146941963912974,0.3665531388432984,1.0,1.0,1.0
1886,53.41008197987742,52.26414358185531,50.16536111107379,48.78573814189613,50.16455152235747,50.16402976351904,52.52894604928244,52.26416267449417,48.784963445247115,48.78466996110683,48.786029579302635,0.5638487715372751,0.19743212306390087,0.09904589811212546,0.17566039532565994,1.0,0.19735221982764556,0.3500091332815806,0.19730074141027784,0.34991783501160734,0.999334547734258,1.0,0.643670734604092,1.0,0.8759978105735489,0.15381706042568566,0.1755906904892557,1.0,0.9995952875600214,0.5016793850371166
1887,38.73387695453994,37.39259417069343,38.59601665800727,37.18945383462278,38.596063464815614,38.596074798371916,37.94615152868647,37.3898218638665,37.24371503521226,37.24393793994935,37.190277087786654,0.5113804772694488,0.9333918768419105,0.46199021861266754,0.9034177860670316,1.0,0.9334137216448747,1.0,0.9334190111083451,1.0,1.0,1.0,0.6744466426904872,0.7225760791624274,0.7571720047413789,0.7038301284630972,0.9295511773490607,0.9986148068534358,1.0,0.5085589124722043
1888,51.00184806643284,49.29209573375067,47.25629911827099,46.296553362727224,47.256483026223464,47.79464297020763,47.21545403984504,49.29209562903114,46.3881519023368,46.296557048869346,46.29650432043749,0.4253358587168462,0.1536966423612936,0.09511702038858452,0.2236280305063713,1.0,0.15371077602850666,0.3613868261477449,0.20117048464507517,0.47296855066950283,1.0,1.0,0.15058960147757147,0.9797845884204911,1.0,0.6612316353954751,0.2341082032741552,0.999999947640235,1.0,0.647804994752617
1889,30.486311743687565,25.945164820224733,29.399601117511367,24.863324288601007,29.238260165435463,28.975527213296658,24.550524321980788,25.938042148774684,24.706718191758398,24.714065906259634,24.84082318677548,0.1032529514857235,0.5807962261965689,0.060115129668915336,0.5822122157663192,1.0,0.535783140110349,1.0,0.4698262820808906,1.0,0.8089348051684466,1.0,0.05141148381998618,0.08851897016732013,1.0,1.0,0.5402831210884863,0.9964449983096101,0.9224976264377701,0.1037500138021536
1890,44.57619496661863,43.567462782221185,43.94865024606247,43.000831350073554,43.948653774303324,43.94866880069506,43.03928220442148,43.56746272848383,43.000834121978954,43.00083418196172,43.000830462818186,0.6038882636011129,0.7306853422369797,0.45489811495909893,0.7532819271009601,1.0,0.7306866312550544,1.0,0.7306921210674562,1.0,1.0,1.0,0.46372833594337337,0.6346484719724601,1.0,0.9809595622432595,0.753282991354521,0.9999999731313242,1.0,0.6225633889666977
1891,30.073122500256886,29.427287934605005,30.07312057097826,29.427126831124525,30.07314134567963,30.073120976624296,29.812391535001666,29.427288331202703,29.382033190481877,29.427239597426905,29.427179146883162,0.7240337419160716,0.9999990353611529,0.7239754220870813,0.9999194515039646,1.0,1.0,1.0,0.9999992381839948,1.0,1.0,1.0,0.8777745609349505,0.8777754076712079,0.82485175318814,0.8063969432700971,0.977626513071333,1.0,1.0,0.7078280531273267
1892,78.16720859020515,58.59714031820971,78.02546044550638,57.967403948116726,78.02545049429858,78.0254560582546,57.967551256214335,58.59713869124582,58.597134581683605,57.96743300949237,57.96742414983186,5.628772156710993e-05,0.9315791963210724,4.108356802933941e-05,0.7298850776959747,1.0,0.9315745611635211,1.0,0.9315771527870712,1.0,0.999997806376517,1.0,4.1086594111904366e-05,4.410424178015213e-05,1.0,1.0,0.9999979452210049,0.9999991865183842,0.9999950244084779,6.042195919245279e-05
1893,49.193482483063434,40.77778933451094,49.19349950751143,40.777802616699915,49.19350933232698,49.19349109412073,40.74923808455037,40.76874785834434,40.76876933584114,40.77781041079166,40.76876161733989,0.014878373337396883,1.0,0.014878472146408129,1.0,1.0,1.0,1.0,1.0,1.0,0.999995793313497,1.0,0.01466748412842018,0.014667359276041153,1.0,1.0,1.0,0.9954894650720535,1.0,0.014811224133513465
1894,44.52002256479048,42.64850585152621,44.35009425510921,42.59259364989964,44.34102673968144,44.33407998356992,42.927267217237045,42.814852877278895,42.46186472191468,42.396797563008505,42.48839940757611,0.3922882582971829,0.9185452092107654,0.3814732848002893,0.9724310547966983,1.0,0.9143901738619473,1.0,0.9112196604809711,1.0,0.9920248359510921,1.0,0.450959531647663,0.4909497400080476,0.9453432688569845,0.7923902666116531,0.8382037432495109,1.0,0.9954765042513386,0.39079153924428295
1895,40.72806567962584,38.468664463097525,39.90423732362521,37.50847686370014,39.904237314520685,39.904237300246336,39.83493765043201,38.46871590522957,37.507312023514146,38.468728947234894,37.50742115673407,0.32312998438868207,0.6623811204851489,0.1999287136016458,0.6187253528324949,1.0,0.662381117469816,1.0,0.6623811127422864,1.0,0.9999999883105631,1.0,0.6398228008755737,0.9659435951419438,0.5050434203048563,0.3122931923196317,0.6183491948694709,1.0,0.9999999954477374,0.3016576103008041
1896,54.76275595278227,51.668570842819804,53.75514055806474,50.70486073243103,53.761852484560904,53.789473905707666,53.1084400502142,51.66592077645657,50.78737696392844,50.790246459136085,50.69819068582942,0.2128659711021993,0.6042255658565729,0.13147381006869233,0.6176365784908399,1.0,0.606256731000596,1.0,0.6146876517426703,1.0,1.0,1.0,0.4372903223428928,0.7237203240862105,0.48613951086669693,0.3133195937308207,0.6445055107169333,0.9986758442872496,1.0,0.22599604941748702
1897,17.35105325651628,17.352828960362103,16.74761945375394,16.74958431413296,16.74761811594763,16.747624562081285,17.34605507612588,17.348127294634082,16.72477893641056,16.74765931156142,16.74632014751913,1.0,0.7395474001044078,0.7402743108078876,0.7396173485233248,1.0,0.739546905418984,0.7388905886760793,0.739549289031923,0.7388929701736622,1.0,0.9990206038959079,0.9975040299310008,1.0,1.0,0.7329791151028617,0.7322200619575394,0.9976519281795589,0.9999993310970686,0.9886453662545405
1898,40.78005669711894,39.630726731023344,40.45063463003751,39.188980943199084,40.2236414031683,40.188085077834046,39.44722041800512,39.63035414583854,39.04544636076923,39.04595767924772,39.27210350719295,0.5628934160585929,0.8481387523330953,0.4513384050929319,0.8018185898375317,1.0,0.7571395874450848,1.0,0.7437979827046151,1.0,0.8769767690233992,1.0,0.5135447329623886,0.6054961308508875,1.0,0.8180048374711686,0.7464296602221702,0.9998137247589846,0.892707219617443,0.5548277791663374
1899,57.03066174939403,53.08892503712573,56.83314102820117,52.7960797280567,56.942438227020375,56.94243310616022,52.95191916671749,53.08892516022814,53.088922044481734,53.08892191621399,53.088936395183,0.13933581056148173,0.9059597856750281,0.120357233743943,0.8637925401871871,1.0,0.9568470131392454,1.0,0.9568445632025113,1.0,1.0,1.0,0.13011048675913736,0.1436161834293698,1.0,1.0,0.9999984421280088,1.0,1.0,0.14561951927222264
1900,51.50567290876327,43.88763071947085,51.3096540848789,43.67758406833093,51.285442928391234,51.260074316577914,43.743622800695505,43.88764439433231,43.63340996118117,43.61279832172258,43.67741960607162,0.02216987054326779,0.906640370467013,0.01995961253789838,0.9003035222485511,1.0,0.895731129085133,1.0,0.8844411555441699,1.0,0.9755148616298565,1.0,0.0206296678156313,0.022753970027834632,1.0,0.9463844285932372,0.880630442062349,1.0,0.9879673994924133,0.021796268717048185
1901,31.363056388203972,30.86198849481022,31.207378948759725,30.643017251404245,31.207371418583307,31.20737182211613,30.735155357286345,30.861967947031644,30.861317796704725,30.643013928279657,30.643015688333918,0.7783850559636941,0.9251136170937014,0.6976626737952842,0.8962950514659226,1.0,0.9251101339658867,1.0,0.9251103206220574,1.0,0.999996436684551,1.0,0.7305551784527942,0.7896923847558056,1.0,1.0,0.9996749776677465,0.9999897261634885,0.9999962349188787,0.8411150634574095
1902,56.56818031617334,55.07223326161699,56.56818280727785,55.07219875621598,56.56818861350274,56.57055079394107,54.42052653153206,55.07223308428871,55.07135679916024,55.07225421337645,55.072366919032646,0.4733247612386229,1.0,0.4733165951787206,0.9999827474483249,1.0,1.0,1.0,1.0,1.0,1.0,1.0,0.34169836925439534,0.341697943651486,1.0,1.0,0.9995619534062015,0.9999999113358665,1.0,0.4731154181893492
1903,45.73817507496156,42.097112358903246,45.737025388662175,42.09710999804457,45.73815934894847,45.73817647375881,42.045135476962,42.10830506478956,42.10830353637098,42.097110869940025,42.10830271972503,0.16193968011942608,0.9994253220409763,0.16193948896118976,0.9999988195713602,1.0,0.9999921370243688,1.0,1.0,1.0,1.0,1.0,0.15778533657517327,0.1578760644696814,1.0,1.0,0.9999992357910024,1.0,1.0,0.16284964840253136
1904,47.83379308515643,43.68401414390962,47.833801614552044,43.68401204364892,47.83380225048268,47.83379607012051,43.729773394146264,44.03653827018354,43.87688754833928,43.684009903864535,43.87688999228712,0.12557030593382917,1.0,0.12557017406870905,0.9999989498702007,1.0,1.0,1.0,1.0,1.0,0.9999972277880772,1.0,0.1284764261573414,0.12847587824537682,1.0,1.0,0.9232775726519297,1.0,1.0,0.13828239404259204
1905,40.29077923308074,38.58263311194082,40.2907781277456,38.58263279654153,40.20532760237819,40.07213712601495,37.885569787201035,38.5883274334696,38.50795413430677,38.58262910928215,38.588327148547876,0.42567758560269864,0.9999994473325806,0.42567751847349966,0.9999998423003671,1.0,0.958174070674875,1.0,0.896442565240108,1.0,0.8964430606749809,1.0,0.3004107052908988,0.3004108713181998,1.0,1.0,0.9606101249406596,1.0,0.9581746002267587,0.42797661016720256
1906,37.58991424477375,37.592006440226186,37.589892640453456,37.571989337674665,37.589912697019685,37.571742751714794,38.45953452724416,37.59559836117947,37.57845757295374,37.560995562371204,37.57202753837234,1.0,0.9999891978981954,0.9910775895199273,0.9900413675962216,1.0,0.9999992261232659,0.9989536761756582,0.9909554041430223,0.9899193099703298,0.9909661086598129,0.9998767146203313,1.0,1.0,0.6492300978105003,0.6436897155445866,0.9914662270208999,1.0,1.0,0.9942888091798227
1907,34.064746706147844,33.82022777531057,34.06474784081496,33.82022892449908,34.064750881233806,34.06539216533474,35.20189535627361,33.82022768628363,33.8296519616122,34.063326007553485,33.82022881974879,0.8849187329031748,1.0,0.8849192413725392,1.0,1.0,1.0,1.0,1.0,1.0,1.0,1.0,1.0,1.0,0.501158011706669,0.5035251099157363,1.0,0.9999999554865308,1.0,0.889096536112482
1908,57.37506730259517,56.83929324550604,57.37506946226591,56.83929401954285,57.37508037586997,57.37506989908189,57.06641853612723,56.95747827100763,57.1793705686859,56.9569103339135,56.83399751375282,0.7649941987294401,1.0,0.7649944947963305,1.0,1.0,1.0,1.0,1.0,1.0,1.0,1.0,0.8569939814390157,0.8569930560271012,0.9469867925068384,1.0,1.0,1.0,1.0,0.9067804647974261
1909,51.01519484371488,50.214249801284694,51.01518107839652,50.21418531713729,51.01521584625999,51.01518601203381,49.775779571789315,50.214143859031054,50.214246775671484,50.21414756431065,50.21420154556131,0.6700033804144894,0.9999931173645069,0.669981778464366,0.9999677584460694,1.0,1.0,1.0,0.9999955841692139,1.0,1.0,1.0,0.5381017361953545,0.5381054397789535,1.0,1.0,1.0,0.9999470302761253,1.0,0.6699953309891924
1910,47.408178033699414,47.40844848315717,46.37928076501544,46.3787749519027,46.37928100064181,46.379280974994344,47.46338461284478,47.40712653002558,47.3667099749517,47.40821763079998,47.40712820630017,1.0,0.5978301267647576,0.5976789507236155,0.597598135213798,1.0,0.5978301971970341,0.597749361236336,0.5978301895306193,0.5977493535709575,1.0,1.0,1.0,1.0,0.9722628965313214,0.9528123312121641,0.9799945412001735,0.9993392418310922,1.0,1.0
1911,34.22859934464552,29.42874326766318,32.764522490955045,28.72454704724609,32.95157412253914,32.95079921062552,28.50174238062405,29.431638640819926,28.73885277794605,28.7245519199206,28.72454684410917,0.09072448172510454,0.4809276543981541,0.06379846498610754,0.7032111264015491,1.0,0.5280772965269376,1.0,0.5278727294656633,1.0,1.0,1.0,0.0570727515492974,0.11867221821693709,1.0,1.0,0.7072345378193738,1.0,1.0,0.12167999497882058
1912,51.43483510537541,48.214159705078,50.98494398514569,47.79500203521448,50.98494796365199,50.98495311950836,48.28991993759462,48.21426389307504,47.794207877236545,47.794305134077234,47.79488736657214,0.19982012339459498,0.798559691073911,0.16203927496452805,0.8109257076402706,1.0,0.7985612796128718,1.0,0.7985633382491559,1.0,1.0,1.0,0.2075345216212046,0.2598860472685643,0.9628785203248271,0.7804722996471241,0.8105615435100075,1.0,1.0,0.20283345747040207
1913,39.320597580918786,39.31917049787313,38.96871432516153,38.96718902359166,38.90438826231261,38.88311426654329,40.39763897856909,39.31470524075334,38.80489027127646,38.902861397771716,38.96329757292588,0.9992867129873866,0.8386669366765225,0.8380275705165088,0.8386257513734066,1.0,0.8121220361376407,0.8127017257237279,0.803529277354996,0.8041028334629108,0.9581029634233938,0.9588339401050372,1.0,1.0,0.5818940637260117,0.4509610288946002,0.7749881928799637,0.9977698619014783,0.9683486979419098,0.9514682173173848
1914,69.0988441249992,63.25610391877544,69.09885697286037,63.28042807873305,69.0988552864836,69.09885899401544,63.22152213421356,63.23771149875245,63.280421561570165,63.28042009206874,63.28042841319677,0.05385984318612738,1.0,0.054518890475900146,1.0,1.0,1.0,1.0,1.0,1.0,1.0,1.0,0.052936563606216486,0.0529362235464987,1.0,1.0,1.0,0.9908459458042435,0.999999156811967,0.05451840856791258
1915,34.057544980271615,33.579782722553176,33.385957983887096,32.877582105300576,33.38594233644906,33.38594265954575,34.18806011552289,33.57978271225463,33.05082134672665,32.87758221485592,32.87758209390219,0.7875084888414668,0.7147706920171455,0.5543375745382589,0.7039131417538946,1.0,0.7147650998739656,0.9076284382984662,0.7147652153430922,0.907628584924348,0.9999923378586805,1.0,1.0,1.0,0.7377585310398621,0.5663067511654517,0.7676044767211962,0.9999999948507252,0.9999921763115885,0.8457254536973526
1916,32.89409332964465,32.89407476662885,32.23967182668241,32.23949956956622,32.244404547394055,32.250210308391644,32.80509397119411,32.893496158304174,32.89204507897978,32.24419310519335,32.23951739132403,0.9999907185351731,0.7209317895725241,0.7208696994309087,0.7208763902197692,1.0,0.7226397940586515,0.7226465012767356,0.7247405787126535,0.7247473054292772,1.0,1.0,0.9564759069068742,1.0,1.0,1.0,0.9992747234780587,0.9997107376820772,1.0,1.0
1917,49.035336503279154,43.2012522660543,49.03535083523644,43.20125683753642,49.0356082753344,49.0353197372892,42.528964411368406,43.20124839456841,43.20125803240401,43.20126519151739,43.201257226480294,0.054093452917574336,1.0,0.05409357656134213,1.0,1.0,1.0,1.0,0.9999916170401599,1.0,0.9999844511472631,1.0,0.038650868011189124,0.03865059104088678,1.0,1.0,1.0,0.9999980642589298,1.0,0.054086258812449335
1918,45.20632738059919,45.20474130390227,44.31418001798602,43.846407407081756,44.31418368501565,44.31530517302167,43.84643070886605,45.20449413126073,44.17401307487998,43.84640780154581,44.312282818171326,0.9992072760233406,0.6401366042225816,0.5066372641591104,0.5070392062950467,1.0,0.6401377779236055,0.6406456330774879,0.6404968320029791,0.6410049720134521,1.0,1.0,0.5066431669696196,0.7914610157076019,1.0,1.0,0.5973568961639233,0.9998764213157065,1.0,0.9323142853802897
1919,40.65205985148788,40.65049792448255,40.65097731480034,40.65070043608566,40.65084717104864,40.65086058915196,41.053429521904775,40.649469514952386,40.61011350921791,40.650279232369,40.649517203351905,0.999219341369963,0.9994588781155173,0.9993205232478406,1.0,1.0,0.9993938435674642,1.0,0.9994005485748824,1.0,0.9999416388788852,1.0,1.0,1.0,0.817111267163778,0.801189319151444,0.9805143452891064,0.9994859274155311,0.9999349302412764,0.9798391720723022
1920,58.13233722772938,56.36221392940095,58.13197961022331,55.961136120511924,58.131922107015214,58.131932946435825,55.81624071876524,56.36212994066375,56.97348320259934,56.36217663446192,58.12138528930302,0.4126887305794765,0.999821207232298,0.3376989186802145,0.8182896543020086,1.0,0.9997924611820777,1.0,0.9997978797822664,1.0,0.9999766683784432,1.0,0.31409862360282825,0.31415479220761394,1.0,1.0,1.0,0.9999580065131499,0.9999712488092747,0.560335564603989
1921,52.76332669755902,50.13050403410742,52.52435953929256,49.91379546582442,52.49275710352009,52.27912104701406,49.588846659051256,50.13859248964218,49.8842634854567,49.874915841845166,49.923345845992,0.2680956841648044,0.8873785792248358,0.24056484118269125,0.8973096375352714,1.0,0.8734671154304237,1.0,0.7849754580865305,1.0,0.8846004134697966,1.0,0.20448921991232644,0.2304419158855027,1.0,1.0,0.8805888019809551,1.0,0.9843229664090333,0.2713768566867965
1922,57.001364135330675,44.65610081635347,57.001952334283914,44.650612286894415,57.26345529783592,57.00136521102522,44.77358891621779,44.774948415459875,44.65625941439538,44.65061245352297,44.650614429561955,0.0020857398146683125,1.0,0.0020800238391222325,0.9972594973227814,1.0,1.0,1.0,1.0,1.0,0.9997064814556506,1.0,0.0022119349366704196,0.002211284503413957,1.0,0.9430228637247074,0.9423820621074585,1.0,1.0,0.00182970973087087
1923,56.10445601924084,40.11388510522988,55.28577012121494,38.77900285930778,55.28577027352301,55.28577018907862,43.68027240503258,40.11401993634857,38.77919115187342,38.778748854074024,38.77882687933683,0.0003370479149003322,0.6640864454738218,0.0001729122046305681,0.5130196538426877,1.0,0.6640864960466879,1.0,0.6640864680074975,1.0,1.0,1.0,0.0020050389196722826,0.0030192438549799007,0.16811176812222112,0.0862469465014088,0.5130333674124785,1.0,1.0,0.00026040054340460537
1924,31.252709664210585,29.22107700518012,31.25271280624696,29.22108028317055,31.252716718055268,31.252718838144915,29.84883264006325,29.218704864067433,29.218710928876703,29.22108385000365,29.218707964003983,0.3621067107511555,1.0,0.3621073042428081,1.0,1.0,1.0,1.0,1.0,1.0,1.0,1.0,0.49562359962313496,0.49562282099005694,0.7297422510083331,0.7297444638854725,1.0,0.9988146325473344,1.0,0.36167730238596496
1925,45.09053049734814,38.53568097369106,44.19733087844551,37.37331155474979,44.19733643410564,44.19733811499566,38.13576681307535,38.535681240754,37.37373349262717,37.37331188424548,37.37331150288935,0.03772528341011509,0.6397998989214644,0.021097315558717966,0.5592354424317258,1.0,0.6398016761793258,1.0,0.6398022138976787,1.0,1.0,1.0,0.030888175378972902,0.04827786848832314,1.0,0.6831665078179764,0.5593533614942807,1.0,1.0,0.032981731202291566
1926,63.5871315721798,63.5886328438383,63.58724505627089,63.58715356625868,63.58715234978774,63.587134525375774,64.90486018233133,63.59194348208001,63.62630132546792,63.58737235127737,63.592186550846066,1.0,1.0,1.0,0.9992606346755339,1.0,1.0,0.9992600268899596,1.0,0.9992511213184518,0.9999447360795497,0.9999904796038672,1.0,1.0,0.5186850862921988,0.5276725128961552,1.0,1.0,0.9999536478327227,1.0
1927,47.828060100544604,45.589483223006994,47.262056387827556,45.024716812071574,47.22252974580894,47.19180218995953,45.22644384015598,45.589455315548605,45.02475193789553,45.02406145308646,45.025112879021776,0.3265120452959038,0.7535183890581343,0.24618508590078036,0.7539846981071519,1.0,0.7387725565197969,1.0,0.7275089662337286,1.0,0.9654826966374154,1.0,0.2723116408309544,0.36138685503260565,1.0,0.9040722934741252,0.7540084615468015,0.9999860463681585,0.9804306931954653,0.3332411409886286
1928,42.5760166795998,42.57592895556928,42.48969057834722,42.252157154526486,42.490307413682444,42.489683443010875,43.345033391856646,42.39757608267993,42.38340785422875,42.30717488555317,42.30717590416546,0.9999561389466634,0.9577552147475372,0.8505009394709515,0.8505382449742791,1.0,0.9580506489332314,0.9580926718870145,0.957751797800835,0.9577938076461177,0.9999964323381908,1.0,1.0,1.0,0.6226761899735445,0.6182806682893648,0.9929409189640506,0.9146841757126756,1.0,0.9479535462944488
1929,19.210544325809025,18.568811184361607,17.19212871614397,16.426914513966494,17.214117737176394,17.49641685484974,17.453434950462565,18.56909759340502,16.805850901140985,16.44557150682823,16.428003365156144,0.7255200501473027,0.364507626404259,0.24862366635091662,0.34268338456041053,1.0,0.3685373210036985,0.5079629721175508,0.42440642409069584,0.5849685670361946,1.0,1.0,0.41538283597132075,1.0,1.0,0.7234006762370591,0.41411012167954775,1.0,1.0,0.8153535810716583
1930,57.160027706376894,45.133113784840845,56.85820162074958,44.99425111344101,56.8975421178844,56.92654176207935,43.76836839255532,45.13455137545955,44.80088140528625,44.799674834193326,44.816134363145295,0.002445619140855857,0.8599224718467513,0.0022815772554734995,0.9329241897718581,1.0,0.8770048168161982,1.0,0.8898138707210872,1.0,1.0,1.0,0.0012360559463784517,0.0014374039368036564,1.0,1.0,0.8463392584143364,1.0,1.0,0.002361802084284737
1931,56.72102599109351,52.296933341929275,56.238306058665955,51.72879666166526,56.21245325993297,56.20125716375196,51.72872724170179,52.297001890771554,51.72885621515374,51.72880643895715,51.72879680636396,0.10947639490786884,0.7855588008603362,0.08240454673929025,0.7527152022921355,1.0,0.7754697024158345,1.0,0.7711407139769121,1.0,0.9816460755482166,1.0,0.08240168652861742,0.10489563154072222,1.0,1.0,0.7527118168299731,1.0,0.9871567877115599,0.10626720845213089
1932,40.79609726125335,40.7959468307439,40.79610918247789,40.78294658226042,40.79609076102395,40.79609575133941,40.78636414666593,40.795922628938484,40.788452627326336,40.782926871505026,40.79708514168013,0.9999247875738714,1.0,0.9934462307451678,0.9935209558666682,1.0,0.9999967498905799,1.0,0.9999992450433134,1.0,0.9999932844533074,1.0,0.9951452652101642,0.9951393335527636,1.0,1.0,0.9962719656335185,0.9999878991705073,0.9999907893154464,0.9961882165121613
1933,36.14415081846312,30.960414865036626,35.32775621061151,30.80134862735875,35.327754086588186,35.327756685436356,30.765190287308116,30.960415081411895,30.801369609428093,30.801525839395993,30.801389089774005,0.07488003520106291,0.6648476888216108,0.06915526426619112,0.9235474326434272,1.0,0.6648469827459864,1.0,0.6648478466647296,1.0,1.0,1.0,0.06791622860230408,0.10215306414418034,1.0,1.0,0.923557021744933,1.0,0.9999989379889013,0.10401790423209901
1934,43.0102771537172,40.93107950763485,42.83926196099742,40.658554488213014,43.01021551078773,42.123304803616605,40.65945166743782,40.931077546194075,40.658566741927814,43.004457698839246,40.65854763328667,0.3535965082799949,0.9180461692185747,0.30855309830895483,0.8726135328933382,1.0,0.9999691790102432,1.0,0.6417951064580112,1.0,0.6990880502276875,1.0,0.3086915430738514,0.3362483864363863,1.0,0.9995576351172056,0.8726197350839424,0.9999990192800943,1.0,0.3085644990388441
1935,51.773209943353976,51.43543993760079,51.60505782693093,51.60574346772506,51.51351602281588,51.48295112314818,51.51149388987025,51.76665787853392,51.32177233841452,51.51200738629018,51.61167231017674,0.8446060250648654,0.9193613284574876,0.9196765583036794,1.0,1.0,0.8782298246925899,1.0,0.864910357729723,1.0,0.9407730464156863,0.9404505855026126,0.8773423246977676,0.954295441347071,1.0,0.9094995500669084,0.8005608214872487,1.0,0.9552607854042452,0.9085804502785839
1936,49.72594933258213,44.087013667641656,44.55124660851391,44.08702126620602,44.551384070276356,44.55124345088396,44.31392614878686,44.08701985502094,44.12975794836845,44.08703157165667,44.08701794438559,0.05963767149799675,0.07521900438758584,0.05963789807876994,1.0,1.0,0.07522417443371113,1.0,0.07521888563078913,1.0,0.9999984211862725,1.0,0.06680271257207278,0.8881095025913144,0.8927460233652349,0.9120284445366945,1.0,1.0,1.0,0.8099254594230005
1937,36.925660505640764,35.69260284213908,36.92568091698661,35.69262020918154,36.925685560176504,36.925682028937416,34.72863319668215,35.692572401526064,35.69261884796802,35.692612267057314,35.69260628050131,0.5398149778480535,1.0,0.539819665363226,1.0,1.0,1.0,1.0,1.0,1.0,1.0,1.0,0.33336621301777186,0.33336281080859975,1.0,1.0,1.0,0.9999847798093198,1.0,0.5398125355398478
1938,53.60219573319725,53.60221173034384,52.545201790890275,52.547967277559906,52.54384638267504,52.542109181977565,54.25086478941279,53.602227839059964,52.55422641583459,52.54616476599696,52.54879508173508,1.0,0.5894903251176898,0.5903060027421205,0.590301281155174,1.0,0.5890909604437825,0.589086248575402,0.5885794979904921,0.588574790213065,0.9984548904564022,0.9970752376841696,1.0,1.0,0.7230199418057651,0.42813394070331523,0.5921467942281606,1.0,0.999322525481945,1.0
1939,46.40807607254726,44.095503609200705,45.90789033671939,43.43331561243073,45.90789035415611,45.90785689781998,42.92753126252933,44.09550380641497,43.43332070574766,43.43331552092002,43.43332201785782,0.3146525604231637,0.7787284608255702,0.22596385411210948,0.7181376620874137,1.0,0.7787284676148049,1.0,0.7787154410230788,1.0,0.9999832806900654,1.0,0.17547259449230262,0.22533219641962882,1.0,1.0,0.7181394201274266,1.0,1.0,0.29017101462557093
1940,37.083397158528186,37.08343206801558,35.96284766790498,35.962880798028976,35.87729284815302,35.77345489031998,37.568407485337616,37.08851616001425,35.881904506614944,35.87733230983463,35.962896490511355,1.0,0.5710521483934574,0.5710616079860487,0.571051640339037,1.0,0.5471391314821019,0.547129581392142,0.519457056963964,0.519447990053303,0.9096490722000676,0.9096340039315942,1.0,1.0,0.7866706054920688,0.4303091008449591,0.5470003554738104,1.0,0.9581246354144184,1.0
1941,56.019045267590315,52.78231855642167,55.7168157034468,52.50051110201994,55.716814440548376,55.71717775337342,53.1458189176596,52.782221647903185,52.500500396682696,52.50069713274263,52.50056776331729,0.19822285407521134,0.8597490092229542,0.1721710046852248,0.868572927619629,1.0,0.8597484663352919,1.0,0.859904659343659,1.0,1.0,1.0,0.23773155193184684,0.27651273730075004,0.8337692155527074,0.7242205828981196,0.8686103653011851,0.9999515469146455,0.9999993685509883,0.20025634223837321
1942,44.68484021028402,32.88457712873864,41.9919761473202,29.673497462331795,40.75000438589237,40.75001546874904,32.88478266385866,32.884577691757585,29.673497040376986,29.673496587570497,29.673497134240137,0.002739084493779398,0.2601668738147922,0.0005499564998892306,0.2007811373246099,1.0,0.13981741135488296,1.0,0.1398181861451949,1.0,0.5374173279444057,1.0,0.0027393659972739484,0.010529265148583246,0.9998975192009791,0.20076046224131125,0.20078103844255907,1.0,0.5374143498930473,0.003933389829861427
1943,49.279476310909615,49.279702818471435,49.2007353831703,49.20118504844402,49.200736315541775,49.27945756283239,52.954180101895474,49.276033851796626,48.99985115827198,49.19897229865779,49.202199194747465,1.0,0.9613944812458665,0.9616106584030772,0.9615017585270276,1.0,0.9613949294343676,0.9612860539890558,0.9999906260053242,0.9998773796989618,1.0,1.0,1.0,1.0,0.15896469824177709,0.13846129210374278,0.8710191233348572,0.9981671982986848,1.0,0.9044370449315073
1944,36.5424587374863,33.95959380154267,36.54254337834766,33.959743992114625,36.542467628832156,36.54246348993715,36.53368221656183,33.95937278023064,33.95995756010757,33.95965731882697,33.95972252621755,0.2748767487975299,1.0,0.2748973915206656,1.0,1.0,1.0,1.0,1.0,1.0,0.9999600565925038,1.0,0.9956213538841467,0.9955792196512321,0.2760551213509806,0.2761358488923109,1.0,0.999889495450063,0.9999621259594882,0.27492552549842786
1945,48.45253208798525,42.80559422179755,48.452537406929366,42.80559203495628,48.452552375502734,48.452958091219216,42.75905790045323,42.80559478203131,42.80559214709464,42.805591577846826,42.80559260418329,0.05939953190131392,1.0,0.059399466952675485,0.9999989065799619,1.0,1.0,1.0,1.0,1.0,1.0,1.0,0.058033369726633886,0.058033215388713796,1.0,1.0,0.9999986825325361,1.0,1.0,0.0593988677523151
1946,25.586647618565905,25.58666553285238,24.90797669074226,24.90801064752202,24.907982081167034,24.908004799524292,27.700726386276557,25.587248030491537,24.91215451782702,24.908015969630412,24.908018637009775,1.0,0.712243477025208,0.7122555698753085,0.71224919012872,1.0,0.7122453966752369,0.712239017019771,0.7122534872438764,0.7122471075159422,1.0,0.9999970760054114,1.0,1.0,0.347587385024875,0.24801006865529698,0.7135186124132444,1.0,1.0,1.0
1947,62.83483273126825,43.78507767318379,62.82793100210088,44.635995712369834,62.826565314203606,62.40417706392947,43.102037816517225,43.791793874391516,44.644602530008655,44.635997677175794,44.63568623637056,7.301267300738448e-05,0.9965550828063243,0.00011173075998510836,1.0,1.0,0.9958748234804596,1.0,0.8062770720742276,1.0,0.8090642313556126,1.0,5.1889325808460706e-05,5.2068698162011334e-05,1.0,1.0,1.0,1.0,0.9993173891362341,0.000112677433500939
1948,49.996487287852176,48.860275089218845,49.56967143916253,49.56639459755377,49.56976829936235,49.569801904880876,49.9315140320941,49.95459499378285,48.895771120959296,48.38585379067678,49.556897602711416,0.566597502585151,0.8078265378840674,0.8065040617601033,1.0,1.0,0.80786566195139,1.0,0.8078792364376681,1.0,1.0,1.0,0.9680353944311472,1.0,1.0,0.595787359126263,0.5889512086241511,1.0,1.0,0.7139098470849311
1949,38.05387304081461,38.05479619276073,38.01580603911907,38.01632860325347,37.95630563126704,37.95630723615645,38.098937107185805,38.05433655070607,38.00867672167968,38.01631732153601,38.01632304091504,1.0,0.9811464924529435,0.9814028819302453,0.9809499944690778,1.0,0.9523871042062012,0.9519476066404062,0.9523878684444945,0.9519483705260269,0.9706887562360335,0.9704351658019554,1.0,1.0,0.9779465348933508,0.9558730259908184,0.9774287160750156,0.9997702053794969,0.9706879773122955,1.0
1950,49.13827312872428,49.138037720620986,49.13828562123098,49.13890394248949,49.13874600186304,49.138320027348726,46.43745574689797,49.137335047925376,49.091915921423265,49.13762328142468,49.13735110985644,0.9998823028752034,1.0,1.0,1.0,1.0,1.0,1.0,1.0,1.0,1.0,0.9997080850450812,0.2591343331543174,0.2591327145406762,1.0,1.0,0.9775463579336783,0.9996487253635824,1.0,0.9768569646963083
1951,40.8347691960403,39.623312289197656,36.55223592448564,36.554820120214515,36.55233010671341,36.76441207239591,36.55584122756008,39.62281862066044,36.922410433096275,36.55482182255915,36.55482052582036,0.5456767817058181,0.11750591152912213,0.1176578387977801,0.21561818780336361,1.0,0.11751144514367515,0.2153499087432809,0.1306571500421496,0.23944055239753387,1.0,1.0,0.11771792477676345,1.0,1.0,1.0,0.2591873567194931,0.9997531961924632,1.0,1.0
1952,41.70721199373338,37.372888595557214,41.70629468014255,37.37288970163593,41.7063984773236,41.70629788333653,37.44381170284771,37.37289720588737,37.37678349734577,37.372890494936655,41.632589431489066,0.11450214768516431,0.9995414483715325,0.11450221100937594,1.0,1.0,0.9995933245100143,1.0,0.9995430492353915,1.0,1.0,1.0,0.11863542482080978,0.11868985024492218,0.9651639955756969,0.967041273192982,1.0,1.0,1.0,0.11477202723491858
1953,59.11100078449391,51.702720500980774,58.870387929164735,51.36501299869835,58.85354836977464,58.83467865947205,52.23107586474279,51.77962501186164,51.340127872517115,51.47775117624616,51.478710774113125,0.024621379164100815,0.8866487013947957,0.02079601508881125,0.8446324208813157,1.0,0.8792146550964333,1.0,0.870958401701273,1.0,0.9823038147252232,1.0,0.03206588906273217,0.03616526930258738,0.7979371640372569,0.6405205997928313,0.8027206008954915,1.0,0.9916155673755933,0.02336046422372119
1954,32.30102908443109,28.489039414982045,28.253578293017142,28.250184645538127,28.031418954422037,27.792849843279555,27.87734568152564,28.491153326393828,27.963073055743507,28.02803141027951,28.152262545335958,0.14867466230964577,0.13216219037224056,0.1319381245839871,0.8874284463427841,1.0,0.11826764263209774,0.7954794771000109,0.10496906192495033,0.7060319512031614,0.7942442663011289,0.7955931028724819,0.10949879860246828,0.8285183401853448,1.0,1.0,0.767942717407512,1.0,0.8948674526276521,0.9664043511893832
1955,31.5212342746363,30.909435185602632,29.43372748141138,28.737999119314736,29.4380787944105,29.438019744829745,30.699599206209598,30.909434754602216,29.133280056435098,28.738000199620814,28.73799872915461,0.7364605972454299,0.35213051297312326,0.24867273166734022,0.3376592482984781,1.0,0.35289746201867633,0.47918037073349506,0.35288704294889656,0.4791662232423478,1.0,1.0,0.6631079150700765,1.0,1.0,0.45695992888959125,0.4114460599106544,0.9999997844998153,1.0,0.8586452959542985
1956,46.52196431628792,46.52200297184277,46.52198490151562,46.5219932049076,46.52197039512794,46.52196797140482,46.56531011833792,46.52200926237478,46.51886548891028,46.52199351102965,46.52199875052449,1.0,1.0,1.0,0.9999951165443418,1.0,1.0,0.9999837117752397,1.0,0.9999824999341544,0.9999915349804269,0.9999873833281997,1.0,1.0,0.9785822602424221,0.9770452480921089,0.998429348034643,1.0,0.9999927468324614,0.9984487513231433
1957,30.10021946960154,30.1033007207362,29.646095219647037,29.645797127051765,29.645790205151457,29.645785126132296,30.514361100759743,30.100283254878605,30.102109475307174,29.64579718204621,29.645803582690718,1.0,0.7968712751424996,0.7967525132799747,0.7955259610586417,1.0,0.7967497557640129,0.7955232077877088,0.7967477324129442,0.7955211875514664,0.9998449652617565,0.9999939995582683,1.0,1.0,0.8129880054879055,0.8137306921656006,1.0,0.9984924046365613,0.9998475043808488,1.0
1958,59.574240603922874,59.3268060361882,59.018617849639014,58.761108025799956,59.01861833211632,59.01861887729777,59.466714350213806,59.32680633441939,59.374847172325246,58.761068140934896,59.01504141801249,0.8836296219219397,0.7574396784778378,0.6659329500826426,0.7536335740241532,1.0,0.7574398612015869,0.8571915680623251,0.7574400676726961,0.8571918017248281,1.0,1.0,0.9476565543067602,1.0,0.9324367036445039,0.9551053896417995,1.0,1.0,1.0,1.0
1959,55.619822672750786,51.910592485867596,55.61978509287641,51.91059440597485,55.61979638413635,55.61978987875753,51.20075592526078,51.91059791903706,51.910602609813765,51.91059958619334,51.910601488660916,0.1565131740296502,0.9999812102393432,0.1565133242907626,1.0,1.0,0.9999868557791682,1.0,0.999983603137802,1.0,1.0,1.0,0.10975184966326977,0.10975391191300579,1.0,1.0,1.0,1.0,1.0,0.1565160235783073
1960,65.82488247986197,65.8245783622896,65.8248166237924,65.82457778178153,65.82639765322739,65.82559683383377,65.95490025218717,65.82568362438545,65.79642430090232,65.82516758721152,65.82434965512567,0.9998479527741665,0.9999670725073376,0.999847662564305,0.9999997097460062,1.0,1.0,1.0,1.0,1.0,1.0,1.0,1.0,1.0,0.9374345715676565,0.9238200516136645,0.985476831805739,1.0,1.0,0.9851250651618708
1961,45.20387249410402,45.204176524174784,45.20176825867995,45.197994774944476,45.20169531362768,45.20163957763907,44.99177514732256,45.1993753418144,45.06434072920709,45.19799465026787,45.199279007163426,1.0,0.9989484355697485,0.9970654546407126,0.9969138972201418,1.0,0.9989120020612413,0.9987601639590334,0.998884164775143,0.9987323309042996,0.9999356615493683,1.0,0.8993808710939908,0.9003276235985399,1.0,1.0,0.9347115440742367,0.9976022879344966,0.999963528138981,0.9336279204718982
1962,36.14478544557838,33.00068786659716,33.84062191399428,30.416350182492806,36.14480774052487,36.14529060257837,35.262448945898484,33.00069037570722,33.000688876057296,33.00068635555243,33.775907115541145,0.20761937791461316,0.31597829142030665,0.05702773038067278,0.2746744111916487,1.0,1.0,1.0,1.0,1.0,1.0,1.0,0.6432844649591246,1.0,0.32274934293322954,0.32274910092780634,0.9999992501753181,1.0,1.0,0.20761716828665364
1963,49.44705533111872,47.7982544727455,49.44704914503123,47.798253190554846,49.44700022387363,49.44702209670936,47.72302090424856,47.79825531167265,48.69830116415798,47.79825385295763,47.79825402949348,0.4384978241610702,0.9999969069610388,0.43849754304225486,0.9999993589048793,1.0,0.9999724467570531,1.0,0.9999833829333861,1.0,0.9999864759305168,1.0,0.42230933445646524,0.4223106406797307,1.0,1.0,1.0,1.0,0.9999755397203577,0.6877364853773612
1964,51.92247956194174,45.38261550476892,51.81216647730787,44.428505596377846,51.05564415273122,51.63129149371255,45.703663542854144,45.382658900786794,44.56795691231926,44.88739522802564,47.790132068722244,0.0380090105135471,0.9463369945719167,0.023588712086753044,0.6206084233196655,1.0,0.6482896416723702,1.0,0.8645085929515642,1.0,0.9135314353240854,1.0,0.04462736649697845,0.04715800687593961,0.8517158467084949,0.5667407475003863,0.6654105940268562,1.0,0.6850515676665792,0.03901365288241533
1965,66.03320345729449,63.879789768289555,65.89468956363564,63.879788149437104,65.89466748552621,65.89468507984017,63.6068841482338,63.879793984939454,63.879785230045115,63.87978534374048,63.60686701241838,0.34071570997539263,0.9330868955541924,0.34071543419127315,0.999999190574102,1.0,0.9330765952137543,1.0,0.9330848036711421,1.0,0.9999977581047808,1.0,0.2972565659923656,0.31857329409370244,1.0,1.0,0.9999956225624118,1.0,0.999988961006218,0.36515216285392815
1966,56.5778015985685,56.25399074910746,56.49195082996411,56.171166742510195,56.46753378541774,56.46415501802346,56.03423477986425,56.25399176824581,56.14361333491516,56.14360639845191,56.143607380365154,0.850521639049827,0.9579828679604901,0.8160191729521674,0.9594337586328733,1.0,0.9463584158539954,1.0,0.9447610030760725,1.0,0.986198224074125,1.0,0.7620192894689901,0.7954414582499798,1.0,1.0,0.9463060741324174,1.0,0.9878656993822418,0.8504750312981555
1967,36.80734293388434,36.80890171932194,36.80736897244856,36.80853529173825,36.807455155365346,36.80721902341949,40.40875017575516,36.80733003375542,36.81814889594301,36.807265534799484,36.8073299712909,1.0,1.0,1.0,0.9998168029907791,1.0,1.0,0.9992769795270633,0.9999380466867606,0.9991590058827252,0.999925028295986,0.9993420823634028,1.0,1.0,0.16518155593680597,0.16607751531207202,1.0,0.9992144659103144,1.0,1.0
1968,50.11925163757397,50.11921753134229,50.11929604141977,50.11918335306086,50.119253141725835,50.11927504246188,51.418793295982255,50.119115669484074,50.111977229664035,50.11920249954244,50.11943349566627,0.9999829470295633,1.0,0.9999658583262876,0.9999829110053062,1.0,1.0,1.0,1.0,1.0,0.9999895005761726,1.0,1.0,1.0,0.5221299304056426,0.5202696557020641,0.9964371421838751,0.9999490703678516,0.9999785503830775,0.9963686533138768
1969,60.98502283144822,51.56391284603333,60.985271638787054,51.56391349700215,60.98502664674254,60.985174333189946,51.61675686259608,51.56393126196903,51.56393183446363,51.56391381061465,51.56393135229328,0.008999781383101499,1.0,0.008999784312390485,1.0,1.0,1.0,1.0,1.0,1.0,0.9999513483849738,1.0,0.009240743008130685,0.009239593497295496,0.9739329667822074,0.973933245567929,1.0,1.0,0.9998775114800742,0.008999849660813842
1970,45.01463264233331,42.48954502222412,43.97965329196751,41.44451125665759,43.97965350609809,43.97965461505467,43.32318174753698,42.48949368873696,41.44354884435296,41.444160743222255,41.44449546506132,0.28293338151571795,0.5960148624787063,0.16778687722941327,0.5930260909142394,1.0,0.5960149262912138,1.0,0.596015256768643,1.0,1.0,1.0,0.4292458499479529,0.7201931981407401,0.6591237158487708,0.39069954105635035,0.5927560056813252,0.999974333585806,1.0,0.2813791218595534
1971,27.730022430155827,27.730278215470065,27.365819386759853,27.365835446227294,27.36580415137206,27.365803119653833,27.661735894450317,27.730030009070788,27.36949113477806,27.365835852246107,27.3658409183561,1.0,0.8335167160878872,0.8335234090320403,0.8334168143249738,1.0,0.8335103666368708,0.8334037735977243,0.8335099366630628,0.8334033436789032,0.9999918664800674,0.9999838368438948,0.9664330359327966,1.0,1.0,0.8640519541774426,0.8350451889051385,0.9998759045008448,0.9999923823351184,1.0
1972,63.85330671196411,63.041365364830995,61.943129757592686,61.167434098805984,61.95366649537334,61.943170796599475,61.93046862075508,63.04140964967337,61.11954559616407,61.16751332585511,61.16831962873411,0.6663297082121931,0.3847780989635522,0.26107793712005173,0.3918149437168894,1.0,0.3868106012144987,0.5805093131031741,0.38478599450006573,0.5774708672865154,1.0,1.0,0.3823499288398493,0.9936894274122062,1.0,0.6666690638794178,0.38253618581408694,1.0,1.0,0.6589810835941226
1973,56.17173730074805,47.51988956553748,56.1717959825275,47.51988821531859,56.17177763795485,56.17215040749937,47.51905477935907,47.5198896734982,47.51988818656673,47.51988817504045,47.51988817611857,0.01322132969418998,1.0,0.013221320768348406,0.9999993248907805,1.0,1.0,1.0,1.0,1.0,1.0,1.0,0.013215812354075403,0.01321542459607111,1.0,1.0,0.9999992565345429,1.0,0.9999908277557392,0.013221053925397517
1974,46.054484776365314,45.5981150260871,46.05448850408217,45.59811319738321,46.054489857133035,46.011616802503596,46.64577055357492,45.59162968892994,45.88788737653752,45.597611411685904,45.59118973869457,0.7959770898566247,1.0,0.7959763620537584,0.9999990856484745,1.0,1.0,1.0,0.9787940885383782,1.0,0.9787922642064659,1.0,1.0,1.0,0.5903318560525354,0.6845855991573553,1.0,0.9967625831930573,1.0,0.9200739421212644
1975,53.63307653264019,39.63146141318313,53.633098006187595,39.322826103480196,53.63307159436377,53.63303594957219,39.441595503034904,39.631439555666105,39.32100152451855,39.32296650705845,39.32253838258916,0.000911145863665088,1.0,0.000780851775225781,0.8569997476417233,1.0,0.9999975308648389,1.0,0.999979708671872,1.0,0.9999689721736702,1.0,0.0008286269411392613,0.0008286180444070713,1.0,0.9414848811629803,0.8562276297608109,0.9999890713012054,0.9999867941752852,0.0007801416634821538
1976,44.07882330512402,42.503134955883894,43.15947586815824,41.255396953579975,43.159769762690615,43.15941535925319,41.25539476386834,42.503126853159586,41.258231896308246,41.255373777949615,41.255373180268975,0.45482426080955407,0.6314896552992751,0.2437253808680829,0.5358671510492199,1.0,0.631582457796117,1.0,0.6314705502144868,1.0,0.9999697460051359,1.0,0.24372511402407762,0.38595266284856494,1.0,1.0,0.5366294400599197,0.9999959486460526,1.0,0.3864437597477861
1977,37.98894962542329,36.318771281578904,37.9889815791243,36.3187559830952,37.98897457311364,37.988949066434145,36.75005024189102,36.31875597381554,36.31875554027923,36.31878147066851,36.31878634614077,0.43383579373644554,1.0,0.4338324752342273,0.9999923507874039,1.0,1.0,1.0,0.9999997205054676,1.0,0.9999837437870565,1.0,0.5382405543183072,0.53823195499813,0.8060196686048232,0.8060194938854439,0.9999997832318663,0.9999923461476096,0.9999964970008044,0.43382696765608453
1978,50.53724301366492,46.90523324326662,50.477788315342394,46.82214426122357,50.53718426145875,50.53732770148963,49.80110999362188,46.90477225278937,46.89784964067587,46.82315250934113,46.82167890486153,0.16267435717505577,0.9707101624111802,0.15605459325026996,0.9593066538590214,1.0,0.9999706243283875,1.0,1.0,1.0,1.0,1.0,0.6920711504908663,0.7129534409857285,0.23500021018919923,0.23418820864196205,0.9965446773575929,0.9997695313233613,1.0,0.16207966418522793
1979,39.98425961499325,38.71741680004243,39.984260983868836,38.71742387945196,39.98427422951721,39.984260561195725,37.88179140414928,38.717416884488074,38.71743187006456,38.71759577148674,38.717418236364125,0.5307727011530453,1.0,0.5307745799350293,1.0,1.0,1.0,1.0,1.0,1.0,0.999999788663467,1.0,0.34950615540846197,0.34950591619332205,1.0,1.0,1.0,1.0,1.0,0.5307728220360552
1980,57.29319822155753,55.006797665851735,57.29318674633012,56.47105912960194,57.29319720819316,57.29318556235006,55.01115009771195,55.0067983596993,55.00679919067795,55.00679849696138,56.47107564330392,0.3187971480959177,0.999994262402755,0.6629408251295819,1.0,1.0,0.9999994933179441,1.0,0.9999936704162965,1.0,0.9999994080101449,1.0,0.31949167497420294,0.31949350809927474,0.9978264964806698,0.997826911067013,1.0,1.0,1.0,0.31879755268013454
1981,47.9881548299756,45.948104886935766,47.98649085822103,45.948107009701346,47.986478436690675,47.9864799324946,45.953428960642896,45.948105072333675,47.67498434740352,45.94810706295942,45.9481071950878,0.3605859356817763,0.9991683601270028,0.3605863184016858,1.0,1.0,0.9991621545462149,1.0,0.9991629018218324,1.0,0.9999945371517072,1.0,0.36154710750123426,0.3618480347549021,0.9973415956770895,1.0,1.0,1.0,0.9999937892541082,0.8557756360253506
1982,48.18361746172911,47.204766602076745,48.1836197238687,47.20476843008694,48.183624249268746,48.18362311278648,46.22913759933857,47.26446051996041,47.20452271419876,47.263175603193815,47.20439627378471,0.6129784921810237,1.0,0.6129790524467471,1.0,1.0,1.0,1.0,1.0,1.0,1.0,1.0,0.3763484141797266,0.37634798850364387,1.0,1.0,0.9704757120781484,1.0,1.0,0.612901667675869
1983,30.66669279090354,24.924390970271077,30.666711232961802,24.924390888645092,30.66670460566229,30.66673274060102,24.99353903324692,24.924390973559326,24.9404304395062,24.924390889992992,24.924390893276325,0.05663370873746965,1.0,0.056633706426078595,0.9999999591870088,1.0,1.0,1.0,1.0,1.0,1.0,1.0,0.058626006798480366,0.05862546620885624,0.96601682296483,0.9737951683700492,1.0,1.0,0.9999966863557338,0.05708938491153878
1984,60.07165790698784,53.875319525499435,59.96880409720379,53.87531730187649,60.07165412244569,60.071668837118295,53.51185931296587,53.87531983294116,53.875315624857876,53.51185183488431,53.511851554120824,0.045131754435729136,0.9498730784999604,0.04513170425775473,0.9999988881891467,1.0,0.9999981077307181,1.0,1.0,1.0,1.0,1.0,0.03763204627591032,0.03961797331422306,1.0,1.0,0.9999978959605721,1.0,1.0,0.04513175181584408
1985,29.820970026517955,28.068229831940755,29.820973302671234,28.068230850028556,29.82097619693195,29.820975294862308,29.050474316075906,28.068299804993103,28.068305346230687,28.06823539789812,28.068300615551777,0.41629126923672544,1.0,0.41629148114731096,1.0,1.0,1.0,1.0,1.0,1.0,1.0,1.0,0.6802820038608217,0.6802808895076755,0.6119606747117032,0.6119623702237973,1.0,1.0,1.0,0.41630570311201287
1986,43.39062956606176,39.40375187795652,40.99124188674915,36.60264897300766,40.99133983489719,40.991368607808084,39.728614010483426,39.40396387017111,36.60249106152608,36.60283049340396,36.602475266023674,0.13622615852503825,0.30128643975317326,0.03357443728925275,0.24646101492380992,1.0,0.3013011953388924,1.0,0.30130553002629573,1.0,1.0,1.0,0.1602519879764292,0.5318924678711543,0.8501647964135209,0.20949372874096156,0.24641543571872812,1.0,1.0,0.1114226794273869
1987,52.12700749317352,52.12646696824939,50.35344696469619,50.353476296512554,50.35344791984818,50.35346572294924,50.37693407491233,52.126494027911946,50.35490214969087,50.35436923643081,50.35356687392502,0.9997297740555426,0.41198008662356156,0.4119861287299911,0.41209748816293856,1.0,0.4119802833754084,0.41209164122836206,0.41198395065504023,0.4120953094992559,1.0,0.9999947132323173,0.4168467173170569,1.0,1.0,0.9890444909171605,0.41238580862353524,1.0,1.0,1.0
1988,22.11549552887587,22.115527428596323,22.115514464487404,22.117407543241654,22.115500078212023,22.115499189893143,24.138933128183794,22.115754044019468,22.140452794025634,22.11553075660848,22.115754274788685,1.0,1.0,1.0,1.0,1.0,1.0,0.9999863249013548,1.0,0.9999858807480875,0.9999923627320334,0.9990462784075528,1.0,1.0,0.36364049805852755,0.3681590743055509,1.0,1.0,0.9999928068881797,1.0
1989,50.944924341058794,51.725663983865786,50.94493303494369,51.72439840457898,50.944943967776254,50.944936641917764,48.54064584285533,50.944929772934586,50.945477967706324,50.94495196014512,51.7239499420356,1.0,1.0,1.0,0.9993674105257381,1.0,1.0,0.6768131724465629,1.0,0.6768106933323405,1.0,0.6772391076634068,0.3005505711643297,0.30054926469113413,1.0,1.0,1.0,0.6768083688356986,1.0,1.0
1990,44.51985829240306,43.71255184406709,43.629632421197925,42.75875466291416,43.62965130553641,43.62997934963391,42.78993989284845,43.71255230277839,43.25851086939659,42.758768068631895,42.758754251175674,0.667875684262478,0.640751908243093,0.41455409149415234,0.6207054714859643,1.0,0.640757958359617,0.9593970456750396,0.6408630654124017,0.9595544208501826,1.0,1.0,0.4210687319748936,0.657147839215089,1.0,1.0,0.7969042728996303,1.0,1.0,0.83063050826203
1991,52.53060676519067,52.530560667204384,52.4408903203429,52.44089962904806,52.53073614061387,52.53054865666374,55.34428814458016,52.53059901456692,52.632528748637185,52.44113722500441,52.44092083593597,0.9999769512724834,0.9561330304474978,0.956137480638091,0.9561595188983044,1.0,1.0,1.0,0.9999709461586066,0.9999939947477097,1.0,1.0,1.0,1.0,0.24491487813117827,0.2577204785195304,1.0,1.0,1.0,1.0
1992,42.93963492324664,42.93969584732784,42.27528223750281,42.274817377958954,42.27529595937918,42.27531801652478,44.451210829297935,42.93723423072899,42.248777162461806,42.27485907702058,42.27456251538854,1.0,0.7173608102344937,0.7171940936006866,0.7171722467378421,1.0,0.7173657320195534,0.717343879928332,0.7173736435833797,0.7173517912511597,1.0,1.0,1.0,1.0,0.4690770214006169,0.3324662813779726,0.7087669321026675,0.998769948834449,1.0,0.9868281201234401
1993,62.952610145483106,59.21734069981363,62.77254746103088,58.926970822448965,62.77255536140353,62.7725559347505,58.92698148910131,59.217340309024536,58.92703477193328,58.92697262900023,58.92697089361397,0.1544886384583533,0.9139025410822572,0.133611404096732,0.8648623318196349,1.0,0.9139061511747082,1.0,0.9139064131674054,1.0,1.0,1.0,0.13361211669183054,0.1461995242223586,1.0,1.0,0.8648901550066166,0.9999998046054706,1.0,0.14620284170697764
1994,41.272949381212754,38.609978537677875,41.27319585137178,38.61187934597183,41.27320486897065,41.2729681266849,38.60984899979212,38.609876535820945,39.82725708306552,38.61187940771893,38.61187943963216,0.26408469265608353,1.0,0.2643357991505625,1.0,1.0,1.0,1.0,1.0,1.0,0.9998861441386306,1.0,0.26406758872361796,0.26403504833842434,1.0,1.0,1.0,0.9999490003720599,1.0,0.48530685715225375
1995,56.96117817052536,47.59741716683101,56.96118898196258,47.59741287331326,56.96122713783453,56.96123836754359,47.57160556116736,47.59741723067782,47.59741387187324,47.59741518838359,47.597413134307715,0.009261581080659765,1.0,0.009261561198299729,0.9999978532434305,1.0,1.0,1.0,1.0,1.0,1.0,1.0,0.009142820937203385,0.00914277151381968,1.0,1.0,0.9999983205991219,1.0,1.0,0.00926133906821047
1996,53.321476804946826,51.481939932780165,52.07443490779181,49.99333137453405,52.07438931775977,52.07551670624704,49.995501414336246,53.2941351167334,49.9946262070917,49.9936235179388,49.99333100185052,0.39861133440002344,0.5360536934521054,0.1893661729658336,0.47506469742226787,1.0,0.5360414742388435,1.0,0.5363437229121385,1.0,1.0,1.0,0.18957175053980732,0.35364321308746827,1.0,0.9995624921122263,0.19209707134002418,1.0,0.9999772052437821,0.35349654925994906
1997,42.64551963101317,42.63910705332455,42.64552046342067,41.12873066536872,42.645522982885325,42.64563861024732,41.43484310955739,41.128734624029875,41.56472147431188,41.12873242931414,41.128735306455866,0.996798845810571,1.0,0.4684178765631082,0.46992216988594426,1.0,1.0,1.0,1.0,1.0,1.0,1.0,0.5458897423441549,0.5458895151428459,0.8580831757460246,1.0,1.0,0.46992310001818427,1.0,0.58251476030337
1998,36.77726024165747,35.93743164606528,36.77731245919898,35.93878607487244,36.77724655260786,36.77730568867281,35.13635839902585,35.88139397332739,36.07673629196648,35.04812881025953,35.88139623258169,0.6571031325886121,1.0,0.6575482830087643,1.0,1.0,0.999993155498619,1.0,1.0,1.0,0.999996614742645,1.0,0.44023309925458676,0.4402216054595648,1.0,1.0,1.0,0.9723700507077185,0.9999670472473949,0.7045083253530424
1999,46.76640574868995,46.7668204970405,46.7664121169648,46.76566787923446,46.76641663665242,46.76641066809742,45.49722713302222,46.76716145088318,46.68577029729576,46.765957769688924,46.76669317139451,1.0,1.0,0.9996311333203022,0.9994238571310576,1.0,1.0,0.9997980901924914,1.0,0.9997951065219978,0.9999992755665725,1.0,0.5301531733688913,0.5301514852910179,1.0,1.0,0.9601213686888994,1.0,1.0,0.9604789913046962
2000,46.197137974859885,44.19205637430508,43.92736160539479,41.62774767708453,46.197141271470514,46.197140361327286,46.613399390166904,44.1920489386583,44.19204883453875,44.19206732724953,41.62618606647635,0.3669459194336175,0.3214580632442438,0.10180509277194848,0.2774389559341199,1.0,1.0,1.0,1.0,1.0,1.0,1.0,1.0,1.0,0.29799599691017203,0.29799598139656786,0.9999999479402262,0.9999962821835215,1.0,0.3669439312568504
2001,41.864422667934036,41.44794966152466,40.10405295454166,39.62098961155374,40.104053376741945,40.10405499149982,41.437551124767595,41.44794605041761,39.62100149480676,39.620993587282726,39.620987969374966,0.812014969857995,0.41470624336943596,0.32572020656942824,0.4011258642514808,1.0,0.4147063309139928,0.5107126670171074,0.41470666573928516,0.5107130793559249,1.0,1.0,0.8078040424591005,1.0,1.0,0.4032192521486223,0.40112897185780544,0.9999981944481064,1.0,0.7854284287512966
2002,38.966407767691294,33.925269064720965,37.54584980026971,32.65333266257849,37.54589191594343,39.54369700836571,32.65327836320117,33.92526669959909,32.65864283942199,32.65332156094172,32.65333624965061,0.08041380999139708,0.4915070558693919,0.042572892584421713,0.529422652514242,1.0,0.49151740605376637,1.0,1.0,1.0,1.0,1.0,0.0425717367593328,0.08661470115425032,1.0,1.0,0.5308308119422334,0.9999988174397629,1.0,0.08684550545808083
2003,22.414390861553954,22.410411998167433,22.414980873557056,22.41607464302848,22.414422887406204,22.414396099844794,24.20624871665848,22.362628542247677,22.138188899932914,22.410244082378256,22.36250071700968,0.9980125459143145,1.0,1.0,1.0,1.0,1.0,1.0,1.0,1.0,0.99970765588474,0.9991610804980526,1.0,1.0,0.39779833933042696,0.3555711502682962,0.8938477492560492,0.9763914199260713,0.9997210458395228,0.8709967846162285
2004,46.35769825582946,44.09446119044944,46.25143003173983,43.97065076320675,46.357021938235675,46.25143085124,43.573539204758276,44.09443647974754,44.09447796854104,44.09447925399692,44.09280393509104,0.32251083942531167,0.9482528318279809,0.3031511520185833,0.9399719791085909,1.0,0.9996618983723485,1.0,0.9482532203747401,1.0,1.0,1.0,0.24855788435620096,0.26212195314729203,1.0,1.0,1.0,0.9999876447253803,1.0,0.32262262422923327
2005,54.23102393818505,38.32189750605767,54.23105934070844,38.32192502256146,54.23105177284805,54.23103508042925,36.94422762882479,38.32181063977413,38.32247324090412,38.32184789293137,38.322062972421804,0.0003510565571266615,1.0,0.00035106138708443,1.0,1.0,1.0,1.0,1.0,1.0,0.9999878699339748,1.0,0.0001762868333287906,0.0001762837128570383,1.0,1.0,1.0,0.9999565678014359,0.9999962160769623,0.00035115274227705067
2006,46.782436955402716,39.626891344600466,46.02287261152159,38.642570437782155,46.7824420355291,46.78264155795193,39.6026862113371,39.626895609596176,39.626895091902554,38.64257043989667,39.62689530495808,0.027937852048444945,0.6840103896415191,0.01707852831074659,0.6113042721083917,1.0,1.0,1.0,1.0,1.0,1.0,1.0,0.027601770161407174,0.04035285220722001,1.0,1.0,0.9999997411532229,1.0,1.0,0.027937833430327144
2007,42.094717435900975,41.59305537546925,40.724443414506595,40.253654931833466,40.72445746738671,40.72451936043825,40.25349224698877,42.09218942324023,40.56455757378171,40.253651371064024,40.25365142903553,0.7781538449383346,0.5040211685521823,0.3983073832602511,0.5118619998489053,1.0,0.5040247100391537,0.6477185884484007,0.5040403080941827,0.6477386333985482,1.0,1.0,0.39827498529054006,0.7901949563638334,1.0,1.0,0.4658852477104606,1.0,1.0,0.923162552467808
2008,42.926384796911066,41.288326503670135,42.926481999121506,41.28848468249933,42.926392423585725,42.92630446828895,41.79382782977305,41.28916928207252,41.32424014675934,41.28826491748217,41.28713632919974,0.44085945669923077,1.0,0.44089432539443496,1.0,1.0,1.0,1.0,0.9999598364955159,1.0,0.9999112385232535,1.0,0.567633971948825,0.5676063849808118,0.7769888538317501,0.7907338493251265,1.0,1.0,0.9999552132350662,0.44884568404353975
2009,53.66661617241709,51.6203297961018,51.36401586029291,50.28512243052549,51.36401584891291,50.40166566103082,49.20914884957989,51.642657206512894,49.62330614525882,50.2851127092876,50.285110589921885,0.35946330183521075,0.3162253596702313,0.18438176317276656,0.5129362642345421,1.0,0.3162253578709098,0.8797152762366752,0.19544519805771912,0.5437139119901518,0.6180566867297892,1.0,0.10766468378889381,0.34046821513989123,1.0,1.0,0.36433717665007564,1.0,0.9999999943100022,0.41880290989897684
2010,32.781404640427525,32.475618512448875,32.78140754452758,32.475621103063986,32.78140833927617,32.7814058339664,33.52509028124922,32.474272524604174,32.474276233037244,32.47562179691727,32.474275406016545,0.858221491687151,1.0,0.8582226033486534,1.0,1.0,1.0,1.0,1.0,1.0,0.9999991447197762,1.0,1.0,1.0,0.591313539643566,0.5913146360679252,1.0,0.9993272324872657,1.0,0.8576441122588266
2011,44.839624381314394,36.956018937691084,44.83962723190962,36.956015442178966,44.83962684217079,44.839624844841524,36.784015365730085,36.97493670639818,36.97493153171007,36.95601348520714,36.974933532649715,0.019413186606946953,1.0,0.019413152677462082,0.9999982522454683,1.0,1.0,1.0,1.0,1.0,0.9999988064666655,1.0,0.017813396225728122,0.017813370836355105,1.0,1.0,0.9999974126592909,1.0,0.9999998051306042,0.019597610073019786
2012,53.28514835495352,52.70445445334221,53.285150002227596,52.70445604336595,53.28515664456884,53.285155090575216,52.288254129940015,52.70485930344768,52.794712178399806,52.70446350397148,52.70486087328018,0.7480040019618046,1.0,0.7480045966341022,1.0,1.0,1.0,1.0,1.0,1.0,1.0,1.0,0.6074732652791486,0.6074727649418739,1.0,1.0,1.0,1.0,1.0,0.7825306147245634
2013,51.1735538049937,51.17315665332245,51.026874009190834,51.02825673019407,51.02688353623586,51.173097364981004,51.70920286468095,51.173143498816444,51.030746444715305,51.02820817929944,51.026912990978076,0.9998014438792507,0.9292849143470754,0.9299276073722924,0.9301122868598325,1.0,0.9292893410272277,0.9294738937579101,0.9997718060338556,0.9999703562686606,1.0,1.0,1.0,1.0,0.7648850767339868,0.7123198720332842,0.9312769901000647,0.9999934227686265,1.0,1.0
2014,40.688061738153266,40.688582341746326,40.68806521635767,40.68859055420097,40.68807046841266,40.68807097032226,39.979435663955655,40.68934018147931,40.69147522958164,40.68859187705374,40.689346009852244,1.0,1.0,1.0,1.0,1.0,1.0,0.9997440960821625,1.0,0.999744346972772,1.0,0.9997402418036472,0.7016552888374459,0.7016540685882486,1.0,1.0,1.0,1.0,1.0,1.0
2015,44.49242267898097,44.46987117666683,43.57269638097995,43.541067486294736,43.564463548906446,43.56036005089197,45.711715347856995,44.47675503962404,43.57659849023,43.532966849055526,43.5411517797416,0.9887875818590555,0.6313700432164457,0.621463812157838,0.6285109396190044,1.0,0.6287764033581871,0.635906452401032,0.6274876345639782,0.6346030695331104,0.993850819033654,1.0,1.0,1.0,0.5393016839790012,0.3438470203473107,0.6375782434246935,1.0,0.9958920447903329,1.0
2016,45.61642309425082,45.29903660985076,45.61606742723859,45.29904202889884,45.61608213844096,45.616062515324984,45.44687497383495,45.29903600190141,45.29904559125242,45.299046641317545,45.29904067185075,0.8532580623933222,0.999822182305326,0.8532603743196865,1.0,1.0,0.9998295366256018,1.0,0.9998197267882506,1.0,0.9999975440462125,1.0,0.918719836322241,0.9188832300198777,0.928746467955048,0.9287509210036634,1.0,0.9999996960253732,1.0,0.853407368828443
2017,39.6151939759751,39.613494103927934,34.854868974702015,36.217959850281204,36.21796584932079,35.10292383070106,37.47279781233718,39.61351235649673,34.853264497654976,36.21796221493054,34.85306523186722,0.9991504250697283,0.09253553920448553,0.18293633865846026,0.18309188893723746,1.0,0.18293688738045197,0.18309243812580597,0.10475457217989688,0.10484364471204255,1.0,0.5726285600121924,0.34259781122917443,1.0,1.0,0.26988302426032806,0.09253910848156047,1.0,1.0,0.5054274986498908
2018,46.7181145779098,44.14995295998477,45.86557127459807,43.25547106918438,45.86557224354007,45.86558293291404,43.2556637951152,44.14995254970279,43.255585490102675,43.25547175174506,43.255471701594985,0.27690499527750223,0.6529389460809196,0.17705023832035144,0.6393898316746481,1.0,0.6529392624109819,1.0,0.6529427521762841,1.0,1.0,1.0,0.17706730022839698,0.2711850798473472,1.0,0.9999608482601883,0.6394265436794675,0.9999997948590289,1.0,0.2711743311035286
2019,43.73506680639488,43.73491708972713,43.08278676148802,43.73492514045637,43.08278665278064,43.08278688898176,43.465862888961624,43.73484368410891,43.72149110610863,43.08262088410498,43.73485160013405,0.9999251444679403,0.721704125574103,0.9999291695393384,1.0,1.0,0.7217040863468208,0.7217581139344575,0.7217041715804815,0.7217581991744992,1.0,0.7217552938404292,0.8740637559144124,1.0,1.0,1.0,0.9933459479030826,0.999963297864428,0.9999999456463101,1.0
2020,44.67320246739433,34.717664375057694,44.67340844863128,34.71766432061534,44.67324096490972,44.67327850308277,34.717479682519695,34.71766484869386,34.71766478035218,34.71766430753999,34.7176647828492,0.006889415393063991,1.0,0.006889415205526002,0.9999999727788239,1.0,1.0,1.0,1.0,1.0,0.9999350293364309,1.0,0.006888779210631845,0.0068880697675340365,1.0,1.0,0.999999965829162,1.0,0.9999162616454744,0.0068892841777470374
2021,51.03044069665077,44.97370829061566,51.0305156443263,44.97781474918338,51.03050222344362,51.03050394734237,44.97369019120174,44.973708778325886,45.27607915100501,44.977814816791636,44.977814970100155,0.04839464058926265,1.0,0.04849410796221973,1.0,1.0,1.0,1.0,1.0,1.0,0.9999941515251362,1.0,0.048394202633928525,0.048392389151409594,1.0,1.0,1.0,1.0,0.9999932895811746,0.05629151102889975
2022,57.22067091567004,57.215686393553256,57.216337662950906,57.2156877872614,57.21639683085951,57.216341245072215,55.37383400230016,57.213401597909126,57.09842101015201,57.216791549932196,57.21339432031297,0.9975108420457482,0.9978357190811197,0.9975115371654837,1.0,1.0,0.9978652394440957,1.0,0.9978375062670162,1.0,1.0,1.0,0.3971590468694901,0.39802047498883203,1.0,1.0,0.9441310541926183,0.9988582544659127,1.0,0.9427181662173496
2023,54.3604258950443,53.58428157979381,52.23182959088189,51.52437380483104,52.232536563724096,52.23190277634683,51.524732600921595,53.58428152157691,51.52771286671185,51.52437297341106,51.477627687215204,0.678363392406587,0.3449698862193388,0.24219162069257952,0.3570234234388322,1.0,0.3450918499447978,0.5087123712860406,0.3449825098410606,0.5085511890864098,1.0,1.0,0.24223507329345328,0.7021919389782196,1.0,1.0,0.35761999334918015,0.9999999708915515,1.0,0.702990536745435
2024,42.00123552757722,40.39265687753726,41.88039390676161,40.12982115998926,41.88039418664792,41.880396979145985,40.129827223157406,40.39265593795193,40.130054870572906,40.12982105717026,40.129820281575974,0.4474057736922562,0.9413683126396101,0.3923083333143785,0.8768512978203629,1.0,0.94136844437767,1.0,0.9413697587633676,1.0,1.0,1.0,0.39230952263187574,0.4167439219744229,1.0,1.0,0.8769541805082057,0.9999995302074434,1.0,0.4167913016854464
2025,54.924324136461706,54.90144182182476,54.73108233017729,54.730809742414635,54.82217495172284,54.91554660054311,55.480764061735044,54.8984130861717,54.801128507554466,54.82189600405562,54.71075524429355,0.9886240438261718,0.9079001229861542,0.9077763901867394,0.9182220439161729,1.0,0.9502077896383915,0.9611416954425853,0.995620848609362,1.0,1.0,1.0,1.0,1.0,0.7473845096595494,0.7119000354398213,0.9525217959950867,0.9984867782498266,1.0,0.9895319533067602
2026,55.30790115915269,40.41033319404556,55.307907062713696,40.41017188054522,55.20992108751153,55.20970940308641,40.2964934577133,40.41035188494067,40.41017020113205,40.41016662476352,40.410202311972625,0.0005821490854009704,1.0,0.0005821021330411642,0.999919346502497,1.0,0.9521906174493902,1.0,0.9520898408209628,1.0,0.9520870304648825,1.0,0.0005499386393830284,0.0005499370160872716,1.0,1.0,0.9999091622216909,1.0,0.9521878067958397,0.0006113289015655664
2027,51.8316598615651,42.22791650111466,51.24001907641639,41.69626660624664,51.24002687889424,51.24004981534756,41.98843172139533,42.227909970190666,41.69626136986099,41.69623279043978,41.696565784984045,0.008214358000391388,0.7439210297629261,0.0062969075721555825,0.7665733063807975,1.0,0.7439239319822668,1.0,0.7439324635194571,1.0,1.0,1.0,0.007287359040858693,0.009795877182260923,1.0,0.8640841010239237,0.7665738025602298,0.999996734543333,1.0,0.00846442870695152
2028,48.03414734224063,46.41443289143015,48.03478512763351,46.414433409982564,48.03398268169133,48.03402784806573,46.49128454807962,46.41443129052766,46.41443211954038,46.41443387964563,46.414431650334336,0.44492158518741187,1.0,0.44492170054500724,1.0,1.0,0.999917673114393,1.0,0.9999402546973736,1.0,0.999621431891107,1.0,0.4623507868639556,0.46220337008114765,0.962302307447857,0.9623027063283662,1.0,0.9999991995490738,0.9995988575080802,0.4449580454823445
2029,47.47969486990036,44.704965426472455,47.479704732964706,44.70423593064885,47.48216977699997,47.479699445504394,44.26649910482442,44.70552741298334,44.70648541397139,44.70404976377165,44.70485565877556,0.24973255300937874,1.0,0.24964148019247895,0.9996353186006296,1.0,1.0,1.0,1.0,1.0,0.999997356273339,1.0,0.20056881332031745,0.20056782421120026,1.0,1.0,1.0,1.0,1.0,0.2496133442154494
2030,52.630079248431684,52.629712647077895,52.63006371580073,52.63066153698733,52.630131613847084,52.63009929573943,52.723575764307185,52.62892418325359,52.580024409227775,52.629760962991526,52.62888086372746,0.9998167161216479,0.9999922337146808,1.0,1.0,1.0,1.0,1.0,1.0,1.0,1.0,0.9997189188867472,1.0,1.0,0.9537766155821643,0.9307396582053062,0.9758465902806845,0.9996058457870359,1.0,0.975257634565528
2031,43.65043143362561,34.98664340330572,43.456911850458795,34.986641821168774,43.45705895192012,43.45691767542425,34.57921567609225,34.98664448412731,34.98664193640002,34.9866389432631,34.57917854395768,0.013142631558538653,0.9077740349095987,0.013142621161821286,0.9999992089318399,1.0,0.9078408048085992,1.0,0.9077766787896463,1.0,1.0,1.0,0.010720388548861747,0.011809534241557531,1.0,1.0,0.9999987261371657,1.0,1.0,0.014476791359705931
2032,46.895599229191646,46.896444330520495,43.58534150351642,43.58476039440191,43.58533787443247,43.84652429748954,43.58288054816302,46.89552406341417,43.68241891487577,43.58535669102048,43.58476038866203,1.0,0.1910674326274548,0.19101192517852392,0.19093123001272533,1.0,0.19106708592789293,0.19098636745880687,0.21772173731784156,0.21762975828734693,1.0,1.0,0.19083247300279452,0.9987702790505464,1.0,1.0,0.20057790095188852,0.9995399722920467,0.9999981854596718,1.0
2033,41.23951627810317,39.03020353128778,41.19573442255731,38.98093921856372,41.23951154214362,41.239508636566256,40.75086843906732,39.02974404483743,38.98082536386934,38.98194087661213,39.03015215683865,0.3313247146655847,0.9783469397114086,0.32326316674506356,0.9756687395666876,1.0,0.9999976320230287,1.0,0.9999961792388438,1.0,1.0,1.0,0.7832338884249057,0.8005686496611752,0.4229242486768734,0.41270528450241095,0.9758373651867143,0.9997702831637773,1.0,0.32324553019230184
2034,42.14833103434222,37.60062976018628,42.148281972781945,37.60062931020076,42.14836876314587,42.14827861151832,37.58689477510782,37.60063127411277,37.600630573166114,37.60062905890422,37.60063083019952,0.10291512731552573,0.9999754695207392,0.10291510416036977,0.9999997750072649,1.0,1.0,1.0,0.9999737889315667,1.0,0.9999983193696008,1.0,0.10221077976551264,0.10221328710643222,1.0,1.0,0.9999996495267328,1.0,1.0,0.1029132277347031
2035,41.516710437823235,41.042894884049105,41.245219980994875,40.743907082244164,41.24522035211069,41.245222755578794,40.99485031236853,41.04280443362339,40.74394305046772,40.743928401908164,40.74391071926428,0.7890640546055981,0.8730650363202552,0.6794975317896359,0.8611436902030377,1.0,0.8730651983243924,1.0,0.8730662475172004,1.0,1.0,1.0,0.7703347928456196,0.8823338019494892,1.0,0.8820966654627844,0.8611981242344616,0.9999547758097863,1.0,0.778303560104351
2036,45.01649024888448,43.655820900711944,45.01613406535091,43.65583321097955,45.01627647583183,45.01613377717436,42.33952601052766,43.65582059892668,43.65587561584465,43.655833106506975,43.655829469320764,0.5064474691556768,0.9998219240906129,0.5064505864172074,1.0,1.0,0.9998931191858362,1.0,0.9998217800280064,1.0,0.9999998559117349,1.0,0.2622434208928171,0.26229012844596344,1.0,1.0,1.0,0.9999998491073797,1.0,0.5065154613003321
2037,32.40011320986355,32.40234326371714,30.457982834757757,32.40234240021201,30.458180225647112,30.457939562531635,30.585561478049016,32.414007018249805,30.506998873585133,30.458041445308567,30.458013119422105,1.0,0.37867945855181406,1.0,0.9999995682475253,1.0,0.3787168343337454,0.37829479020484263,0.3786712654888682,0.37824927214213766,0.9999783641209978,0.3782494354522675,0.4036222488999356,1.0,1.0,0.9614802045738662,0.38538822646787646,1.0,1.0,1.0
2038,62.36559367493379,50.080038352157544,61.66366289823344,50.080037223384835,62.34762334880216,62.32148105624742,50.225920064107584,50.32523376386405,50.22638745412493,50.188690896352455,50.135614864038956,0.002148946275528952,0.7040081203164708,0.0021489450626933407,0.9999994356138048,1.0,0.991055082882839,1.0,0.9781851525369419,1.0,1.0,1.0,0.0023115504123372827,0.0032834144175754357,1.0,1.0,0.9517782948535457,1.0,1.0,0.0023329587963275274
2039,41.641827096745914,41.64307733049907,40.88442294561102,40.884260577168675,40.78580446742279,40.74483617375418,43.36114091424929,41.64596603567196,40.7873572839018,40.785816504913214,40.883964408262045,1.0,0.6847495859122872,0.6846939973069456,0.6842661172853827,1.0,0.651804039814895,0.6513967134359466,0.6385882097683295,0.638189142246137,0.9325864854924197,0.932662199873286,1.0,1.0,0.4241842190197255,0.27612770660932195,0.6509617619614498,1.0,0.9518867235918091,1.0
2040,61.408179511112024,54.33570856788498,60.0036308561356,52.51261223152963,60.00363089897468,60.00363093299856,54.15995750461656,54.33571074057946,52.512617774632844,52.51265506837035,52.51261626322628,0.029122754417508466,0.49545718952167206,0.011704479586762946,0.4019015309804027,1.0,0.4954572001341361,1.0,0.4954572085628254,1.0,1.0,1.0,0.02667279883105327,0.053834719517954564,1.0,0.4388182920177973,0.4019022082671885,1.0,1.0,0.023623659164118144
2041,40.87463068756051,40.28403115485017,40.87540501780171,40.28410181380204,40.87463999133459,40.87463195090575,43.738347357031984,40.28408828256494,40.30047078750323,40.28402817807165,40.28421806691102,0.7443084353940375,1.0,0.7443347318855118,1.0,1.0,1.0,1.0,1.0,1.0,0.9996135412464492,1.0,1.0,1.0,0.17779402933956628,0.17925636612983697,1.0,1.0,0.9996175599152992,0.7504482367928802
2042,45.37827354139924,45.03163910762811,44.724239988406254,44.37390658353783,44.72423773623689,44.711679578221265,45.183785356787126,45.03156917208452,44.373740351367644,44.3739246321785,44.37378027293252,0.8408708341060256,0.7210716458691955,0.6052077575863719,0.7197392667683622,1.0,0.721070833881917,0.8575286531950244,0.7165573582102431,0.8521610325229717,0.9937394741773394,1.0,0.9073345057292326,1.0,0.9267160302306328,0.6669618022417636,0.7197046133709115,0.9999650328395691,0.9999988739159508,0.8392482801161386
2043,43.103575493251896,38.958673712713846,41.44679169818434,38.471459144703346,41.44679669640621,41.44732207790261,35.27576529622601,38.958673748449655,38.95868016382789,38.47145936363225,38.47145923241314,0.12587689288149556,0.4367510623669263,0.09866172744342074,0.7837953828134601,1.0,0.43675215385764565,1.0,0.43686689967839365,1.0,1.0,1.0,0.019962393538835374,0.045706571223092816,1.0,1.0,1.0,1.0,1.0,0.28821219951275745
2044,26.347604645295746,26.191838436017036,26.347612030349467,26.191925561738003,26.347660114479453,26.34762766699305,26.335796088375332,26.191811929840924,26.209054507292933,26.191912093340846,26.191820847134778,0.9250725569136101,1.0,0.9251128565981224,1.0,1.0,1.0,1.0,1.0,1.0,1.0,1.0,0.9941131175380827,0.9941094467554713,0.9305382663269796,0.9385953868680068,1.0,0.9999867469997654,1.0,0.9330441081898396
2045,49.422221153877615,46.149341686849255,49.422221687774766,46.149342178427275,49.42222292414783,49.42222239840456,45.48830632322114,46.14934168409741,46.14934335765872,46.14934329181867,46.14934217756041,0.1946718937914367,1.0,0.19467194163965468,1.0,1.0,1.0,1.0,1.0,1.0,1.0,1.0,0.1398818116617781,0.13988177432053273,1.0,1.0,1.0,0.9999999986240766,1.0,0.1946718841103307
2046,50.55337703050492,50.55278907074444,50.183347431688446,50.19010237212302,50.19018826494266,50.552777907183696,52.78054443674549,50.55282120373468,50.191677195208996,50.19013949946404,50.19019021665338,0.9997060633276107,0.8310919840915568,0.8339037181167587,0.8341489050701922,1.0,0.8339395320566223,0.8341847295401813,0.9997004832035029,0.9999944182352069,1.0,1.0,1.0,1.0,0.3282887847968522,0.27405303833294253,0.8347925699092306,1.0,1.0,1.0
2047,42.78464957940284,41.75806016253523,39.72482004727081,39.72526975801989,39.724544035363294,39.79074402229904,38.558032458628986,41.75789585084149,39.2957610462681,39.71925450353396,39.71923411346364,0.5985203766087219,0.21655412428934973,0.21660282312296728,0.3618971577045731,1.0,0.21652424059299835,0.3617658630435392,0.223811124155288,0.373940692584979,1.0,1.0,0.12083750613908734,0.5580014074339669,1.0,1.0,0.2919807503672585,0.9999178475278305,0.9998620035686254,0.807032374394188
2048,43.2954031795698,36.55443692669064,43.29499826212293,36.554439767499076,43.29500306797405,43.29498943489736,34.77576729085723,36.55487323533359,36.554444100099374,36.554787171281106,36.55443923839147,0.034373026813240753,0.9997975617699484,0.03437307563686768,1.0,1.0,0.9997999642119507,1.0,0.9997931490603849,1.0,0.9999955863969545,1.0,0.01412487368907079,0.01412773368247211,1.0,1.0,0.999785455400878,1.0,1.0,0.03438002733520835
2049,56.405005952109036,50.83764639913463,56.06820623200642,50.36385456697283,56.064941275737596,56.062675278961535,51.075397704282665,51.22285890272744,51.030783675390666,51.03026844402768,50.76285593606224,0.06181063904599951,0.8450158790289332,0.04877313194863307,0.7890734135969066,1.0,0.843637534447989,1.0,0.8426822357595065,1.0,0.9972383438851963,1.0,0.06961298771754566,0.08238068590798889,1.0,0.977939947266094,0.9084298460470989,1.0,0.9983688536332262,0.0806949889706797
2050,71.97270513008138,51.096924562772585,71.51157303606416,50.85775096261844,71.51157249703576,71.51158704212384,50.85774632307138,51.09692673431903,50.85945455726019,50.857750707380376,50.85775063695351,2.9300959833526015e-05,0.7940839863983291,2.5998360393194828e-05,0.8872869878974959,1.0,0.7940837723814452,1.0,0.79408954741165,1.0,1.0,1.0,2.599830008295652e-05,3.27399878706473e-05,1.0,1.0,0.8880421343445445,1.0,0.9999997304858333,3.276797243096441e-05
2051,45.231441572362115,44.33143717922195,45.23144298945789,44.33143810113987,45.23144810482128,45.231448845486455,46.097014160519194,44.33157678740665,44.33158242319357,44.33144259551713,44.331577771498075,0.63762675102839,1.0,0.6376270449482206,1.0,1.0,1.0,1.0,1.0,1.0,1.0,1.0,1.0,1.0,0.41365677845108584,0.413657944093459,1.0,1.0,1.0,0.6376709756474946
2052,51.673888866603676,33.832460478315795,50.828754456758304,32.2776594461875,50.57720227903238,50.57722928691004,32.668376009696544,33.832463656659485,32.27954255239922,32.277659536500465,32.27765943078231,0.0001335927995171414,0.6553622092802291,6.139914117983598e-05,0.45959918050791193,1.0,0.5779064389241364,1.0,0.5779142429900304,1.0,0.881824180287633,1.0,7.46457902711831e-05,0.0001139000528473637,1.0,0.8233147339325929,0.46003139026065976,1.0,0.8818122722682453,0.00010634416718166186
2053,46.84049826379328,46.841499585179946,45.9882342422996,45.98907982340094,45.98823430872119,45.988234246844286,47.34194513907326,46.84020273807204,45.988068993233696,45.98915565336583,45.98937739912989,1.0,0.6530301294352041,0.6533062827766318,0.6529792798657202,1.0,0.6530301511228549,0.6527032864256065,0.6530301309191133,0.6527032662319776,1.0,0.9995773010840416,1.0,1.0,0.7781225869046315,0.5081705939473873,0.6530726681111878,0.9993517866271668,1.0,0.9999173456723107
2054,66.34385478838902,53.731967125398285,66.34397332788984,53.73196661999461,66.34387495578827,66.3438932761353,53.77495019774966,53.73197272640357,53.73197194174256,53.73196635419089,53.73197222070263,0.0018254224642154633,1.0,0.00182542200292791,0.9999997472981939,1.0,1.0,1.0,1.0,1.0,0.9999599749237561,1.0,0.0018650782021463696,0.0018649676627026917,0.9787405022600748,0.9787401182703939,0.9999996076695711,1.0,0.9999508151588261,0.0018254084531889405
2055,57.74428956236068,46.49998475927791,57.74441911877324,46.49998438302143,57.744295823316634,57.74429590706154,46.31098993230512,46.276172870262,46.27617257958312,46.83532418152535,46.27617153506901,0.0036168478160124857,1.0,0.003616847135581334,0.9999998118717776,1.0,1.0,1.0,1.0,1.0,0.9999383960417539,1.0,0.0032907169664029433,0.0032905038065646148,0.982742121972074,0.982741979140893,0.9999998546605687,0.8941283512275848,0.9999383541718804,0.00323391558063799
2056,52.27435618094944,50.97177638407271,51.34254898619426,49.892296661543355,51.32157538833462,51.255570527251734,50.38137941240785,50.971776541183516,49.864620847278644,49.8589576789025,49.892297039151686,0.5213728248419391,0.6275677803110566,0.3039081505116896,0.5828998674870001,1.0,0.6210209906150632,1.0,0.6008602943166299,1.0,0.9574428662013382,1.0,0.38810149664707483,0.6184216411727044,1.0,0.7723022557698138,0.5748892606236313,1.0,0.9895679958382368,0.482643366098335
2057,43.890406629976724,42.85951016534551,43.890538789099054,42.85951630716821,43.89051708811482,43.89040770088326,43.104504538623615,42.85951034381131,43.19915476917018,42.85951194131093,42.85951096157507,0.5972328355567509,1.0,0.5972346696086588,1.0,1.0,1.0,1.0,1.0,1.0,0.9999344580400705,1.0,0.6750617939706529,0.675017187657347,0.8847084728891261,1.0,1.0,1.0,0.9999891495667491,0.7077381067276587
2058,39.23330259815904,36.45482744006557,39.176678289706246,36.131811824773195,39.17669215262271,39.17669604867109,36.13181310442195,36.4548197723679,36.1335699659364,36.13181828877575,36.131806904820195,0.24926527727321895,0.9720848790328083,0.21208982595943268,0.8508598882264762,1.0,0.9720916170218958,1.0,0.9720935106817269,1.0,1.0,1.0,0.2120899616597172,0.2181804966154185,1.0,1.0,0.851611447920346,0.9999961661585126,1.0,0.21837072364459462
2059,24.892225243181684,24.823119070904426,23.426905479942974,23.33819683233861,23.44717857862176,23.538739322157397,24.530770936135127,24.82227463283789,23.365848232504618,23.359366938343953,23.336515705221046,0.9660370551482238,0.480628872460669,0.45977676286144553,0.47594112504400765,1.0,0.4855255666034707,0.5025951789488798,0.5082697540088282,0.5261389832824187,1.0,1.0,0.83466306250614,1.0,1.0,0.5585219543167792,0.48277083473602955,0.9995778700886443,1.0,0.9601505604084601
2060,39.45439003278764,39.399938612072674,39.454380888780776,39.39993825886188,39.45436758692523,39.454340322646715,40.40187531143181,39.399911950931255,39.3980452372499,39.36431317848721,39.39991159340906,0.9731415686027103,0.999995428007018,0.9731413967406725,0.9999998233946186,1.0,0.9999887771317703,1.0,0.9999751452384207,1.0,0.9999797171386696,1.0,1.0,1.0,0.6059355327028156,0.6053702424781455,0.9990670786013353,0.9999866695181422,0.9999933490943445,0.9722316548934293
2061,37.25419094405234,36.3270511727458,36.24403769065884,35.28333106678741,36.243920905943526,36.24497228139188,35.14974494946915,36.327464049444785,35.283306028089015,35.28332736556632,35.2835662837835,0.6290340528610247,0.6034593325600681,0.3732787054957803,0.5934157360766135,1.0,0.6034240961756666,0.9592868516912926,0.6037413922075066,0.9597912695847228,1.0,1.0,0.34916070244896286,0.5785985626698511,1.0,1.0,0.5932858173565454,1.0,0.999941609347142,0.618593182944263
2062,47.72859734497189,42.79362602639492,44.51285455252008,39.17850864671243,44.512855163352015,44.51309392834182,42.060023423815636,42.793627913606,39.17850905980703,39.178509047732945,39.17850867047349,0.08479780174925625,0.20031354876713237,0.013911431745365407,0.16405415539545437,1.0,0.20031360994609776,1.0,0.2003375253121254,1.0,1.0,1.0,0.058760409388124255,0.29334216157507226,1.0,0.2367484291480433,0.1640540344780312,1.0,1.0,0.06944827474517469
2063,38.45104313060392,24.5327204785159,37.78803012443609,23.565979669718644,37.78803013875543,37.788030189200526,27.094312306632077,24.532741238042234,23.525638798780335,23.525617700793646,23.52563879143929,0.0009498928909979195,0.7178414880181222,0.0005858002302944292,0.6167013521693072,1.0,0.7178414931576306,1.0,0.7178415112634221,1.0,1.0,1.0,0.003419142767903925,0.00476308882249727,0.27781897837938563,0.1679083886568793,0.6043805561317196,1.0,1.0,0.0007997625634890727
2064,47.38240862973012,42.08277474409195,47.3823053642175,42.082773638549895,47.38235836111414,47.38240386038629,42.22625540763073,42.08277584974789,42.082774402178075,42.082773306235225,42.08277472984307,0.07066414745615146,0.9999483685766374,0.07066410839506887,0.9999994472291256,1.0,0.9999748660078746,1.0,0.9999976153309273,1.0,1.0,1.0,0.07591988715493186,0.0759238072091652,0.930773071054137,0.9307723973748796,0.9999992762153543,1.0,1.0,0.07066591149208923
2065,42.28746757149716,39.52671249103457,42.28754386579226,39.87265029424455,42.28755243912207,42.28747260807512,39.85981848404873,39.512433877201204,39.51243291961805,39.87267234354428,39.87260284823708,0.25148358996196873,1.0,0.2989710184272372,1.0,1.0,1.0,1.0,1.0,1.0,0.9999643717761311,1.0,0.29705898900451083,0.29704765726756455,0.840555493919415,0.8405550914686207,0.9999995212085375,0.9928861173949736,1.0,0.24968385041178456
2066,36.403084603698005,34.11865959106487,34.45293538566801,31.75619221876576,34.45293507939576,34.45293496548615,34.0654693449348,34.11866071505014,31.756634332630995,31.756178656787824,31.756180973284188,0.31911220241990046,0.377164212662989,0.09793549880472385,0.30689988681741626,1.0,0.37716415490552635,1.0,0.3771641334242166,1.0,0.9999997899090908,1.0,0.31073723440663037,0.8238778335109068,1.0,0.3152411094402029,0.3069675641505208,1.0,0.999999846863884,0.25972020205171203
2067,40.32834926916274,40.32855910833041,39.590182449331735,39.59009985734414,40.32848737004426,40.328337467461154,38.85626880645245,40.32820269693204,39.581387466430954,39.69945897073626,39.59009662716903,1.0,0.6913677411203758,0.6913391909919347,0.6912666597767674,1.0,1.0,0.9999641315002138,0.9999940991666153,0.9998891857057295,1.0,1.0,0.47900692170350956,0.6928395602133082,1.0,1.0,0.6883845795956882,0.9998218101785067,1.0,0.6882866042782497
2068,97.7520973859136,66.09754363269928,97.06753580417123,65.83690223219125,97.0675316326653,97.06781892372337,65.83689502834196,66.09753855355464,65.83773443524328,65.8369604320257,65.83690086342693,1.337522168661913e-07,0.7101487734184848,1.1740955119445406e-07,0.8778138706434527,1.0,0.710147292225118,1.0,0.7102493090355569,1.0,1.0,1.0,1.1740912829485937e-07,1.6533032610854222e-07,1.0,1.0,0.8781814365401197,0.9999974604309034,0.9999979142492075,1.654000753638345e-07
2069,22.57518525924729,21.872749726465287,22.337358057030286,21.395624420419665,22.554280978804627,22.574284503620788,21.826491690167813,21.872750089189736,21.750537855181392,21.395624374890275,21.44803786350559,0.7038304665452375,0.8878845096855339,0.5544490176092274,0.7877593312076254,1.0,0.9896022935812863,1.0,0.9995497235916116,1.0,1.0,1.0,0.6877383734353639,0.7745808896687962,1.0,0.9627351629756635,0.9407234077293817,1.0,1.0,0.6690666738834985
2070,40.4408856086896,39.31133451263992,40.44103438924816,39.31133379026778,40.44094706610559,40.44107432935854,39.30869041575005,39.311334529967326,39.31133329602011,39.31133327834925,39.311333325814644,0.5684877306327729,1.0,0.568487525302962,0.9999996388139976,1.0,1.0,1.0,1.0,1.0,1.0,1.0,0.5677366588985295,0.5676944263807799,1.0,1.0,0.9999993830265821,1.0,0.9999563393818697,0.5684699162017082
2071,51.054389137235205,51.05371915407113,50.25995297842144,50.25924741022803,50.25984444570631,51.33765911449652,50.28763116728919,51.05301033102043,50.2248865175126,50.25924622659812,50.2591887675232,0.9996650645213786,0.6721874194135995,0.6719503242061933,0.6721754596154772,1.0,0.6721509432404698,0.6723761458666992,1.0,1.0,1.0,1.0,0.6815545514008343,1.0,1.0,0.9691146803804109,0.6609600321092841,0.9996456512709955,0.9999457351148263,0.982672906859748
2072,48.90024361711184,44.06378842925781,48.90032384304038,44.06396535036899,48.90024839288256,48.90024555730301,43.04341562166502,44.063729065791506,46.49603919209568,44.06377266758648,44.0637395959306,0.08907936242696501,1.0,0.08908724278540206,1.0,1.0,1.0,1.0,1.0,1.0,0.9999608578973853,1.0,0.053481793162317486,0.05347964789208606,1.0,1.0,1.0,0.9999703187073452,0.9999622756326704,0.3005609850338101
2073,48.15758520706834,38.29342596038023,48.15758576179033,38.29342575227429,48.15758453721185,48.157585352355625,41.22299402818686,38.30068736002153,38.300686242655786,38.29342488466591,38.30068716286607,0.00721149049234056,1.0,0.007211489741963577,0.999999895947033,1.0,0.9999996650718109,1.0,1.0,1.0,0.9999997952826686,1.0,0.031201297782440303,0.03120128912841845,0.23196858311748464,0.23196845352064693,0.9999994413172855,1.0,0.9999993877109459,0.0072377192185460555
2074,54.51906374893923,51.826777991992884,54.51906368958328,51.826885876483146,54.51906351984337,54.519159141799975,58.04703029726858,51.82703085067766,51.82677771813704,51.826275956550575,51.82606850924384,0.26024211272638403,0.999999970322023,0.2602561511488506,1.0,1.0,0.9999998854520763,1.0,1.0,1.0,1.0,1.0,1.0,1.0,0.0446009676815631,0.04459532306064825,0.999873441738862,1.0,0.9999999151300507,0.2602421069021672
2075,45.74943665871203,45.748988206208224,45.1381420608478,45.13770428209571,45.36875686790742,45.66850726674846,45.816275591410744,45.749925716520494,45.35741875224795,45.369192600204656,45.13851516070545,0.9997757988849253,0.7366463896110711,0.7364851631885038,0.7366503210118949,1.0,0.8266781020992637,0.8268634858147981,0.9603430678821104,0.9605584261523482,1.0,1.0,1.0,1.0,0.9673693156693388,0.7949878721659023,0.8218038956671238,1.0,1.0,0.9943469809560227
2076,44.780014128479564,43.15288816743234,44.78012011149073,43.15288941083759,44.7800229190413,44.78001882151452,43.16607109618113,43.15288863166961,44.414791386398804,43.15288954171197,43.15288992906133,0.44327586594541635,1.0,0.4432761415312716,1.0,1.0,1.0,1.0,1.0,1.0,0.9999493562943285,1.0,0.44620735380894616,0.44618370923595163,0.9934304422688132,1.0,1.0,1.0,0.9999514049560619,0.8330881947900709
2077,74.6508404624995,70.99863442773616,74.22751660424541,70.50233308658508,74.22752024593831,74.22752604033957,70.62625991614897,70.99637115631822,70.50230654618127,70.50232338953941,70.50258819470758,0.16103991630253056,0.8092382312022668,0.12565016674209933,0.7802423748535252,1.0,0.8092397047021685,1.0,0.8092420492353476,1.0,1.0,1.0,0.1336821551421297,0.16519505627350456,1.0,0.9399048004312338,0.7811154591353868,0.998869004349256,1.0,0.15526734368072584
2078,53.93492293185153,53.93603459232685,53.613885134937505,53.61603722695193,53.613883758891404,53.61388620711293,54.21616069263959,53.93520183084931,53.61626324447002,53.934936883603086,53.61390672788866,1.0,0.85170172757137,0.8526186910736403,0.8521449115066512,1.0,0.8517011415811513,0.8512278718742037,0.8517021841583221,0.8512289138720396,1.0,0.9989250682340026,1.0,1.0,0.8689415380985719,0.7408562077878944,0.8525961475026785,0.9995837059356597,0.9999993119771866,1.0
2079,55.97416302074285,42.70345626268045,55.58132227004563,41.964267160719174,55.5812290513104,55.58118066035152,42.59918039898827,43.11607866780608,41.12880215363364,42.70224054669612,42.3958643010364,0.0013131146359836065,0.8216667536194209,0.0009073811813748054,0.691014444976557,1.0,0.8216284571441383,1.0,0.8216085776901932,1.0,0.9999291976595484,1.0,0.0012464056985170566,0.0015169236104864547,1.0,0.4794147821934952,0.37022725577756116,1.0,0.9999533917185844,0.0007272694991070132
2080,39.09498536892971,36.83734335210366,39.095236284644756,36.837292309787244,39.09550089242964,39.094989322891706,36.80782778117762,36.83731861564905,36.83729224163545,36.83729180384387,36.837372184404046,0.3234143345136769,1.0,0.3234060807106029,0.9999744791674547,1.0,1.0,1.0,1.0,1.0,0.999876526746925,1.0,0.31867650110208035,0.3186365231388371,1.0,1.0,0.9999868130801479,0.9999876318491835,1.0,0.3233227187185866
2081,58.829854935669545,55.29563120141685,58.82985894869648,55.29570385686395,58.829860344649944,58.82985671619306,55.49293533421218,55.737925343903726,55.7379794342597,55.295688409955716,55.737984179839515,0.17082564421456703,1.0,0.17083185003406612,1.0,1.0,1.0,1.0,1.0,1.0,0.9999988837489133,1.0,0.18853722702789072,0.18853684872578472,1.0,1.0,1.0,1.0,1.0,0.21311135526835695
2082,33.14605481199155,33.14744240438944,32.01770190405068,33.146070072469456,33.146056433783514,32.01769846834611,34.21390122220458,33.14615536129892,32.02783666479024,33.10897602213129,32.01796557661578,1.0,0.5688284102915884,1.0,0.9993140693980371,1.0,1.0,0.9993072547558977,0.5688274331292432,0.5684329196900697,0.9999982821491902,0.5688230928565632,1.0,1.0,0.5863297522898995,0.33519853573798963,0.5716894536374424,0.999356685470324,1.0,0.571717732245437
2083,48.03805373601804,44.98431109303431,46.662151939385154,43.36840938872629,46.66215193201458,46.66215194334339,42.79483632673612,42.79060639336322,43.36840947659505,43.36844052750419,43.3684096620006,0.21721419870437778,0.5026049031664632,0.09682769951238045,0.44577058079043974,1.0,0.50260490131422,1.0,0.5026049041611773,1.0,1.0,1.0,0.07268583867801338,0.14461824431095888,0.9978872682796895,1.0,1.0,0.33392049614461583,0.9999999963147133,0.19265173004333735
2084,55.64799965878666,50.4499887523655,55.64802073720861,50.44998832799007,55.6480602369781,55.647992761777374,50.36154639580158,50.44999293976255,50.44998978019237,50.44998670544331,50.4499914062566,0.07434748350813021,1.0,0.07434746773250928,0.999999787812308,1.0,1.0,1.0,0.9999965515013034,1.0,0.999986012382209,1.0,0.07113138411393966,0.07113063444922593,1.0,1.0,0.9999984202161558,1.0,1.0,0.07434526983121285
2085,52.833189813075734,47.29221062695291,51.156857179363186,45.34516285726835,51.156857372141445,51.15685760105757,47.27882427405871,47.29221101001039,45.34520198164108,45.34515474620622,45.34515382267978,0.06263133336827575,0.4325028699730966,0.023658957623179714,0.37774954405111766,1.0,0.4325029116616739,1.0,0.4325029611651212,1.0,1.0,1.0,0.06221353057657472,0.14384535894627626,1.0,0.38029380794462414,0.37775686137907416,1.0,1.0,0.05470349403601827
2086,51.640364504844456,46.68170536122025,50.975607505860694,45.77130672979433,50.97559809488445,50.97764404584481,45.77116395677649,46.6817130347749,45.78624784108294,45.771303532876686,45.77129806610239,0.08379938823558448,0.7172158056551143,0.05315575574809342,0.6343215251006022,1.0,0.7172124308125989,1.0,0.7179464969452143,1.0,1.0,1.0,0.05315196127970003,0.07410874225108625,1.0,1.0,0.639075552003843,1.0,0.9999952945229472,0.07467013045112583
2087,41.73566262285394,37.70495911675937,41.73573868827313,37.70495730394444,41.73568195934598,41.736147787639254,37.67536945415074,37.70495945553364,37.70495849811442,37.70495682388318,37.70495764385964,0.13327351575471377,1.0,0.133273394954659,0.9999990935929461,1.0,1.0,1.0,1.0,1.0,1.0,1.0,0.1313162708272161,0.13131127660859482,1.0,1.0,0.9999995212905057,1.0,0.9999716359386932,0.13327218601571544
2088,63.91900195799951,47.911079146711614,63.91915357271802,47.9110680285616,63.919129216572486,63.919016128887904,47.907766159715834,47.91111323953896,48.04830262060378,47.911067850503485,47.911072106444124,0.0003341363530457624,1.0,0.00033413449556187656,0.9999944409404451,1.0,1.0,1.0,1.0,1.0,0.9999312804462404,1.0,0.00033358331652669183,0.00033355802941486233,1.0,1.0,1.0,1.0,0.9999878220013871,0.00035784404392092
2089,39.780416637876954,38.19398637096009,39.31013248507401,37.68834836881118,39.31167042787442,39.31724495267065,38.098105000105534,38.246846179163924,37.74069231806138,37.740817176297895,37.74219792034975,0.4523879668998927,0.7904585361460472,0.35132831071354087,0.7766084343956154,1.0,0.7910666099190985,1.0,0.7932745958239189,1.0,1.0,1.0,0.43121183250665096,0.5455211282922744,1.0,0.836351465455461,0.7764081500191727,1.0,1.0,0.4558966887447762
2090,41.5124113354012,41.5141603555017,41.35687132284801,41.3586139889853,41.35687216464149,41.35687313703133,41.81497637344091,41.515424555066716,41.3415797270583,41.358608827572084,41.35916204501851,1.0,0.9251771870218671,0.9259836758084243,0.9251742477556293,1.0,0.9251775764260107,0.9243688530070775,0.9251780262427585,0.924369302430628,1.0,0.9991299527338185,1.0,1.0,0.8609008747877336,0.7892293442976908,0.9167482196975182,1.0,1.0,0.9923829391759169
2091,28.412201392135557,19.26868775381169,28.412214321010055,19.26868676569859,28.412219227540533,28.412205539493755,19.26819818943818,19.26868776423302,19.268686774448668,19.268686809449463,19.26868678140079,0.010339778630620461,1.0,0.010339773522186364,0.9999995059435717,1.0,1.0,1.0,1.0,1.0,0.9999956092514894,1.0,0.010337247946742501,0.010337181122467816,1.0,1.0,0.9999995051079454,1.0,1.0,0.010339681360809951
2092,59.81253955614318,52.6766748732245,58.65128896093074,51.482576186782836,58.76370080106821,58.91649393568386,51.95475918335842,52.67666776657356,51.05777060165735,51.48257697362908,50.916171423008706,0.02821413059925417,0.5595483728935696,0.015529999334405497,0.5504333823001448,1.0,0.5918989344317849,1.0,0.6388901106355548,1.0,1.0,1.0,0.019665485470065497,0.035145282200304086,1.0,0.6385889573290751,0.4451034364088061,0.9999964466808428,1.0,0.02121673334951154
2093,58.44672756051105,49.43894571255112,55.225172677877794,46.579556583568234,55.2251895041272,55.40502944127249,46.5805611661242,49.43867196006633,46.62786164144114,46.58057953911103,46.5794849085469,0.011065856259417072,0.19973227357716503,0.0026489671002091946,0.23938202684992554,1.0,0.19973395395675858,1.0,0.21852626633338426,1.0,1.0,1.0,0.002650297987497847,0.013269252585130795,1.0,1.0,0.24526766384128162,0.9998631331247319,1.0,0.013586699654490645
2094,59.23673507258604,54.268561694674986,59.23673821346276,54.14387746460454,59.236742523423686,59.23674046158135,54.353204802189225,54.26856170328114,54.26923435517082,54.26856222786006,54.26856224642211,0.08340169142435462,1.0,0.07836100943336478,0.9395613937211125,1.0,1.0,1.0,1.0,1.0,1.0,1.0,0.08700713647891681,0.08700699983967967,0.9585615060834448,0.9588839494076573,1.0,1.0,1.0,0.08342943584338533
2095,49.21256077641925,48.98080127134767,48.3011927308236,48.12587473153968,48.35582104239927,49.212561293713634,50.365248988423616,48.97619673192216,48.23732446701095,48.34686750317144,48.122294932104836,0.8905823071231663,0.6340141394653191,0.580803364602595,0.6521613555054273,1.0,0.6515703758385899,0.7316228613875648,1.0,1.0,1.0,1.0,1.0,1.0,0.49931100131036166,0.34508577809116164,0.6911239231371618,0.9977003784774853,1.0,0.9424727357221298
2096,46.35251943981035,45.46145560937174,46.352691208555825,45.46132039390744,46.352517814282095,46.352518076837754,47.44329654808104,45.46135923543687,45.42369688728968,45.46144338624782,45.46138159123572,0.6404835024863491,1.0,0.6404402023129971,0.9999323945532026,1.0,0.9999991872362023,1.0,0.9999993185139338,1.0,0.9999134378876802,1.0,1.0,1.0,0.37121693517916443,0.36429189243777693,0.9813450247412732,0.9999518141935402,0.999913306621223,0.628505522940128
2097,16.55963329843098,16.559556982020553,16.559637403002995,16.562032482800305,16.5596940319528,16.559638829349666,18.157035832518403,16.56942081731384,16.904701842798545,16.56203183614437,16.55939761677263,0.9999618425228008,1.0,1.0,1.0,1.0,1.0,1.0,1.0,1.0,1.0,0.9988038891861499,1.0,1.0,0.4521200633227226,0.5346371455215644,1.0,1.0,1.0,1.0
2098,44.58956090198325,44.32655872287239,43.50480154436741,43.2064240669755,44.22619299953098,44.226213832467295,43.96517772946274,44.32655271295101,44.074250843067944,43.95696928814442,43.20640324874259,0.8767783198386987,0.5813631474135632,0.5007900049792835,0.5711706068090439,1.0,0.8338648407345499,0.9510554970017464,0.8338735267063494,0.9510654036926431,1.0,1.0,0.7318413040576848,1.0,1.0,1.0,0.8814817903397464,0.9999969950438258,1.0,0.9268430121107637
2099,54.72400070176502,54.72391972592817,54.72389977067303,54.72488625509138,54.72390054394933,54.72407199567553,55.95411770633012,54.72815383089903,54.73485200965416,54.72495471021168,54.72861236583469,0.9999595129011988,0.9999495357273679,1.0,1.0,1.0,0.9999499223460804,0.9999904090565721,1.0,1.0,1.0,0.9995929531581299,1.0,1.0,0.5417330439509105,0.5435503978755643,1.0,1.0,1.0,1.0
2100,32.400561657093164,27.115462721218393,31.178036137952176,26.643782806784003,31.177923398574706,31.181915541804386,26.643476443274068,27.115840649251396,26.689450231804358,26.643784243340065,26.643780069033085,0.07117956800723622,0.5426651805854052,0.05622524491563134,0.7899070827448039,1.0,0.5426345915802424,1.0,0.5437188108153583,1.0,1.0,1.0,0.05621663289356085,0.1035935875467754,1.0,1.0,0.8079983934855153,1.0,0.9999436319000056,0.10600843809323689
2101,33.90983445151366,33.91246996700198,33.87878531151853,33.87880588249874,33.9099640570322,33.504986850406,34.632950207634906,33.90988104904204,33.91447849361549,33.912898751975035,33.87882438567769,1.0,0.9845953149500456,0.9846054420474968,0.9833088251024356,1.0,1.0,0.9987478296354728,0.816748716026825,0.8156731479059998,0.8295273231807563,0.8295187911295594,1.0,1.0,0.6966065074960958,0.6982096542886492,1.0,0.9987063784706678,1.0,1.0
2102,37.30298518225902,36.81911423711037,37.30304521382459,36.44079506304851,37.29647604236149,36.944088418996245,37.17014962489691,36.79613294877356,36.7923701762013,36.815307365261475,36.79613257454355,0.7851068368404155,1.0,0.6497971383792962,0.8276544132443684,1.0,0.9967507204231587,1.0,0.8357310889051996,1.0,0.8357060041588406,1.0,0.9357398504581474,0.935711763915576,0.829436820461208,0.8278777964250643,0.9981203824116743,0.9885751211470006,0.9967208026190504,0.7772035971998393
2103,39.89348947356021,38.79771211019522,36.45440207790577,35.18867761875225,36.45440235544973,36.454403394911026,40.72845331461389,38.79754797681065,35.188632694731126,35.18846848511893,35.18853174618499,0.5781692219134003,0.17914787482852348,0.0951399867350135,0.16455387649338374,1.0,0.17914789968923056,0.3098537467912186,0.17914799279790877,0.30985390783174904,1.0,1.0,1.0,1.0,0.3808107795203555,0.06266762515307542,0.16456368496713114,0.9999179366750925,1.0,0.5310575780607187
2104,62.43396576758093,61.92027373961889,62.43402163739134,61.92026562129138,62.43395675601482,62.43396563584804,64.69785411596209,61.92045604036997,61.92629185196631,61.920512335019964,62.40581774892419,0.7734873108272996,1.0,0.7734841711220132,0.9999959408444813,1.0,0.9999954942270977,1.0,0.9999999341335575,1.0,0.9999719996203682,1.0,1.0,1.0,0.249399553060672,0.2501283402116506,1.0,1.0,0.9999675598379351,0.7758217785260545
2105,66.35472323827099,66.35603925229867,66.0419696955986,66.04198994736339,66.06717145162219,66.06722633905486,66.33555424563679,66.35641562161922,66.06962905301842,66.04199024174804,66.0431429094998,1.0,0.8552369009101937,0.8552455609823196,0.8546829885132513,1.0,0.8660818210295749,0.8655121205707826,0.8661055898595443,0.8655358737658397,1.0,1.0,0.9904612885759205,1.0,1.0,0.8754978383468076,0.8664132551506237,1.0,1.0,1.0
2106,39.62881660041549,39.628597687178825,39.62859037087546,39.631818622185875,39.63119221867376,39.62821476018672,40.23605153314932,39.626619431321615,39.56760718382796,39.627686704677274,39.62801326755272,0.9998905493718244,0.999886891627218,1.0,1.0,1.0,1.0,1.0,0.9996991251575325,0.9998085548319141,0.9998122122899522,0.9981996915033947,1.0,1.0,0.7373327096190301,0.7158947108925771,0.9709249319245177,0.9990113610971748,1.0,0.9687075511688568
2107,55.30399193194373,53.101350092058055,54.7006544674737,52.50993686766839,54.70065686449769,54.700657264210605,52.356594189657756,53.10158540011108,52.51001538177121,52.51019250619234,52.509999434125916,0.33243167791904826,0.739583024329199,0.24733105598386304,0.7440056781956006,1.0,0.7395839107288564,1.0,0.7395840585394924,1.0,1.0,1.0,0.229076591386775,0.3097374924127648,1.0,1.0,0.7439473526872757,1.0,1.0,0.3344323234650628
2108,44.31646008524248,43.97401350904599,44.14954856762819,43.68257984105071,44.14954832333376,44.14954790810455,43.682573527893254,43.97400753456364,44.00283104268658,43.68258005424843,43.68257924227416,0.8426334024542741,0.919931784650462,0.7283743673505116,0.8644024379155053,1.0,0.919931672283365,1.0,0.9199314812921344,1.0,0.9999996702382365,1.0,0.7283720681831063,0.7917674770416364,1.0,1.0,1.0,0.9999970127632873,0.9999998778527942,0.9292674974601248
2109,47.915944142861036,34.66322721724438,47.915951516843904,34.663227439003265,47.9159441601266,47.91593821171972,34.778627054196534,34.686131394423825,34.68613050311535,34.66322637207543,34.68613165190868,0.0013249792728368243,1.0,0.0013249794197497927,1.0,1.0,1.0,1.0,0.9999970344337389,1.0,0.9999933474600359,1.0,0.0014036791230539302,0.0014036739477105672,0.9548053035765112,0.954804878063577,0.9999995543458622,1.0,0.9999963216481128,0.001340239662357899
2110,50.76296974911753,44.72028026806376,50.763494426975626,44.720281033258374,50.76671891321044,50.76293086779222,44.795392930729264,44.72029457737594,44.72029581333203,44.72028151978995,44.72029513238505,0.04873563749043072,1.0,0.048735656136557955,1.0,1.0,1.0,1.0,0.9999805595263137,1.0,0.9997182601044381,1.0,0.050600773856743435,0.05058750104498458,0.9631470521850274,0.9631476473889442,1.0,1.0,1.0,0.048644742212126044
2111,61.447683573590695,51.24196647412944,60.81610353047881,51.241796284040504,58.455207862966944,58.45522287353796,54.823542211653034,51.2418527377522,50.99513879095056,51.24190250845518,50.99507270393934,0.0060793435977379235,0.7292125530101824,0.006078826297734277,0.999914908576012,1.0,0.22397118913959377,1.0,0.2239728701136222,1.0,0.30714346480880556,1.0,0.036440638639245515,0.049972588223857244,0.16681919179546664,0.14745950100643754,0.8839480602881373,0.9999431334283426,0.3071411596180604,0.023992007234242604
2112,38.66069341745302,37.38729512740264,37.894727180392806,35.47092995216394,38.98600779716648,37.58498939372842,35.56454448033321,37.39164136374745,35.369702604503345,37.89006801429235,36.857325751452294,0.5290358156225671,0.6818244093870767,0.20293252737672446,0.38358939297505645,1.0,1.0,1.0,0.5840013340278245,1.0,0.8565274665845571,1.0,0.21265705769897633,0.31189416918960633,1.0,0.9071740617934327,0.3638660841871931,1.0,1.0,0.16395675149506786
2113,39.48732503106183,36.56060091981499,39.48732612843477,36.560601817842326,39.48745485239516,39.487328012038574,36.72072226538586,36.56060571942302,36.560607745795664,36.56060360977702,36.5606071827751,0.23145679451848764,1.0,0.23145689844577547,1.0,1.0,1.0,1.0,1.0,1.0,1.0,1.0,0.2507493654283064,0.2507492278455594,0.9230625552122373,0.9230634904470651,1.0,1.0,1.0,0.23144256090112622
2114,34.28431120325527,29.28221489421344,34.28432455923894,29.282214173060083,34.284330645728176,34.28431784794955,29.3845498454223,29.28221488855118,29.288533508883432,29.274487310902657,29.282214167336775,0.08199900593617679,1.0,0.08199897636925299,0.9999996394233872,1.0,1.0,1.0,1.0,1.0,0.9999966443609365,1.0,0.08630388375793972,0.08630330742323312,0.9501195326737927,0.9531260016557227,1.0,0.9999999971688709,1.0,0.08225767600336012
2115,46.313768801167896,45.74846969745499,46.31377258996997,45.74847345278499,46.31377744820392,46.313795969883245,44.73819713828786,45.748469810273974,45.96114060908681,45.74847826942141,46.30758267357439,0.753783903747258,1.0,0.75378531910224,1.0,1.0,1.0,1.0,1.0,1.0,1.0,1.0,0.45485079747739976,0.4548499358083933,1.0,1.0,1.0,1.0,1.0,0.8383509934786757
2116,58.63556001186356,58.636924534748346,58.6179913198161,58.61798613019724,58.63021538641857,58.627562070366764,61.8765245994563,58.63911259805576,58.635991405193096,58.62458938017264,58.618003393004585,1.0,0.9912541236178437,0.9912515515056329,0.990575489444092,1.0,0.9973312547266605,0.9966510461327012,0.9960090144873374,0.9953297076992422,1.0,1.0,1.0,1.0,0.19815494561730806,0.19784594689019508,0.9984406206660634,1.0,1.0,1.0
2117,34.9474359165811,33.46016886836071,34.94737017972244,33.46019690820228,34.94740231313315,34.947370197135456,33.90014740587114,33.46022009352035,33.46017055435274,33.46017309631904,33.4601765251854,0.4753834563421184,0.9999671321108315,0.4753901212272388,1.0,1.0,0.9999831984171752,1.0,0.999967140817053,1.0,1.0,1.0,0.5923579062823146,0.5923773764762705,0.8025479650949334,0.8025280865620487,0.9999752307229609,1.0,1.0,0.47539184442409543
2118,52.382792520659166,50.313212277558904,52.31796580046054,50.11794784183749,52.318002460086035,52.31796569360094,50.11794473980197,50.3132125393015,50.313205397480544,50.3132051357189,50.1179467998098,0.35530094311135696,0.9681063228335448,0.3222517072051051,0.9069824143531934,1.0,0.9681240682037955,1.0,0.968106271107818,1.0,0.9999999465702004,1.0,0.32225120738737156,0.3328675784744141,1.0,1.0,0.9999964290958964,1.0,1.0,0.36699812816708294
2119,37.76061523669944,28.09847173423441,37.76062876010482,28.09849848798339,37.7606042607982,37.76063108729994,28.909766482520723,28.0985510869576,28.098568400694205,28.098545139375858,28.098548058416895,0.007977966287168634,1.0,0.007978073008136148,1.0,1.0,0.9999945120644421,1.0,1.0,1.0,1.0,1.0,0.011969130797965195,0.011969049866534867,0.6665716136613511,0.6665773841090019,1.0,1.0,0.9999877504217172,0.007978395682287491
2120,48.63559350534376,38.544881554708695,48.63557905743929,38.544880268130214,48.63558207276094,48.6356217105951,38.41083743208128,38.544883416359056,41.02917856498351,38.5448786771594,38.54488212640126,0.006439167771029632,0.9999927760738545,0.0064391636287836175,0.9999993567109664,1.0,0.9999942837249262,1.0,1.0,1.0,1.0,1.0,0.0060217459509774385,0.006021789451939704,1.0,1.0,1.0,1.0,1.0,0.02229926069204523
2121,46.36805199200393,46.368852056766286,45.79433749366879,46.64501011601334,45.59678794583604,45.42465852385803,45.46304189079683,46.36806330369569,45.59682218135649,45.596785520982394,45.79433831807688,1.0,0.7506188726583624,1.0,1.0,1.0,0.6800207115704804,0.6797487356691903,0.6239427047913725,0.623693157422297,0.8312376993421993,0.5432553585183625,0.6360328598133091,0.8473446151983363,1.0,1.0,0.6800285059542954,0.9996057012209065,0.9059467278808827,1.0
2122,52.07428791464369,45.48277708818344,51.68658991417115,44.79747855771748,51.686590358915595,51.686591486652844,45.26235976437437,45.482775394888336,44.79805572588273,44.797479130747575,44.79747847812672,0.037040053929317446,0.8237822858080711,0.026294258319956958,0.7098871500061419,1.0,0.8237824689943888,1.0,0.8237829334996075,1.0,1.0,1.0,0.03317482163937831,0.04027134621720615,1.0,0.7928255893970144,0.7100926428988561,0.9999991533528063,1.0,0.03192814670053398
2123,37.744012429455154,34.381495801409926,35.81905715809344,32.16531161977812,37.74402407856357,35.819401145766875,36.03530696199704,34.38174116279404,34.38174609213411,34.381503292157106,32.16556836151486,0.1861396065380484,0.3819453911570559,0.061461125800252106,0.33018832984203694,1.0,1.0,1.0,0.38201108905995224,1.0,1.0,1.0,0.42555855165365153,1.0,0.4374543595733422,0.4374554377553218,1.0,1.0,1.0,0.1861618181914095
2124,52.83910641282989,47.43977456006394,52.83910750104235,47.43974169887301,52.839109920220835,52.83910883228316,46.542059542098826,47.43977535709013,47.439755778007566,47.439744095123444,47.43983965682429,0.067227968079134,1.0,0.06722686349266106,0.999983569539516,1.0,1.0,1.0,1.0,1.0,1.0,1.0,0.04291544753911172,0.042915424188555755,1.0,1.0,0.9999902105066367,1.0,1.0,0.0672272188461827
2125,33.71138948810702,33.71140509551512,33.69370213446277,33.694368054120275,33.7112691501909,33.71119383945941,33.98728052172072,33.71322417880455,33.77497505213438,33.69427906366775,33.695438761670715,1.0,0.9911953134639228,0.9915253966349236,0.9915176590943601,1.0,0.9999398328520578,0.9999320296479803,0.9999021804608408,0.9998943775505904,1.0,1.0,1.0,1.0,0.8719456618054414,0.8992872851286458,1.0,1.0,1.0,1.0
2126,55.85337496104569,55.84474296283014,55.85339405242058,53.25652173177042,55.85337524432168,55.85342716294031,52.38443083366309,53.256043273675346,53.2561610825166,53.256013448089334,52.59629300162322,0.9956933014311911,1.0,0.2729609280768206,0.27414157319776244,1.0,1.0,1.0,1.0,1.0,1.0,1.0,0.17649335294410473,0.1764916682017619,1.0,1.0,1.0,0.27407599841432523,0.9999905959947677,0.27291167228230306
2127,41.61026549282724,39.114216633176824,41.61026985753,39.11420786703812,41.6102779798986,41.61026832681932,39.19652247368654,39.380730786645216,39.380726347044856,39.11420527148266,39.38072948072585,0.28707136665672706,1.0,0.28707010840577535,0.9999956169402529,1.0,1.0,1.0,1.0,1.0,0.9999992346449547,1.0,0.29913164758355504,0.2991309947739033,1.0,1.0,0.9999977802022837,1.0,1.0,0.32798880035933964
2128,53.015141321382345,53.01490382409787,52.916354517754996,52.91632669111195,52.91630544441517,53.01483936922119,53.7760283777819,53.01491531742715,52.92150242439067,52.917500535323114,52.918615108064756,0.9998812584081043,0.951806613587624,0.9517933708883054,0.9519064017697874,1.0,0.9517832597094408,0.9518962893901627,0.9998490353157389,0.999967773080959,1.0,1.0,1.0,1.0,0.6834809255861191,0.6522919920780752,0.9543675143804521,1.0,0.9999754636311098,1.0
2129,21.651607928474107,19.314730344233055,20.725894543545593,18.27169892599656,20.725900680653837,21.651612711479515,19.228627040202042,19.315231814773654,18.277400976233196,19.31522092862852,18.277527511269682,0.31085186701617323,0.6294828356785851,0.18452791959374631,0.5936201103278096,1.0,0.6294847672836987,1.0,1.0,1.0,1.0,1.0,0.2977531640901463,0.47301236382270395,1.0,0.6215039378656533,0.5951657032982518,1.0,1.0,0.29397814468572
2130,49.06181212605901,49.06351727783738,48.58116787636254,48.58287474653241,48.62752363478228,48.84608971659006,49.956064733413086,49.0638959331194,48.74972449674618,48.6292243216038,48.58308223529622,1.0,0.7863745094938001,0.7870459155500908,0.7863751851437275,1.0,0.8048138700413467,0.8041279975611848,0.8977521915374284,0.8969871158533462,1.0,1.0,1.0,1.0,0.6401297427373511,0.5470745930355786,0.8546307982756025,1.0,1.0,1.0
2131,43.89212318385,41.592715403086686,41.6628992918651,39.63705744763996,41.66777464849909,41.662871213546964,39.63672076412226,41.59271571638098,39.66873948951627,39.63706657649047,39.637063891064315,0.31673054245485643,0.3280425524306069,0.11913084309383754,0.3761267927320816,1.0,0.32884319009979396,1.0,0.3280379470213602,1.0,0.9999859609394794,1.0,0.11911079008610441,0.3630955472195965,1.0,1.0,0.3821324076943827,1.0,1.0,0.36805695657364446
2132,62.6245923336912,34.40229136159439,62.624689634200365,34.40229143649117,62.624597820760044,62.62459609096939,34.41018223949638,34.40229565650674,34.40229583595618,34.402291497349324,34.40229573708859,7.440552932068603e-07,1.0,7.44055321070531e-07,1.0,1.0,1.0,1.0,1.0,1.0,0.9999532294782877,1.0,7.469967167302051e-07,7.469603760337616e-07,0.9960644730697524,0.9960645624413643,1.0,1.0,0.999954094333537,7.440549164519316e-07
2133,44.034476604049615,43.69326470632498,42.74869494548733,42.35357525403319,42.7491344474646,42.749314069116,43.89832858166341,43.69327990019539,42.35428769471477,42.353866395581775,42.353541528719404,0.8431537537152135,0.5257703128057771,0.4315160061207244,0.5117880389185515,1.0,0.5258858640475956,0.623712889529779,0.5259330964122262,0.6237689082148916,1.0,1.0,0.9341913304036097,1.0,0.9025561806056355,0.46207852099676283,0.5119664913121507,1.0,1.0,0.8208430341870337
2134,43.05713386203473,43.05764256714397,43.0571506411647,43.057668727342985,43.0571722125913,43.05713665477904,41.250003099484104,43.057821534794925,42.97381968210698,43.05767370887355,43.05783434910654,1.0,1.0,1.0,1.0,1.0,1.0,0.9997648503756703,1.0,0.9997470758082532,0.9999930068316257,0.9997339991025427,0.4051226649655302,0.4051192661768638,1.0,1.0,0.9588688923296531,1.0,1.0,0.9591802503009083
2135,42.60111072741503,42.60207251717634,41.24037926696249,42.60205057071653,41.240543308871935,41.24058728958195,42.5514702692675,42.600931909844604,41.228979798465815,41.24143426076344,42.60551861579518,1.0,0.5064317410963983,1.0,0.9999890268303004,1.0,0.5064732808148447,0.5062297789610037,0.5064844184645523,0.5062409112559603,1.0,0.5062464663843456,0.9754852601553566,1.0,1.0,0.5162081334644755,0.503598449479703,0.9994298589263579,1.0,0.9942349269773084
2136,53.47858439780035,51.88686755329837,52.945385145376264,51.354059075833135,52.94538278418898,52.94538439735305,51.35402771732288,51.88685910900597,51.35533422736384,51.354036915688766,51.35403704931289,0.45119375387737626,0.7659796882699041,0.3456727844805667,0.766129365732559,1.0,0.7659787839596879,1.0,0.7659794017846646,1.0,0.9999996259884643,1.0,0.3456673646312777,0.4512748443917962,1.0,1.0,0.7666212237793177,0.9999957778627108,0.9999988194070545,0.4515702713801515
2137,49.2884287204229,45.98471005120905,49.28815091767882,45.984708699100054,49.28817198234023,49.28815049385099,45.87958322620466,45.9847110021129,45.98470786064286,45.85561918826542,45.984709649328096,0.1916931553440339,0.9998611082743091,0.19169302574905786,0.9999993239457308,1.0,0.9998716391976183,1.0,0.9998608963898507,1.0,0.9999997880861085,1.0,0.18187734510177658,0.18190260986916906,1.0,1.0,0.9999984292662106,1.0,1.0,0.19171755440499025
2138,39.833219260513346,38.29064604542282,39.61952964581252,38.30731288356293,39.833242874381256,39.83322899580563,38.303084828504154,38.284425666073446,38.30731163169963,38.30731277984901,39.83115326604786,0.4624177352661013,0.8986651283911655,0.46628735723617876,1.0,1.0,1.0,1.0,1.0,1.0,1.0,1.0,0.46530265413783434,0.5177709020164629,0.9907138042997446,1.0,1.0,0.9968946419548274,1.0,0.4662815599841722
2139,58.05672302635759,57.2844815001005,58.055876423623744,57.284483252032544,58.05582534697004,58.05580736964646,57.29001500595899,57.284481524164164,57.97782813595941,57.28448330650701,57.28448329400047,0.6796884394215436,0.9995767882124613,0.6796890348057838,1.0,1.0,0.9995512610196922,1.0,0.9995422764318449,1.0,0.9999654736074073,1.0,0.6815715732840838,0.6818601445347036,0.9972370830027895,1.0,1.0,1.0,0.9999744619992479,0.9617520503035561
2140,53.659803367205456,45.551516651130214,51.453477932410806,44.715052399285184,51.45381708863778,51.456395103398194,44.728840124825524,45.55151738097902,44.73676695432226,44.7289115806652,44.72891515702213,0.017350336845740943,0.33181996959520305,0.011420155207923745,0.6582094232209157,1.0,0.3318762437709632,1.0,0.33230431052983456,1.0,1.0,1.0,0.01149915618882291,0.03465480454009766,1.0,1.0,0.6653944785798748,1.0,1.0,0.03478652891953029
2141,56.1817610857172,56.179305568681144,56.181762570623874,55.55619486881707,56.18176685049562,56.1817734648792,55.664527738038885,56.173564768550335,55.79792440246095,55.55619656519636,55.55619787381528,0.9987729948691048,1.0,0.7314085316967631,0.7323070762366963,1.0,1.0,1.0,1.0,1.0,1.0,1.0,0.772118939712654,0.7721183664505827,1.0,1.0,0.828763719603532,0.9971337155940584,1.0,0.8253718854121002
2142,41.859832726309804,27.846514560306787,41.192823586324806,27.14504958636431,41.19282236550106,41.1718470476188,27.543884838310362,27.826619897166125,27.232399378885532,27.259927436805242,27.1360508438367,0.0009058298410223982,0.7164086246504426,0.0006378601049043508,0.7041721038737319,1.0,0.716408187346245,1.0,0.7089340044628024,1.0,0.9895665407555816,1.0,0.0007786305052020651,0.00108685250066885,1.0,0.8557793286462757,0.7429620894843902,0.9901019794924112,0.9999993895883124,0.0009301064711077753
2143,50.23597871973996,50.23603787461494,49.02535144965185,48.61046731000579,49.31567765647878,48.626181832741764,51.03022516222052,50.23604144830435,48.74113625318773,48.73625916635933,48.61046219453334,1.0,0.5459031854178807,0.44363385624010354,0.443620734881502,1.0,0.6311886245024165,0.6311699558364194,0.44713333355042173,0.44712010868777974,0.8190707537420723,1.0,1.0,1.0,0.6722722699106358,0.3183689162831411,0.47357139440759854,1.0,1.0,0.7503085915731221
2144,54.63459742115742,47.94851807622325,52.51019235860005,46.14346659533322,52.510094721413935,52.51009539173572,46.143284674417345,47.948518597361584,46.16199795102975,46.143474505291834,46.14346585366016,0.035329404522955785,0.34569357030801284,0.0143276303611611,0.40554406604423565,1.0,0.3456766944462125,1.0,0.34567681030354086,1.0,0.9999515177431358,1.0,0.014326327172612478,0.0414422725879678,1.0,1.0,0.4093190624935893,1.0,0.9999511825985503,0.04183389490301335
2145,41.712289476633,41.71231792172992,41.68801627437702,41.688102279584484,41.68974401955509,41.68985368870392,44.99720403657827,41.71277735901805,42.02237150338729,41.710040349391164,41.68845196036136,1.0,0.987936750369641,0.9879792351357009,0.9879651836530777,1.0,0.9887905705908309,0.988776507569032,0.9888447919875434,0.9888307281945835,1.0,1.0,1.0,1.0,0.19355117353173124,0.22595571130398948,1.0,1.0,1.0,1.0
2146,65.17900453577721,65.17756624194027,64.94459844774812,65.17901262651637,65.17900708670913,65.17900654081285,66.03801257454668,65.17923111622122,64.9329851406874,65.18197823307972,65.18218649395644,0.9992811116056988,0.8894045865506781,1.0,1.0,1.0,1.0,1.0,1.0,1.0,1.0,0.9999969571528705,1.0,1.0,0.6509055517066831,0.5755013431555854,0.884154915635015,1.0,1.0,0.8842539595792808
2147,31.828235576984213,29.577659579819198,31.828321449269822,29.57767712371782,31.82826251168271,31.828238370015214,31.700448950951085,29.57765956286201,29.577681194740364,29.57769522310312,29.577682548157384,0.32455898137050515,1.0,0.3245618283979251,1.0,1.0,1.0,1.0,1.0,1.0,0.9999584612354543,1.0,0.9381050777930063,0.9380648000441122,0.3459729472760787,0.3459766893186702,1.0,0.9999999915214062,0.9999705316406442,0.32455811808089746
2148,33.40901531107693,32.60436882523237,32.82378557576229,31.964101832364776,32.35173415964789,32.35171184371174,32.48041239979938,32.60436918581564,31.583628395047214,31.964098708891925,31.96410265988726,0.6687645373449529,0.7463095132866462,0.4855579002471564,0.7260521052370074,1.0,0.5894056776963422,0.8813351258670629,0.5893991011632975,0.8813252920127282,0.7897515583952076,1.0,0.628574038714879,0.8422431009176394,1.0,0.6386542809601921,0.6002731992083647,1.0,0.7897603704670456,0.6810954083352333
2149,28.64733715661663,27.981458746845988,28.647397472361774,27.981454169541053,28.647653448261508,27.41095103267699,28.998927984404986,27.981373661471594,26.650889323430846,27.973503132888283,26.65088932797218,0.716813771606486,1.0,0.7168121310707561,0.9999977113501515,1.0,1.0,1.0,0.53891734858731,0.7518233744024145,0.5389010962316535,0.7518250950668045,1.0,1.0,0.6012303370989298,0.30912197759253474,0.514149001669006,0.9999574582177302,1.0,0.3684751289087847
2150,31.04553791582771,31.047242091244044,30.967855404232296,30.967871432016295,31.045543102069416,31.045538574272797,31.763283223455574,31.045588063920547,31.08071004644063,31.033199006487024,30.967889618064078,1.0,0.961903393614062,0.9619111022348606,0.9610918187085775,1.0,1.0,0.9991508661310631,1.0,0.9991486041576665,1.0,1.0,1.0,1.0,0.6984808058452727,0.7108551560930836,1.0,0.9991733282197967,1.0,1.0
2151,54.88011695208894,49.73327984942608,54.78379805480472,49.57311246915219,54.78374164370109,54.78372092707065,49.573108522979254,49.73327997188318,49.573592317042966,49.57311230053091,49.573114112634244,0.07627435144009162,0.9529818233049364,0.07040420823999473,0.9230390938858717,1.0,0.9529549443058116,1.0,0.952945073349229,1.0,0.9999614368765397,1.0,0.07040406932654109,0.07387766230669557,1.0,1.0,0.9232605231059253,1.0,0.9999717948459587,0.07389761954929014
2152,63.34319123853035,44.395630871220334,63.00540941471607,43.94833814519225,63.03169417970918,63.18402236819102,44.265974559552944,44.40671488649667,44.051372394847704,44.04251635115145,44.029900213837436,7.684038699863511e-05,0.8446010342768073,6.144140837182645e-05,0.7995978517510303,1.0,0.8557743653988601,1.0,0.9235000407939308,1.0,1.0,1.0,7.201700116798937e-05,8.526747925386359e-05,1.0,0.8982551834886429,0.8372176170381918,1.0,1.0,7.559194013518215e-05
2153,51.43966021448438,46.54223301788048,51.439664688123315,46.54223513951882,51.439670304129976,51.439670545041565,45.504414269689875,46.5438337625437,46.54384309773286,46.54224264399147,46.5438357728878,0.0864046661467795,1.0,0.0864047578065546,1.0,1.0,1.0,1.0,1.0,1.0,1.0,1.0,0.05142540477012659,0.05142528974090863,1.0,1.0,1.0,1.0,1.0,0.08647381711313641
2154,41.31860845859285,41.31858296867716,40.27532936826276,40.2753302605725,40.27532722048804,40.27586663600346,40.27827101576361,41.31858702322003,40.2757092637535,40.27532848712417,40.27532853913067,0.9999872551233737,0.5935466033115508,0.5935468681253183,0.5935544329033369,1.0,0.5935459659096973,0.5935535306762171,0.5937060714511433,0.5937136382582142,1.0,1.0,0.5944202480839271,1.0,1.0,0.9987199439664842,0.5936657195478399,1.0,0.9999989261132154,1.0
2155,41.12651473897475,37.89555331715425,40.64023360021804,36.832392526586034,40.330415522020985,39.544010020045164,36.83238803685259,37.89555323629844,37.163817872980786,36.10542221696505,37.16383020287111,0.19879508450203473,0.7841612769605458,0.11682699587886465,0.5876754758373761,1.0,0.671628708358305,1.0,0.4532767742149578,1.0,0.5780402418898887,1.0,0.11682673361812389,0.148983043476657,1.0,1.0,0.6935945704212518,0.9999999595720944,0.8564930813232405,0.2052967420045984
2156,36.108673378356855,32.765785926137085,32.12637529596279,32.12456956823303,34.933117057111644,35.783755651359826,31.63491910387114,32.76168220125754,31.78075952069304,34.22361103472153,32.1243285049307,0.18797548452651858,0.13653844697487738,0.13641522697874822,0.7257075427806836,1.0,0.5555602801753752,1.0,0.8500510576327699,1.0,1.0,1.0,0.10679147932468289,0.7821348615773561,1.0,1.0,0.6123438301349089,0.997950241190932,1.0,0.20676368252040084
2157,49.58701462306081,49.48083425370967,47.612763808120064,47.70175259898704,47.64501948007961,47.70659379518929,47.224853690558945,49.48084221558858,47.25976037237024,47.264361708777614,47.70175697289662,0.9482944869951592,0.372646359295875,0.38960143964356975,0.4108443579357838,1.0,0.3787050642313414,0.3993538604567199,0.3905456504649929,0.41184005160939685,1.0,1.0,0.30694691358958776,0.823694921290985,1.0,1.0,0.329380743716803,1.0,1.0,0.8247874568872681
2158,58.46568049884462,51.37826572597038,57.326493070037685,49.79333554287504,58.14920316615573,57.326493093059185,50.63978637431728,51.37784918389471,49.78432937361302,49.792955414870335,49.78471386806444,0.028905962610644105,0.565755250221148,0.013086521416166428,0.4527274041151479,1.0,0.8536460210787145,1.0,0.5657552567334152,1.0,1.0,1.0,0.019981527399470393,0.03531832429599161,1.0,0.6519884053936815,0.45078719370929565,0.9997917506490723,1.0,0.015261272078616729
2159,42.44723650898791,41.327141283011116,38.65505195374044,38.651616850110514,38.655097523680524,39.21891197981046,38.34744048545576,41.3271413992062,38.61376615029417,38.651619921466164,38.65162929607939,0.571181867525739,0.1501542353301311,0.1498965590002845,0.26243227861838553,1.0,0.15015765662886174,0.2628893968208738,0.1990573580087102,0.3485008354186596,1.0,1.0,0.1287480337028129,0.8574385758733064,1.0,1.0,0.25751234340958506,1.0,1.0,0.9795463852270995
2160,23.41434966513671,23.412382664727716,22.361575876600682,22.38908337567304,22.38720630797829,22.387661592302607,22.540091694783968,23.416364514086183,22.282789668825558,22.38561053155101,22.507115449413675,0.999016983273315,0.5907355082810288,0.5989164669698309,0.5995057911903154,1.0,0.59835462728785,0.5989433986670771,0.5984908535337737,0.5990797589574473,1.0,0.9992893609384117,0.6458881160449519,1.0,1.0,0.8792807695833751,0.5673451543494896,1.0,1.0,0.9491311236531211
2161,53.41703473080284,40.81767598250491,53.417039575771554,40.81767705727171,53.41704239068724,53.417039155290524,40.8215594047725,40.81767962998791,40.817681675947284,40.817676113460806,40.81769499547377,0.0018368936382078148,1.0,0.0018368946253242288,1.0,1.0,1.0,1.0,1.0,1.0,0.9999997897595073,1.0,0.0018404638200459297,0.0018404593615565167,0.9980619929731551,0.9980630139708241,1.0,1.0,1.0,0.001836891832136277
2162,46.10865018514437,45.30580607357203,44.15394805869647,43.46548567126993,44.08392400992497,44.027915097168176,43.78259479742346,45.30686664744843,43.395552711918214,43.39482801751174,43.466542006911965,0.6693674909893206,0.376306592140896,0.26671295949640234,0.3984552029890223,1.0,0.36335931434584595,0.5428397991196188,0.35332479568628294,0.5278487534016199,0.9389279993107104,1.0,0.3125384761013447,0.8305421234404652,1.0,0.8240524956798516,0.3845594184039416,1.0,0.9655938055153649,0.7087973283166098
2163,46.29111905000471,43.85459777758976,45.67278609711502,43.289887785493846,45.67275400501009,45.67276014557973,43.321460460644204,43.85459793863711,43.289903111270746,43.289897061101726,43.28991026774625,0.295744126438531,0.7340585563949245,0.22299283629951536,0.7540059678779907,1.0,0.7340467777473164,1.0,0.7340490314834546,1.0,0.9999870243165387,1.0,0.22654100913131894,0.3086143566582713,1.0,0.9843451564481598,0.7540116850479552,1.0,0.9999839540762718,0.3037879217447561
2164,44.31114476683777,41.725911051874334,44.311131245419915,41.725911009356906,44.31114978486238,44.311149057106235,48.74967429646455,41.730904709066635,41.730906948936905,41.72591403230109,41.73090379336011,0.2745513803792438,0.9999932393139257,0.2745513745426347,0.9999999787412863,1.0,1.0,1.0,1.0,1.0,1.0,1.0,1.0,1.0,0.029915312865904112,0.029915346369132827,1.0,1.0,1.0,0.27523736230105156
2165,49.29789621208283,40.49376056977755,48.48352576626684,39.30451414633569,49.01008653461878,49.010069433752506,39.89732451639716,40.49376119448323,39.899458587944395,39.897335649853005,39.30449509166618,0.012251978790078416,0.6655209091664993,0.006760279572703941,0.5517704273352462,1.0,0.8659701509559525,1.0,0.8659627465677339,1.0,1.0,1.0,0.00909267760790386,0.013662497274941456,1.0,1.0,0.7429315958782545,1.0,1.0,0.010511199477587798
2166,42.077797080982094,40.10441495668323,42.077887084140684,40.10441590820878,42.0778025424832,42.079783983192414,43.251911563964114,40.10441498161748,40.104420451733546,40.104420415795744,40.1044159333199,0.37280825165444964,1.0,0.3728084290227802,1.0,1.0,1.0,1.0,1.0,1.0,1.0,1.0,1.0,1.0,0.2072668280968447,0.2072673949844231,1.0,1.0,0.9999577300646558,0.3728082579081614
2167,68.31627574091323,47.9391396241688,68.31627693539028,47.93913876710877,68.31644333880953,68.31627322262574,47.91459296131646,47.93914300107957,47.93914189587761,47.93913852186566,47.93914214395318,3.7597685761000014e-05,1.0,3.759766964926657e-05,0.9999995714700768,1.0,1.0,1.0,0.9999987408570488,1.0,0.9999981436194538,1.0,3.713905711061196e-05,3.713903492974293e-05,1.0,1.0,0.9999994473991726,1.0,1.0,3.7594577948429626e-05
2168,49.16504361932337,48.47299425232478,47.46701460108818,46.74609140739611,47.6184905518011,47.994457678341945,47.56292576373036,48.471462755298546,46.884250478491225,46.88393542022308,46.741417036662256,0.7074950234380586,0.4278363530864039,0.2983535441357418,0.42170408872404297,1.0,0.4614984730273677,0.6522992498021041,0.5569426701407991,0.7872036575386028,1.0,1.0,0.4488534090210363,1.0,1.0,0.712241925256518,0.45221111554480276,0.999234544597454,1.0,0.6927264874831691
2169,37.30500641491173,37.30500378664479,36.61387917538923,36.61390079496428,36.58022857283888,36.56352732400569,39.82885920372894,37.3050694755801,36.58369323235826,36.58024326185725,36.61391474567512,0.9999986858673929,0.7078212989493358,0.7078289503885387,0.7078298805708648,1.0,0.6960116216344847,0.6960125362872536,0.6902236900481235,0.6902245970947728,0.9751383450493317,0.9751278040679867,1.0,1.0,0.2831170495851917,0.19738818918045578,0.6971964050545829,1.0,0.9833154535864055,1.0
2170,43.25463815783371,42.88205556088246,42.88981671502887,42.51026007741726,42.8691648265893,42.278749780336284,42.22614607611948,42.88514793259321,42.672135781945485,42.48869091983346,42.511903159783174,0.8300317727722946,0.8332590328054839,0.6892239391713484,0.8303585016623519,1.0,0.8246991171761288,0.9935753596776726,0.6138871338958292,0.7395947408681174,0.7367302480105669,0.8906932841507271,0.5979512555230345,0.7176054887875668,1.0,1.0,0.8989695866132585,1.0,0.9897271853141094,0.9061825326442694
2171,37.16133894269015,36.7743424716374,36.35894015145374,35.9145899326906,36.35314053148417,36.2910996589209,36.5423674628301,37.15878929013502,36.19816662134869,35.914588126353294,35.914588250315035,0.8240712902458831,0.6695165490613255,0.5361322008211418,0.6505895875357735,1.0,0.6675778905165813,0.8100972554418102,0.6471872317457608,0.7853534510984547,0.9666485953978716,1.0,0.7338242357088923,1.0,1.0,0.841894625241526,0.6185907732403008,1.0,0.9971043904031015,0.9254390966082213
2172,71.92514599185176,49.19102517289738,71.63640292454659,48.4915147315437,71.52796015868756,71.44003774363122,48.473863719214165,49.33160890132697,48.09104301274556,47.94216830440041,48.731476186953785,1.1570400413175501e-05,0.8655661013764204,8.1555194226587e-06,0.704860603905445,1.0,0.8198835864204959,1.0,0.784621279500807,1.0,0.9064833734282162,1.0,8.083859518310186e-06,9.339390146466295e-06,1.0,0.8257936515183104,0.5377922508185444,1.0,0.9472223844218478,8.142131371517278e-06
2173,53.68660371836643,47.26473620290449,52.000789867611104,45.10538808516452,52.00239859944128,53.68660678497278,47.14452079538924,47.27022950038685,47.27022554254481,47.264739326357386,45.11069123529762,0.04031894756045404,0.43045739540997363,0.013696597747322336,0.33970623183518667,1.0,0.4308037799580243,1.0,1.0,1.0,1.0,1.0,0.03796686544958708,0.0882012153918901,1.0,1.0,0.9999980210809382,1.0,1.0,0.09384727721650242
2174,72.78414465246959,40.454172539927356,71.87234837450268,39.346330190798255,71.87235211598403,71.87395941210025,39.35479790710289,40.454182186486065,39.3462265638567,39.34601127309941,39.34527113388634,9.541919662302514e-08,0.6338784013085271,5.483664123054894e-08,0.5746919191448792,1.0,0.6338795871317449,1.0,0.6343892079814935,1.0,1.0,1.0,5.506930397404461e-08,8.687676352493478e-08,1.0,0.9957234987624385,0.5746593713839607,1.0,1.0,8.650507310949479e-08
2175,39.90575103690486,39.2825219375446,39.90575862191582,39.28252998688487,39.90607360451381,39.90575602924477,36.34862528707225,39.282526373217564,39.28253456844149,39.2825460643769,39.282546349699686,0.7322637251254558,1.0,0.7322666722513306,1.0,1.0,1.0,1.0,1.0,1.0,0.9999987036653142,1.0,0.1688806756101431,0.1688800351304697,1.0,1.0,1.0,1.0,1.0,0.7321502562120664
2176,68.79148370848282,63.501312025455434,68.79150153176195,63.501481529996425,68.79208789277331,68.79210740035393,63.32884570699949,63.50139531445305,63.501310139723586,63.50236653329276,63.501349762363844,0.07099925879419523,1.0,0.07100527639758072,1.0,1.0,1.0,1.0,1.0,1.0,1.0,1.0,0.06513332208480116,0.06513274164269721,1.0,1.0,0.9999574135420973,1.0,1.0,0.07097774679262282
2177,56.434598448721005,51.89991584981689,56.434604857818385,51.89992398294032,56.43461370045523,56.43460321344534,52.165084157133776,51.89834481325542,51.89834944353197,51.89992112051192,51.89834512039454,0.10358722169752682,1.0,0.10358764294221304,1.0,1.0,1.0,1.0,1.0,1.0,0.9999991778138164,1.0,0.11827331005999756,0.118272931048024,0.8751415170424846,0.8751435431184519,1.0,0.9992147901579819,1.0,0.10350533430131904
2178,59.6440814141709,58.3129201885196,58.686870418558954,57.22767527639877,58.68686353162053,58.68714707593472,57.227654586917396,58.36111277048968,57.22819035376199,57.2276577726814,57.2276577300122,0.5139750205674758,0.6196468885377535,0.29873360112163994,0.5812220227975486,1.0,0.6196447548064448,1.0,0.619732609407486,1.0,1.0,1.0,0.298730510815986,0.4820979760278181,1.0,1.0,0.5675302606233605,1.0,0.9999965565367176,0.48222879992027323
2179,40.35791301193831,39.8471300281698,40.32375144300923,39.75040277949378,40.318690499775045,40.30121136466741,39.76398312345617,39.847142744843524,40.1869654470332,39.750402662866776,39.75040271154029,0.7746131838175416,0.9830642651067562,0.7380415787328622,0.9527872674404496,1.0,0.980579793654105,1.0,0.97204728981177,1.0,0.988793229816171,1.0,0.7430700607902838,0.7558712966843422,1.0,1.0,1.0,1.0,0.997472727327362,0.9362595664451991
2180,33.23151195782907,33.23152880602751,33.20164910247286,33.201668036534585,33.20165027291051,33.201740441526226,36.53333447055266,33.231581525144975,33.23578474251383,33.2017210499659,33.20168696705662,1.0,0.9851794933322173,0.9851888201010358,0.9851805208076211,1.0,0.9851800698779746,0.9851717706582723,0.9852244870407904,0.985216187446915,1.0,1.0,1.0,1.0,0.19188165586331826,0.19228534006219056,1.0,1.0,1.0,1.0
2181,47.71665173459402,44.95109651026996,47.24730450752227,44.41262465533646,47.247304654610105,47.247304811090714,44.96058451729934,44.95109890239442,46.47698149981116,44.41262469389045,44.95109941540835,0.2508807349936916,0.7908289233665824,0.1916635975758608,0.7639629945307684,1.0,0.7908289815272402,1.0,0.7908290434019434,1.0,1.0,1.0,0.2520737416587348,0.3187462347553619,0.9952684218989085,1.0,1.0,1.0,1.0,0.6803406996421916
2182,51.45047524850645,42.78080525191638,51.409798002780775,42.529867086215575,51.409808362806075,51.315463035905054,42.67865762370113,42.78080780650345,42.678638907232,42.67863699336746,42.67857127431736,0.013104036082914652,0.9798668118169656,0.011558847925300873,0.882083035498626,1.0,0.9798718875525922,1.0,0.9347220129049214,1.0,0.953927617133667,1.0,0.0124515668522632,0.012707407478343187,1.0,0.999990641809224,0.9501984232333398,1.0,1.0,0.012707222736254731
2183,34.81765080158033,34.81903940770587,34.250022220502416,34.24989403999467,33.71728061108135,34.05241850547256,33.97733622100958,34.8192813289069,34.251632810832206,34.24979113252732,34.24987738482838,1.0,0.7529064535755895,0.7528582011561096,0.7523356708194109,1.0,0.5768430295940048,0.5764426647151827,0.6820746647306418,0.6816012625631845,0.9059221919156568,0.9059802545595299,0.6569434808605837,0.8725432990256985,1.0,1.0,0.7528989482662282,1.0,0.7661549809469009,1.0
2184,40.41921015165096,37.592959730423615,40.41921224392402,37.59317403164238,40.41922012000032,40.41921867087751,38.25189842205194,37.593245975352914,37.592190049475164,37.59118316193377,37.59269140716947,0.24338147499917856,1.0,0.24340755486974874,1.0,1.0,1.0,1.0,1.0,1.0,1.0,1.0,0.33835627695973425,0.3383559229930572,0.7194082906803434,0.7190285700129847,0.9994721764090325,1.0,1.0,0.2432866173912549
2185,35.96632387639062,35.88396029401417,35.83815498796585,35.75447454361509,35.899066140898555,35.92153924950969,36.26449445384793,35.88391074816815,35.82377285877985,35.81904856278905,35.75634542941458,0.9596546573290481,0.9379257937816129,0.8994924075358477,0.937308437640842,1.0,0.9669302970742489,1.0,0.9778565335295513,1.0,1.0,1.0,1.0,1.0,0.8267178187876165,0.8022293033867562,0.9703786287843987,0.9999752273838338,1.0,0.9630531842266113
2186,42.652253505436164,42.65175368988349,42.652882512941886,42.651764667445946,42.65229397552818,42.65226899701341,42.53504900378991,42.651672468956434,42.615032858869085,42.65323241049222,42.65202908178594,0.9997501234480112,1.0,0.99975561087278,1.0,1.0,1.0,1.0,1.0,1.0,0.9996932890811746,1.0,0.9430818045786343,0.9427852484482917,1.0,1.0,0.9818469825264888,0.9999593903610648,0.9997057745859367,0.981541917752839
2187,56.38499940962126,56.26764724008507,55.48467956814187,56.48975954547549,55.659664336770504,56.23381323299168,56.48975335521919,56.2670238689721,56.58500006531463,55.52971241964218,56.67573690771556,0.9430121756990949,0.6375261898092381,1.0,1.0,1.0,0.6958177290977858,0.737867173965115,0.9271934156440609,0.9832252854600665,1.0,0.8798769980329191,1.0,1.0,0.8946123856973557,1.0,1.0,0.9996883630124143,1.0,1.0
2188,59.45020904465301,59.26028171333533,59.450219360887445,59.260287637079614,59.4502199152989,59.45021177230552,57.97329025967167,59.2604746266303,59.28694716983455,59.2602900437403,59.2604791546475,0.9094059765349529,1.0,0.909408670083169,1.0,1.0,1.0,1.0,1.0,1.0,0.9999962057162369,1.0,0.47784952730111285,0.4778470625035951,1.0,1.0,1.0,1.0,1.0,0.92160701921649
2189,58.04038062187263,46.01176489145047,58.040588103030046,46.01175351749046,58.04064195077305,58.040383127016526,46.00297146190857,46.01186214372254,46.0117511033846,46.01175069529506,46.0117511822242,0.0024435390377728666,1.0,0.0024435251414547353,0.9999943130361675,1.0,1.0,1.0,1.0,1.0,0.999897517244956,1.0,0.002432819077165722,0.002432566708197442,1.0,1.0,0.9999444813722453,1.0,1.0,0.0024432029313669946
2190,35.967633922795216,34.9618857032641,35.84592968710945,34.823632758436645,35.96766715255896,35.84592976730772,34.13064188383703,34.96187324609252,34.823595524387,34.693635616605604,34.82361162850634,0.6047899267475286,0.9409623810341733,0.5643951895400747,0.9332086474642676,1.0,1.0,1.0,0.9409624187659548,1.0,1.0,1.0,0.3991188569021056,0.4241602692590646,1.0,1.0,0.9331970865374454,0.9999937714336082,1.0,0.5643753051717026
2191,57.061032901731835,57.06188802273792,57.06104371046291,52.27522352486125,52.27619281920167,57.0610510196521,51.39808555700341,52.275241067099785,52.51637722384788,52.275228474433106,52.27524461106256,1.0,1.0,0.09136391437008637,0.09132485911873488,1.0,0.09140820436428847,0.09136913018033249,1.0,0.9995815860166456,1.0,1.0,0.05892595210580539,0.058925633649281044,1.0,1.0,1.0,0.0913256601434794,0.09140771036227381,1.0
2192,55.303989571719484,41.36702632475678,55.30399624844463,41.36702465678812,55.30399734967094,55.30399291455876,41.32888925766815,41.36702730402635,41.36702528269623,41.36702427423842,41.367025661492846,0.0009410807364619257,1.0,0.0009410799516156657,0.9999991660160172,1.0,1.0,1.0,1.0,1.0,0.9999983330584536,1.0,0.0009233057172390528,0.0009233026349149472,1.0,1.0,0.9999989893354515,1.0,1.0,0.0009410765862993827
2193,26.858733388080708,23.22429087077944,25.72437222454198,22.038202504508916,25.72496417181614,25.727185090977684,21.695117544934362,23.224279324389954,22.037592570185524,22.037604942458984,22.037678282084897,0.162476604700563,0.5671221412597506,0.08979145700393891,0.5526423768481656,1.0,0.56729001930508,1.0,0.5679203218400685,1.0,1.0,1.0,0.07563713432840433,0.133370095832251,1.0,1.0,0.5524770543161156,0.9999942268219213,1.0,0.15823313416162813
2194,41.601085885038344,39.12139757453383,41.601087297750894,39.12139731130199,41.601117516537585,41.60108807085189,40.61360255279402,39.11610049970642,39.11610189579142,39.12139901618406,39.11610028207082,0.2894293204639007,1.0,0.28942928237039683,0.9999998683840887,1.0,1.0,1.0,1.0,1.0,1.0,1.0,0.6103384338209434,0.6103380027047132,0.4729568946109063,0.472957224755034,1.0,0.9973549668670884,1.0,0.2886594064202874
2195,67.59132908782959,44.201455011540304,67.59133780299484,43.964909027216265,67.59134405486017,67.59133652442853,45.04582898885184,44.201453650518715,43.99001942507874,43.96490898800289,44.20145340796773,8.335916930578542e-06,1.0,7.406074394874462e-06,0.8884534786697353,1.0,1.0,1.0,1.0,1.0,0.9999993607170464,1.0,1.271472166662714e-05,1.2714666261297617e-05,0.6556109898794438,0.5898395183452247,0.8996791198599138,0.9999993194894372,1.0,7.499589180236646e-06
2196,32.40303845240851,32.40251687789825,32.220913967675074,32.22133390269292,32.22091400541879,32.22091460622843,32.423104202449764,32.4025241075403,32.270989363546875,32.221340218898916,32.221332860289294,0.999739246746911,0.912960884284614,0.9131525965331984,0.9133907661468127,1.0,0.912960901513883,0.9131990211293602,0.9129611757717804,0.91319929545879,1.0,0.9997903737424121,1.0,1.0,0.9897627139560276,0.9267629908090358,0.9363486598770877,1.0,1.0,1.0
2197,66.90131639781785,57.1603855665702,65.74443664924868,55.654175349968796,65.74443665769348,65.7444366733348,57.14553922383058,57.160377849134704,55.65416637608416,55.654178881697504,55.65416638081345,0.0076697948147446205,0.5607725601537339,0.0036117223183186557,0.47090207828968056,1.0,0.5607725625215401,1.0,0.5607725669071515,1.0,1.0,1.0,0.007613071407720171,0.013576041248582265,1.0,0.47440854279953204,0.47090178245751846,0.9999961412896977,1.0,0.006440589918531508
2198,31.69661511338282,31.696501447210494,30.647288298115996,31.696558338929748,31.69666678487056,31.696675969053985,31.66981693771993,31.696488254094845,31.689132829656927,31.696567204185186,30.647124146756,0.9999431685288067,0.5917545109005965,0.9999716131763778,1.0,1.0,1.0,1.0,1.0,1.0,1.0,1.0,0.9866902803499192,1.0,1.0,1.0,0.9963290422817167,0.9999934034639328,1.0,0.9962401085527356
2199,57.64076937589496,57.64025669872487,57.64077246120061,57.2147552960717,57.640799709940694,57.64077536425057,56.81568385282057,57.63878815861068,57.425019766812966,57.21476062064119,57.24709718295276,0.9997436942668815,1.0,0.8081504478887248,0.8083576345848791,1.0,1.0,1.0,1.0,1.0,1.0,1.0,0.6619648894493649,0.6619638682681458,1.0,1.0,0.8986297319733322,0.9992659994531954,1.0,0.8977263664247569
