,model_1,model_2,model_3,model_4,model_5,model_6,model_7,model_8,model_9,model_10,model_11,p_val_21,p_val_31,p_val_41,p_val_42,p_val_43,p_val_51,p_val_52,p_val_61,p_val_62,p_val_63,p_val_64,p_val_71,p_val_73,p_val_87,p_val_97,p_val_98,p_val_82,p_val_53,p_val_95
0,-317.96526117048256,-317.45371803204586,-317.96522105454693,-317.4537297837462,-317.96527575072497,-318.134543238822,-311.38260923125347,-317.38739787261903,-314.98327409303937,-317.4537269660904,-317.6084749605051,1.0,1.0,1.0,0.9999941241670848,1.0,0.9999927099053693,0.7743131819889055,0.9188420581114549,0.7114767044940187,0.9188236281918588,0.7114808850368217,1.0,1.0,0.04966800475545091,0.16524394689717403,1.0,1.0,0.9999726522849355,1.0
1,-313.355939378688,-312.8449726429649,-313.35593712115474,-312.8449551140105,-313.3549874077871,-313.3754822790631,-302.8851375053505,-312.39322925480667,-309.66404243875826,-312.84453595030243,-312.3932290857829,1.0,1.0,1.0,1.0,1.0,1.0,0.774910777230024,0.9902761353125994,0.7670104769585083,0.9902750175225774,0.7670037545421295,1.0,1.0,0.008616762242985222,0.033727138576272964,1.0,1.0,1.0,1.0
2,-315.8302681903201,-315.3192194275827,-315.8302631572002,-315.0122640914086,-315.8302642983831,-316.0118205495332,-308.84416822051304,-315.1835799661883,-313.31007210085977,-315.0323494925607,-314.9726645729614,1.0,1.0,1.0,1.0,1.0,1.0,0.7745117598843063,0.913222085753336,0.7072998684174252,0.9132197875780925,0.6066651855021937,1.0,1.0,0.042015954119566754,0.10721148068116906,1.0,1.0,0.9999994294087096,1.0
3,-318.64401469852453,-318.132751795392,-318.6439443184548,-318.13272066128286,-318.64397049909087,-320.60522909679685,-312.7614336423843,-318.0897667667222,-315.71855133507046,-318.1327156716209,-318.089729767073,1.0,1.0,1.0,1.0,1.0,1.0,0.7744444449976636,0.3750832794492577,0.29047474270048995,0.3750700804878193,0.2904702208995174,1.0,1.0,0.0696573844467399,0.22796598577755456,1.0,1.0,0.9999869097676571,1.0
4,-317.1294662464182,-316.61772618992603,-318.30039970710965,-317.7884994680264,-318.28623898086886,-318.09233406632,-311.9974030671133,-316.4456878545681,-315.4063172551116,-317.7743410668471,-317.7716038355889,1.0,0.5568459042704382,0.7192713374045832,0.5568905045663616,1.0,0.560802566247097,0.43419723244690833,0.6178967479787953,0.47840197969444764,1.0,0.8590593227423917,1.0,1.0,0.10816013768344815,0.1818710982878823,1.0,1.0,1.0,1.0
5,-317.85981913994044,-317.3490647292261,-317.85980127841674,-317.3489733650288,-317.85982216068334,-317.8538929721189,-310.57939778783015,-317.28607996884267,-314.8913550159187,-317.34897714322443,-317.2860866405843,1.0,1.0,1.0,1.0,1.0,0.9999984896296932,0.7746230804593504,1.0,0.7769229309920103,1.0,0.7768874403326989,1.0,1.0,0.034967329701855406,0.11578982160406877,1.0,1.0,0.99998955892121,1.0
6,-317.3412765438362,-316.82960338487936,-317.34125953190073,-316.82957407874085,-317.34126418799565,-317.4626269021695,-308.39400773433124,-316.68366665685835,-314.2036180579368,-316.8295951269883,-316.68366164441574,1.0,1.0,1.0,1.0,1.0,1.0,0.7742732731981284,0.9411288884026212,0.7286864431441502,0.9411208832247016,0.7286757657294605,1.0,1.0,0.01584613810127326,0.054759458796403,1.0,1.0,0.999997671955252,1.0
7,-317.264442176169,-316.75344954278756,-317.264429671303,-316.7534486608591,-317.2644459179539,-317.26404174728054,-309.5067691785756,-316.64894207577544,-314.20795213868024,-316.75345359835046,-316.6489481856702,1.0,1.0,1.0,1.0,1.0,0.999998129109303,0.7745305403314449,1.0,0.7746870774128386,1.0,0.7746867358036134,1.0,1.0,0.02812528040364389,0.09531276993759087,1.0,1.0,0.9999918767075507,1.0
8,-316.7614299327787,-316.2498130213437,-316.7611891003842,-316.24980950254576,-316.761411467497,-316.7102561036114,-307.4887140883412,-316.043014944512,-313.50623733211256,-316.249811734705,-316.0430159700402,1.0,1.0,1.0,1.0,1.0,1.0,0.7742974142393856,1.0,0.7943576001247503,1.0,0.7943562025340365,1.0,1.0,0.013882164002630338,0.049352758308639784,1.0,1.0,0.9998888226242494,1.0
9,-317.1482910376358,-316.63661284488495,-317.14817995733534,-316.6365901152176,-317.1482588914767,-317.6325177611453,-308.19985412815754,-316.47369375951916,-313.9781518090116,-316.6365966406687,-316.4736870473701,1.0,1.0,1.0,1.0,1.0,1.0,0.7742789860104804,0.7849671872500887,0.607773828919898,0.7849235912652708,0.6077669217106656,1.0,1.0,0.015971972433954575,0.05562353697431208,1.0,1.0,0.9999605337081363,1.0
10,-317.4784211943349,-316.96700264184585,-317.4783511213917,-316.9669858519498,-317.47839604557134,-318.6248730422039,-309.75824631676244,-316.8646339545186,-314.4257348142802,-316.9669761013705,-316.86461872388264,1.0,1.0,1.0,1.0,1.0,1.0,0.7743768002195202,0.5637040360839611,0.4365138388073595,0.563684286229502,0.436510174311752,1.0,1.0,0.02863304470454501,0.0969321287727736,1.0,1.0,0.9999775381624543,1.0
11,-316.2619816435956,-315.75039984078154,-316.26187521285345,-315.7503474235552,-316.26178457605954,-316.6447827859808,-306.64797971539497,-315.5054647746881,-312.936689713022,-315.75036928672637,-315.50546030096666,1.0,1.0,1.0,1.0,1.0,1.0,0.7743801565491096,0.8258017295057674,0.6394214648627612,0.8257577853295546,0.6394047067325352,1.0,1.0,0.011929481214063354,0.04309471122435679,1.0,1.0,1.0,1.0
12,-318.49208411427054,-317.9802151193087,-318.49209459935156,-317.9802257968495,-318.49209488445774,-318.55642450806795,-311.5386702862254,-317.9205392711887,-315.5210173381565,-317.9802192484822,-317.9205526043978,1.0,0.999994757473232,1.0,0.9999946612438583,1.0,0.9999946149208984,0.7741885096133088,0.9683417592891148,0.7496831005231666,0.9683468358733226,0.7496871029197917,1.0,1.0,0.04113341410682825,0.13653510390353493,1.0,1.0,0.9999998574469191,1.0
13,-317.1857646319408,-316.67411757296196,-317.18569035910565,-316.6741089820866,-317.1857448040868,-317.2002625121376,-308.17156120128317,-316.515394952799,-314.0215199592533,-316.6741113326853,-316.5153920548685,1.0,1.0,1.0,1.0,1.0,1.0,0.7742862702550559,0.9927772700975824,0.7686861889213242,0.992740402590889,0.7686828870847874,1.0,1.0,0.015422668431932494,0.05366579854455387,1.0,1.0,0.9999727778799415,1.0
14,-317.8614150985233,-317.35016541847864,-317.8613892408208,-317.3500915102418,-317.86139891864065,-317.97970240711504,-309.67249068860156,-317.26684951959805,-314.8459824070846,-317.35015333396603,-317.2668419766435,1.0,1.0,1.0,1.0,1.0,1.0,0.7744387154995235,0.9425713550066134,0.7299578440979465,0.9425591687205511,0.7299308696477396,1.0,1.0,0.022433959579820466,0.07526456349649065,1.0,1.0,0.9999951611017912,1.0
15,-320.5360782537962,-320.02453904345407,-320.53576809621876,-320.0244519635274,-320.5359722955071,-320.6039440032126,-314.93965991482264,-320.0169218104395,-317.67657837866284,-320.02444823832064,-320.01684728240815,1.0,1.0,1.0,1.0,1.0,1.0,0.7743613715630271,0.9666363882094418,0.748486224166307,0.9664864950321633,0.7484536358129967,1.0,1.0,0.07897444595169055,0.2544987812206051,1.0,1.0,0.9998979055678103,1.0
16,-319.01300039690466,-318.50122959603516,-319.013037363808,-318.500210902389,-319.01303697986265,-319.1360714308167,-313.5565533535673,-318.48213000613515,-316.1240264667544,-318.5002135594895,-318.4831484325895,1.0,0.9999815167191491,1.0,1.0,1.0,0.9999817086882935,0.7742165285140475,0.940319547858317,0.7280242525552983,0.9403369283698585,0.7276535301362821,1.0,1.0,0.08519706225777228,0.27700033688795384,1.0,1.0,1.0,1.0
17,-319.83222231863186,-319.32033136820655,-324.11120305755134,-323.3528899848728,-324.1111472352208,-323.25716078903673,-323.9047937749061,-319.30313619190184,-318.8460399726293,-323.3529607761866,-323.3528600862107,1.0,0.1177148188044402,0.17198743913496686,0.1331499545145144,1.0,0.11771810440805393,0.0911354941169103,0.18041974336197183,0.13967811104690617,1.0,1.0,0.1305125708981651,1.0,1.0,1.0,1.0,1.0,1.0,1.0
18,-317.37342763978995,-316.86169070687976,-317.37341444085916,-316.8616844273935,-317.3734128814735,-317.46218945295067,-308.5103312871382,-316.7238136561761,-314.2507721642816,-316.86168160835894,-316.7238092653213,1.0,1.0,1.0,1.0,1.0,1.0,0.7742495144152978,0.9565895168268723,0.7406335036259892,0.9565832038682911,0.7406311782306965,1.0,1.0,0.016461331654930692,0.056686429326942435,1.0,1.0,1.0,1.0
19,-316.2301927374941,-315.71864631172167,-316.23017904979815,-315.71863759943784,-316.23013813996096,-318.25682529549726,-308.3542664365005,-315.49924077406956,-312.95549021578626,-315.71850502136533,-315.4992337375764,1.0,1.0,1.0,1.0,1.0,1.0,0.774338692327188,0.3630131283922018,0.281087437691731,0.3630106439940364,0.2810862132376289,1.0,1.0,0.028085912333946066,0.10019751513979848,1.0,1.0,1.0,1.0
20,-319.4671654244349,-318.95525072622496,-319.4671449812006,-318.95515852432214,-319.46718278671494,-319.5104014576842,-313.1314534988004,-318.925213270972,-300.4523996412869,-318.9552613539137,-318.92523411353733,1.0,1.0,1.0,1.0,1.0,0.9999913188976501,0.7741682666519336,0.9786139779353168,0.7576184639829657,0.9786039749690243,0.7575835378560416,1.0,1.0,0.05519516687825163,1.0,1.0,1.0,0.9999810974214796,1.0
21,-315.6867346740268,-315.17605783699355,-315.6867116241282,-315.1760488038105,-315.6865429362566,-315.90729570496177,-305.97426131834146,-314.9081322769877,-312.3248531511919,-315.1760492150745,-314.9081298526528,1.0,1.0,1.0,1.0,1.0,1.0,0.7747285650424836,0.8955828752080994,0.693767121917843,0.8955725537203327,0.6937639884622118,1.0,1.0,0.011482450194089088,0.04178173835274539,1.0,1.0,1.0,1.0
22,-316.8364860586934,-316.3248394258283,-319.42980095788386,-318.9182300576327,-319.42972037359687,-319.40988209294227,-316.45429062627886,-316.1641280837557,-316.5947372614571,-318.9182859343305,-318.91759930255137,1.0,0.2734442684370855,0.35314660400500164,0.27343391430851577,1.0,0.2734552863147529,0.21173061974097263,0.27618122480592067,0.21384125601313583,1.0,0.7820582774229629,1.0,1.0,1.0,0.9321856232138286,0.8062958140564096,1.0,1.0,1.0
23,-317.6895780386658,-317.17781013631486,-317.6895873253422,-317.1778200449214,-317.68959081763984,-317.92621919131517,-310.73097898243446,-317.0653118821855,-315.0655295016047,-317.1778234474281,-317.06532459114885,1.0,0.9999953566725792,1.0,0.9999950457089938,1.0,0.9999936105333862,0.77422686534245,0.888411203360705,0.6878362160196108,0.8884153285639612,0.6878396237772726,1.0,1.0,0.042122785986470866,0.11448914550264198,1.0,1.0,0.999998253852699,1.0
24,-318.61370583194446,-318.10185185335934,-318.6135527778247,-318.1018399400159,-318.61369792325286,-318.62485367962825,-310.88737173095143,-318.04188821666406,-315.64359472084305,-318.10184539863786,-318.0418844316923,1.0,1.0,1.0,1.0,1.0,1.0,0.7742015529630109,0.9944415816494181,0.7698951724062114,0.9943654828707882,0.7698905864070738,1.0,1.0,0.027952231519942916,0.0927255248862462,1.0,1.0,0.9999274299192468,1.0
25,-314.82252326898464,-314.31118667432,-314.82251686345217,-314.311181319732,-314.8219011178159,-316.972945347776,-305.4353855615686,-313.8330019672886,-311.0633926797044,-314.3110625122335,-313.8329982572823,1.0,1.0,1.0,1.0,1.0,1.0,0.7746397303718138,0.34122573562873326,0.2642447989515681,0.34122464276421816,0.264244091491495,1.0,1.0,0.015013459159988573,0.05996444000330414,1.0,1.0,1.0,1.0
26,-319.332432359615,-318.8205879292981,-319.33234566759694,-318.8205306671757,-319.33235437009836,-321.61490029849375,-314.2507174599119,-318.79309683815126,-316.43404795497156,-318.82051536592394,-318.7930365181719,1.0,1.0,1.0,1.0,1.0,1.0,0.774232378060478,0.3194246183082331,0.24729923828179298,0.3194107728259211,0.24729215794352996,1.0,1.0,0.10318934378951551,0.33565707593490984,1.0,1.0,0.9999956487587576,1.0
27,-318.7468054907512,-318.23495651626786,-319.048836662489,-318.5369623631011,-319.04604290129294,-319.0011133992417,-312.6757883759597,-318.18225039626054,-316.1582175543341,-318.23498073388527,-318.182274498139,1.0,0.8598342972901447,1.0,0.8598451849698209,1.0,0.861036222415059,0.6666146124294222,0.8805980903463302,0.681759418965928,1.0,0.7928862438066178,1.0,1.0,0.0637216429642716,0.17530734485008292,1.0,1.0,1.0,1.0
28,-317.31256688414896,-316.80084242953654,-317.31256756856305,-316.80068938779755,-317.3125666896915,-317.2928606464526,-309.1563865464296,-316.6821696179968,-314.22690514855435,-316.80081597762285,-316.6821731173736,1.0,0.9999996577930136,1.0,1.0,1.0,1.0,0.7742487070433375,1.0,0.7819151028521478,1.0,0.781855272317775,1.0,1.0,0.023216511850110626,0.07924116928115144,1.0,1.0,1.0,1.0
29,-319.6692315836305,-319.1574653371882,-319.6691038250888,-319.1574508954139,-319.66922713568397,-319.6643446987788,-313.1782457441582,-319.1352465494726,-298.8152448213145,-319.15738059949683,-319.13524652473745,1.0,1.0,1.0,1.0,1.0,1.0,0.7742341751738024,1.0,0.7761265588500238,1.0,0.7761209545479468,1.0,1.0,0.05086905980341812,1.0,1.0,1.0,0.9999383466030773,1.0
30,-317.6030725025108,-317.09153354873416,-317.60299466502255,-317.0915220419313,-317.60305043269494,-318.3705381695419,-309.362449467073,-316.97592309843657,-314.5271321681751,-317.09151288255083,-316.9759099046416,1.0,1.0,1.0,1.0,1.0,1.0,0.7743289915806444,0.6813134269794539,0.5275549173112866,0.6812869116324864,0.5275518820847975,1.0,1.0,0.02222057059668107,0.07559679804837695,1.0,1.0,0.9999721165525541,1.0
31,-316.20800370741176,-315.69635621647336,-316.2080042530297,-315.6963453209055,-316.2079886778011,-316.1432030300708,-307.0007337093083,-315.45175940797714,-312.88164675477816,-315.69635739623925,-315.4517613937253,1.0,0.999999727191076,1.0,1.0,1.0,1.0,0.7742842454205657,1.0,0.7997761469370983,1.0,0.799771789941322,1.0,1.0,0.014617836039431066,0.052841599839397,1.0,1.0,1.0,1.0
32,-316.6392121259453,-316.1285277937336,-317.045586751456,-316.1285290333374,-316.7885179587302,-316.7069406394417,-310.17088304081545,-315.86554796201654,-314.0656196154607,-316.27954144869244,-316.2611258374299,1.0,0.8161253564181588,1.0,0.9999993801983111,1.0,0.9280655467723709,0.7189272687493,0.9667027191021647,0.7488576081222663,1.0,0.7488580722657643,1.0,1.0,0.05799882886626418,0.14264898918568067,1.0,1.0,1.0,1.0
33,-316.7384888032665,-316.2268386055216,-316.73845729446526,-316.22684035134125,-316.7384617407133,-316.6855312183261,-307.78100639665433,-316.01908027509546,-313.4798004851528,-316.22683940303074,-316.0190834539379,1.0,1.0,1.0,0.9999991270905584,1.0,1.0,0.7742878559690807,1.0,0.7950531538276747,1.0,0.7950538478376851,1.0,1.0,0.016260166432389204,0.05787920895768745,1.0,1.0,0.9999977768784432,1.0
34,-315.23740632458754,-314.7260333477095,-315.23740553320624,-314.7258871498149,-315.23736619303526,-315.12538387223367,-305.4861967475856,-314.37853528893316,-311.72343393617814,-314.72603272675565,-314.3785357635524,1.0,1.0,1.0,1.0,1.0,1.0,0.7744002480844231,1.0,0.8189966690248398,1.0,0.8189368034185773,1.0,1.0,0.011723390197389116,0.04421820953557446,1.0,1.0,1.0,1.0
35,-317.24298534118293,-316.7313992745438,-317.2429806337787,-311.37215137994707,-317.24299175939797,-317.29878816209566,-309.3218120273534,-316.5863390645181,-314.1045963958793,-316.73140678269453,-316.5863466856953,1.0,1.0,1.0,1.0,1.0,0.9999967908976308,0.7742997221520681,0.9724842388524784,0.752996692384209,0.9724819499169622,0.05164724673286006,1.0,1.0,0.02645623240958137,0.09150220722967323,1.0,1.0,0.999994437205839,1.0
36,-319.24600818283284,-318.73421977548804,-319.24596657074187,-318.73417297786773,-319.2459424452384,-319.79212100782064,-312.29457143812186,-318.7006589511818,-316.3321776156136,-318.734173208893,-318.70061955342,1.0,1.0,1.0,1.0,1.0,1.0,0.7742493227279217,0.7610498536977106,0.5892229664191548,0.7610340194245642,0.5892091794641232,1.0,1.0,0.04063832238218066,0.13281433695800074,1.0,1.0,1.0,1.0
37,-315.68275407661145,-315.1718623417373,-315.6826632828216,-315.1718644596227,-315.68268847152115,-319.00431721240255,-308.75389265659527,-314.9081465902797,-312.3280885291345,-315.17184649163545,-314.9081407668714,1.0,1.0,1.0,0.99999894105786,1.0,1.0,0.7745964732616445,0.18999043163689686,0.1471610909618933,0.18998180685700408,0.1471612467971389,1.0,1.0,0.04609148898028218,0.16744540246755407,1.0,1.0,0.9999874057295249,1.0
38,-317.4288651587684,-316.9182579710918,-318.10826258739183,-317.59890073752064,-318.10478337362247,-318.0469800647034,-313.13457766031195,-316.76600272434723,-315.35564425752364,-317.59573314566455,-317.59110713597323,1.0,0.7119848012822403,0.9184959447863048,0.711541608482788,1.0,0.7132244528849496,0.5525216276628033,0.7341385903740332,0.5687234183331749,1.0,0.7992834312892216,1.0,1.0,0.1627219224935228,0.3293832545968781,1.0,1.0,1.0,1.0
39,-319.020856068519,-318.5093433192908,-319.02081075495204,-318.50928608002613,-319.0207845590752,-319.54730438677683,-312.2331562407423,-318.48072070071953,-316.1172105303175,-318.5092841225177,-318.4806755616086,1.0,1.0,1.0,1.0,1.0,1.0,0.7743582788739007,0.7685695961092566,0.5951269506589517,0.768552182991598,0.5951099185881601,1.0,1.0,0.043990471295235395,0.14341293612801037,1.0,1.0,1.0,1.0
40,-315.0688455091764,-314.557488885614,-317.32453354611516,-316.81310831407467,-317.3213893987493,-317.09160957582526,-312.2659031046186,-314.14115127645374,-314.45973403136696,-316.80996531972914,-316.80757875717234,1.0,0.3237304614674115,0.41805954583632277,0.32374156698503187,1.0,0.32423978985222257,0.25108838846309584,0.36371596447624416,0.281658384432902,1.0,0.8700099497755394,1.0,1.0,0.39155703694799765,0.33389942190552035,0.8527478512660858,1.0,1.0,1.0
41,-318.3235009559476,-317.8117024260008,-318.3231467488599,-317.811681718145,-318.3233732251775,-319.349850862901,-310.8499274902581,-317.7364267727502,-315.32411394948565,-317.81165586657,-317.73640602072885,1.0,1.0,1.0,1.0,1.0,1.0,0.7742694033666027,0.5985920566826897,0.46344191574612514,0.5984860532951969,0.4634371173267824,1.0,1.0,0.03196065572486987,0.1067684049939048,1.0,1.0,0.9998867682524232,1.0
42,-314.6543526846819,-314.1431345722773,-315.2832052239037,-314.77227003215864,-315.18434938472694,-314.99993869319263,-306.8414896825012,-313.661711552959,-312.1149143643178,-314.67343303505754,-313.661714873365,1.0,0.7302076964578788,0.9427457285086951,0.7301044083420833,1.0,0.7672072158494375,0.5941595421382639,0.8413117447730013,0.6515493998794315,1.0,0.8924057880419679,1.0,1.0,0.0330375351460659,0.07159626716738604,1.0,1.0,1.0,1.0
43,-316.6693378751572,-316.15757580901806,-316.6693193358119,-316.1576558241729,-316.6692614255888,-317.84194512318834,-307.8100989472324,-315.9361343996042,-313.38588453947244,-316.1576228299725,-315.9361268477405,1.0,1.0,1.0,0.9999599932228815,1.0,1.0,0.7742636670604227,0.5563800784086308,0.43076841344367023,0.5563749209713336,0.43078564778906725,1.0,1.0,0.01719704476030959,0.061550777395667736,1.0,1.0,1.0,1.0
44,-317.9659409786397,-317.454455051702,-317.9659521195949,-317.4544655254633,-318.2009789297145,-318.13490534274285,-311.1285053976288,-317.36826256115813,-315.2817947540393,-317.68952377959977,-317.3682768463943,1.0,0.9999944295379318,1.0,0.9999947631330447,1.0,0.8891236399874951,0.6884848681805238,0.9189880297122709,0.711610088901506,0.9189931489287478,0.7116138155283815,1.0,1.0,0.04416253023066457,0.12535009729327243,1.0,1.0,0.8891285928445953,1.0
45,-317.33628903991763,-316.8245116155953,-318.13891161848915,-317.62703218122425,-318.1359141297115,-318.07808234697546,-311.85401893528046,-316.69559742690865,-314.2283306965926,-316.8245273131117,-317.60794808515226,1.0,0.6694416385902469,0.8647009359193103,0.6694757853168143,1.0,0.6704457127270114,0.5190779278653301,0.6901152588501733,0.5343066437029388,1.0,0.7980970416280105,1.0,1.0,0.08885146413277552,0.30508773724115473,1.0,1.0,1.0,1.0
46,-316.59325009187404,-316.08168123039593,-319.07877722688676,-318.5668154965058,-319.0784345181975,-318.97192939077013,-315.4823338750056,-315.8834800318132,-316.0715785754617,-318.5666078649642,-318.56578416233134,1.0,0.2885855891580566,0.37277408900957487,0.2886422828780697,1.0,0.28863504378956434,0.22349267401976414,0.3044222230907458,0.23571682695326215,1.0,0.8166399759692703,1.0,1.0,0.8182616905825144,0.744812812749134,0.9102379120534253,1.0,1.0,1.0
47,-315.81231279170163,-315.30074178861264,-317.0439122049198,-316.5320637589725,-316.97805663426516,-316.69415987951777,-309.5801764826092,-314.96941359407145,-314.0441094059447,-316.46620730014774,-316.4867410973252,1.0,0.5402087140443301,0.6977632035995117,0.5402836577672129,1.0,0.5582926893237847,0.43229051737969837,0.6434418997454117,0.4982222355116731,1.0,0.9221493716294071,1.0,1.0,0.06756815034298243,0.10731718736821426,1.0,1.0,1.0,1.0
48,-315.55008586912254,-315.03946832876727,-315.5500796118424,-315.03944268023406,-315.550072866147,-315.4713109267665,-306.26523320789516,-314.76268817830544,-312.1769818034292,-315.03943007838416,-314.7649766441615,1.0,1.0,1.0,1.0,1.0,1.0,0.7746823003635749,1.0,0.8057987165431582,1.0,0.8057883828318484,1.0,1.0,0.014282396911579653,0.052033148217890124,1.0,1.0,1.0,1.0
49,-316.5612320616631,-316.04978647731593,-316.5612191345664,-316.04979109542984,-316.56123925623854,-316.73614781122404,-308.86223133509543,-315.85774248576956,-313.7912441311196,-316.29141949256257,-315.85774943448746,1.0,1.0,1.0,0.9999976909457131,1.0,0.9999964027187404,0.774353811173191,0.9162574683849135,0.7095100149668379,0.9162515461296091,0.7095116532677623,1.0,1.0,0.030265235290147092,0.08505081326289077,1.0,1.0,0.9999899392145347,1.0
50,-314.94784090911173,-314.43655281090855,-314.9478363488864,-314.43653030397354,-314.94776193257525,-315.1127693096249,-304.1566063821275,-313.99138443107677,-311.24888056669516,-314.43654446161065,-313.9913830320224,1.0,1.0,1.0,1.0,1.0,1.0,0.7744481553823532,0.920844403260077,0.7131180891445392,0.9208423036334951,0.7131100641384502,1.0,1.0,0.007318213600246237,0.028835814877971967,1.0,1.0,1.0,1.0
51,-315.6685761029101,-315.15734682279924,-315.66857244300877,-315.1573292884148,-315.6684355895379,-316.23436263216166,-305.74251442684334,-314.83996359520995,-312.21154943879526,-315.15707721446074,-314.8399600131849,1.0,1.0,1.0,1.0,1.0,1.0,0.7744947611106425,0.753600219368621,0.583618417336482,0.7535988403186622,0.5836133006640676,1.0,1.0,0.010580690561876303,0.039379200586049094,1.0,1.0,1.0,1.0
52,-319.2287588518513,-318.71685705639027,-319.2287488390499,-318.7167019969283,-319.2287728713937,-319.26092792080556,-312.6944210379403,-318.68246439365583,-296.41867388345094,-318.7168687481138,-318.68248085160354,1.0,1.0,1.0,1.0,1.0,0.9999929902533728,0.7741745550475598,0.9840441308830807,0.7618272673896898,0.9840392043761886,0.7617682054161493,1.0,1.0,0.050085602979981596,1.0,1.0,1.0,0.9999879839003,1.0
53,-316.18546813599386,-315.6741731163406,-316.1850321610951,-315.67417536057593,-316.1854693484342,-316.19296159979035,-307.6047158376959,-315.43373434130433,-312.8681031064049,-315.67416002892674,-315.4337388847386,1.0,1.0,1.0,0.9999988778829775,1.0,0.9999993937800146,0.7744144248622244,0.9962602783438134,0.7715187981768186,0.9960431297755008,0.7715196639121666,1.0,1.0,0.01995033683549234,0.07195649099539879,1.0,1.0,0.9997814302202972,1.0
54,-317.7425419681683,-317.230761557959,-317.74250709132696,-317.2306701869696,-317.74253211301624,-317.71589569570136,-309.2934428315209,-317.1147350518019,-314.66059525440284,-317.23075895840475,-317.1147361102908,1.0,1.0,1.0,1.0,1.0,1.0,0.7742307853666384,1.0,0.784611122831676,1.0,0.7845752783031668,1.0,1.0,0.020027556872863398,0.06831839573275354,1.0,1.0,0.9999874892336191,1.0
55,-318.16165852094076,-317.64990369309504,-318.16163726533784,-317.64987036826466,-318.161618257304,-319.94527081014667,-311.50693468961964,-317.57839837822684,-315.1720603548766,-317.6498727424877,-317.5783757012447,1.0,1.0,1.0,1.0,1.0,1.0,0.7742524605892651,0.409914718489805,0.31737109010102565,0.40991036202071174,0.3173658019762092,1.0,1.0,0.04803949257858281,0.1600029810069443,1.0,1.0,1.0,1.0
56,-317.3519470946309,-316.8403075863313,-317.35194911200807,-316.8403136163731,-317.3519563336744,-317.52457380082313,-309.9707432222824,-316.7036812689088,-314.2305981229849,-316.8403181247419,-316.7036913313073,1.0,0.9999989913119094,1.0,0.9999969849836224,1.0,0.9999953804888951,0.7742779404436605,0.9173067452714649,0.7102536585085302,0.9173076705487877,0.7102557999413992,1.0,1.0,0.03451128098524644,0.11884591576909388,1.0,1.0,0.9999963891733434,1.0
57,-316.89486536420924,-316.3833901921054,-316.8948523678555,-316.3834046266335,-316.8947747007554,-316.96600366858405,-307.6851910938074,-316.2038959818443,-313.69452355576476,-316.3834000306713,-316.20389359917215,1.0,1.0,1.0,0.9999927827620171,1.0,1.0,0.774380244297229,0.9650559961893801,0.7472864215378184,0.9650497251051998,0.7472918149206894,1.0,1.0,0.014131450353145896,0.04955529158965315,1.0,1.0,1.0,1.0
58,-317.0515452600444,-316.5401982307826,-317.0515317035056,-316.54020576145524,-317.47004027406945,-317.34354418433514,-310.0749670945474,-316.3841400997037,-313.894669080553,-316.9587690522184,-316.3841504061436,1.0,1.0,1.0,0.9999962346707724,1.0,0.8111944344835368,0.6281847162270322,0.8641581679759904,0.6691995537061182,0.8641523104989679,0.6692020734722446,1.0,1.0,0.04265603550719693,0.14810245325321478,1.0,1.0,0.8111889360077519,1.0
59,-315.1729362135066,-314.66179934296645,-315.7387417479722,-315.2279714796808,-315.6102354545111,-315.39575242952765,-307.250454730461,-314.268567794403,-312.56084755325446,-314.66180297884927,-315.1137932524388,1.0,0.7535930582359153,0.9728575279206975,0.753454936440353,1.0,0.8036032349297397,0.6223715260664611,0.8945735917735146,0.6928258962764325,1.0,0.9195319623886755,1.0,1.0,0.029925134530147928,0.07028503252802344,1.0,1.0,1.0,1.0
60,-317.9581118664256,-317.4463020455962,-320.81249814001654,-320.30073523259756,-320.812402166172,-320.70383577979965,-318.3629376292009,-317.35074964713743,-317.8070169722924,-320.30052695497534,-320.30050122167654,1.0,0.2399815732301464,0.30996010507658583,0.23997594411914838,1.0,0.2399930894835629,0.18580639020192335,0.2533807561177609,0.1961713303586583,1.0,0.8174624797444652,0.8167576342904661,1.0,1.0,1.0,0.7960178549262278,1.0,1.0,1.0
61,-318.7617783756379,-318.24991020035105,-319.0751020949879,-318.5632266502945,-318.7618029279976,-319.0315022811518,-312.7840676890273,-318.19867104496507,-301.9529796702544,-318.5608509785485,-318.19869603328164,1.0,0.8549931175943626,1.0,0.8549962252463079,1.0,0.9999877238954926,0.7741834919212506,0.8738365340864553,0.6765181243346106,1.0,0.7912527615425654,1.0,1.0,0.06671658688977934,1.0,1.0,1.0,1.0,1.0
62,-315.5671493321726,-315.05560032334614,-315.5671427442452,-315.0555788784839,-315.5669291619074,-317.6604840320361,-306.7147925000845,-314.69187734242604,-312.01730516549816,-315.05543284461174,-314.69187315972,1.0,1.0,1.0,1.0,1.0,1.0,0.7744017995056772,0.35110591463688656,0.271867121936319,0.3511047581086483,0.2718642068754603,1.0,1.0,0.018526698572673375,0.07056250736428632,1.0,1.0,1.0,1.0
63,-316.48948744598135,-315.97787494987415,-318.92280561915624,-318.410927421468,-318.92210645010056,-318.7858965850742,-315.02368052763444,-315.7599064332321,-315.69474977125645,-318.41022944894416,-318.4092990186843,1.0,0.2962181548205213,0.3826173070088501,0.29625751025069813,1.0,0.29632172620673397,0.2294395345717216,0.3172057793335611,0.2456098893098933,1.0,0.8290419004131038,1.0,1.0,0.6920390095308994,0.7149557532202742,1.0,1.0,1.0,1.0
64,-318.82271686618543,-318.3110963007662,-319.8410656927175,-319.32957003001957,-319.8405914130476,-319.79671133219705,-315.35965930808425,-318.2689453504096,-316.9964722668462,-319.3290962847635,-319.32632300704245,1.0,0.6009915446991938,0.7761367253038809,0.600954013131459,1.0,0.6011340806347171,0.4654514164963415,0.6144687331736938,0.4757762892871171,1.0,0.7917016591801025,1.0,1.0,0.2334836977650178,0.4411340509216811,1.0,1.0,1.0,1.0
65,-316.27684421495945,-315.76562913114446,-316.27678907464286,-315.76563398507915,-316.2768483827335,-316.5165494743692,-309.15429310558966,-315.58072188844795,-313.1213383505965,-315.9658970054232,-315.6094681335481,1.0,1.0,1.0,0.9999975730356033,1.0,0.9999979161151599,0.7744442328424611,0.8870511520752209,0.6869730805337038,0.8870266962716692,0.6869747477969581,1.0,1.0,0.04022709958557658,0.1375837271450826,1.0,1.0,0.9999703463943704,1.0
66,-319.54882636981705,-319.03693773552783,-320.5776958994847,-320.06577608117567,-320.5775015513165,-320.5462157156274,-316.54543874889913,-319.01088229338006,-317.72383492376383,-320.0655819729265,-320.06387071672293,1.0,0.5978384184320831,0.7722284479648127,0.5978477400072939,1.0,0.5978965156555542,0.46288255966865977,0.6073228975688791,0.47018032387066355,1.0,0.7864549657157311,1.0,1.0,0.2914981055334085,0.5547719850322745,1.0,1.0,1.0,1.0
67,-316.8822483474146,-316.37076936434465,-317.4590335333495,-316.37077711586795,-317.4559704161195,-317.40834302696084,-310.64513569784714,-316.21844972198187,-314.54724020327615,-316.9445194341273,-316.91481282432665,1.0,0.7494672988831915,1.0,0.9999961242458614,1.0,0.7506160314325268,0.5812347692368203,0.7687055061055335,0.5952422393638761,1.0,0.5952445463853901,1.0,1.0,0.061626887883178966,0.1421244420463343,1.0,1.0,1.0,1.0
68,-320.3137857174476,-319.80200743856216,-320.3136778564075,-319.8019119629646,-320.3136908218834,-320.63659092306295,-314.1867580512749,-319.78842310486885,-317.44808521276036,-319.80191603332185,-319.78834213350507,1.0,1.0,1.0,1.0,1.0,1.0,0.7742645316228639,0.850949407512468,0.6588286837409512,0.850903516605841,0.6587972334605054,1.0,1.0,0.06075945768646389,0.19579960216280498,1.0,1.0,0.9999935172830398,1.0
69,-316.83752713858786,-316.32612713527993,-316.83751285497556,-316.3259245288508,-316.83740653714807,-316.92208596515957,-307.6257481349378,-316.14685442732105,-313.635252887161,-316.3261205493113,-316.1468536316302,1.0,1.0,1.0,1.0,1.0,1.0,0.7744209416743191,0.95860189704324,0.7423166202228009,0.9585950509187623,0.742241424971773,1.0,1.0,0.01411449287247593,0.04955102282634052,1.0,1.0,1.0,1.0
70,-317.56068132267745,-317.04903279076495,-317.56063325987265,-317.0489349854713,-317.56067539456285,-317.5398992365724,-309.38753243739757,-316.9533939171638,-314.5216612030713,-317.0490301054332,-316.9533930787241,1.0,1.0,1.0,1.0,1.0,1.0,0.7742803188530949,1.0,0.7823655261482542,1.0,0.7823272673387274,1.0,1.0,0.02275590197215608,0.07676055459344691,1.0,1.0,0.9999789328768127,1.0
71,-317.2094364179103,-316.69768621973435,-317.99861956446415,-317.48672614247533,-317.9767924096406,-317.8130687979932,-311.0128875049504,-316.53347009245664,-314.0327143848776,-317.4648994571867,-317.4549229845323,1.0,0.6739552443764365,0.8705371341382608,0.6740035093244903,1.0,0.681350789631384,0.5275281263528833,0.7394739750790342,0.572529343909919,1.0,0.8494456423286698,1.0,1.0,0.06327333454785154,0.22092910076273858,1.0,1.0,1.0,1.0
72,-316.35624810496404,-315.8446876868626,-316.3562302643996,-315.84466055082794,-316.3562424527474,-316.30773410294654,-306.710511795069,-315.5927836454941,-313.0161119268243,-315.8446851694222,-315.5927839606157,1.0,1.0,1.0,1.0,1.0,1.0,0.7743143251835318,1.0,0.7933242837861951,1.0,0.7933135200215916,1.0,1.0,0.01178254682320431,0.04273230592037418,1.0,1.0,0.9999939058446715,1.0
73,-315.72537100667347,-315.2144784789156,-315.72519542492284,-315.3647328671056,-315.72537254408894,-315.70141757553347,-307.1600417906351,-314.93320960853015,-312.3381758539261,-315.21447634626674,-314.9332135732747,1.0,1.0,1.0,0.9276254903397828,1.0,0.9999992312925597,0.7745701624519495,1.0,0.7839033468513703,1.0,0.8450644737718795,1.0,1.0,0.020515308632863067,0.075090064068681,1.0,1.0,0.9999114443382359,1.0
74,-316.22929659131614,-315.71766101917166,-316.22930048551416,-315.71766518802315,-316.59284023066436,-316.55310858841807,-308.6798470446363,-315.4829399951933,-313.5732228853082,-315.71766912335426,-315.4829464423853,1.0,0.9999980529028873,1.0,0.9999979155764275,1.0,0.833791573544156,0.6455906752017393,0.8505211510032629,0.6585441033129826,0.8505228070537647,0.6585454760006961,1.0,1.0,0.033321698910324465,0.0865798715701234,1.0,1.0,0.8337931970204824,1.0
75,-318.9308553037364,-318.41893749119106,-319.41425725250946,-318.41896994841295,-319.4136551077078,-319.3910837507387,-313.87299038910436,-318.3798605280058,-316.5484805896771,-318.9017349514428,-318.89313468573243,1.0,0.7852909645588436,1.0,0.9999837715207375,1.0,0.7855274295896437,0.608134740892595,0.7944428532764232,0.6150368281647604,1.0,0.6150468094391528,1.0,1.0,0.10503779203376015,0.2624367704907253,1.0,1.0,1.0,1.0
76,-317.61212528146166,-317.1003346049372,-317.6121167563043,-317.10034504479876,-317.612139502703,-317.9779638398569,-310.9465651901846,-316.9727822512547,-315.1694880981247,-317.5812085075292,-317.55978786335163,1.0,1.0,1.0,0.9999947800828393,1.0,0.9999928894046228,0.7742174908896764,0.8328353801639871,0.6448003032687676,0.8328318301452258,0.6448036690905052,1.0,1.0,0.049138691977145814,0.12106091213588137,1.0,1.0,0.9999886268653465,1.0
77,-317.7029420243307,-317.1911553531999,-317.70290156051817,-317.191137077193,-317.70292294637864,-317.8706607863945,-309.0342544945134,-317.07266496844125,-314.61741331374645,-317.19114323623336,-317.0726584574581,1.0,1.0,1.0,1.0,1.0,1.0,0.7742319319562545,0.9195605546602852,0.7119463535138056,0.9195419503855414,0.7119398477752863,1.0,1.0,0.01796723896390683,0.06132428122744334,1.0,1.0,0.9999893071269372,1.0
78,-316.58791558086705,-316.0762735783463,-316.587707930043,-316.07627871125896,-316.58792362779593,-316.78048904149284,-308.63649609920486,-315.84700752713553,-313.2877374847086,-316.07628164166806,-315.8470138614691,1.0,1.0,1.0,0.9999974335469481,1.0,0.9999959765436525,0.7742774363476507,0.9082035692379078,0.7032043605833613,0.9081092795230471,0.7032061653289705,1.0,1.0,0.0271804934925456,0.0977227694084781,1.0,1.0,0.9998921569390133,1.0
79,-321.1178999381938,-320.6058489745395,-321.2829009429801,-320.60595625743144,-321.11805863693746,-321.27953829324855,-317.0210069463423,-320.6004401840054,-317.5199703876546,-320.7709971997386,-320.6005954767817,1.0,0.9208109752475401,1.0,0.9999463599927177,1.0,0.9999206537762334,0.7740608188150875,0.9223604598654067,0.7140197475767421,1.0,0.7140580496557257,1.0,1.0,0.16700748973950028,0.779204524046512,1.0,1.0,1.0,1.0
80,-319.4944524703252,-318.983260505789,-319.49436135899,-318.9831770464372,-319.4943206907226,-320.2397047470897,-313.3244844687408,-318.96449277614937,-316.6132665537854,-318.98316607557206,-318.9644176343358,1.0,1.0,1.0,1.0,1.0,1.0,0.7745058294188912,0.6889227464762211,0.5335395271934733,0.6888913628554287,0.5335172632264612,1.0,1.0,0.05960569512399451,0.19313013503177834,1.0,1.0,1.0,1.0
81,-320.2484491634863,-319.7367201085129,-321.318774915998,-319.3265597332396,-321.31918599482105,-321.19740784923243,-318.98736497842947,-319.73410929458913,-318.1688432732848,-320.3938889736721,-320.8069722253074,1.0,0.5855739062917484,1.0,1.0,1.0,0.5854535601440068,0.4532855752630839,0.6222089296579372,0.4817433043612397,1.0,0.39241942164938454,1.0,1.0,0.6884089881979689,1.0,1.0,1.0,0.9997944817102531,1.0
82,-316.5975411228101,-316.0862854967041,-319.3406183725143,-318.82907583122824,-319.3404153566527,-319.2219896319852,-316.34810803328435,-315.9061576279081,-316.46820541063994,-318.8288738857708,-318.8285658834167,1.0,0.2537162848976818,0.32766374824900574,0.253752685035336,1.0,0.2537420404199432,0.19650548590433123,0.26922057483341144,0.20849252960025028,1.0,0.8216367427647788,1.0,1.0,1.0,0.9417186814305629,0.755010297037448,1.0,1.0,1.0
83,-316.39911785201065,-315.8875966794027,-321.17760385961094,-320.66466358951413,-319.29507883179554,-319.8767578423443,-319.86885652814397,-315.64498654972715,-317.1466974909978,-320.0907076078918,-320.66464493340095,1.0,0.09169907346050564,0.11850823006992654,0.09176416151178624,1.0,0.2350444838219041,0.18200136786416352,0.17572763778442685,0.13607071277851213,1.0,1.0,0.1764232505834166,1.0,1.0,1.0,0.47196262982277115,1.0,1.0,1.0
84,-320.5608736541981,-320.0489527652388,-320.56094169974244,-320.0490225214966,-320.560944692458,-320.6632851086452,-315.5830255936348,-320.03871573191725,-314.5199243238147,-320.0490250791697,-320.038788800261,1.0,0.9999659778065844,1.0,0.9999651224793343,1.0,0.9999644815008307,0.7741450935377716,0.9500831924482004,0.7355283667501602,0.9501155174621027,0.73555402105073,1.0,1.0,0.10776039631386072,1.0,1.0,1.0,0.999998503643337,1.0
85,-317.9981124380981,-317.486339978326,-317.9981052887406,-317.4862819452933,-317.9980938433724,-318.07570069580396,-309.63484991554475,-317.39184554890403,-314.9591305080103,-317.48633029610204,-317.39183895748005,1.0,1.0,1.0,1.0,1.0,1.0,0.774237246353702,0.9619487262503474,0.7447696085200397,0.9619452875988297,0.744747998214046,1.0,1.0,0.02068186981838205,0.06979867192671174,1.0,1.0,1.0,1.0
86,-317.8534360899062,-317.34167379406887,-317.8534213808051,-317.34154791367246,-317.8534323034913,-317.8288710436156,-309.70114319394355,-317.2463505917193,-314.8122056839345,-317.3416703036706,-317.24635163901854,1.0,1.0,1.0,1.0,1.0,1.0,0.7742354484313392,1.0,0.7838021699088122,1.0,0.7837528387973558,1.0,1.0,0.022992120725735466,0.07765096941908718,1.0,1.0,0.999994538671834,1.0
87,-317.976482503691,-317.46466927543065,-317.97647831458374,-317.46465854633277,-317.97647481153695,-317.98175421665405,-309.83975582257125,-317.3801244543531,-314.95705485383723,-317.46466332936564,-317.38012136722534,1.0,1.0,1.0,1.0,1.0,1.0,0.7742172437825221,0.9973676143379661,0.7721762355557025,0.9973655253002046,0.7721720931896073,1.0,1.0,0.023047814817185312,0.07740920981301158,1.0,1.0,1.0,1.0
88,-315.97094437630074,-315.4593361113685,-315.9709200036731,-315.4591416832935,-315.97045497312723,-315.896883144909,-305.98577400316526,-315.1530932177292,-312.527135272525,-315.45930210603166,-315.153093609283,1.0,1.0,1.0,1.0,1.0,1.0,0.7744831069806375,1.0,0.8035036776554878,1.0,0.8034255696155124,1.0,1.0,0.010217435990054877,0.037980567384348234,1.0,1.0,1.0,1.0
89,-317.6358362076892,-317.12399886384713,-317.6358131064018,-317.1239909233169,-317.6358245512238,-317.6339764950532,-309.6493419838878,-317.04714751854425,-314.63215504268874,-317.12398904340614,-317.0471430441869,1.0,1.0,1.0,1.0,1.0,1.0,0.7742094430913268,1.0,0.7749251649832711,1.0,0.7749220883310315,1.0,1.0,0.02475066881935686,0.08279343324258294,1.0,1.0,0.9999942776053977,1.0
90,-316.90123611966726,-316.3900006423361,-316.90122792609725,-316.389982987778,-316.90121157299996,-317.5165553784804,-308.0767950217073,-316.2285719069381,-313.7344827372816,-316.3899859266873,-316.2285638760374,1.0,1.0,1.0,1.0,1.0,1.0,0.7744474548954042,0.7351655041475654,0.5693400658705073,0.7351624923387208,0.5693350401690631,1.0,1.0,0.016977124773569326,0.059081120376082395,1.0,1.0,1.0,1.0
91,-319.7487940596766,-319.2373027543296,-319.7488174442972,-319.2370755480513,-319.74882055570646,-319.7763180621807,-314.0337268489812,-319.2225262503466,-309.32599898699635,-319.237328340221,-319.2225560185871,1.0,0.9999883077580597,1.0,1.0,1.0,0.9999867520728171,0.7743286363897998,0.9863322621739323,0.7637554337727797,0.9863437947442169,0.7636686736861478,1.0,1.0,0.07469069939523963,1.0,1.0,1.0,0.9999984442965677,1.0
92,-316.5225489682142,-316.0119905003724,-316.52229682988224,-315.987070465132,-316.52254360799,-316.46511989580205,-308.5192553617709,-315.85184717855174,-313.4191144920518,-316.00994717775643,-315.87893856492724,1.0,1.0,1.0,1.0,1.0,1.0,0.774702221482934,1.0,0.7972677592422284,1.0,0.7873954213905523,1.0,1.0,0.025571012113580205,0.08629966479007485,1.0,1.0,0.9998766185582477,1.0
93,-316.138641056479,-315.62746391415965,-316.8206118095934,-315.6274678634218,-316.798770792184,-316.6629764523641,-309.6454887505671,-315.3922433594836,-312.8335454460473,-316.28785484223795,-316.26647494603975,1.0,0.7110693064117102,1.0,0.9999980253708598,1.0,0.7188770999057625,0.5567419460194982,0.7693819891118554,0.5958559897187417,1.0,0.5958571663156653,1.0,1.0,0.05650776003784509,0.20310578084763967,1.0,1.0,1.0,1.0
94,-319.737256826198,-319.2254341047813,-319.7372412721078,-319.2253177939421,-319.73728219993404,-319.76498819863235,-314.1218191788264,-319.2116192358376,-309.9261497095054,-319.2254612715166,-319.21164944225507,1.0,1.0,1.0,1.0,1.0,0.9999873132124596,0.7742007689839909,0.9862299996493613,0.7635497111165781,0.9862223297239872,0.7635053078539044,1.0,1.0,0.07848089744115246,1.0,1.0,1.0,0.9999795362962532,1.0
95,-318.0451400435667,-317.5337286190916,-318.0451114890703,-317.53373553253005,-318.04514507196126,-318.0635748460548,-310.63696985205723,-317.45686008930346,-315.04076275063113,-317.53373611681803,-317.4568687215698,1.0,1.0,1.0,0.9999965432867614,1.0,0.9999974858058693,0.7743678759096985,0.9908249487798495,0.7672649400379967,0.9908108026271194,0.7672675922620406,1.0,1.0,0.033043013772217925,0.11059322491864988,1.0,1.0,0.9999832086954864,1.0
96,-315.98098209375416,-315.4697497038874,-315.9809560084566,-315.46974245268876,-315.9809173914563,-316.4387807692049,-306.67049540798234,-315.24833227228373,-312.7032784377861,-315.4697162087931,-315.24832656446546,1.0,1.0,1.0,1.0,1.0,1.0,0.7744641998288533,0.7954085971139714,0.6159955542145854,0.7953982229466493,0.6159933208655808,1.0,1.0,0.01371975612276993,0.0489776349381068,1.0,1.0,1.0,1.0
97,-315.9525200578789,-315.4411939651281,-315.95249252697386,-315.441172113525,-315.95238976491066,-315.9962660103929,-306.07400071435745,-315.16310265282186,-312.5645416727359,-315.4411879545544,-315.1631012367354,1.0,1.0,1.0,1.0,1.0,1.0,0.7744533139538273,0.9783645026797353,0.7576482716262147,0.9783510351423043,0.7576399937567776,1.0,1.0,0.010624942571386879,0.03895802559691438,1.0,1.0,1.0,1.0
98,-318.96990259401406,-318.45813316751645,-318.9698672426379,-318.45810469317706,-318.96988454049057,-318.9945737914352,-311.89238602808405,-318.4243512418724,-316.0558229306925,-318.458117023946,-318.424340796357,1.0,1.0,1.0,1.0,1.0,1.0,0.7742382110818888,0.9877401729044522,0.7647392813328122,0.98772271407156,0.7647283936873971,1.0,1.0,0.038159420945774195,0.12471571007100969,1.0,1.0,0.9999913511110765,1.0
99,-317.14722356934055,-316.63549599779714,-317.14720405233237,-317.2268099318091,-317.72142332113,-317.60791285372795,-310.5314671220382,-316.4763513952297,-313.98067981949805,-317.2095741151374,-317.18596687887555,1.0,1.0,0.9609881689880732,0.7440426154148719,1.0,0.7504367745497849,0.5810237404144902,0.7942598198808308,0.6149536204232011,0.7942520691309465,0.8265032239857768,1.0,1.0,0.05117817350308184,0.17824320362779764,1.0,1.0,0.750429451445181,1.0
100,-316.5090413862621,-315.997347553728,-316.5090318646871,-315.9973228848483,-316.5090272219759,-316.44798959985104,-307.42984528016603,-315.79644394576997,-313.26550932844606,-315.99731321460195,-315.79644028241086,1.0,1.0,1.0,1.0,1.0,1.0,0.7742659698489733,1.0,0.798259917779617,1.0,0.7982500717514036,1.0,1.0,0.015248115874083704,0.05405074107149121,1.0,1.0,1.0,1.0
101,-316.18532472371044,-315.67386518187425,-316.1851057325148,-315.67387610036,-316.18494633045583,-316.42058411226907,-306.3303154513218,-315.4049963431497,-312.8152388065251,-315.67386561903635,-315.40499352866414,1.0,1.0,1.0,0.9999945407720163,1.0,1.0,0.7744977112276424,0.8890252027861845,0.6884177261477691,0.8889278637693172,0.6884214843976011,1.0,1.0,0.010701830836739217,0.039067604782112006,1.0,1.0,1.0,1.0
102,-316.28267868957886,-315.7711558171335,-316.28248652107953,-316.2314965582921,-316.67685253767473,-316.5199470116505,-308.4116656684595,-315.51368138234784,-313.64141248994116,-315.77116388589764,-315.5136881713587,1.0,1.0,1.0,0.7943982488836543,1.0,0.8211192552009643,0.6358145410615723,0.8881326548666857,0.687704803874869,0.8880473234065125,0.8656927489974723,1.0,1.0,0.02869570391068918,0.07317705153842334,1.0,1.0,0.8210403623636852,1.0
103,-316.3565674735102,-315.8450702838678,-316.35647144513416,-315.8450648884282,-316.3564916383192,-317.6307293280029,-307.45988796294955,-315.6014054965556,-313.0343899078158,-315.8450579351088,-315.60139954537703,1.0,1.0,1.0,1.0,1.0,1.0,0.7743659780983012,0.5288338777044225,0.40949543558343593,0.5288084867847516,0.4094943308809841,1.0,1.0,0.017064435666716966,0.06159029482280064,1.0,1.0,0.999989903458452,1.0
104,-319.0980404500475,-318.58642309626475,-319.09799322986566,-318.58638231105533,-319.09795675733284,-319.98345979401967,-312.34791124985577,-318.5502964743306,-316.1788394332402,-318.5863683608808,-318.5502561833114,1.0,1.0,1.0,1.0,1.0,1.0,0.7743224961075976,0.6422936558622945,0.49732161530790175,0.6422784914296993,0.4973114737281934,1.0,1.0,0.044995508188045104,0.14727346833060947,1.0,1.0,1.0,1.0
105,-315.58543611531593,-315.07393182715737,-315.58543238036754,-315.0738357117165,-315.58490564637935,-316.0767930832103,-305.3372441819706,-314.71651733523674,-312.04840357358694,-315.07375644668093,-314.71651393413697,1.0,1.0,1.0,1.0,1.0,1.0,0.7745392755145759,0.7821736658918288,0.6056635603481528,0.7821722052040544,0.6056344542374932,1.0,1.0,0.009190025419404939,0.03488913920367685,1.0,1.0,1.0,1.0
106,-320.52464152447203,-316.16413791524957,-320.52443033795095,-320.01339314781717,-320.52435837940254,-322.08181197301093,-316.1245351450677,-320.00618758190086,-317.6932460010276,-320.0133478826908,-320.0059755207453,1.0,1.0,1.0,0.1459300887281933,1.0,1.0,0.11302907052456294,0.4590550119917143,0.05187921613301063,0.4590065414353569,0.3555073294695234,1.0,1.0,0.14358526796316176,0.4564137985562913,1.0,0.14645679139291887,1.0,1.0
107,-315.49749553360664,-314.98605001798717,-315.4974849901406,-314.98603945834634,-315.49748976319256,-315.5274694364233,-305.11632751082453,-314.6272303965571,-311.9574052427913,-314.9855163022785,-314.6272292102851,1.0,1.0,1.0,1.0,1.0,1.0,0.7743588575439317,0.9851247940103756,0.7628379090795958,0.9851196007091626,0.7628338814430636,1.0,1.0,0.008604659304267279,0.032694812069206325,1.0,1.0,0.99999761347687,1.0
108,-316.3292982603001,-315.81805664509295,-316.32928919117796,-315.8180546266855,-316.3292605489038,-316.3336264483527,-306.90507731174836,-315.59920014627596,-313.05336253900236,-315.8180524037347,-315.5991990994939,1.0,1.0,1.0,1.0,1.0,1.0,0.7744501758644109,0.9978382459369219,0.7727614339563638,0.9978337211887152,0.7727606540830478,1.0,1.0,0.012944796098630406,0.04622924772174242,1.0,1.0,1.0,1.0
109,-319.83190556431236,-319.3202366465317,-319.8318012136412,-319.32012870863304,-319.83179374155156,-320.11151201106344,-313.9982508443662,-319.310088305079,-316.9769828859263,-319.3201252967026,-319.30998376032386,1.0,1.0,1.0,1.0,1.0,1.0,0.7743134234427422,0.869529321610148,0.6732505823780448,0.8694839548095183,0.6732142487319213,1.0,1.0,0.07023428264745614,0.22551558242134742,1.0,1.0,1.0,1.0
110,-315.5326721843618,-315.02126727079644,-315.53266807931084,-315.3071170958735,-315.53267423800304,-315.63363547975104,-306.8743833614577,-314.67629874842794,-312.5849415773612,-315.0212723201747,-314.67630291395994,1.0,1.0,1.0,0.8668191537017471,1.0,0.9999989731799004,0.7743715486147789,0.9507713773588741,0.7362510598613843,0.9507694258784049,0.849371009762795,1.0,1.0,0.02022253517882982,0.05753975907517343,1.0,1.0,0.9999969206586404,1.0
111,-316.97147281931535,-316.4597790146374,-316.9714670780905,-316.45976948242856,-316.9713907030442,-317.3160532109996,-307.7593895319971,-316.27699596056465,-313.7615664394204,-316.4597652129551,-316.2769933249184,1.0,1.0,1.0,1.0,1.0,1.0,0.7742922875350189,0.8417348697629228,0.6517220587647508,0.8417324534718076,0.6517189525967739,1.0,1.0,0.014139213897663497,0.04973290692996329,1.0,1.0,1.0,1.0
112,-316.45090631944146,-310.8453951692216,-316.45075361730215,-315.93932443821205,-316.45086251734205,-319.99456486045665,-310.16464728395135,-315.72745794772817,-313.1892809569706,-315.93930763731333,-315.7274506155062,1.0,1.0,1.0,0.07831903246142428,1.0,1.0,0.06064405474352002,0.17002168852551625,0.01031057877155616,0.17000870768329024,0.13164844415863525,1.0,1.0,0.06195138391765851,0.22039875809220177,1.0,0.08707100103982131,0.9999455514624301,1.0
113,-316.00542453187785,-315.4938645532807,-316.00542918760544,-316.298059610816,-316.72460020639846,-316.49843171943513,-308.7257181127324,-315.19068383968926,-313.73218770821745,-315.4938736724135,-316.2220778009062,1.0,0.9999976721389127,0.8638833425688511,0.668915504004157,1.0,0.6979639415251188,0.5404420697980906,0.781528552891337,0.6051471768125719,0.781530372185479,0.9046690847949177,1.0,1.0,0.039459404746808514,0.08181989925823485,1.0,1.0,0.6979655662920008,1.0
114,-316.1579798896082,-315.6463970127977,-316.15797601513617,-315.64639954971466,-316.15797421614775,-316.17778647523545,-307.39269100841403,-315.3871805629973,-312.80385717017873,-315.6463957706325,-315.3871848102135,1.0,1.0,1.0,0.9999987315423284,1.0,1.0,0.7743056384068782,0.9901455833127285,0.7666731331547733,0.9901436651688961,0.7666741056484242,1.0,1.0,0.018366172136126603,0.06683134440435057,1.0,1.0,1.0,1.0
115,-318.0462927045555,-317.53479726016405,-318.04630229722466,-317.7544452422871,-318.04630925012407,-318.23780967796006,-311.54789265148827,-317.4696534819652,-315.0645241342604,-317.53480716486195,-317.7262631320969,1.0,0.9999952036769373,1.0,0.8959918239886405,1.0,0.9999917272499484,0.7743308863663022,0.9086834487059828,0.7036274811971733,0.9086878070662686,0.7853056940462595,1.0,1.0,0.05177331508573733,0.17233487602614536,1.0,1.0,0.999996523556337,1.0
116,-316.01457605630463,-315.5029635951818,-316.0145581833796,-315.5028644832648,-316.0143830787552,-316.24877523657847,-306.36096403771904,-315.2570085115411,-312.687544191317,-315.50293790188,-315.2570040753567,1.0,1.0,1.0,1.0,1.0,1.0,0.7743667024707797,0.8894966036636185,0.6887300939089127,0.8894886547460875,0.6886959640746184,1.0,1.0,0.01170168726477781,0.04228638650343845,1.0,1.0,1.0,1.0
117,-322.5177169036071,-322.0047957717677,-324.4640920810823,-323.9514976726864,-324.4640919372358,-324.4619894868119,-323.4551202991793,-322.0032348460808,-320.29112577762965,-323.9517094956584,-323.95169667398324,1.0,0.37787660111452603,0.48826822411789383,0.37781487558429194,1.0,0.3778766282926361,0.2923954585873736,0.37827407059539464,0.2927029936813067,1.0,0.7747259639489855,0.6258142370876894,1.0,1.0,1.0,1.0,1.0,1.0,1.0
118,-320.08235706915735,-319.57086517608604,-320.08198536525435,-319.5706857572428,-320.0822265864341,-320.76031087008465,-314.3276459841977,-319.55893252600004,-299.8249664282633,-319.57073664208025,-319.55881649925857,1.0,1.0,1.0,1.0,1.0,1.0,0.7743891877832225,0.7124989072935115,0.5517154542737934,0.7123665002855812,0.5516659624194702,1.0,1.0,0.07312073712168868,1.0,1.0,1.0,0.9998793966832902,1.0
119,-317.67547049975553,-317.16368696850486,-317.6754557648135,-317.1636710812486,-317.6754468419355,-318.67280008266437,-309.88290491978034,-317.065952588248,-314.6314495551951,-317.16366616362217,-317.0659368858311,1.0,1.0,1.0,1.0,1.0,1.0,0.7742349203997475,0.6073410455292789,0.4702190838287382,0.607336570978205,0.4702153485980306,1.0,1.0,0.027556307168922052,0.09308219883998056,1.0,1.0,1.0,1.0
120,-319.8521261807965,-319.3402587463743,-319.85208217811964,-319.34021486156865,-319.85207647981724,-319.995372239865,-313.2279476357901,-319.31983412594474,-316.9659455682754,-319.34020942338805,-319.31978884448506,1.0,1.0,1.0,1.0,1.0,1.0,0.7742125221027298,0.9308817446020677,0.720682393734869,0.9308612641830596,0.7206665804049793,1.0,1.0,0.047551438167381284,0.15427802205042687,1.0,1.0,1.0,1.0
121,-321.2894210677469,-320.7769102893584,-323.7042626222188,-323.1149940425242,-323.704262675563,-323.7056516962255,-322.87071820187884,-320.7742367278038,-319.33555910160874,-323.115127017672,-323.11508654238804,1.0,0.2989673893567787,0.4014041566113473,0.31066445360381606,1.0,0.2989673813826914,0.23138409668374602,0.29875981753356984,0.23122345382862558,0.9993057041316264,0.7442868057363913,0.45355054192690525,1.0,1.0,1.0,1.0,1.0,0.9999999733279029,1.0
122,-316.84050732690747,-316.3288434340364,-316.84051297944814,-316.32884943031496,-316.84051605191405,-317.05917383268593,-309.15676175881583,-316.1300718393205,-314.1882197469865,-316.328852896311,-316.13008022014174,1.0,0.9999971737336615,1.0,0.9999970018652145,1.0,0.9999956375062256,0.7742686992846615,0.8964316292845276,0.6940819795320755,0.8964341628462267,0.6940840604896414,1.0,1.0,0.030603067184715647,0.08080398510334763,1.0,1.0,0.9999984637682223,1.0
123,-316.4643965645831,-315.95284777823895,-317.3570672767833,-316.8453990764035,-317.31325743847196,-317.09536539394657,-309.97941345597985,-315.71505067242015,-313.14866665728067,-316.8015890224304,-316.8021262253959,1.0,0.6399691185232044,0.8265447196624668,0.6400073303115075,1.0,0.6541422543085846,0.5065132325749456,0.7294354394352277,0.5648139987128402,1.0,0.8825117650417085,1.0,1.0,0.05682274415043145,0.20502433477886123,1.0,1.0,1.0,1.0
124,-317.42448533297033,-316.91271600694404,-317.42448650127113,-316.9127081123093,-317.4244880088104,-317.4304443291894,-309.6092251525256,-316.8130080202637,-314.37447317182585,-316.9126957659361,-316.81301295880644,1.0,0.9999994158497715,1.0,1.0,1.0,0.9999986620808696,0.7742302252847649,0.9970249361898643,0.7719278737378766,0.9970255186025488,0.7719248266995884,1.0,1.0,0.0272720902780372,0.0923080422484282,1.0,1.0,0.9999992462306578,1.0
125,-316.3753537904378,-315.8640428292901,-316.3753561874213,-315.8640461355359,-316.37535618318424,-316.3859838641197,-307.85236590181097,-315.63233623319405,-313.07535478269983,-315.86399993609194,-315.63234144823036,1.0,0.9999988015089875,1.0,0.9999983468784727,1.0,0.9999988036275107,0.7744077952059328,0.9946990629759748,0.7703036298227031,0.9947002551152907,0.7703049032303212,1.0,1.0,0.0204456493327569,0.07342473284017415,1.0,1.0,1.0,1.0
126,-317.2260103589774,-316.71441002452156,-317.22600110574695,-316.7143921883388,-317.2259846800267,-317.2924221730194,-308.60036957952286,-316.5949515041169,-314.14138303312166,-316.7143993709109,-316.5949463238086,1.0,1.0,1.0,1.0,1.0,1.0,0.7743066248128314,0.9673393571158228,0.7490076557298991,0.9673348816191673,0.7490009760409755,1.0,1.0,0.018365323913955,0.06263026026861337,1.0,1.0,1.0,1.0
127,-316.5098916652004,-315.99839041098767,-316.50979567080424,-315.99838157741794,-316.5098299998598,-317.3380298019287,-307.3058097402205,-315.77039072919183,-313.21457057035997,-315.998355972597,-315.7703849378434,1.0,1.0,1.0,1.0,1.0,1.0,0.7743589180729611,0.6609552985881081,0.511800849479142,0.6609235753470292,0.5117985889698902,1.0,1.0,0.014519096522559278,0.05211093772743343,1.0,1.0,0.9999828356195336,1.0
128,-316.29581023081363,-315.7841770683258,-316.29575627122136,-316.33959209817556,-316.7741940503708,-316.5963863415691,-308.50916551456356,-315.5162787232853,-313.7442413447713,-315.78418590216796,-316.2450224739195,1.0,1.0,0.9783469339313008,0.7575183519276514,1.0,0.7872637842560256,0.6095657314379924,0.8604600805693758,0.6662404506275255,0.8604368658449877,0.8795040396475521,1.0,1.0,0.03009017404044053,0.07298233049805986,1.0,1.0,0.7872425443261497,1.0
129,-318.35093182218105,-317.8390918196569,-318.3509060717277,-317.83904492092967,-318.3508981719389,-318.81208100881105,-310.9537651480124,-317.7905185379755,-315.40672155397255,-317.8390334642537,-317.79049259592193,1.0,1.0,1.0,1.0,1.0,1.0,0.7742169278339308,0.7940771999422818,0.6147776664066005,0.7940669760841539,0.6147632504305762,1.0,1.0,0.03276558032273538,0.10790779106459585,1.0,1.0,1.0,1.0
130,-316.3781636290732,-315.8665197346529,-316.3780238092302,-315.86638248376954,-316.3781501058787,-316.2994312545007,-306.8125084604954,-315.6088295856857,-313.0249891580819,-315.8665185927756,-315.6088312016858,1.0,1.0,1.0,1.0,1.0,1.0,0.7742850545874862,1.0,0.8053681636834149,1.0,0.805312896833841,1.0,1.0,0.012299944084432872,0.04476895498799171,1.0,1.0,0.9999368536695691,1.0
131,-316.2973780601618,-315.7859216849413,-316.29736807479935,-315.7859213595607,-316.2973771574974,-316.2590637363153,-307.3605279419281,-315.5389331994859,-312.967310855175,-315.7859096654963,-315.53893715369975,1.0,1.0,1.0,1.0,1.0,1.0,0.7743527682612027,1.0,0.7893298176184111,1.0,0.7893296892021179,1.0,1.0,0.016752586264508124,0.06060417725854155,1.0,1.0,0.9999954586612835,1.0
132,-318.6983356272553,-318.18770018613907,-318.6981759802132,-318.187192053304,-318.6980389367396,-318.7435126437249,-312.58701621801345,-317.9593585455781,-305.85082859962074,-317.97397565245933,-318.17322229754933,1.0,1.0,1.0,1.0,1.0,1.0,0.7747852573613376,0.9776647019868503,0.757367837480985,0.9775866644625897,0.7571754401896366,1.0,1.0,0.06814134257339749,1.0,1.0,1.0,1.0,1.0
133,-316.5486339959842,-316.0369634562634,-316.54862077643645,-316.03695272549356,-316.54859808866075,-316.5037059720161,-307.00486396801574,-315.8030695391485,-313.2408919042357,-316.03696104885387,-315.8030698279234,1.0,1.0,1.0,1.0,1.0,1.0,0.7742834049085134,1.0,0.7918595348563109,1.0,0.791855286236511,1.0,1.0,0.012288360252704984,0.04424495310708752,1.0,1.0,1.0,1.0
134,-319.855423233827,-319.3437240398136,-319.8551157062666,-319.32738554290694,-319.85527362697695,-319.92636404352197,-314.3275349119655,-319.3204753406344,-317.0015737608956,-319.32742798333686,-319.3365842005794,1.0,1.0,1.0,1.0,1.0,1.0,0.7743163301652252,0.965151297607194,0.7472765098842542,0.965002903704287,0.7411966900034348,1.0,1.0,0.08237525304197306,0.2626272836267222,1.0,1.0,0.9999210427621045,1.0
135,-316.1277854659699,-315.616688886416,-316.12751909758805,-315.61669310467664,-316.52604302503585,-316.3585279968676,-308.6130888312978,-315.37136415601316,-313.53482052079767,-315.6166959051872,-315.37137071180103,1.0,1.0,1.0,0.9999978908719032,1.0,0.8194443588759017,0.6346528837533558,0.891035271879794,0.6900994542206701,0.8909166079702733,0.6901009097318885,1.0,1.0,0.03407682779937125,0.08536100957906506,1.0,1.0,0.8193352291092946,1.0
136,-319.2716708081718,-318.759827551902,-319.27158388660484,-318.759627918017,-319.2715993486056,-320.16808767191094,-312.6437205937832,-318.726858447396,-316.3611138594435,-318.75977314692165,-318.7268132986137,1.0,1.0,1.0,1.0,1.0,1.0,0.7742303047063642,0.6387715298114174,0.49453860609084555,0.6387437689035311,0.49448924522279936,1.0,1.0,0.047759898896551564,0.15587566124681296,1.0,1.0,0.9999922690295038,1.0
137,-318.2799696685137,-317.7688969627142,-318.27989556123595,-317.5237967999873,-318.27977426433966,-318.31021571900936,-311.4773034266016,-317.5025739318485,-315.3996928946727,-317.76886928670683,-317.7481223816525,1.0,1.0,1.0,1.0,1.0,1.0,0.7745766547511589,0.9849907534171705,0.7628763044944087,0.9849542566016841,0.674887371201556,1.0,1.0,0.04916195373887089,0.14069023306126563,1.0,1.0,1.0,1.0
138,-318.34389674615505,-317.832255890162,-318.61145066564455,-318.0998343944127,-318.3439168295244,-318.5813896901101,-312.16542896898005,-317.7750520991629,-315.37908878333036,-317.8322791456904,-317.7750729598494,1.0,0.8747851551502959,1.0,0.8747744020243136,1.0,0.9999899583657427,0.7742732204522677,0.8880329134530047,0.6875870082641249,1.0,0.7860163793921966,1.0,1.0,0.06051817383477043,0.200522281812613,1.0,1.0,1.0,1.0
139,-317.70208994924656,-317.1877089835574,-317.7020594875851,-317.19065318088445,-317.70196372176974,-318.1551227068156,-310.1079257625545,-317.13322180158906,-314.7375211565653,-317.19058507770234,-317.1297795608976,1.0,1.0,1.0,0.9985289843422152,1.0,1.0,0.7732697168201871,0.7973062832982397,0.6164938934427865,0.7972941397536686,0.6174021016013913,1.0,1.0,0.029817851550223366,0.09878616671813217,1.0,1.0,1.0,1.0
140,-317.9915494921127,-317.47971249769114,-317.9915303330878,-317.47973035034255,-317.9915260887257,-318.1678833550063,-309.67201853757217,-317.3887419830293,-314.9600123822712,-317.4797277700258,-317.3887305176293,1.0,1.0,1.0,0.9999910737141343,1.0,1.0,0.7742141256566125,0.9156080201938808,0.7088683677896865,0.9155992491574494,0.7088746954078606,1.0,1.0,0.02110254303601443,0.0710766133565276,1.0,1.0,1.0,1.0
141,-316.87074009486173,-316.35965930861926,-316.87073015220324,-316.3596546884786,-316.8707155019248,-317.5067369044047,-308.0924205150756,-316.1997751775132,-313.7128186561521,-316.3596487017575,-316.1997673528033,1.0,1.0,1.0,1.0,1.0,1.0,0.7745073751900244,0.7276039491082356,0.5635276953585746,0.7276003319584342,0.5635263935714697,1.0,1.0,0.017358424452401416,0.060193008544988796,1.0,1.0,1.0,1.0
142,-318.3397740198721,-317.82791906838986,-318.9071974227918,-317.827937981294,-318.9038193757819,-318.840415735907,-312.7756641486595,-317.7565036961051,-304.3143431186137,-318.39192614802505,-318.37956023869447,1.0,0.7529836975174392,1.0,0.9999905435926498,1.0,0.7542565793424458,0.5839440218784153,0.7785509386805837,0.6027526690807232,1.0,0.6027583690093945,1.0,1.0,0.08287517045360542,1.0,1.0,1.0,1.0,1.0
143,-317.2758212568861,-316.76449536567236,-317.2757964814442,-316.76448386032285,-317.2756924365749,-318.3270259717948,-309.27946897626236,-316.64530933243185,-314.1951985319375,-316.7644748796008,-316.6452956135793,1.0,1.0,1.0,1.0,1.0,1.0,0.7744528217424471,0.5911991438802336,0.4578263555732597,0.5911918203155787,0.4578237218547183,1.0,1.0,0.02514942669597834,0.08561756846315399,1.0,1.0,1.0,1.0
144,-317.2607967030414,-316.7497064716041,-318.69371059899026,-318.1829546824103,-318.69105802909,-318.5457892801918,-313.8372045351068,-316.6279439226616,-313.5779598843129,-318.18030472501863,-318.1783673959601,1.0,0.4884799032913,0.6306028643094623,0.4883982570707813,1.0,0.4891281966513059,0.37882694838417275,0.52597779152287,0.40736674566013975,1.0,0.8340872223897023,1.0,1.0,0.24774143096986997,1.0,1.0,1.0,1.0,1.0
145,-318.1436443711235,-317.6318076793387,-318.1436097082164,-317.6317973010348,-318.14363352301876,-318.17468862984987,-310.0981236344387,-317.55592018302,-315.1420294029506,-317.63179693485256,-317.55591500678463,1.0,1.0,1.0,1.0,1.0,1.0,0.7742093825855337,0.9845977179901636,0.7622806566788702,0.9845806536284116,0.7622767010989782,1.0,1.0,0.02401928392738603,0.08030263177713706,1.0,1.0,0.9999880926697051,1.0
146,-316.93252340606074,-316.4215389644523,-316.9322254133836,-316.4212725208879,-316.93233470203756,-317.76673752302935,-309.2975730998449,-316.3708735285862,-313.288348677823,-316.42141449740143,-316.3708432310387,1.0,1.0,1.0,1.0,1.0,1.0,0.7746082441959821,0.6589503699398618,0.5103802313980517,0.6588521960613996,0.5103122421629529,1.0,1.0,0.029110678470425443,0.13596091979496625,1.0,1.0,0.9999453571659943,1.0
147,-317.08638103538414,-316.57561890856306,-317.0860909796978,-316.57562645367125,-317.0863891868697,-317.25270559367243,-310.07524020232296,-316.457495705929,-314.4039529025515,-316.5756292710505,-316.45750613774226,1.0,1.0,1.0,0.9999962274530212,1.0,0.9999959242655119,0.7746181047422969,0.9202018055414862,0.712807883804661,0.9200683603352253,0.7128105729160343,1.0,1.0,0.04112546545923302,0.1148238171542682,1.0,1.0,0.9998509075294327,1.0
148,-316.995728121763,-313.288269884805,-316.99571476890566,-316.4840501414227,-316.9957015762616,-322.69265895150807,-311.30191377398654,-316.3361269415667,-313.85399576945116,-316.4840405781346,-316.33611431942757,1.0,1.0,1.0,0.20232294343580973,1.0,1.0,0.15665398144438292,0.05793315605450129,0.009075339098063451,0.05793276926920771,0.0448557091150799,1.0,1.0,0.0806927470031884,0.2791402325709835,1.0,0.21785435661610433,1.0,1.0
149,-317.36338414364945,-316.8517286801474,-317.3633877996737,-316.85173223406935,-317.36338614283375,-317.3502273434282,-309.1146592507465,-316.71355088810606,-314.2381678304743,-316.85173338098866,-316.7135563616397,1.0,0.9999981719895398,1.0,0.9999982230406076,1.0,0.9999990004083537,0.7742745664020207,1.0,0.7793856236608995,1.0,0.7793870085999648,1.0,1.0,0.022383172755903503,0.07716924440512136,1.0,1.0,1.0,1.0
150,-314.984227952213,-314.4730475478489,-314.9841827201386,-314.4729585326977,-314.9840699165247,-314.9042685463903,-304.6206856499815,-314.0762318582627,-311.37993654430267,-314.47304032760155,-314.07623161223466,1.0,1.0,1.0,1.0,1.0,1.0,0.7745204740134044,1.0,0.8060491974885027,1.0,0.8060133229912502,1.0,1.0,0.008846148573315433,0.03406020969399931,1.0,1.0,1.0,1.0
151,-315.7073937275885,-315.19592163918753,-315.7073957135552,-315.6312501886845,-316.1154775718438,-316.01653620580225,-307.860928395174,-314.88282797345335,-313.05557449579953,-315.19592954869876,-315.5188772692611,1.0,0.9999990070171619,1.0,0.804395452204865,1.0,0.8154281859862307,0.6314238272946813,0.8567824535511807,0.6634463528212515,0.8567833043222979,0.8247763596906608,1.0,1.0,0.029868532153010965,0.07447267120837688,1.0,1.0,0.8154289956932291,1.0
152,-318.587923067663,-318.076047050071,-318.5877408265173,-318.0760525720983,-318.5879405524687,-318.6991748373392,-312.1364875174068,-318.03095967425514,-295.7467561870449,-318.07605266833735,-318.03097864260525,1.0,1.0,1.0,0.9999972389901504,1.0,0.9999912576353597,0.7741831920215414,0.9458929425953817,0.732300819649933,0.9458067562153362,0.7323028415452915,1.0,1.0,0.05248456889366536,1.0,1.0,1.0,0.9999001420104389,1.0
153,-316.76794111562515,-316.2563029239598,-316.7679359134956,-316.2562821260692,-316.7678133699594,-317.169476986992,-307.38899884681507,-316.04834009709714,-313.51125911949043,-316.2562551172311,-316.04833514342454,1.0,1.0,1.0,1.0,1.0,1.0,0.7743314841346542,0.8181022618688827,0.6334418775875046,0.8181001339346715,0.6334352904943139,1.0,1.0,0.013171885263514763,0.046834735663226726,1.0,1.0,1.0,1.0
154,-317.3315439007939,-316.81983949468037,-317.33152499349035,-316.8198073378076,-317.33153431673225,-317.3825625087049,-308.4160538055026,-316.6754051602307,-314.19495041562766,-316.8198256638579,-316.6754023411278,1.0,1.0,1.0,1.0,1.0,1.0,0.7742601033338284,0.9748133093039105,0.7547554367728444,0.9748040938018891,0.7547433015831337,1.0,1.0,0.016088095710173504,0.05560688218597117,1.0,1.0,0.9999953383899165,1.0
155,-316.9606077229913,-316.44955727930176,-316.96060225096454,-316.4494654438459,-316.9606028172208,-316.92514254622205,-308.32705366514057,-316.3027049627336,-313.82613976283216,-316.4495563587949,-316.3027063579628,1.0,1.0,1.0,1.0,1.0,1.0,0.7745115015387384,1.0,0.7883661549064035,1.0,0.7883299557548902,1.0,1.0,0.018539982758696043,0.06395707979189659,1.0,1.0,0.9999997168719236,1.0
156,-318.03920722295015,-317.5273716297631,-318.0391545216659,-317.5273292706209,-318.0391923446954,-318.0655471826771,-310.05680664340275,-317.4545991563794,-315.0440704725039,-317.5273595476375,-317.4545934749983,1.0,1.0,1.0,1.0,1.0,1.0,0.7742113679504028,0.9869163648529555,0.7640761848042312,0.9868903593156594,0.7640600021697262,1.0,1.0,0.02475082996752381,0.08260939082430499,1.0,1.0,0.9999810886640922,1.0
157,-319.0971569108514,-318.5856183424163,-319.0971868085649,-318.5856468757318,-319.2976635841056,-319.27802772053786,-313.38121447320145,-318.5550473607982,-316.42894901541814,-318.7861859671282,-318.5550799699057,1.0,0.9999850512549892,1.0,0.9999857334440109,1.0,0.904608218609952,0.7004567751321503,0.9135333418245586,0.7073676818605537,0.9135469982056902,0.7073777737051676,1.0,1.0,0.07525172561928263,0.2178677021885467,1.0,1.0,0.904621741569698,1.0
158,-315.68827036275707,-315.17702882783607,-315.6878288781396,-315.17698948203423,-315.68780619844483,-315.6109956917345,-306.2288476052065,-314.9746079103654,-312.33071519618386,-315.09538501030204,-314.9746013286857,1.0,1.0,1.0,1.0,1.0,1.0,0.7746153578343624,1.0,0.8049433055360873,1.0,0.8049274701219569,1.0,1.0,0.012614855487294123,0.04731472148264624,1.0,1.0,1.0,1.0
159,-319.9199974250477,-319.4080687025477,-319.92003692139707,-319.4080954842213,-319.92003833485506,-320.0373548282706,-314.3609971345616,-319.38830608566974,-309.96642058093863,-319.4081104355101,-319.3883486858512,1.0,0.9999802520203144,1.0,0.9999866092528725,1.0,0.9999795453055235,0.774153723334179,0.9430097079871727,0.7300494095161709,0.9430283308914941,0.7300591855541128,1.0,1.0,0.08097178846325373,1.0,1.0,1.0,0.9999992932712526,1.0
160,-319.494836510094,-318.98297663313423,-319.4947973094436,-318.9829110663,-319.4947708546254,-319.85220893738216,-312.5972634736608,-318.9545278962164,-316.5927498342998,-318.9829266307469,-318.95448813489605,1.0,1.0,1.0,1.0,1.0,1.0,0.7742216237799733,0.8363682991869507,0.6475131659355531,0.836351906256951,0.6474919385893032,1.0,1.0,0.041642574429173,0.13564105547390734,1.0,1.0,1.0,1.0
161,-316.84962701093286,-316.33836363053524,-316.8494958418921,-316.3383534332303,-316.8496062618631,-317.71402659892794,-308.6669717183544,-316.2122905206396,-313.7566222551707,-316.3383411680083,-316.21227740096276,1.0,1.0,1.0,1.0,1.0,1.0,0.7744351797434286,0.6490796815051295,0.5026649248723775,0.6490371133214574,0.5026623619651451,1.0,1.0,0.022990840048438398,0.07848676490001387,1.0,1.0,0.9999447915385674,1.0
162,-317.7518689866854,-317.2401721658886,-317.75186951318005,-317.2401804741313,-317.75188052500516,-317.92164518505024,-310.7094382903472,-317.14120764035385,-314.7038180884728,-317.24017411052193,-317.1412199789123,1.0,0.9999997367527049,1.0,0.9999958458872863,1.0,0.9999942308567575,0.7742548627470226,0.9186150724279625,0.7112462901017865,0.9186153142509591,0.7112492447113166,1.0,1.0,0.04011982511268997,0.13571612389259757,1.0,1.0,0.9999944941026032,1.0
163,-316.1503766843523,-315.4619680100532,-316.1501554924389,-315.46195889031594,-316.1502752813939,-317.27025403721206,-308.0975066575959,-315.5051578362827,-312.83591299294983,-315.4619544692703,-315.5051458283715,1.0,1.0,1.0,1.0,1.0,1.0,0.70882001964476,0.5712440935019558,0.40488872060053893,0.5711809197083739,0.4048868743653674,1.0,1.0,0.02462912509651917,0.09355524442762922,1.0,0.9786365876142559,0.9999401073161506,1.0
164,-318.51071321763254,-317.99886077815654,-318.51071577491024,-317.9988746531379,-318.5107289743306,-318.63016854470897,-311.79654228294845,-317.93933669180757,-315.7517539099407,-317.99885971464244,-317.9393534084682,1.0,0.9999987213619693,1.0,0.999993062533397,1.0,0.999992121681996,0.7741929879100056,0.9420210453323284,0.7293118335104907,0.9420222498378028,0.7293168931220795,1.0,1.0,0.046356340304373675,0.13840019684679794,1.0,1.0,0.9999934003115881,1.0
165,-315.1225122337584,-314.61105596133234,-315.1225077210989,-314.61104121244955,-315.1224803284881,-316.6191454781488,-305.2780589348827,-314.17273788535664,-311.4346079871426,-314.61083585540854,-314.17273471170955,1.0,1.0,1.0,1.0,1.0,1.0,0.7743648116312917,0.4731623937742572,0.3663944629222034,0.4731613261650689,0.3663917609776717,1.0,1.0,0.011709679456434599,0.04603862660117643,1.0,1.0,1.0,1.0
166,-315.55585106715614,-315.04452193574724,-315.5558366696174,-315.0444389201515,-315.55568729342093,-315.46606540715993,-305.8414077402111,-314.7499201427169,-312.1401736305482,-315.044519524877,-314.74991969641223,1.0,1.0,1.0,1.0,1.0,1.0,0.7744651020395936,1.0,0.8099589304847503,1.0,0.8099253115709056,1.0,1.0,0.011628966269184483,0.042878577138755945,1.0,1.0,1.0,1.0
167,-318.1832593738208,-317.67189660533523,-318.18322296892893,-317.6718897091121,-318.1832527272948,-318.1852631231677,-310.338733071993,-317.60181070478455,-315.19758706866867,-317.6718892641686,-317.60180875844947,1.0,1.0,1.0,1.0,1.0,1.0,0.7743912354213592,0.9989986270354181,0.7736132100497686,0.9989804429824095,0.7736105425497178,1.0,1.0,0.026475412248052357,0.08808729228914035,1.0,1.0,0.9999851209277527,1.0
168,-314.09278056006127,-313.58165562793664,-314.1458065689851,-313.58165595275983,-314.0927776437748,-314.01701667434196,-302.51114569514647,-313.02609940030686,-310.19877407672016,-313.58165137908475,-313.2596891766456,1.0,0.973835379548081,1.0,0.9999998375884179,1.0,1.0,0.7744818855909852,1.0,0.8043823821283959,1.0,0.8043825127694324,1.0,1.0,0.00520842978968266,0.02141177679528434,1.0,1.0,1.0,1.0
169,-317.3871318600052,-316.8753644645334,-318.1384681772716,-317.62657239662184,-318.1215154337837,-317.97576123874853,-311.28140974082373,-316.7289407395816,-314.24466747260516,-317.6096211094219,-317.5978466703852,1.0,0.686830213907001,0.8871685711752171,0.686874304731758,1.0,0.6926767859784366,0.5362925392437057,0.7450419977507443,0.5768353623292761,1.0,0.8397975559073286,1.0,1.0,0.06562716951248404,0.22726719893848923,1.0,1.0,1.0,1.0
170,-317.4672011676347,-316.9554438942243,-317.46715159856427,-316.9554532566159,-317.90530275407093,-317.79382982570377,-310.58974158615933,-316.81876454792655,-314.3438182668338,-317.39345095601544,-316.8187767354411,1.0,1.0,1.0,0.9999953188151525,1.0,0.8032809158946266,0.6219289444897125,0.8493241792031592,0.657577293135523,0.8493031293589883,0.6575803713907937,1.0,1.0,0.044400192192935534,0.1530426955957541,1.0,1.0,0.8032610071971952,1.0
171,-316.19996056268513,-315.68830554935425,-316.1999541294716,-315.6882967490176,-316.19988527252906,-318.17833708001604,-308.09591285242476,-315.4480714590711,-312.8830025312307,-315.68824597921997,-315.44806509348257,1.0,1.0,1.0,1.0,1.0,1.0,0.7743046628502325,0.3718784376346334,0.28793636868285966,0.371877241449862,0.2879351017171547,1.0,1.0,0.02532206058449953,0.0913054463880553,1.0,1.0,1.0,1.0
172,-319.9491703763838,-319.43800822229423,-320.9606493659454,-320.4499891516951,-320.9606244155586,-320.9499264007259,-317.8227993903689,-319.42728011133,-318.1333893903127,-320.4499643220642,-320.449245355669,1.0,0.6030594511774288,0.7784820168985243,0.6029081203859735,1.0,0.6030669745076505,0.4670550740732886,0.6063014270702469,0.46956004871966717,1.0,0.7788252187067267,1.0,1.0,0.4483234320609738,0.8561625722914271,1.0,1.0,1.0,1.0
173,-316.46614790417567,-315.9546529060058,-317.8536453812883,-317.3420482130412,-317.84367282799707,-317.65944189824523,-311.8341248859366,-315.73293759800185,-314.96841581379994,-317.3320767526449,-317.3287496809749,1.0,0.499699311451686,0.6453579502886848,0.49972483926233513,1.0,0.5021971727967005,0.38887008572772586,0.5506548916309171,0.42639271289086245,1.0,0.8532549903268337,1.0,1.0,0.14235855680541384,0.20863990325619622,1.0,1.0,1.0,1.0
174,-316.92835541943685,-316.41660978815474,-316.92828312014126,-316.41659584940675,-316.9283418264015,-317.01413258792905,-307.89515210338584,-316.25940383899757,-313.76848560207776,-316.4166007644864,-316.2593952006235,1.0,1.0,1.0,1.0,1.0,1.0,0.7742456959604334,0.9580181224324474,0.7417363667039555,0.9579834910406977,0.7417311972838212,1.0,1.0,0.01526601950690716,0.05304223747374673,1.0,1.0,0.9999706473006822,1.0
175,-322.53601001963847,-322.02677275193656,-322.535437610276,-322.025828265433,-322.5354570901596,-322.69614451231513,-319.0686329570515,-322.02587533196606,-319.79689657178363,-322.02583804407357,-322.02494031014515,1.0,1.0,1.0,1.0,1.0,1.0,0.7754264296754676,0.9230542722796397,0.7155628235121922,0.922790127627404,0.7152249835751593,1.0,1.0,0.22795177456697388,0.6947996090007906,1.0,1.0,0.9999902601056448,1.0
176,-317.3377773644583,-316.82606196053575,-317.33776466653745,-316.8260250372873,-317.33777475254675,-317.2991983451463,-308.825538052295,-316.684406162235,-314.2069709131106,-316.8260638971632,-316.6844093791014,1.0,1.0,1.0,1.0,1.0,1.0,0.7742531466538798,1.0,0.7893320540942623,1.0,0.789317481877007,1.0,1.0,0.01965479293838391,0.06783232481923644,1.0,1.0,0.9999949570080674,1.0
177,-317.3364389002941,-316.82485577541627,-321.61642421107,-321.10327758238213,-320.42878167213667,-320.7622009141604,-320.5914636845071,-316.7034665720245,-317.4455891017966,-320.80742404813805,-321.10326458231134,1.0,0.11765570715413123,0.1520692391631147,0.11774772068852604,1.0,0.213062146990405,0.16497473329378648,0.18034546690551534,0.13964209843816444,1.0,1.0,0.19641757681008715,1.0,1.0,1.0,0.6900016673903226,1.0,1.0,1.0
178,-317.1938007294999,-316.6820429755537,-317.19380814953644,-316.68205093056054,-317.1938125495868,-317.5390815714763,-310.24970152722693,-316.53090574015056,-314.04300362641277,-317.11267245530274,-316.53091656719374,1.0,0.9999962899886198,1.0,0.9999960225044991,1.0,0.9999940899740087,0.7742311651362725,0.8414401246617982,0.6514730183317855,0.8414432464258184,0.6514756095730914,1.0,1.0,0.043256744893793164,0.15007035678904587,1.0,1.0,0.9999977999772269,1.0
179,-317.98976741695026,-317.4780044487781,-318.6261556669555,-317.47801968010805,-318.6204355941891,-318.5341511393398,-312.2913794545899,-317.386234994773,-315.73485130875883,-318.1086005017728,-317.38625359404375,1.0,0.7274615562301705,1.0,0.9999923843640294,1.0,0.7295451008348248,0.5648384190577558,0.7617081048423578,0.5897401013731802,1.0,0.5897445926533136,1.0,1.0,0.07828276852782842,0.17875557178217183,1.0,1.0,1.0,1.0
180,-318.1258688804208,-317.61409322925067,-318.12585454834493,-317.61406836839774,-318.1258356302015,-318.38061225723743,-310.194286827965,-317.54535047973786,-315.1407506174702,-317.6140704093071,-317.54533489796927,1.0,1.0,1.0,1.0,1.0,1.0,0.7742416843313121,0.8804063749303804,0.6816359822549742,0.8804000659275075,0.6816275092816819,1.0,1.0,0.025335927636924455,0.08431193091459968,1.0,1.0,1.0,1.0
181,-318.6335261320381,-318.12241121884733,-318.6334965658364,-318.12220343965265,-318.63352017187407,-318.625525407562,-311.53820369773166,-318.08333442180856,-315.706331293913,-318.122406676618,-318.08333453606986,1.0,1.0,1.0,1.0,1.0,1.0,0.7744869440629196,1.0,0.7775890603946881,1.0,0.77750828117644,1.0,1.0,0.037909051784778186,0.12442355122200491,1.0,1.0,0.9999881970508335,1.0
182,-317.3764681108598,-316.86503418283786,-317.3762563046014,-317.29114526358165,-317.79630502875045,-317.7350975904883,-310.93046690446,-316.7512759913118,-314.30107757122585,-316.8650478843761,-316.75128905404074,1.0,1.0,1.0,0.8081112531705262,1.0,0.810650344559333,0.6277361005059408,0.8358427849900198,0.6472441466374503,0.8357542713105942,0.8009344556186622,1.0,1.0,0.0544536965278225,0.1853878182236876,1.0,1.0,0.8105644986969135,1.0
183,-317.3329554463656,-316.8214286292217,-317.33287881460154,-316.8214116467832,-317.33294219139873,-317.4580343061767,-308.4669191366825,-316.6829920526762,-314.20860001884006,-316.8214212825525,-316.6829871709759,1.0,1.0,1.0,1.0,1.0,1.0,0.7743302776584491,0.9393760225753692,0.7273824756551961,0.9393400302440567,0.7273762993173304,1.0,1.0,0.016440023531530387,0.0566512944916126,1.0,1.0,0.9999683121034789,1.0
184,-316.8309367255815,-316.3192378448233,-316.8307158417839,-316.31924461924365,-317.34568664083423,-317.2349815858422,-309.8254613355543,-316.13043165677396,-313.6082189904554,-316.3192488362904,-316.8002764904924,1.0,1.0,1.0,0.9999966127955656,1.0,0.7730782878140882,0.5985624603122168,0.8170766006020447,0.6326285293857787,0.8169863660937262,0.6326306722351971,1.0,1.0,0.04274576466761771,0.15086365041959088,1.0,1.0,0.7729929122946557,1.0
185,-320.75806930450585,-316.98405715893716,-320.75785571477326,-320.24635390280866,-320.7578606274507,-323.681037163741,-317.636625663794,-320.2387032919127,-308.49050337632093,-320.2463418851341,-320.238497905304,1.0,1.0,1.0,0.19570470324501588,1.0,1.0,0.1515405952839505,0.23189190801458928,0.03513737140919804,0.23186714447161064,0.17954280518852533,1.0,1.0,0.2722488301741329,1.0,1.0,0.19645476720978086,0.9999975436642826,1.0
186,-318.8381790549053,-318.3264139400704,-319.13299218752246,-318.32643772497914,-319.1311528487665,-319.0950308677514,-312.9434566018981,-318.28127721468746,-303.7075591336171,-318.32644115139635,-318.2813044022699,1.0,0.8629430625106286,1.0,0.9999881076163337,1.0,0.8637370498671377,0.6687336334962397,0.879478723728864,0.6809213551651021,1.0,0.6809294530394072,1.0,1.0,0.06932773014751811,1.0,1.0,1.0,1.0,1.0
187,-319.06677134712345,-318.55503612184043,-319.06650786516326,-318.5549797950124,-319.0667205171427,-320.0169035543312,-312.2772745009754,-318.51511869523426,-316.1430581477139,-318.55499052892515,-318.5150817224285,1.0,1.0,1.0,1.0,1.0,1.0,0.7742641398524661,0.6218439489802893,0.48145923384239653,0.6217620320450119,0.481445674497602,1.0,1.0,0.04420479122005443,0.14472906185788226,1.0,1.0,0.9998936796626884,1.0
188,-316.31834110672935,-315.80685303648653,-316.3182895038867,-315.8063057342034,-316.318279669138,-316.2992807987658,-306.73553595368617,-315.56919522904974,-313.0049678348201,-315.8068492746007,-315.56919449852984,1.0,1.0,1.0,1.0,1.0,1.0,0.7743639344717094,1.0,0.7817550043922091,1.0,0.7815411055110124,1.0,1.0,0.012072445704473363,0.04351211209987131,1.0,1.0,1.0,1.0
189,-319.92163071321346,-319.4097845040773,-319.92155257715484,-319.4097381196703,-319.92161314838063,-319.9299844542716,-313.48684900020953,-319.39032453289497,-299.6771364340626,-319.4097706252926,-319.3903139225786,1.0,1.0,1.0,1.0,1.0,1.0,0.7742082984518999,0.9958318404621812,0.7709745036995789,0.9957929360346154,0.7709566233093286,1.0,1.0,0.0522488307518455,1.0,1.0,1.0,0.9999697148457106,1.0
190,-317.84898845851626,-317.33731297148864,-317.84879061949067,-317.3373083131425,-317.84899306528763,-317.8485939456661,-310.00995350480906,-317.23549578920563,-314.7961942115617,-317.33731795266664,-317.2355027200099,1.0,1.0,1.0,1.0,1.0,0.9999976966169679,0.7742658051041261,1.0,0.7744203328599281,1.0,0.7744185291030434,1.0,1.0,0.02697698612474365,0.09134421250145826,1.0,1.0,0.9998987822243856,1.0
191,-320.14365320627076,-319.63284091089577,-320.14351982631064,-319.6327058021709,-320.14348202372054,-320.20108079616705,-315.14150355594427,-319.5408770570229,-317.31277710893977,-319.63268517499273,-319.6284346233012,1.0,1.0,1.0,1.0,1.0,1.0,0.7746681333181622,0.9716945285559646,0.7526763613053302,0.9716297284280152,0.7526255164510405,1.0,1.0,0.11083787282879326,0.33768668647130423,1.0,1.0,1.0,1.0
192,-317.8906380354068,-317.3789582808336,-317.8906231997826,-317.37896915901797,-317.8906514145827,-318.0981115708526,-310.9851162235083,-317.2799060030341,-314.84103038383546,-317.6657657142437,-317.27992073753603,1.0,1.0,1.0,0.9999945609226143,1.0,0.999993310434441,0.7742607569268555,0.9014625602346769,0.6979717533563243,0.9014558733795911,0.6979755496993526,1.0,1.0,0.0429639069178835,0.14544502771345422,1.0,1.0,0.9999858926994749,1.0
193,-315.80722657435393,-315.29637447996953,-315.807004696851,-315.29635729293256,-315.8072111474033,-315.7378659689981,-306.6267854202339,-315.05966656443087,-312.50296870100954,-315.2962555861731,-315.05966550902025,1.0,1.0,1.0,1.0,1.0,1.0,0.7745923920591609,1.0,0.8019205470701701,1.0,0.801913655780734,1.0,1.0,0.014751056493277527,0.052966711885375495,1.0,1.0,0.9998967800513965,1.0
194,-318.3781511583172,-312.85665472280334,-318.3781281014023,-317.8663407378625,-318.378051866224,-321.2890408274397,-312.802488063885,-317.79382611831466,-315.3861725247683,-317.86632182110975,-317.7938040131219,1.0,1.0,1.0,0.08168842144576066,1.0,1.0,0.06324756996044154,0.23329656244163346,0.014754708123446892,0.23329387290764012,0.18062178044710647,1.0,1.0,0.08244127747911953,0.2747641376955175,1.0,0.08470457219285092,1.0,1.0
195,-316.54065698049203,-316.02907576413855,-317.44376670920724,-316.0290822603211,-317.41037218254945,-317.2151889069318,-310.2485311319484,-315.80261770765316,-313.2467973759677,-316.8986968466831,-316.8933515095883,1.0,0.6366374967020088,1.0,0.999996751914,1.0,0.6473568434635341,0.5012510481929955,0.713718991656395,0.5526355306123647,1.0,0.5526373256259252,1.0,1.0,0.06222220882806878,0.22332367063612468,1.0,1.0,1.0,1.0
196,-314.34818591775456,-313.83681311100685,-316.11052048085236,-315.5989574848463,-316.14370755988125,-315.95491154496176,-310.03567435052946,-313.29107432933995,-313.2664738689222,-315.6321407888995,-315.5783267909268,1.0,0.41429902571250243,0.5350549732931984,0.41433842519802366,1.0,0.4074810619745082,0.31554713056375616,0.44782049234045096,0.3467853712782315,1.0,0.8369616482287234,1.0,1.0,0.1963807328592719,0.19881117795622144,1.0,1.0,0.9835433749179864,1.0
197,-316.5910554060769,-316.07981717498063,-316.59104812998027,-316.07981004137696,-316.5910155164196,-316.8441885678574,-307.44492069026825,-315.9012432286609,-313.39600545795145,-316.0798056483128,-315.9012360660901,1.0,1.0,1.0,1.0,1.0,1.0,0.7744523297573472,0.8811154821372796,0.6823683280713719,0.8811122766024053,0.6823658942031066,1.0,1.0,0.014579173092583128,0.0510197542080111,1.0,1.0,1.0,1.0
198,-318.5277598210654,-318.01599364612,-318.52771278394187,-318.0123435991037,-318.5277194191821,-318.50897482420464,-311.8770121967323,-317.9854400668775,-315.628892342806,-318.0028046874643,-317.97706473666796,1.0,1.0,1.0,1.0,1.0,1.0,0.7742481213603578,1.0,0.7815387165301904,1.0,0.7801136907482897,1.0,1.0,0.04715977685074384,0.1532108697170558,1.0,1.0,0.9999966823853762,1.0
199,-315.89707675480616,-315.38543386466586,-315.896975274136,-315.3854247845377,-315.89677343805783,-315.9078809228271,-306.18074643474444,-315.13332195651776,-312.5591577737208,-315.38541631059655,-315.1333189041157,1.0,1.0,1.0,1.0,1.0,1.0,0.7743976429807226,0.9946124810064216,0.7701087586715119,0.9945620153162048,0.7701052623363335,1.0,1.0,0.011375563682281015,0.04120458800474449,1.0,1.0,1.0,1.0
200,-77.81846077677571,-307.9613740543665,-77.81856317740247,-307.96136410355984,-77.81856140283978,-78.25522424989772,-307.9317106222385,-307.9643805041031,-307.9643720059027,-307.96134906622615,-307.9643727749566,1.0595009664558601e-50,0.9999488009973344,1.0595062379136147e-50,1.0,1.0,0.9999496882336454,1.0,0.8038185361680915,1.0,0.8038596929826551,1.0,1.075332296643665e-50,1.0753873554037352e-50,0.9837977507294174,0.9838019309935045,1.0,0.9984979044082921,1.0,1.0579672180972087e-50
201,-47.95155529856493,-306.79502841115493,-47.95154920803195,-306.7950210344689,-47.95101606065663,-49.502954187062386,-306.6394008300298,-306.7919873171655,-296.508193195781,-306.7950205772198,-306.79128089450614,6.206603118078955e-57,1.0,6.206626010202362e-57,1.0,1.0,1.0,1.0,0.46038165705598033,1.0,0.46038025507328273,1.0,6.708849896844092e-57,6.708829466639384e-57,0.9265444635136302,1.0,1.0,1.0,1.0,1.0629057742825151e-54
202,-59.365344861030565,-306.61579211104277,-59.96731725608211,-306.615808383405,-59.96731336159128,-59.96730204600311,-306.89662339151977,-306.5914374358209,-296.6000110552383,-306.92457782257424,-306.92828369739004,2.0429021034953358e-54,0.7400879877215875,2.0428854821414088e-54,0.999991863851976,1.0,0.7400894288559318,1.0,0.7400936161413693,1.0,1.0,1.0,1.77527573838916e-54,2.3987360527962118e-54,1.0,1.0,1.0,1.0,1.0,4.129168226991686e-52
203,-97.2564241865307,-303.3368786178807,-97.90076620228278,-303.33687757524905,-97.90111566734029,-97.90102551393805,-303.1004741810716,-303.35054751038126,-303.35976144246047,-303.3368160742682,-303.3637433435802,1.7790899491781094e-45,0.7245742718274238,1.7790908766460873e-45,1.0,1.0,0.724447676193146,1.0,0.7244803326405398,1.0,0.9998703525773184,1.0,2.002315352984722e-45,2.763437001337023e-45,0.8824645467334364,0.8784084129447822,0.9954036297507152,0.9931888554625055,0.9998252827360838,2.4278504980135447e-45
204,-19.62287079779749,-304.93346557223686,-19.622872910281345,-305.20891660904346,-19.622803915577563,-19.65112256627981,-304.86960155976175,-304.82865265947544,-304.8286617229051,-304.93347199797813,-304.82865971782866,1.1106865952871563e-62,0.9999989437586301,9.677832423307445e-63,0.8713378251229459,1.0,1.0,1.0,0.9859734179347306,1.0,0.9859744593617442,1.0,1.1467253797178838e-62,1.146726590937945e-62,1.0,1.0,0.999995468295432,1.0,1.0,1.170401511272116e-62
205,-107.36991565488601,-308.75229884199183,-107.3699046521757,-308.7523048642409,-107.36990227370336,-107.49636812435014,-308.90121318981085,-308.7476690995577,-301.01916732082356,-308.7523097433381,-308.7476870490327,1.8636790131427218e-44,1.0,1.8636734013815853e-44,0.9999969888799998,1.0,1.0,1.0,0.9387310760907034,1.0,0.9387259118118645,1.0,1.7299548748635604e-44,1.7299453577935692e-44,1.0,1.0,1.0,1.0,1.0,8.90423027119687e-43
206,-36.40545894832296,-304.033021314664,-36.40549653698788,-304.03280443547527,-36.40374241675681,-36.40653293034478,-303.8435014073201,-303.97788509020756,-303.9778823996437,-304.0329667206298,-303.9778862009133,7.6809197836008365e-59,0.9999812058441505,7.681752744588437e-59,1.0,1.0,1.0,1.0,0.9994631531429576,1.0,0.999481937562261,1.0,8.444364173626058e-59,8.444522881305157e-59,0.935015809347142,0.9350170672078609,1.0,1.0,1.0,7.888850986814471e-59
207,-130.4353279774454,-310.49140624170303,-130.43497079055476,-310.49136655671424,-130.43530961067398,-131.48260932850988,-310.35141403632986,-310.490333494002,-306.41844583480304,-310.4913517014193,-310.4902941335557,7.967450763580895e-40,1.0,7.9676088592465e-40,1.0,1.0,1.0,1.0,0.5923600268224167,1.0,0.5922542446506349,1.0,8.545122824593986e-40,8.543596857935913e-40,0.9328977015043531,1.0,1.0,1.0,0.9998306042894612,6.105869457500311e-39
208,-60.54860599356775,-305.2346814062385,-60.54859158359805,-305.2346781838687,-60.54593533907544,-60.54859718094845,-304.75832581288347,-305.1816231076323,-305.18162200684793,-305.23466414525467,-305.1816209228955,7.363661646497109e-54,1.0,7.363673510727055e-54,1.0,1.0,1.0,1.0,1.0,1.0,0.9999972013287189,1.0,9.34400640937634e-54,9.343939086194386e-54,0.8092489793756604,0.809249424780087,1.0,1.0,1.0,7.551541297514186e-54
209,-56.67900118119937,-308.035604171951,-56.67899543070408,-308.03559896839323,-56.67884904915971,-58.58431216594201,-307.95894858922117,-308.03510159226636,-308.0351009812282,-308.0355988685385,-308.03509915000365,2.6218459199579132e-55,1.0,2.621852741430125e-55,1.0,1.0,1.0,1.0,0.38571539799003446,1.0,0.385714288964339,1.0,2.724286095970688e-55,2.724278262984777e-55,0.962639294702457,0.9626395888071739,1.0,1.0,1.0,2.622306171238521e-55
210,-96.34580560191972,-306.1759749960398,-98.07340406136672,-307.06503316097496,-98.07340209507603,-98.07215253921518,-306.6838289599895,-306.18869349484413,-295.4764407056824,-306.7004046881625,-307.100181019129,2.728711666199925e-46,0.4215574424845586,1.7494483299328809e-46,0.6411261224859257,1.0,0.4215578569369979,1.0,0.4218213192765672,1.0,1.0,1.0,2.1167938280820157e-46,5.021365097022463e-46,1.0,1.0,1.0,0.9936609278309853,1.0,1.3629339516103907e-43
211,-106.62935402092872,-308.9462823384338,-106.62801828238568,-308.94629169965293,-106.62884163892785,-106.95101531310061,-309.0131963428149,-308.93944113863864,-301.0903213127177,-308.9462955035533,-308.93945448444106,1.1679848728387443e-44,1.0,1.1679794059703576e-44,0.9999953194013759,1.0,1.0,1.0,0.8514362529599304,1.0,0.8508677946989553,1.0,1.1295540748293935e-44,1.128799932234666e-44,1.0,1.0,1.0,1.0,0.9995884064567869,5.932342509172803e-43
212,-195.6179915735087,-305.08176034095084,-195.61799028082618,-305.3901789822038,-195.61798551384322,-196.32469018436188,-303.43531437731696,-305.0730380779903,-305.3873640665133,-305.38993385820055,-302.69372364282043,1.699200503083147e-24,1.0,1.4563721687392403e-24,0.8570925950743871,1.0,1.0,1.0,0.7023318222082315,1.0,0.702331368262341,1.0,3.8704889005456814e-24,3.870486398889808e-24,0.4409332170177521,0.3768059880332607,0.8545647583137067,1.0,1.0,1.4584189755696206e-24
213,-148.29598178372402,-309.5646838464091,-149.45167756401787,-310.9716023358183,-149.45152463722243,-149.448978610506,-310.6968986874332,-309.56347057054813,-310.9621424987788,-310.96219458119396,-310.97154730049886,9.570757122009726e-36,0.561104626893602,4.736284993381119e-36,0.4948704614485614,1.0,0.5611475325001829,1.0,0.5618623356854549,1.0,1.0,1.0,5.433616291240733e-36,9.683784504366691e-36,1.0,0.8757961630778371,0.4969151637602316,1.0,1.0,8.480372850083471e-36
214,-42.77321565854159,-305.5325446241157,-42.77288010974439,-305.88137512161467,-42.77294067333372,-44.274728595558145,-305.37224888520365,-305.8771851797475,-305.88117188393574,-305.88161562814196,-305.87988692589425,8.760657076494996e-58,1.0,7.358496721760084e-58,0.839948037859295,1.0,1.0,1.0,0.47200935744003425,1.0,0.4719301729967038,1.0,9.491709945523672e-58,9.490117613176062e-58,0.776880958223104,0.7753339033629456,0.9980086333127577,0.841709549097482,0.9999697186638242,7.358232749516737e-58
215,-90.40520413177254,-305.88071743728597,-91.14558730867543,-306.11091793610865,-91.14554628683669,-91.14526876826844,-305.8966993092722,-305.89433948029045,-305.89247300501603,-306.04978628165674,-306.12679564565224,1.6221342459574613e-47,0.6906020065928704,1.4457706028012422e-47,0.8912767894545556,1.0,0.6906161716202126,1.0,0.6907120076747104,1.0,1.0,1.0,1.609223528086973e-47,2.3301749961981433e-47,1.0,1.0,1.0,0.99321212093369,1.0,2.3350563220692277e-47
216,-37.65907184407635,-307.2552354543792,-37.65783965569362,-307.25523631500954,-37.65906189408098,-38.97347437140044,-307.0075862872873,-307.24466516702097,-307.2446690853277,-307.25523310977786,-307.2446698892896,2.8703635134722113e-59,1.0,2.870362278311446e-59,0.9999995696849242,1.0,1.0,1.0,0.518299891221504,1.0,0.5179806680150161,1.0,3.2487271226092606e-59,3.2467262171361684e-59,0.8882167838143205,0.8882150436631235,0.9999980408485534,1.0,0.9993890675016233,2.8855539473981052e-59
217,-121.14112416728939,-308.7295634714643,-121.14111658863405,-308.729545550853,-121.14111159874781,-123.67749260323481,-308.68473841855,-307.66382630328144,-302.6728980534048,-307.66577291656813,-307.6638161389039,1.8436902995347772e-41,1.0,1.8437068196374062e-41,1.0,1.0,1.0,1.0,0.28134201403020553,1.0,0.2813409479351466,1.0,1.8854785985826514e-41,1.885471453899985e-41,1.0,1.0,1.0,1.0,1.0,3.809547792391161e-40
218,-45.66375689959598,-304.7124827360534,-45.66392431670964,-304.7124509521122,-45.66383815679495,-46.78259774973684,-304.22103786253797,-304.621263309081,-296.1766816724537,-304.7124804806119,-304.6212666487394,5.601236530766904e-57,0.9999162949466343,5.601325546160527e-57,1.0,1.0,0.9999593722258447,1.0,0.5715402182568925,1.0,0.5715880630662147,1.0,7.16143098461199e-57,7.162030482755901e-57,0.818638468270436,1.0,1.0,1.0,1.0,3.997856557391522e-55
219,-33.987461100665556,-303.17749072777724,-33.98678857936302,-303.19927092655143,-33.987463854887665,-35.65406426099469,-302.7348293781122,-303.1389702966562,-303.1389783179306,-303.1961940514979,-303.13897626859574,3.516638891576428e-59,1.0,3.4785501162382074e-59,0.989168983079429,1.0,0.9999986228898937,1.0,0.43461200859643623,1.0,0.43446589024767956,1.0,4.387836793623546e-59,4.386361584807001e-59,0.8170373580566308,0.8170340812227928,0.9999959893708584,1.0,0.9996624192308935,3.5850171401971275e-59
220,-36.0598436174256,-305.67523352937707,-36.05989766995846,-305.6981842641637,-36.05989932951546,-36.11821967826151,-305.80786188264574,-305.65971658978833,-305.65972432929453,-305.6981867035437,-305.6597226019773,2.8429024810982105e-59,0.9999729740987761,2.8104655991836984e-59,0.988590223502155,1.0,0.9999721443430457,1.0,0.9712338257941332,1.0,0.9712600749729822,1.0,2.660492760747702e-59,2.6605646649054883e-59,1.0,1.0,0.9999961302543864,1.0,0.9999991702218441,2.8651135610879763e-59
221,-33.808489706298204,-305.3276943081177,-33.808521039763036,-305.3538114737243,-33.80852324959989,-35.500571707768714,-305.07556200771324,-305.34510337118144,-305.3451047082933,-304.8138695903403,-305.3391656613467,1.0973719509200338e-59,0.9999843333903063,1.0831349880268085e-59,0.9870263105583449,1.0,0.9999832284898019,1.0,0.42911042135616606,1.0,0.42911714416697644,1.0,1.2448117777299009e-59,1.2448312800157053e-59,0.8739162936805426,0.8739157094188076,0.9999993314442822,0.9913332432194367,0.9999988950821852,1.0878788131983371e-59
222,-153.31324585970356,-306.56176979785477,-154.02126017098243,-308.28680155927043,-154.0205930103945,-154.01724003981764,-308.1215904429445,-306.5573929419155,-305.2140381893843,-308.2867976580001,-308.2867941810024,5.27844313119541e-34,0.701869945009167,2.228024485741094e-34,0.4220987951112978,1.0,0.7021041140466678,1.0,0.7032821684843584,1.0,1.0,1.0,2.419887061255937e-34,3.4477713121401074e-34,1.0,1.0,1.0,1.0,1.0,1.474893050914805e-33
223,-54.59265779630731,-307.275572530255,-55.32557869526977,-307.64020529524754,-55.32557913186693,-55.3255710270511,-307.4677951940961,-307.2442548684827,-294.60627922846606,-307.64022344596344,-307.64019784011623,1.350834767566669e-55,0.6931835517094803,1.1257014643382898e-55,0.8333376452592162,1.0,0.6931834003885111,1.0,0.6931862094561024,1.0,1.0,1.0,1.2270481607557188e-55,1.7701634115951616e-55,1.0,1.0,1.0,1.0,0.9999997817014429,1.0986419074065074e-52
224,-36.02001805777651,-303.5657463243343,-39.04687408116801,-304.52827982154156,-39.046910325327616,-38.996981048407704,-304.30139753687547,-303.5014217076858,-304.5269492408829,-304.528266039347,-304.5282442544446,8.001718678108948e-59,0.22015399247508158,4.945062503669391e-59,0.6180000450650747,1.0,0.22015000286301145,1.0,0.22571514494268244,1.0,1.0,1.0,5.539092878997839e-59,2.5160083706521654e-58,1.0,0.893350880485514,0.5988382404920548,1.0,0.9999818780844026,2.2477190262055185e-58
225,-63.04352265909105,-306.25634129270543,-63.04356522450817,-306.2563379283246,-63.043537801339426,-63.58357744030485,-306.0805698873771,-306.24617787658957,-306.2461813876392,-306.25633707275665,-306.2461817739846,1.5381810960018287e-53,0.9999787175179162,1.5381836835174805e-53,1.0,1.0,0.9999924289044746,1.0,0.7633585851955675,1.0,0.7633748317067468,1.0,1.6794835149002387e-53,1.6795192592387945e-53,0.9205315586893814,0.9205299426748135,0.9999982444767345,1.0,1.0,1.5460265688092466e-53
226,-136.5945100538703,-306.2924278942605,-136.59450623182974,-305.81376531353544,-136.59450126911037,-138.51403488945994,-306.17659521399077,-305.81156876357437,-303.8617144940728,-305.8090623372182,-305.8115634087567,1.4143775220859152e-37,1.0,1.7968242676459912e-37,1.0,1.0,1.0,1.0,0.3829838653184181,1.0,0.3829831334291849,1.0,1.4987116824879272e-37,1.4987088184222596e-37,1.0,1.0,1.0,1.0,1.0,4.76854786769083e-37
227,-52.91870874422011,-306.70535252618,-52.91870670026596,-306.70529582202954,-52.91829956751302,-54.71632934191689,-306.41869148106116,-306.69342564615766,-296.34486649608266,-306.70534526842283,-306.6934270350988,7.779120742389819e-56,1.0,7.779341299732945e-56,1.0,1.0,1.0,1.0,0.4070536439742173,1.0,0.4070532279749366,1.0,8.977970362650081e-56,8.977961187374836e-56,0.8716501998211315,1.0,1.0,1.0,1.0,1.382269155579508e-53
228,-51.733943836182505,-303.6545197162135,-54.805692666464026,-304.730344699806,-54.80568600756635,-54.74984229265672,-304.35802238570034,-303.5523678219914,-304.76734880801985,-304.7723601986184,-304.77231437616103,1.9776161894430115e-55,0.21526737579612604,1.1548606448220506e-55,0.583966014733781,1.0,0.21526809251903328,1.0,0.2213634787586956,1.0,1.0,1.0,1.3911640460909967e-55,6.4624936358612094e-55,1.0,0.8149217267428925,0.5447161242183485,1.0,1.0,5.2664089385326336e-55
229,-49.859404049007,-307.3836396696484,-49.85995754313866,-307.3743926748502,-49.85840891027446,-50.70483540031094,-307.4083698378398,-307.3915724839786,-307.3923324244272,-307.39128665273796,-307.3908173252598,1.2003910723724228e-56,0.9997232912251042,1.2059539273866585e-56,1.0,1.0,1.0,1.0,0.6552649143979707,1.0,0.6554462821357105,1.0,1.1856395258246793e-56,1.1859676934921847e-56,1.0,1.0,0.9996201019552561,0.9960414486379209,1.0,1.1945905021006343e-56
230,-40.93497517598318,-306.231785321853,-40.93496852772421,-306.84152429591836,-40.934967216532044,-40.970716475113306,-306.8604690215145,-306.8277893381183,-306.8278028053639,-306.8415204444797,-306.82780165633505,2.4633699742794976e-58,1.0,1.8160445897178972e-58,0.737219584828722,1.0,1.0,1.0,0.982288083531901,1.0,0.9822848182845446,1.0,1.798923572764647e-58,1.79891759291966e-58,1.0,1.0,0.9999932663998736,0.7422998491097208,1.0,1.8285395703227142e-58
231,-179.5590191522881,-305.4808217347665,-179.55901624812523,-305.4808241059686,-179.5589928419157,-180.32265189816195,-305.37249751975844,-305.4092298718523,-303.9321900797703,-305.4808154015122,-305.4092319837923,4.533441266576383e-28,1.0,4.533435891726759e-28,0.9999988143996383,1.0,1.0,1.0,0.6826203892747686,1.0,0.6826193980550942,1.0,4.785753195272528e-28,4.7857462459742065e-28,0.9818014543524722,1.0,1.0,1.0,1.0,9.833392434089458e-28
232,-15.76505312598232,-302.5934491142212,-15.765052404374245,-302.59344521153236,-15.765048323720322,-16.313541782020195,-302.10699457149866,-302.2473631097761,-302.24725289349493,-302.5934468927999,-302.3574519599101,5.200022042420574e-63,1.0,5.200032189464456e-63,1.0,1.0,1.0,1.0,0.7601463275238112,1.0,0.7601460532599966,1.0,6.631892018878713e-63,6.631889626065661e-63,0.932222024328616,0.9322733987665386,1.0,1.0,1.0,6.182721667150368e-63
233,-74.04805972281787,-305.2862013855772,-74.04805975621153,-305.2861991693749,-74.04805979155023,-74.04805628582234,-304.8486380005173,-305.2435636984323,-305.2435605008104,-305.28618749194453,-305.24356300766567,6.127390164912875e-51,0.9999999833031695,6.127396954684687e-51,1.0,1.0,0.9999999656338195,1.0,1.0,1.0,1.0,1.0,7.625901948658363e-51,7.625902075986799e-51,0.8208106340320517,0.8208119463541218,1.0,1.0,0.9999999823306497,6.259431636296764e-51
234,-44.21746605216441,-307.2088490950194,-44.21745427842259,-307.21172016107437,-44.217450232997095,-44.75605974735228,-306.58598037499814,-307.2300813773706,-307.22895672786814,-307.2391675116348,-307.2300940900864,7.800937136838555e-58,1.0,7.789746667998851e-58,0.9985654968571769,1.0,1.0,1.0,0.7639164552255833,1.0,0.7639119581612629,1.0,1.0651260396453311e-57,1.0651197694042721e-57,0.7246615931357441,0.7250692028796125,1.0,0.9894400111683891,1.0,7.722839800630591e-58
235,-78.99848375718402,-303.9488097827423,-78.99848445733065,-303.89100600513495,-78.99848656379615,-79.09615095697067,-304.7455115704813,-303.9075357923475,-303.90753849326666,-303.94881058577306,-303.90753765051085,1.4212070474134064e-49,0.999999649926747,1.4628819563089666e-49,1.0,1.0,0.9999985966949195,1.0,0.9523395859232584,1.0,0.952339919311992,1.0,9.542359129085837e-50,9.542362469611538e-50,1.0,1.0,0.9999986495413419,1.0,0.9999989467678039,1.4508412955007858e-49
236,-88.47105766445046,-306.41527683155647,-88.47105413994211,-306.41525606331726,-88.47105051731351,-88.84288076701034,-306.27649585857,-306.5000225147376,-306.5000010947458,-306.50941373471494,-306.5000145747132,4.720783965359689e-48,1.0,4.7208329867995345e-48,1.0,1.0,1.0,1.0,0.8303470348664896,1.0,0.8303455715852526,1.0,5.0599943497796836e-48,5.0599854327914025e-48,0.8942558777092303,0.8942654552373064,1.0,0.9585123406767099,1.0,4.5249619804135814e-48
237,-128.90553263064618,-309.1717939221072,-128.90645503691098,-309.17183443595786,-128.90654208481354,-128.90691945772883,-309.63866000537655,-309.1710185152367,-304.15401053658593,-309.16759830665995,-309.17107148531966,7.172634881263467e-40,0.9995389032054133,7.172489587205867e-40,0.9999797432798454,1.0,0.9994954002696076,1.0,0.9993068268142837,1.0,0.9997678165498257,1.0,5.679368417205923e-40,5.681988363827368e-40,1.0,1.0,1.0,1.0,0.9999564769958766,8.820551539454535e-39
238,-39.474515806690974,-309.02921033386605,-39.47749613593638,-309.02916570764427,-39.477352352369664,-43.82384204269171,-307.8675884865614,-309.0291692280384,-308.40009528040923,-309.02920576919394,-307.45319749161496,2.9305004868346976e-59,0.9985109451212975,2.930565876146499e-59,1.0,1.0,0.9985827324342714,1.0,0.11364643266013615,1.0,0.11381591079738294,1.0,5.238232575652581e-59,5.2460442233973144e-59,0.5594560141141645,0.7662449387881818,1.0,1.0,1.0,4.019465857881089e-59
239,-304.8520308006457,-312.4343694467391,-304.8520278033198,-312.43435203638813,-304.8518535202222,-304.78544239547824,-304.86080136889063,-312.3721640034994,-311.1331625243535,-312.4343603200238,-312.37216337025313,0.02256919573477257,1.0,0.022569392204436906,1.0,1.0,1.0,1.0,1.0,1.0,1.0,1.0,0.9956243171959901,0.9956228250918282,0.02338451290721332,0.04344842929087363,1.0,1.0,1.0,0.04325447848990001
240,-213.96160091613098,-313.82347223791294,-213.96104116203693,-305.2266283190474,-213.96142866855737,-214.15760982380982,-313.98817644361475,-305.26405325134476,-313.824283167409,-305.2265495121941,-305.2632318027388,2.0666653886302472e-22,1.0,1.520726465365383e-20,1.0,1.0,1.0,1.0,0.9066448656942835,1.0,0.9063911521125366,1.0,1.9032905985120806e-22,1.9027579856962726e-22,1.0,1.0,0.013841070852750915,1.0,0.9998062655087309,2.065649689293362e-22
241,-46.45205199799996,-306.2123466177913,-46.45206527275673,-306.2123501826475,-46.452066369457526,-46.476700570453175,-306.1386257534453,-306.1821718466214,-306.18217783555076,-306.21235115205803,-306.182176979934,3.9243588625271155e-57,0.9999933626436436,3.924351867645773e-57,0.9999982175734741,1.0,0.9999928142970337,1.0,0.9877513467625125,1.0,0.9877579028637077,1.0,4.0717114833262154e-57,4.071738508905733e-57,0.9784622752057057,0.9784593452393551,0.9999970055397894,1.0,0.9999994516497506,3.9840327800550655e-57
242,-35.14669852543335,-304.58021492173447,-35.29129972192328,-304.12757371015357,-35.291299779410195,-35.29119200302098,-304.64160650138615,-304.5388079244778,-304.65385776301486,-304.5743922768379,-304.5760627029702,3.1135460588684884e-59,0.9302512218938895,3.904317118159039e-59,1.0,1.0,0.9302511951552536,1.0,0.9303013260634114,1.0,1.0,1.0,3.019425249900836e-59,3.2458170210770074e-59,1.0,0.9938930926116447,0.9440983638526433,1.0,0.999999971256543,3.225995209855907e-59
243,-46.9044593726225,-306.30308332795676,-46.90439975957864,-306.30307259161395,-46.904301862105555,-47.348347435577,-306.01638187398595,-306.2610879375049,-295.8065393275093,-306.303081377635,-306.26109148214255,4.702236859226671e-57,1.0,4.70226210170787e-57,1.0,1.0,1.0,1.0,0.8009601916388962,1.0,0.8009363181571737,1.0,5.427013865447066e-57,5.426852107450043e-57,0.8848359381688595,1.0,1.0,1.0,1.0,8.944701823483948e-55
244,-59.187368711796196,-305.90729652387085,-60.81332005022311,-306.3153762149817,-60.81330812966954,-60.81196551869073,-306.3256339858817,-305.9516765039303,-297.2073383013686,-306.3153992195447,-306.31537948171353,2.66347354695842e-54,0.4435362833405605,2.1718759128711453e-54,0.8154298792835152,1.0,0.44353892694745256,1.0,0.4438367770268886,1.0,1.0,1.0,2.1607651274314753e-54,4.8716761369720963e-54,1.0,1.0,1.0,0.9780543968141484,1.0,4.652523450085396e-52
245,-72.11293412120835,-306.76524523054235,-72.43029611213262,-307.08748097262867,-72.43028242140926,-72.43021851742554,-306.8682155044469,-306.7300327067182,-307.08713995808336,-307.0874780417056,-307.08747888781437,1.1114708052878489e-51,0.853268512085157,9.460747624170234e-52,0.8511917343362119,1.0,0.8532743530367257,1.0,0.8533016172874777,1.0,1.0,1.0,1.0556947184132044e-51,1.2372362315742438e-51,1.0,0.8963160204306354,0.8364791989066265,1.0,1.0,1.108947064247512e-51
246,-113.35285117265005,-304.427036384877,-113.90280841093237,-304.4270376759947,-113.90279476126541,-113.90259798672201,-304.01996130688167,-304.429151976224,-300.41224088439134,-304.4693010504347,-304.5046301699468,3.2267689117250884e-42,0.759588363702932,3.2267668286564916e-42,0.9999993544413522,1.0,0.7595935477847156,1.0,0.7596682857980563,1.0,1.0,1.0,3.955151231865644e-42,5.206966589883803e-42,0.8149770426454915,1.0,1.0,0.9989427635951396,1.0,3.1621929271119803e-41
247,-172.68669414135593,-307.03777359828246,-172.68671871018216,-307.03776140527094,-172.68671651477416,-172.78710142776052,-306.76002957880075,-307.03755747724296,-306.299582773947,-307.0377225562893,-307.0375529981629,6.699367114133236e-30,0.9999877156623361,6.699407956987897e-30,1.0,1.0,0.9999888133534546,1.0,0.9510357328172584,1.0,0.9510474158048485,1.0,7.697418947925784e-30,7.697513506780875e-30,0.8704334707086367,1.0,1.0,1.0,1.0,9.690244523764863e-30
248,-151.04898177029406,-305.23864306468835,-152.36275342503683,-307.15623542077674,-152.36266169532925,-152.36023707429814,-307.01370699167563,-305.24081906038737,-304.17083981828307,-307.1562040897454,-307.15623880742186,3.297163372081693e-34,0.5184634076047865,1.2639810917525028e-34,0.38335409839108786,1.0,0.5184871873984953,1.0,0.5191161360314496,1.0,1.0,1.0,1.3573449528712435e-34,2.618014951415686e-34,1.0,1.0,1.0,0.998912593805558,1.0,1.0846084077452495e-33
249,-82.13908688623832,-306.61877768210195,-82.14115487841732,-306.5814316026813,-82.14115497503369,-82.1411845979444,-306.9699303544363,-306.61551192478254,-306.61298907273283,-306.61878915349524,-306.61658614902024,1.7982683224825504e-49,0.9989665383002512,1.8321629310989984e-49,1.0,1.0,0.9989664900419964,1.0,0.9989516940040005,1.0,0.9999851403468669,1.0,1.5086992000050168e-49,1.5102599958674085e-49,1.0,1.0,1.0,1.0,0.9999999516918207,1.8053464417560554e-49
250,-87.9267256795928,-309.62828419508355,-87.9308620736509,-309.62805150053447,-87.93085707211722,-92.20980659184136,-308.95811012621357,-306.76860451275985,-299.875462592569,-306.76675442149383,-306.7685982702043,7.213038556771314e-49,0.9979339402167596,7.213877822970813e-49,1.0,1.0,0.9979364358199861,1.0,0.1174737404244114,1.0,0.1177169506820212,1.0,1.0084275539708379e-48,1.0105153390732371e-48,1.0,1.0,1.0,1.0,1.0,9.480116549991407e-47
251,-66.53978666215382,-305.2655905583793,-66.53978375850443,-305.26557083657667,-66.53793235269504,-66.68686485484022,-304.92415146560415,-305.1979923036289,-305.1979906994511,-305.26558832466617,-305.19799047769254,1.4499410313595576e-52,1.0,1.4499553291554729e-52,1.0,1.0,1.0,1.0,0.9290998206759745,1.0,0.9290984717868906,1.0,1.719859211962828e-52,1.719856715030577e-52,0.8720396211451145,0.8720403205986879,1.0,1.0,1.0,1.498396688786282e-52
252,-119.13329771192421,-308.56564624444,-119.13329729057152,-308.5656393731175,-119.13329659795045,-119.14295442214036,-307.8332274272099,-308.55798559162935,-303.69412279913183,-308.5656440540506,-308.55798741527946,7.333109485296504e-42,1.0,7.333134679419975e-42,1.0,1.0,1.0,1.0,0.99518328266049,1.0,0.995183072998933,1.0,1.0576230189121144e-41,1.0576227960959818e-41,0.6960184696059084,1.0,1.0,1.0,1.0,8.377719254910725e-41
253,-51.36074746520225,-304.20758811331774,-51.36075441337789,-304.20757982135075,-51.360713687881855,-51.45452098463802,-303.6739166902211,-304.11445519617484,-304.11442344900377,-304.2075835901073,-304.11445458738933,1.2445322924426969e-55,0.9999965259182154,1.244537452263731e-55,1.0,1.0,1.0,1.0,0.9541954448339707,1.0,0.954198759798501,1.0,1.6251424966171643e-55,1.6251481425147165e-55,0.8023027464746972,0.8023154819970508,1.0,1.0,1.0,1.3038549649378746e-55
254,-40.90609189579206,-305.92570646080685,-40.90608941066728,-305.9256820888257,-40.905960002084896,-42.00809550640389,-305.86036080591083,-305.92881683688285,-305.92881413734665,-305.92570190917263,-305.9288157357507,2.8295794918073564e-58,1.0,2.8296139732463934e-58,1.0,1.0,1.0,1.0,0.576372108419961,1.0,0.576371392242101,1.0,2.9235567455736253e-58,2.9235531128742675e-58,0.9663511364907453,0.9663524408415612,1.0,0.9984460206402642,1.0,2.824999891026686e-58
255,-29.955264010926243,-304.57776431140445,-29.955261999612432,-304.59056810508025,-29.955257407813818,-30.895478343824422,-304.46616859757773,-304.5723758623988,-304.55677220689927,-304.59059266066447,-304.57238009208135,2.325314803907259e-60,1.0,2.3104759275747804e-60,0.9936185516440343,1.0,1.0,1.0,0.6249352925977731,1.0,0.6249346641275969,1.0,2.4587504809214155e-60,2.4587480082632164e-60,0.948281734667968,0.9557090008720405,1.0,1.0,1.0,2.3498422073660483e-60
256,-62.67758231144964,-308.7032318053038,-62.67757195820353,-308.70323516785385,-62.67703038778484,-62.68612595666069,-308.69092986939165,-308.694781072289,-296.9412742359736,-308.7032401749262,-308.69479175132545,3.768851355329084e-54,1.0,3.7688450188587484e-54,0.9999983187263901,1.0,1.0,1.0,0.9957372886501558,1.0,0.9957321341068917,1.0,3.792104881779694e-54,3.79208525153297e-54,0.9980762513323638,1.0,1.0,1.0,1.0,1.349477956267615e-51
257,-122.648890869573,-309.1577487743713,-122.64888397797338,-309.1577383309063,-122.64888094077178,-122.87782273481025,-308.395527171239,-309.1608897124431,-303.13328311137155,-309.15772943547154,-309.1608818474358,3.163123093808132e-41,1.0,3.163139610833977e-41,1.0,1.0,1.0,1.0,0.8918423206330612,1.0,0.8918392475282609,1.0,4.63052689538665e-41,4.630510939545486e-41,0.6820302477367159,1.0,1.0,0.998430763505292,1.0,6.431466825928218e-40
258,-142.9343674773852,-307.02212541338014,-142.93436134823267,-307.0299208507251,-142.93435705082993,-143.58851719136294,-307.00267896832696,-307.0178448722557,-303.22225409567676,-307.0280642864718,-307.0209876394358,2.337739366662536e-36,1.0,2.328645250947322e-36,0.996109867573397,1.0,1.0,1.0,0.7210297668891499,1.0,0.721027557241828,1.0,2.3605805919393163e-36,2.3605733577711635e-36,0.9924457260820151,1.0,1.0,1.0,1.0,1.5628791549636565e-35
259,-109.84096250218909,-306.39375072365635,-109.84279180327036,-306.86940331550653,-109.84278787097992,-110.32557679676209,-305.285810787498,-306.8664993384072,-304.15566471491803,-306.86938639238946,-306.8664957033434,2.0849917283201124e-43,0.9990857676246679,1.643681580562496e-43,0.7883396170050194,1.0,0.9990877319743054,1.0,0.7848150867042369,1.0,0.785533246630206,1.0,3.628193464037332e-43,3.631513511260758e-43,0.4536885745521664,1.0,1.0,0.7894851085211869,1.0,6.389912511182037e-43
260,-32.0459561962233,-305.44501027560995,-32.13584014869514,-305.71942919693396,-32.135839292140474,-32.13583355423884,-305.579180249929,-305.4092665276829,-305.7665444306712,-305.76774889885587,-305.4092744263574,4.286962927614334e-60,0.9560529540147852,3.737321129662975e-60,0.8717876017982683,1.0,0.956053363470681,1.0,0.9560561063446925,1.0,1.0,1.0,4.0088064466627487e-60,4.1930799228520094e-60,1.0,0.9105721959003246,0.8364078286850241,1.0,1.0,3.818100357730723e-60
261,-96.03006786311856,-306.1554110890392,-96.02700583764397,-306.1554123798814,-96.03006890448162,-96.03733686343794,-306.09061450657816,-306.1162353387713,-301.92424024247134,-306.15541143122647,-306.1465945014058,2.3542981669357092e-46,1.0,2.354296647422519e-46,0.9999993545791122,1.0,0.9999994793186039,1.0,0.996372096641569,1.0,0.9948478054229052,1.0,2.431822450763617e-46,2.428102148258603e-46,0.9872712880236699,1.0,1.0,1.0,0.9984696387799823,1.9527595298903013e-45
262,-151.1079705470771,-304.68789669464354,-151.10797080221147,-304.68789713162187,-151.10797143625905,-151.11572090893438,-305.0398029018759,-304.6763881638574,-303.4456379424387,-304.68788790932524,-304.6763904479755,4.472421962772581e-34,0.9999998724328175,4.472420985596958e-34,0.9999997815108611,1.0,0.9999995554091179,1.0,0.996132317895409,1.0,0.9961324449692184,1.0,3.750829383262778e-34,3.750829861745561e-34,1.0,1.0,1.0,1.0,0.99999968297626,8.3233091381391e-34
263,-57.174567299103174,-306.90592506693326,-60.42548060225275,-307.24185032619215,-60.4254943144754,-60.14387190996496,-307.2388676028977,-306.87554314676436,-272.0009412013433,-307.2716024890013,-307.27156896003737,5.9091454718803e-55,0.1968217757055542,4.9955054647656924e-55,0.8453854264610072,1.0,0.1968204262781744,1.0,0.22658110800290454,1.0,1.0,1.0,5.0029611281877274e-55,2.5418737892458314e-54,1.0,1.0,1.0,1.0,0.9999931439121764,1.1401853470154418e-46
264,-113.28251413221162,-310.1296357898102,-113.28216388891946,-310.12958812773235,-113.2824818696622,-113.80374795956955,-310.03993881028254,-310.1289471087652,-304.6425485959177,-310.12961372450536,-310.12893016424954,1.7996607410518846e-43,1.0,1.79970362934812e-43,1.0,1.0,1.0,1.0,0.7705760602272933,1.0,0.7704411274943622,1.0,1.8822100778263494e-43,1.88188049095899e-43,0.9564716314537595,1.0,1.0,1.0,0.9998410222669243,2.796980780207452e-42
265,-45.56565373728678,-307.13762248211,-45.56460875627097,-307.1361968154506,-45.56563381637781,-47.82234667368283,-307.11545375982973,-307.13760674648387,-307.1375978995876,-307.1375014359123,-307.1375463311823,1.5862391948230754e-57,1.0,1.5873703220947084e-57,1.0,1.0,1.0,1.0,0.32356784404185335,1.0,0.3233988270734042,1.0,1.6039194490540998e-57,1.6030816352604783e-57,0.9889846251575104,0.988988999889379,1.0,1.0,0.9994876012676712,1.586242892044361e-57
266,-51.797856010649355,-302.7104128595292,-51.797054229612,-302.704639769192,-51.79785060512725,-52.29679301528097,-302.51699157973087,-302.5427862815928,-292.8247290977133,-302.71040974755,-302.542789153293,3.2736372978346886e-55,1.0,3.2831004510994585e-55,1.0,1.0,1.0,1.0,0.7792148239051804,1.0,0.7789025066769552,1.0,3.606047618808757e-55,3.604602278239542e-55,0.987185463488363,1.0,1.0,1.0,0.9996018915085988,4.588580341275013e-53
267,-103.19039412938442,-306.7216767890757,-103.19038784850079,-306.72167259905433,-103.1903829912167,-104.65849194891452,-306.3741339669461,-305.7829147593038,-300.7247790886436,-305.7958124348472,-305.78290778379557,6.364195660438551e-45,1.0,6.364208993510312e-45,1.0,1.0,1.0,1.0,0.47996172887706035,1.0,0.4799602215875455,1.0,7.572015390894134e-45,7.571991611457782e-45,1.0,1.0,1.0,1.0,1.0,1.2762944902554501e-43
268,-155.92296954496942,-307.64929217115565,-155.92296731124998,-307.6491325326829,-155.92296453721656,-156.09977877669328,-307.51039545470826,-298.7593604753008,-307.62589872352646,-307.64925603670804,-307.62590068743464,1.1299199118125871e-33,1.0,1.130010104756616e-33,1.0,1.0,1.0,1.0,0.915390420298193,1.0,0.9153893979360743,1.0,1.211180027758929e-33,1.2111786750414969e-33,1.0,0.943884346720749,0.011875603324090494,1.0,1.0,1.143211006799768e-33
269,-66.24891637434318,-304.6120239987664,-66.24939787230366,-304.6120154384286,-66.24947178204151,-66.40996668501296,-304.0115467885576,-304.599709983828,-304.59969967531316,-304.61201133258294,-304.5997037945422,1.738236378225593e-52,0.9997592799974708,1.738243818186788e-52,1.0,1.0,0.9997223347069804,1.0,0.9226316941825907,1.0,0.9228538435621471,1.0,2.3469336083324726e-52,2.3474986982250232e-52,0.7452156811250406,0.7452195221683954,1.0,1.0,0.9999630458138978,1.749466508293097e-52
270,-164.4291836789967,-307.64379918073985,-165.06716547674802,-308.01267765915907,-165.06710794360524,-165.06601053777646,-307.274845605658,-307.6431495811708,-306.9214663241581,-308.0090825467474,-308.0125489742961,7.967854224029244e-32,0.7268821647212003,6.625832244065533e-32,0.831570465243142,1.0,0.7269030749296397,1.0,0.727302038211478,1.0,1.0,1.0,9.58205436859358e-32,1.3182404017670154e-31,0.8318093693788717,1.0,1.0,1.0,1.0,1.572959210220953e-31
271,-164.86039664023014,-303.80935319601775,-164.86039624362337,-303.80932394624256,-164.86039356141833,-164.98604061552894,-303.3432101106032,-303.7143375547422,-302.5539237073309,-303.8093534412873,-303.714337999679,6.72384124403327e-31,1.0,6.723939580174736e-31,1.0,1.0,1.0,1.0,0.9391106321016547,1.0,0.9391104458728582,1.0,8.488659936393906e-31,8.48865825306409e-31,0.8306359040556774,1.0,1.0,1.0,1.0,1.2595918209655407e-30
272,-78.96887356712308,-304.5186303195425,-80.37352756935655,-305.1211529089548,-80.37352411535045,-80.373467170898,-305.05203489022495,-304.5190347472394,-288.9192563575019,-305.12116751591054,-305.1211524740149,1.053155800080862e-49,0.49543109268103525,7.792135678961877e-50,0.7398844196047356,1.0,0.49543194829278336,1.0,0.4954460545441125,1.0,1.0,1.0,8.066131409923989e-50,1.6281035908089784e-49,1.0,1.0,1.0,0.999797806595403,1.0,5.186443263945302e-46
273,-95.95985123727817,-305.64350511806396,-95.95984922184383,-305.6114980158493,-95.95984687824833,-96.08355740203929,-304.5095606360208,-305.61923035184907,-301.0767203096094,-305.64399098641195,-305.6410128322145,2.9361151715005038e-46,1.0,2.9834814440617307e-46,1.0,1.0,1.0,1.0,0.9400209822914527,1.0,0.9400200350166426,1.0,5.176139863394015e-46,5.176134647311617e-46,0.5741670725155439,1.0,1.0,1.0,1.0,2.88029427875625e-45
274,-76.94893569711735,-305.22528699170635,-77.18578857021609,-305.2238576811132,-77.18577144916036,-77.1857085472601,-305.8783768021763,-305.2185852815675,-305.98097039076623,-305.2252959256197,-305.21859178992514,2.694139888018206e-50,0.8883171609288746,2.696065957514794e-50,1.0,1.0,0.8883247654252346,1.0,0.8883527045224802,1.0,1.0,1.0,1.9435847887135579e-50,2.187940157185792e-50,1.0,0.9499966750937834,0.683046353239452,1.0,1.0,2.0785180813425657e-50
275,-66.60113141042025,-303.4498541940456,-67.13255155027689,-304.3730498349807,-67.13253403815405,-67.13244526590455,-304.220849048008,-303.3942650238548,-302.9121631291404,-304.37305006086115,-304.373039234948,3.7064088537009645e-52,0.7666613734685335,2.3360597052885593e-52,0.6302757729914025,1.0,0.7666680864319966,1.0,0.7667021166125504,1.0,1.0,1.0,2.5207740495955545e-52,3.287988852485253e-52,1.0,1.0,1.0,1.0,1.0,6.325634148354298e-52
276,-32.62614805933967,-306.0599625865477,-32.625361130308306,-306.0595266475953,-32.626132294469,-32.84362480717907,-305.8389831940903,-306.01992426194863,-306.0199297687683,-306.06422666684006,-306.019929522618,4.213098303252165e-60,1.0,4.214016730173244e-60,1.0,1.0,1.0,1.0,0.8969650562549225,1.0,0.8966122017558942,1.0,4.7052928446906345e-60,4.7034418430959637e-60,0.9135012507969482,0.9134987355570866,0.9999972465939598,1.0,0.9996144922468689,4.298245183277453e-60
277,-86.38103505067647,-305.1534826722067,-86.69599947744072,-306.0047688737775,-86.69597779657148,-86.69586904308785,-306.10385399189926,-305.13124681475927,-306.00159273629055,-306.00477538027275,-306.0047716856601,3.1200862727111964e-48,0.8542920084388552,2.0385067451763118e-48,0.6533494804311812,1.0,0.8543012693857146,1.0,0.854347724768307,1.0,1.0,1.0,1.9399748190169074e-48,2.270856802888779e-48,1.0,1.0,0.6471527253666856,1.0,1.0,2.3899608710281792e-48
278,-142.38421912468564,-306.1772610928869,-142.38421276088837,-306.17723913284544,-142.38420865388798,-142.95134488063078,-305.6349203352899,-306.1742407447221,-304.3632380594064,-306.17723238416926,-306.17423223520905,2.7088992286511283e-36,1.0,2.708928972584102e-36,1.0,1.0,1.0,1.0,0.7530957675162856,1.0,0.7530933712457037,1.0,3.5527172828534317e-36,3.552705978485174e-36,0.763638931164061,1.0,1.0,1.0,1.0,6.709662455517857e-36
279,-109.16540044643034,-306.44547439251573,-109.16152894477345,-306.4491730450656,-109.1653964318857,-109.27141399482689,-306.6278062448998,-306.4264360004813,-301.19433543769526,-306.44917176519164,-306.4264404730576,1.4493599217572356e-43,1.0,1.4466820592560425e-43,0.9981523826752685,1.0,1.0,1.0,0.9483735879898155,1.0,0.9465395487254011,1.0,1.3230717275643356e-43,1.3205130676346204e-43,1.0,1.0,1.0,1.0,0.9980681249213683,2.0019153611373402e-42
280,-53.87164178467998,-307.9597266430548,-53.87169429661769,-307.95972741212705,-53.87078228346583,-55.226908477311326,-307.8679792370351,-307.95728856070116,-295.5863859527718,-307.9597321795207,-307.95729533511826,6.690728609701634e-56,0.9999737443758299,6.690726036875326e-56,0.9999996154639519,1.0,1.0,1.0,0.5078173992505078,1.0,0.5078307326633669,1.0,7.004805976095681e-56,7.004989896477795e-56,0.9563276812630634,1.0,1.0,1.0,1.0,3.251798064698617e-53
281,-195.06364107858127,-311.11744937037565,-195.06372170678773,-311.1186785740789,-195.06516969497775,-195.08680836845903,-311.70188544105565,-311.12175406964843,-310.4023994687037,-311.1222016542803,-311.1097055655463,6.298479606357792e-26,0.9999596867093717,6.294609738465104e-26,0.9993855869774079,1.0,0.999235983810869,1.0,0.9884831871740913,1.0,0.9885230377906065,1.0,4.7024809756747934e-26,4.702670555799634e-26,1.0,1.0,1.0,0.9978499650071503,0.9992762679254757,9.012365069204973e-26
282,-21.61579325042476,-304.19819276736945,-21.61581367942999,-304.19818536193515,-21.615810155637263,-21.960865443461984,-304.2005029739059,-304.2203728451484,-304.2203723359741,-304.1981858321499,-304.2203734889332,4.345218334962207e-62,0.9999897855495516,4.345234424106402e-62,1.0,1.0,0.9999915474294709,1.0,0.8415279120355887,1.0,0.8415365078685488,1.0,4.340202056779805e-62,4.3402463900114535e-62,0.9901142528221935,0.9901145048925909,1.0,0.9889712288952776,1.0,4.297333334095337e-62
283,-60.27577604330904,-307.7043520844326,-61.522398448668326,-307.85709686355847,-61.522400261455914,-61.51729909177607,-307.69949113271474,-307.6849191786349,-296.0920917049107,-307.85735460460853,-307.85732979139414,1.8688195990771833e-54,0.5361661403075623,1.73140741344513e-54,0.9264711341319876,1.0,0.5361656543301203,1.0,0.537534935811717,1.0,1.0,1.0,1.8733672442296902e-54,3.494005128997992e-54,1.0,1.0,1.0,1.0,0.999999093606617,1.1583470372162566e-51
284,-176.12413372588992,-312.1689953915718,-176.12409369633747,-312.27084795078633,-179.7400266404983,-183.76636604998362,-311.39147356306376,-297.0477863396746,-305.48741725312914,-311.56405860222173,-311.5640141190655,2.8723254326780288e-30,1.0,2.7297108214381703e-30,0.9503487280315253,1.0,0.16399055286412506,1.0,0.021903339569073515,1.0,0.021902901183020553,1.0,4.2371160936534175e-30,4.237031289571635e-30,1.0,1.0,0.014701357291168862,1.0,0.1639872706627527,4.946534832073304e-28
285,-148.86332423303918,-305.725551639783,-148.8633214170747,-305.7254471699565,-148.863317956139,-149.1836160170859,-305.83667886798986,-305.71837003480033,-301.7527640473869,-305.72555568956136,-305.718375378166,8.665629346658394e-35,1.0,8.666082006877872e-35,1.0,1.0,1.0,1.0,0.8520194770529196,1.0,0.8520182774254729,1.0,8.197268076164583e-35,8.19725653456489e-35,1.0,1.0,1.0,1.0,1.0,6.316530691225808e-34
286,-212.1597659368493,-300.70844573721746,-212.15976752226317,-307.7117615558219,-212.15976996705714,-212.31748350664338,-305.6560863956457,-307.7116136964939,-307.7016249835259,-300.7084468591296,-307.71160723435725,5.914233833931073e-20,0.9999992072933865,1.7829853874970358e-21,0.030147360377733325,1.0,0.9999979848981138,1.0,0.9241704220520592,1.0,0.9241711546486455,1.0,4.983471434916046e-21,4.9834753853499324e-21,0.35780624634208746,0.3595977282142387,1.0,0.030149589244345545,0.9999987776037582,1.79204861777691e-21
287,-49.540274728491426,-304.7980617473125,-49.54027464070998,-304.7980600344552,-49.54027456069127,-49.540393235985036,-304.59265872105414,-304.8047330396669,-304.8047318947953,-304.798059428065,-304.80473306897267,3.7279992597411094e-56,1.0,3.7280024525077997e-56,1.0,1.0,1.0,1.0,0.9999407480086634,1.0,0.9999407041205428,1.0,4.1312218529284475e-56,4.131221671606151e-56,0.8993912267008073,0.8993917415447119,1.0,0.996669910909947,1.0,3.715586505274901e-56
288,-134.4354508461771,-306.36096863163095,-134.43544808139944,-306.3609602218967,-134.4354432109163,-135.78385885690886,-306.18043623169456,-306.07580023886806,-303.2517018698804,-306.36095873595394,-306.35246147699127,4.6435290164533224e-38,1.0,4.6435485419168924e-38,1.0,1.0,1.0,1.0,0.5095618677317405,1.0,0.5095611633195927,1.0,5.082182732271958e-38,5.082175706724165e-38,1.0,1.0,1.0,1.0,1.0,2.1979368200931036e-37
289,-111.34595212559074,-307.12591324998965,-111.34589860005678,-307.1258866835917,-111.3455185816852,-111.46172880147878,-306.661822811852,-307.0974145518347,-302.28657016103625,-307.10162204965155,-307.09369348435916,3.068468068426892e-43,1.0,3.0685088277694928e-43,1.0,1.0,1.0,1.0,0.9437553232131819,1.0,0.9437300660473593,1.0,3.869880606813998e-43,3.869777039486935e-43,0.8042896045546509,1.0,1.0,1.0,1.0,3.4488750867928647e-42
290,-104.39522231025472,-308.12357379851585,-104.39641436516058,-308.1235671255829,-104.39523916881407,-105.08839716839377,-308.0134965440105,-308.1218527929034,-300.83683755444406,-308.1235566934149,-308.1218475355418,5.767008223564586e-45,0.9994041501361492,5.767027465026291e-45,1.0,1.0,0.999991570755852,1.0,0.7070969957523228,1.0,0.7075185705962845,1.0,6.093313776788715e-45,6.096946641615039e-45,0.9472633607115986,1.0,1.0,1.0,1.0,2.2041893639972696e-43
291,-86.46332845584905,-306.16540808677047,-86.46282235982855,-306.16541399105745,-86.46332393634648,-86.56501745361405,-306.32076483596666,-306.1389060641215,-306.13891622507884,-306.18084527065434,-306.13891446481654,1.960196352856328e-48,1.0,1.960190566083972e-48,0.999997047860868,1.0,1.0,1.0,0.9504264514173819,1.0,0.9501859783218635,1.0,1.8136951320613974e-48,1.8132362381805616e-48,1.0,1.0,0.9999949195342331,1.0,0.9997492431857798,1.9863292141814075e-48
292,-151.75722781135923,-305.0756603265955,-154.73684595787432,-305.81436822390896,-151.7572029484573,-154.44750459090386,-305.6921521349283,-305.80565170426985,-299.8095308217963,-305.8143687650927,-305.8056600968283,5.097126268635315e-34,0.2254156893144174,3.523035428042457e-34,0.6911807246607032,1.0,1.0,1.0,0.2605036543239034,1.0,1.0,1.0,3.7450351396640456e-34,1.6613906294873452e-33,0.9448304508544669,1.0,1.0,0.6941996436792188,1.0,7.09325357867314e-33
293,-173.7760574314429,-306.81515694059726,-174.42142679222138,-306.81516735371997,-174.42136223931027,-174.4198820390899,-306.3729449053051,-306.8139731770452,-304.7555221721958,-307.0810900093023,-307.089191278351,1.2910010720283054e-29,0.7242021735167328,1.2909943503695042e-29,0.9999947934521997,1.0,0.72422554857323,1.0,0.7247617463770748,1.0,1.0,1.0,1.6104666148535476e-29,2.2237804217475663e-29,0.8021063003110418,1.0,1.0,1.0,1.0,4.9922550943101104e-29
294,-43.2250502233598,-307.4579708072399,-44.37008361361838,-307.5328305371968,-44.37008338224831,-44.36674538057778,-307.36749744943285,-307.4442269538207,-294.7608016696519,-307.53278228910557,-307.532748323736,4.193245857582053e-58,0.5641039730306041,4.0391942811980065e-58,0.963261973751074,1.0,0.5641040382889948,1.0,0.5650463145112451,1.0,1.0,1.0,4.3872902466512126e-58,7.777449648299394e-58,0.9623618532677695,1.0,1.0,1.0,1.0,4.2495834695589e-55
295,-78.73160670326689,-307.3967366656494,-78.73159166869767,-307.4117682034263,-78.73157198463379,-81.96076907495204,-306.78118365437194,-307.41174097009394,-307.0848436896369,-307.41176774614786,-307.4117416648673,2.2181858308990626e-50,1.0,2.201576951274598e-50,0.9925124038783829,1.0,1.0,1.0,0.19897398611505415,1.0,0.19897249037659295,1.0,3.0176131588551676e-50,3.017590474683455e-50,0.7295855411938665,0.8591343060132673,1.0,0.9925259186804654,1.0,2.592489982804635e-50
296,-24.286361017593663,-303.69585986280737,-24.286357324927366,-303.69198331260765,-24.286353479695862,-24.733629639792042,-303.491138167839,-303.6676834684256,-303.6676825481254,-303.6920007073123,-303.6676828346227,2.1232358089917023e-61,1.0,2.127355215072856e-61,1.0,1.0,1.0,1.0,0.7996074884943251,1.0,0.7996060121538762,1.0,2.3520848322374636e-61,2.3520804895092856e-61,0.9155112282865957,0.9155116495592672,1.0,1.0,1.0,2.153352948772583e-61
297,-95.858752289376,-306.778085676039,-95.85884836060302,-306.7780893896706,-95.85884515101093,-96.12367127896673,-306.8163586830773,-306.76406552265064,-300.13708976232414,-306.77808241501947,-306.76407411731145,1.5828825512909533e-46,0.9999519655401816,1.58287961217235e-46,0.9999981431859241,1.0,0.999953570260431,1.0,0.8759384134523357,1.0,0.875980490702018,1.0,1.5528797041682585e-46,1.5529542994891535e-46,1.0,1.0,1.0,1.0,1.0,4.380692772310683e-45
298,-50.87814937311566,-307.16062234273693,-50.87835628452862,-307.17144420257057,-50.87806551349382,-51.66220512239221,-307.1477009834085,-307.1698199171281,-307.17030644526477,-307.168058103268,-307.1659151038962,2.2334081180359736e-56,0.9998965496448772,2.22135593938609e-56,0.9946036827964596,1.0,1.0,1.0,0.6756852792153765,1.0,0.6757551863293785,1.0,2.2478841646430676e-56,2.248116733117495e-56,0.9890014642152216,0.9887609049563497,0.9997567655179733,0.9954117710350258,1.0,2.2225267887877413e-56
299,-111.03553276387363,-308.09895127522645,-111.03553082826843,-308.0989334042388,-111.03552848692868,-111.15921053500793,-307.4405450976137,-308.08265844095087,-302.89151283433125,-308.0989420114708,-308.0826584948903,1.6151853906645411e-43,1.0,1.6151998232081268e-43,1.0,1.0,1.0,1.0,0.9400343276886708,1.0,0.9400334179214456,1.0,2.2448817155921127e-43,2.244879542990819e-43,0.7253821412089777,1.0,1.0,1.0,1.0,2.1827416670182192e-42
300,-159.28744952824226,-306.1935910105241,-159.5392719461856,-306.1935944987969,-159.53867314512158,-159.53682613782007,-305.2682387357528,-306.190771839555,-304.75108800380247,-306.1935943184409,-306.3664916188816,1.2581623885790546e-32,0.8816931297476119,1.25816019417411e-32,0.9999982558650946,1.0,0.8819571486614615,1.0,0.8827720155164022,1.0,1.0,1.0,1.9983630532529235e-32,2.2665063226986352e-32,0.6304845981298766,1.0,1.0,1.0,1.0,2.934436807551554e-32
301,-129.8904729683354,-311.5399256464823,-129.8903530011728,-311.5413989769551,-129.8903960433957,-129.9095753576973,-310.6464980153473,-311.5454618255688,-306.3395692044909,-311.53703150833354,-311.5372389908936,3.591885884865059e-40,1.0,3.589240841775744e-40,0.9992636060348022,1.0,1.0,1.0,0.9904942731065906,1.0,0.990434861494716,1.0,5.61471705641672e-40,5.614380275680473e-40,0.6379585890999581,1.0,1.0,0.9972357380840543,0.999978479120128,4.83669698295059e-39
302,-105.75765464765742,-307.90445531913645,-105.75765067117004,-307.90427586284636,-105.7576459730605,-106.8260655607171,-307.72655272825557,-307.8932740422387,-300.75894424890566,-307.90445268924145,-307.8932738134285,1.2716862249616344e-44,1.0,1.2718003361270942e-44,1.0,1.0,1.0,1.0,0.586134814770237,1.0,0.5861336493925492,1.0,1.3899879130244752e-44,1.3899851493924988e-44,0.9200192759936139,1.0,1.0,1.0,1.0,4.529039385475346e-43
303,-133.36843344662836,-311.08682139324867,-133.36846758746887,-311.0503880917457,-133.36846920949483,-133.41503119924766,-311.6339803624692,-311.08664540499313,-300.669014481902,-311.06906956139073,-311.07145896166867,2.5641438813564305e-39,0.9999829297254428,2.611282041070961e-39,1.0,1.0,0.9999821187266347,1.0,0.9769704468122032,1.0,0.976987124250653,1.0,1.9504208481369416e-39,1.9504541429246835e-39,1.0,1.0,1.0,1.0,0.9999991889873476,4.689733719292509e-37
304,-81.61099849852388,-304.93005203148795,-81.61177152775781,-304.92997762373705,-81.61176894634801,-81.76642271758914,-304.589085171788,-304.9063168775139,-299.78682474364234,-304.92999449267853,-304.90631606337456,3.2127998687602984e-49,0.9996135600701886,3.212919399589979e-49,1.0,1.0,0.9996148502771426,1.0,0.9252307533192312,1.0,0.9255884376501109,1.0,3.809988687888944e-49,3.811461588837831e-49,0.8533240980243101,1.0,1.0,1.0,1.0,4.2061871197923564e-48
305,-40.05138013245485,-306.8674086033812,-40.05137683761832,-306.8666126328758,-40.0513718592383,-42.437420762419364,-306.5858207146833,-306.8649992762356,-306.8650051961011,-306.86740292243167,-306.8650051919497,1.1524857808917391e-58,1.0,1.1529445445209563e-58,1.0,1.0,1.0,1.0,0.30330380622819403,1.0,0.30330330656037513,1.0,1.3267271267811653e-58,1.3267249411084344e-58,0.8697153708746665,0.8697127965794728,0.9999970400716373,1.0,1.0,1.153866786625922e-58
306,-101.99496749144011,-304.98752283996674,-101.99496670976069,-304.81657501092843,-101.99496177496013,-103.57719208275574,-304.47169535130797,-304.7675983760028,-301.14132789477287,-304.81652379413674,-304.76759551322004,8.331566639537534e-45,1.0,9.075018556914427e-45,1.0,1.0,1.0,1.0,0.45334026633193725,1.0,0.453340089148594,1.0,1.078293999167412e-44,1.0782935777273772e-44,0.8624729332161488,1.0,1.0,1.0,1.0,5.700540710494162e-44
307,-115.13899646683646,-307.1321731019452,-115.13888965899272,-307.13217654893197,-115.39245023825296,-115.39206949461348,-306.34447418719844,-307.1280999141634,-303.55614767251484,-307.13217570397154,-307.3311643447911,2.0380339399016205e-42,1.0,2.0380304273666692e-42,0.9999982765081159,1.0,0.8809742464009441,1.0,0.8811419750362728,1.0,0.8810949198555602,1.0,3.021746711768194e-42,3.021585342951787e-42,0.6758305747077356,1.0,1.0,1.0,0.8809272001773595,1.3828410235271218e-41
308,-133.740840607518,-306.21842744738444,-134.88109588983224,-308.332365594694,-134.8805990643625,-134.87724225059748,-308.0586003358517,-306.21102981869853,-303.27845155808916,-308.3323528370985,-308.33236135923084,3.523448205126528e-38,0.565453258984813,1.2244246254987224e-38,0.347507485342689,1.0,0.5655937422235047,1.0,0.5665438357518824,1.0,1.0,1.0,1.4040398236253897e-38,2.4830342761594926e-38,1.0,1.0,1.0,1.0,1.0,2.709386414430159e-37
309,-74.69846907282525,-305.0900537690527,-76.35795915363397,-305.3281344747978,-76.35795391307055,-76.35657270540038,-305.24264212844776,-305.07191192062425,-287.3620956277583,-305.33154630974946,-305.33149641026137,9.3562764351561e-51,0.43616047544501924,8.306240017809104e-51,0.8877719758897316,1.0,0.436161618309834,1.0,0.4364629372301795,1.0,1.0,1.0,8.668998014786806e-51,1.9875707458228142e-50,1.0,1.0,1.0,1.0,1.0,1.5171649372298363e-46
310,-164.51615367950848,-309.69784920302106,-164.5161508367223,-309.69778910411526,-164.5161467770219,-165.01628936766264,-306.70631121149773,-309.6958993679638,-308.8245988387124,-309.69782738699905,-309.69589446624275,2.979856705782131e-32,1.0,2.979946250191231e-32,1.0,1.0,1.0,1.0,0.7787479478433472,1.0,0.778746840937179,1.0,1.329840641748643e-31,1.32983875152369e-31,0.22429478715427928,0.3467525681023768,1.0,1.0,1.0,4.61124066239172e-32
311,-50.84176813903146,-305.79327582749755,-50.84175847365566,-305.76480954395663,-50.841664315201115,-51.16249498733646,-305.6434694915735,-305.7711395367274,-305.7521376084127,-305.7767822767771,-305.7882144836675,4.3449374529418675e-56,1.0,4.4072217629289665e-56,1.0,1.0,1.0,1.0,0.851834155599428,1.0,0.8518300389607589,1.0,4.682885741785965e-56,4.682863110915437e-56,0.9381597619441718,0.9471156616881066,1.0,1.0,1.0,4.435004192404068e-56
312,-91.09576919035754,-307.3945906218962,-91.09565693731253,-307.60966723521847,-91.09576102355263,-92.52937495720946,-307.37164773443936,-307.37467319801624,-299.79889190318363,-307.3945730898365,-307.5997779817741,1.0747506218038375e-47,1.0,9.651713277323017e-48,0.8980421207967018,1.0,1.0,1.0,0.4883109500005407,1.0,0.48828354357413506,1.0,1.0871505496417644e-47,1.0870895333743056e-47,0.9984884118135671,1.0,1.0,1.0,0.9999479582341697,4.793921867537697e-46
313,-54.325030404201556,-305.2149618731383,-54.32496125980617,-305.21496130725313,-54.32502884700857,-54.33829881632792,-304.810514547922,-305.13773623992256,-305.13517194754576,-305.2149416826327,-305.1377360979928,3.310881208877897e-55,1.0,3.310882145667277e-55,1.0,1.0,1.0,1.0,0.9933877516975922,1.0,0.9933534086935163,1.0,4.05292175826344e-55,4.052781642273266e-55,0.8490723775082004,0.8501617106136148,1.0,1.0,0.9999662069698,3.4456362122271104e-55
314,-89.04443934016517,-306.77746735422255,-89.04443798438584,-306.7774694980313,-89.04443643185483,-89.09499327934564,-306.88638807395876,-306.76077632787343,-300.15455576542917,-306.78849514787987,-306.7579188177757,5.246548630399474e-48,1.0,5.246543006604063e-48,0.9999989280962102,1.0,1.0,1.0,0.9750398182472524,1.0,0.9750391572780596,1.0,4.9684608142316104e-48,4.9684574461644894e-48,1.0,1.0,1.0,1.0,1.0,1.4388650037180522e-46
315,-91.83304041361382,-303.9832391389476,-92.15700536093482,-303.8605879237899,-92.15688196164932,-92.15662388132891,-304.8946220514506,-303.95484906097846,-298.6469946243937,-303.9832464322157,-303.95485312059,8.554008539022108e-47,0.8504561097921246,9.095007309308914e-47,1.0,1.0,0.8505085842490838,1.0,0.8506183410944179,1.0,1.0,1.0,5.423322048684172e-47,6.376957007234388e-47,1.0,1.0,1.0,1.0,1.0,1.44957854180727e-45
316,-63.34519191688463,-307.79135106973695,-63.34517594313064,-307.8060705764128,-63.34517100926573,-65.19209915946934,-307.79322918499366,-307.80797799144585,-307.8079619084407,-307.80794775960703,-307.80796617906367,8.302157703147219e-54,1.0,8.241280166895333e-54,0.9926672633273668,1.0,1.0,1.0,0.39714508117307784,1.0,0.3971419092368324,1.0,8.29436515802139e-54,8.294298912211685e-54,0.9926527209695034,0.9926607034210176,1.0,0.9917210003976903,1.0,8.233404281302896e-54
317,-42.56741863012495,-304.79518263657326,-42.67395232054534,-304.8087121217839,-42.6739733234469,-42.673958486371845,-304.503723683838,-304.7547616752133,-304.8133253215873,-304.81075783408807,-304.8141532689207,1.1427850363455933e-57,0.9481269755808658,1.1350804787770587e-57,0.9932580867586674,1.0,0.9481170189243775,1.0,0.9481240525921533,1.0,0.9999969170914995,1.0,1.3220687885887997e-57,1.394400563045685e-57,0.8820390093303992,0.8565857762119049,0.9711427353560959,1.0,0.999989498604359,1.194436231894264e-57
318,-106.28529886205378,-308.67153483207755,-106.28529149783596,-308.6715364142664,-106.28528725018992,-107.42728977814485,-308.66390565083736,-308.67110957747644,-301.63771476605905,-308.67153589114866,-308.671115093457,1.1282030059827638e-44,1.0,1.1282021134680016e-44,0.9999992089058767,1.0,1.0,1.0,0.5649627619586368,1.0,0.5649606817080464,1.0,1.132514857332299e-44,1.132510687296921e-44,0.9964045159686176,1.0,1.0,1.0,1.0,3.7997878674141276e-43
319,-92.51730202013997,-310.2029333152534,-92.51729281547398,-310.20292864316707,-92.5173066266585,-94.15612589757933,-310.1203094258198,-310.20226433180403,-310.20226130626963,-310.2029266921011,-310.2022632496338,5.372368196048585e-48,1.0,5.3723807461472517e-48,1.0,1.0,0.9999976967433875,1.0,0.4406907314777423,1.0,0.4406887032769162,1.0,5.598959410238708e-48,5.598933642022399e-48,0.9598507714667402,0.9598522234986012,1.0,1.0,0.9999930944315856,5.374186017325542e-48
320,-72.1290010964369,-307.4800213907702,-72.12918938263397,-307.2694877104713,-72.12918851418898,-72.19536098887843,-307.42794675936966,-307.22886209918386,-298.86117773492094,-307.2199778162014,-307.2377104389541,7.837459108457264e-52,0.999905861332786,8.707472183196897e-52,1.0,1.0,0.9999062955144958,1.0,0.9673644703456054,1.0,0.9674555453212307,1.0,8.044205384552488e-52,8.044962726621344e-52,1.0,1.0,1.0,1.0,1.0,5.831417089414795e-50
321,-309.5174045100599,-313.34143798197806,-309.5173489887458,-313.3414283379626,-309.5173935551418,-309.95645093996364,-307.28618590540617,-313.2143605890948,-311.95021485860127,-313.3414188985908,-313.21435073448725,0.14778204849069151,1.0,0.14778276109858898,1.0,1.0,1.0,1.0,0.8029015181565787,1.0,0.8028792293922667,1.0,1.0,1.0,0.051607547807931545,0.09709994437019355,1.0,1.0,0.9999777170502903,0.2962917548776924
322,-122.87564273190006,-308.61842809445324,-122.87563807684043,-308.6184172931049,-122.87563394888673,-123.44457366871308,-307.1881386476984,-308.6125367237183,-305.24738788834134,-308.6184163897513,-308.61253069611735,4.639451423149869e-41,1.0,4.639476479382934e-41,1.0,1.0,1.0,1.0,0.7524163371504864,1.0,0.7524145858810677,1.0,9.48527745424829e-41,9.485255377007905e-41,0.4905642410511796,1.0,1.0,1.0,1.0,2.5030919558640824e-40
323,-30.82271848515576,-304.65537983363095,-30.82189797872168,-304.6328271034924,-30.822926528291916,-30.82293334019434,-304.8407681849062,-304.68617351244006,-304.68617436060345,-304.63282626595196,-304.6861743526521,3.4513826035168296e-60,1.0,3.4905219135886687e-60,1.0,1.0,0.9998959838419783,1.0,0.9998925782508402,1.0,0.9994824532372231,1.0,3.14583932256679e-60,3.144548996562678e-60,1.0,1.0,0.9999995759183993,0.9847210859257262,0.999485857431493,3.3990013350356853e-60
324,-84.32621479946654,-308.24671865419367,-84.32621186907252,-308.2464416961406,-84.32570242480563,-87.11611142532453,-308.07649190554247,-308.2460530757159,-299.4167421484095,-308.2467154419964,-308.24605381133705,2.3783753519192337e-49,1.0,2.3787047298281233e-49,1.0,1.0,1.0,1.0,0.24784584646203192,1.0,0.247845483319305,1.0,2.5896714222574393e-49,2.5896676278814333e-49,0.9187138418062285,1.0,1.0,1.0,1.0,1.965957706276806e-47
325,-160.84183601248466,-304.66334186508226,-160.9911210103536,-304.6633442252661,-160.84184293790744,-160.98985653198054,-303.87124356773205,-304.65682024338605,-304.65682102610697,-304.6633431689969,-304.65682266293965,5.882430633329493e-32,0.9280752149065845,5.882423691524701e-32,0.9999988199087824,1.0,0.9999965372946047,1.0,0.9286621659526697,1.0,1.0,1.0,8.740952786380136e-32,9.418366793967227e-32,0.6751716407596913,0.67517137652426,0.9999996086396179,1.0,1.0,5.901661560629172e-32
326,-54.60979650668969,-304.2887415686258,-54.60910234827708,-304.2885692724977,-54.60979564756124,-54.618537410011925,-304.2865603649949,-304.227823666782,-304.227820754528,-304.28873418958574,-304.227825263789,6.066049586343965e-55,1.0,6.066572187282538e-55,1.0,1.0,1.0,1.0,0.9956390848647104,1.0,0.9952935792037512,1.0,6.07266883986434e-55,6.070561508509815e-55,1.0,1.0,1.0,1.0,0.9996534104339625,6.25366418268427e-55
327,-44.75987228492431,-307.27859565527666,-44.759864851902975,-307.25866505705363,-44.75978586087609,-45.77531685035177,-307.08442516853466,-307.2691673444678,-295.8495442679128,-307.2785972504389,-307.26917120337225,9.880604642081605e-58,1.0,9.979560064017685e-58,1.0,1.0,1.0,1.0,0.6018648968401258,1.0,0.6018626600069721,1.0,1.0887974810644537e-57,1.0887934345445235e-57,0.911766741093384,1.0,1.0,1.0,1.0,2.9960684458974297e-55
328,-59.784722276259345,-304.8811753063366,-59.784720758071145,-304.8811759369324,-59.78471884235091,-59.87390302459539,-305.0953994325103,-304.8837764077309,-304.883770619523,-304.8811790132311,-304.8837814258956,5.997654682966157e-54,1.0,5.997652791918635e-54,0.9999996847021677,1.0,1.0,1.0,0.956389163312912,1.0,0.9563884373238167,1.0,5.388442831002989e-54,5.388438740669436e-54,1.0,1.0,1.0,0.9987002946523925,1.0,5.989866550067343e-54
329,-107.91384975000888,-305.46366215890026,-108.0182145408823,-306.43265706163555,-107.91385210905231,-108.01788810243124,-306.2578606980451,-305.44222270023965,-301.00021594818503,-305.4636655426571,-305.4460887131569,1.2664944322739184e-43,0.9491557293798626,7.801690460543813e-44,0.6160066923102319,1.0,0.999998820478978,1.0,0.9493106624866036,1.0,1.0,1.0,8.514227755219149e-44,8.970316979261162e-44,1.0,1.0,1.0,1.0,1.0,1.1798555151394954e-42
330,-98.97833874177854,-307.35199837837007,-98.98165665816718,-307.35200059751037,-98.97926707504854,-98.98180974023857,-307.0264042635836,-307.3368176883766,-299.7379264064449,-307.3520004213096,-307.3368212786465,5.652423885419068e-46,0.9983424171161932,5.652417613661741e-46,0.9999988904304661,1.0,0.9995359410736687,1.0,0.9982660058779427,1.0,0.9999234618934941,1.0,6.651760236259934e-46,6.662804386769612e-46,0.8562381641459278,1.0,1.0,1.0,1.0,2.54572231249768e-44
331,-205.4326339560348,-306.6588025056766,-205.43263275532527,-297.9788626115968,-205.43262884507078,-205.7014900932409,-303.89219390129483,-303.5355625397182,-306.6511978619869,-297.978861060161,-303.53554271978777,1.0447606029104504e-22,1.0,8.013860660831717e-21,1.0,1.0,1.0,1.0,0.8742157601758465,1.0,0.8742152353364051,1.0,4.1665654912235996e-22,4.1665629898069023e-22,1.0,0.251703875327586,0.21059516007757148,1.0,1.0,1.0487380009126423e-22
332,-37.44254706714703,-307.2886587699072,-37.882310511218364,-307.3474298682409,-37.88231059921782,-37.88221796555297,-307.1568878674884,-307.2811718546429,-307.3026160773264,-307.3037676905852,-307.3550518427472,2.5331526539425774e-59,0.802613723865952,2.4597976392709904e-59,0.9710420078484256,1.0,0.8026136885511683,1.0,0.802650863935799,1.0,1.0,1.0,2.70567139446359e-59,3.371075417737967e-59,0.9397494389324117,0.9297271667899856,0.9893351656013631,1.0,0.9999999560002745,3.1341805350720102e-59
333,-204.68193373551685,-307.2593043734935,-204.68194126852006,-307.25930849052463,-204.68194319078188,-204.76339842739242,-305.8679190306632,-307.25919651873676,-307.1872271419816,-307.25931226077415,-307.25920422911673,5.316269416517002e-23,0.9999962335054866,5.31625847290489e-23,0.9999979414865421,1.0,0.9999952723786605,1.0,0.9600860664969848,1.0,0.9600896826695069,1.0,1.0659638339541458e-22,1.0659678489161948e-22,0.49875576894557694,0.5170301672171939,1.0,1.0,0.9999990388695537,5.511380648888688e-23
334,-132.95410111761595,-308.9061115939921,-132.9540582128157,-307.90269683424407,-132.95405676882189,-135.15223246005644,-308.9093709044686,-307.90276621316076,-307.90272742027037,-307.9027619999821,-307.90195243254453,6.201637614712388e-39,1.0,1.0242244330057916e-38,1.0,1.0,1.0,1.0,0.33318224007006764,1.0,0.3331750925880067,1.0,6.191539314097027e-39,6.19140649214304e-39,1.0,1.0,1.0,1.0,1.0,1.0241860586877401e-38
335,-67.32553400906133,-304.23521555007767,-67.41019740799425,-304.235218791657,-67.32551179129953,-67.41012416908166,-304.8682635504028,-304.21401130679976,-304.21401616967887,-304.23521631459016,-304.2140165303402,3.595144068949767e-52,0.9585517767216346,3.595138241982104e-52,0.9999983792116386,1.0,1.0,1.0,0.9585868790092389,1.0,1.0,1.0,2.6197006748858714e-52,2.7329777467478844e-52,1.0,1.0,0.9999975685634014,1.0,1.0,3.633413797783512e-52
336,-52.143498646092866,-306.73825214032,-52.143494907189194,-307.4546094294227,-52.14303151311054,-56.449322992868304,-307.0154434639162,-308.214795744497,-306.48958531638993,-307.45461432581635,-308.21479040847754,5.193399334675668e-56,1.0,3.6299171197874737e-56,0.6989482005650856,1.0,1.0,1.0,0.1161454291667447,1.0,0.1161452120386618,1.0,4.521269416417437e-56,4.5212609641299415e-56,0.54898940285531,1.0,1.0,0.4779391756944458,1.0,5.879597493181178e-56
337,-96.78209061050416,-305.12046468626494,-96.78209400930626,-305.1204697426049,-96.78153860016079,-96.8467426408977,-305.32333619382814,-305.1059747631498,-305.1059843857421,-305.1204735829664,-305.1059825566598,5.753033263738282e-46,0.9999983006003903,5.753018719110684e-46,0.9999974718332237,1.0,1.0,1.0,0.9681908856789733,1.0,0.9681925310249826,1.0,5.1980912248937924e-46,5.1981000585430575e-46,1.0,1.0,0.9999951887154235,1.0,1.0,5.793238055603018e-46
338,-170.7279648781419,-307.98721218296834,-170.72795409085148,-307.98719814134705,-170.7279490306368,-171.76045107744073,-307.9246829998094,-307.9850014521551,-306.1444703488229,-307.98721068793907,-307.985005796766,1.5650677869641345e-30,1.0,1.5650787750472825e-30,1.0,1.0,1.0,1.0,0.596758303305166,1.0,0.596755084611282,1.0,1.614771933390532e-30,1.614763223907114e-30,0.9702910255214512,1.0,1.0,1.0,1.0,3.932565967367904e-30
339,-94.93351929036666,-306.8957522960705,-94.93350142497724,-306.89575126228226,-94.9335407458846,-94.96233843450037,-306.81063728503557,-306.89223760810904,-281.46459379079334,-306.8772693164328,-306.8922369379471,9.396928380730099e-47,1.0,9.396933237948427e-47,1.0,1.0,0.999989272298573,1.0,0.9856937489508244,1.0,0.9856849440888111,1.0,9.80546980545008e-47,9.805382216572915e-47,0.9600209598929852,1.0,1.0,1.0,0.9999803397395843,3.1282141740424174e-41
340,-138.82069645369097,-307.3369572012718,-138.8206964492628,-307.3369544899517,-138.820696459693,-138.8198534081688,-304.3121414085833,-307.33431506988785,-306.5013289111631,-307.3369290368982,-307.3343136629553,2.5536355941530594e-37,1.0,2.55363905601714e-37,1.0,1.0,0.9999999969989801,1.0,1.0,1.0,1.0,1.0,1.1587488788422012e-36,1.1587488762766407e-36,0.22067001664621094,0.33467554084201584,1.0,1.0,0.9999999947849005,3.878049088904083e-37
341,-97.72690147344221,-301.54561885225314,-99.11564888208952,-301.54564560128193,-99.11562638613765,-99.11543246301405,-301.4424942975908,-301.57076319322726,-296.01555245530375,-301.54561677565465,-301.627460415145,5.5122368095099815e-45,0.49938711405456815,5.5121630865124134e-45,0.9999866255750429,1.0,0.4993927311803992,1.0,0.49944115542717415,1.0,1.0,1.0,5.803915480653633e-45,1.1622076976578656e-44,0.9378788952824745,1.0,1.0,0.9875065290948855,1.0,1.7527674943831574e-43
342,-134.202850974834,-306.58588365584933,-134.20285004298916,-306.5858696622504,-134.2028487790033,-134.23439106309215,-306.1532583614662,-306.5853956048517,-305.12797948061916,-306.58587516544435,-306.58539454750746,3.694027008739224e-38,1.0,3.6940528551958586e-38,1.0,1.0,1.0,1.0,0.9843536519324491,1.0,0.9843531933001144,1.0,4.586099315591934e-38,4.586097178825922e-38,0.8056800128501869,1.0,1.0,1.0,1.0,7.65736693862412e-38
343,-77.72680413148424,-304.2812407729647,-77.72680317673309,-304.2812433648045,-77.72588679332881,-78.25953837144515,-304.06269684444027,-304.1546175946337,-297.46727269568964,-304.2811795149802,-304.15462286266745,6.3727834021712115e-50,1.0,6.372775143559712e-50,0.9999987040809385,1.0,1.0,1.0,0.7661578040264078,1.0,0.7661574382814698,1.0,7.10862114501808e-50,7.108617751536754e-50,0.9550798063858839,1.0,1.0,1.0,1.0,1.9220484388268324e-48
344,-110.32216946745524,-308.67045317905075,-110.32249823240605,-308.67246083086854,-110.3224974020785,-110.33693356312719,-308.85555599319514,-308.67440848588467,-303.10742453617377,-308.6724623242291,-308.67441686936206,8.496057530354693e-44,0.9998356310346548,8.487533246846432e-44,0.9989966777557873,1.0,0.9998360461302762,1.0,0.9926451325557104,1.0,0.9928083194319616,1.0,7.745025984512612e-44,7.746299235703197e-44,1.0,1.0,1.0,0.9980243008510602,1.0,1.3717816078783307e-42
345,-81.8642200951913,-307.05047892106415,-81.86422505952217,-307.05048967344703,-81.86146254750435,-81.89326729055236,-307.3308082271437,-307.03433052582517,-298.1352680069781,-307.0504919101131,-307.0329728273356,1.2630635310073659e-49,0.9999975178376456,1.263056740554279e-49,0.999994623823013,1.0,1.0,1.0,0.9855813610238762,1.0,0.9855838074029,1.0,1.0978738993554997e-49,1.0978766244635407e-49,1.0,1.0,1.0,1.0,1.0,1.0882780114072926e-47
346,-125.68263423499866,-305.5427280901237,-125.68263364529278,-305.6189981317236,-125.68263364982755,-125.68308206973441,-306.10327294603593,-305.61065381626895,-300.64109744800953,-305.61900416689303,-305.6106674073835,8.787733179955579e-40,1.0,8.4589222458849e-40,0.9625829633948499,1.0,1.0,1.0,0.9997761076997468,1.0,0.999775812912867,1.0,6.6398167435411055e-40,6.639814785771856e-40,1.0,1.0,1.0,0.9666074007998176,0.9999999977326155,1.0191833146574201e-38
347,-53.88037818448305,-305.1325744978668,-53.880339069480996,-305.13239605583476,-53.880475378765155,-54.763494029802445,-304.73047370003843,-305.0470261147576,-305.0470343090031,-305.13256789727905,-305.04703855646244,2.7623505283092007e-55,1.0,2.7625969990249886e-55,1.0,1.0,0.9999514040397692,1.0,0.6430338433211539,1.0,0.6430212673090809,1.0,3.3774884018287884e-55,3.3774223472418856e-55,0.8536139749420336,0.8536104775879697,0.9999959028856525,1.0,0.9999318476803956,2.8831995995859852e-55
348,-73.29972785547386,-306.14052120397014,-73.2981525927372,-306.1403857732736,-73.29972018479529,-74.10895546428836,-306.0109221881079,-306.1044670087075,-306.11487489546676,-306.14052044352565,-306.11491931212464,2.7495659653723305e-51,1.0,2.749752159493328e-51,1.0,1.0,1.0,1.0,0.6672344441085066,1.0,0.6667091162398066,1.0,2.933635903389392e-51,2.931326189449623e-51,0.954304562766486,0.9493513152430059,0.9948095736762267,1.0,0.9992165110588236,2.7850404217314e-51
349,-215.62877989810102,-310.6619844730898,-216.14761111622434,-311.2696412731623,-216.14517833366207,-216.12963200210373,-308.45599817590704,-310.661962886574,-310.33816077505224,-304.3384443048848,-311.2696330107475,2.311010016099855e-21,0.771502313050933,1.7054964908823766e-21,0.7379874942128739,1.0,0.7724413327297955,1.0,0.7784690441131592,1.0,1.0,1.0,6.963469308169391e-21,9.025856682959353e-21,0.3318798227272035,0.3902056779275589,1.0,1.0,1.0,3.517659072591941e-21
350,-150.5104023247918,-309.9558565472335,-150.51039925971077,-309.9558287413701,-150.51039643061804,-150.69562112739573,-307.41898286404,-299.96673709290974,-308.4183599073606,-309.9558094678524,-309.9535152001676,2.3815490649113727e-35,1.0,2.3815821756555493e-35,1.0,1.0,1.0,1.0,0.9115494808092585,1.0,0.911548083823811,1.0,8.467099322788356e-35,8.46708634662548e-35,1.0,0.6067196103009846,0.014613472420560986,1.0,1.0,5.137140061881502e-35
351,-69.05555570013746,-305.3235232378023,-69.05555543073982,-305.4264245588747,-69.05555517920438,-69.05800209325555,-305.6201909621394,-305.38506196818525,-305.38505812346193,-305.42642942240593,-305.3850648522614,4.955217524696139e-52,1.0,4.706715912423502e-52,0.9498505139211115,1.0,1.0,1.0,0.9987775512409319,1.0,0.9987774167067807,1.0,4.272107241496611e-52,4.2721066660488164e-52,1.0,1.0,1.0,0.9696991936755481,1.0,4.805078423714482e-52
352,-55.91632325112262,-303.6157991289515,-55.91632258722203,-302.67913517829857,-55.91631761046489,-58.15885876822989,-303.03117168172054,-302.6564264595071,-297.6862331229986,-302.67908906113564,-302.65642346073724,1.6320829505024815e-54,1.0,2.6069711227836447e-54,1.0,1.0,1.0,1.0,0.3258664127121203,1.0,0.3258663045406861,1.0,2.1862129631154945e-54,2.1862122374015827e-54,1.0,1.0,1.0,1.0,1.0,3.1646807208450425e-53
353,-12.14063212913976,-307.1651335284204,-12.140783251707362,-307.1653992044261,-12.14077829900468,-14.596532881347343,-306.982791435849,-307.1654515012322,-307.1008977900304,-307.16599397045997,-307.1659213629401,8.63462553730406e-65,0.9999244415708813,8.633478607072156e-65,0.9998671708197499,1.0,0.9999269177381789,1.0,0.2928922819068703,1.0,0.29291441405986285,1.0,9.45885548676051e-65,9.459570237027817e-65,0.9127164349248399,0.9426566400866003,1.0,0.9998410262317761,1.0,8.9171046143884e-65
354,-51.99353279152008,-306.79675561511283,-52.26011050393345,-307.0146718775138,-52.260188249664665,-52.26017793022042,-306.85805326329694,-306.7717492960148,-295.42026879761335,-307.01467177847076,-307.0146342719549,4.679324658933909e-56,0.875212245103153,4.196268444059745e-56,0.8967679633102891,1.0,0.8751782237564275,1.0,0.8751827394445189,1.0,0.9999662874247941,1.0,4.538084341421861e-56,5.185124370474281e-56,1.0,1.0,1.0,1.0,0.999961127889931,1.5792809597837352e-53
355,-127.76442376742031,-306.65317203624465,-127.76442569761872,-306.6531790465492,-127.76442781692978,-127.86401835698226,-307.41275390130846,-306.6343956028629,-303.5141021982584,-306.6531822344549,-306.6344026046288,1.4282422499554258e-39,0.9999990349012616,1.4282372437576406e-39,0.9999964948538644,1.0,0.9999979752473144,1.0,0.951422263213599,1.0,0.9514231814309111,1.0,9.769239794252559e-40,9.76924922254266e-40,1.0,1.0,1.0,1.0,0.9999989403450301,6.861879858872125e-39
356,-66.39105252296943,-303.98400235498775,-66.39105308237797,-303.98400101575425,-66.39105476644431,-66.45535817566582,-302.99767979110345,-303.97358996987043,-303.9788730309301,-303.9840018190667,-303.9788772853304,2.5547386267152683e-52,0.9999997202957722,2.5547403374116083e-52,1.0,1.0,0.9999988782631885,1.0,0.9683585800646473,1.0,0.9683588509187118,1.0,4.183345150068933e-52,4.183346320168566e-52,0.6138804421728603,0.6122609980903437,0.9973619552419941,1.0,0.9999991579671806,2.5613019500442685e-52
357,-86.75426602849453,-309.7171177669341,-86.7540054670983,-309.71712764013625,-86.75427650758157,-86.76909610336523,-309.72695403137715,-309.7124755924732,-300.3865431961301,-309.7171256669813,-309.7124879332913,3.839121972610121e-49,1.0,3.83910302044323e-49,0.9999950634111122,1.0,0.9999947604702073,1.0,0.9926123861306138,1.0,0.9924830763194593,1.0,3.8202870174990904e-49,3.819789340259057e-49,1.0,1.0,1.0,1.0,0.9998644889408183,4.077018764879089e-47
358,-18.818653336711947,-302.22927864675665,-18.81865300984549,-302.22927374991116,-18.818651280556537,-18.88238711035443,-302.25451724465876,-302.16241420452525,-302.16253634106397,-302.22925347342385,-302.16241525641414,2.8718692104395787e-62,1.0,2.8718762419980177e-62,1.0,1.0,1.0,1.0,0.968635511649909,1.0,0.9686353533426937,1.0,2.8358559433315734e-62,2.8358554798585097e-62,1.0,1.0,0.9999389335952683,1.0,1.0,2.9693207868875475e-62
359,-219.95623747476748,-308.52190239374426,-221.15511103674302,-309.5285384040105,-221.15494869214302,-221.1449927752372,-308.36335362159116,-308.52178471907933,-309.4744101916232,-309.5254260774649,-300.82716561382864,5.864219527688193e-20,0.5491208243037717,3.5450469193615186e-20,0.6045215228767271,1.0,0.54916539951317,1.0,0.5519059375387134,1.0,1.0,1.0,6.348025289243924e-20,1.1560343385797775e-19,0.9238407702643734,0.5737690675161295,0.6210692209999948,1.0,1.0,6.632429053263659e-20
360,-22.647922441475174,-304.5368747483319,-22.64792419420411,-304.53687860062433,-22.647691573648032,-22.707640315175027,-304.6425126963745,-304.4202580062029,-304.9927765627454,-304.53870548403114,-304.4202631950201,6.145988620655789e-62,0.9999991236359168,6.145976782594249e-62,0.9999980738556437,1.0,1.0,1.0,0.9705824373082561,1.0,0.9705832878925894,1.0,5.829788012337652e-62,5.829793121358776e-62,1.0,0.8393462758360435,0.7510678551242878,1.0,1.0,4.892646047189679e-62
361,-1.5643667773741328,-302.94655208333046,-1.564365973390153,-302.89468671491494,-1.5643398737912264,-4.851280261297319,-303.2298815989102,-302.9186293556414,-302.0257968123475,-302.89463839192524,-302.9185740318559,3.594926279729595e-66,1.0,3.6893716862926687e-66,1.0,1.0,1.0,1.0,0.19331066094482693,1.0,0.19331058323550532,1.0,3.1200802630872174e-66,3.1200790088402943e-66,1.0,1.0,1.0,1.0,1.0,5.696703466508807e-66
362,-64.08678309865876,-306.37070118941733,-64.08673923368966,-306.37069588690923,-64.08676811459564,-64.15523654667774,-306.245468836684,-306.3543353939645,-306.35434929882234,-306.37070242725736,-306.35434870926053,2.447460321164343e-53,1.0,2.4474668100120393e-53,1.0,1.0,1.0,1.0,0.9663523845113493,1.0,0.9663311902350282,1.0,2.605610643095035e-53,2.6055534962065175e-53,0.9470216933250062,0.9470151092468865,0.9999930475952493,1.0,0.9999855596512695,2.467534160912441e-53
363,-109.82149932980832,-311.2277880936082,-109.8214798802982,-311.2379506793047,-109.8209608667929,-112.78666922255584,-311.1854720770489,-311.2379232353283,-301.4647474656661,-311.2379585238955,-311.2379404420091,1.8415354546212799e-44,1.0,1.8322018072662239e-44,0.9949315950819031,1.0,1.0,1.0,0.2270500170433759,1.0,0.22704780904830996,1.0,1.8809137916051442e-44,1.8808955002681664e-44,0.9741153247255832,1.0,1.0,0.9949452476151626,1.0,2.4270598980527437e-42
364,-290.55866988649973,-311.02441135604874,-290.9169377627372,-311.6366873408201,-287.0146088247811,-290.80749529575115,-310.3067675394806,-311.1096702855345,-310.83082128648175,-311.4800684428686,-311.10967975572464,3.596836575752174e-05,0.8359939204451085,2.648296856737473e-05,0.7362850107204711,1.0,1.0,1.0,0.883015341156693,1.0,1.0,1.0,5.149381644717049e-05,6.159592215665106e-05,0.6693478672690698,0.76949034453049,1.0,0.958266395777258,1.0,6.735582718896852e-06
365,-99.54973941530022,-307.8412370556885,-99.71517642905351,-307.8412455631935,-99.71514732950322,-99.71502801471286,-308.54749817867173,-307.8234121227618,-308.66877055336806,-307.8412503344965,-307.8234218582763,5.889466742766209e-46,0.9206102562061267,5.889441690485581e-46,0.9999957462565396,1.0,0.9206236509757956,1.0,0.920678574623042,1.0,1.0,1.0,4.137264811892182e-46,4.494045970052539e-46,1.0,0.9411655854448464,0.6552888060208766,1.0,1.0,4.229579866536856e-46
366,-79.2589427367866,-307.1012157029936,-80.78653537854797,-307.2107655877799,-80.78653215975706,-80.7840024246419,-307.14637153826607,-307.0595031190809,-287.79260861548886,-307.13243806534314,-307.145500179618,3.3471798872389343e-50,0.46589438094383095,3.168769126151913e-50,0.9466981856077725,1.0,0.4658951307527335,1.0,0.46648479923650743,1.0,1.0,1.0,3.272454284019997e-50,7.0240260837456e-50,1.0,1.0,1.0,1.0,1.0,1.1199577449433697e-45
367,-152.7958149112402,-308.8433751440435,-152.79529316964465,-308.84340760377256,-152.795823021296,-152.8135138305085,-309.44485485879335,-308.8222775340445,-308.84253503103656,-308.83717278014507,-308.8425490884746,1.3022754042188171e-34,1.0,1.3022542686369165e-34,0.9999837702671615,1.0,0.9999959449803206,1.0,0.9911895815843184,1.0,0.9909310428914886,1.0,9.640358348524665e-35,9.637843788553419e-35,1.0,1.0,0.9899223745273321,1.0,0.9997351092640725,1.3028278313718287e-34
368,-57.78720581907342,-306.3221355180434,-57.78720368983545,-306.32190897815536,-57.787199007646905,-58.829022767949496,-306.07632756623724,-306.2921429572656,-306.29214458673334,-306.3221320658547,-306.2921446461577,1.0747952434124799e-54,1.0,1.0749169923046586e-54,1.0,1.0,1.0,1.0,0.5939806865117728,1.0,0.5939800541489939,1.0,1.2153524877552291e-54,1.2153511938685865e-54,0.897710455308253,0.8977097239134283,0.9999991852664515,1.0,1.0,1.0910300304984857e-54
369,-91.85289183875011,-309.15391112194436,-91.85357681858393,-309.1938037808234,-91.853577840667,-91.9304223293827,-309.3077207163551,-309.1914903073184,-301.34219865346347,-309.18599113542047,-309.12209734197495,6.511532412318553e-48,0.999657568726066,6.382937998415607e-48,0.9802512825307179,1.0,0.9996570578596589,1.0,0.9619765111328988,1.0,0.9623060348143145,1.0,6.029535793329639e-48,6.03160120221315e-48,1.0,1.0,1.0,0.9813858312764944,0.9999994889585961,3.2368604766012654e-46
370,-161.93003714799676,-308.9629077424003,-161.93003081650915,-308.96290346351685,-161.93002742158365,-162.61450350189787,-308.8239139238964,-308.9540672878475,-306.8797569081772,-308.9629055107521,-308.95406742992407,1.1809127762056442e-32,1.0,1.1809153027024247e-32,1.0,1.0,1.0,1.0,0.7101825871908135,1.0,0.7101803389382457,1.0,1.2659015902233127e-32,1.265897582709538e-32,0.9369956099480371,1.0,1.0,1.0,1.0,3.34630995416141e-32
371,-63.82346857401525,-307.7766857201115,-63.822890452468386,-307.7766906056273,-63.82348375029602,-63.84861746991082,-307.92856031343206,-307.7785725684688,-297.0192570244007,-307.7766936386581,-307.7785772336492,1.0622628061632542e-53,1.0,1.0622602113155615e-53,0.99999755724508,1.0,0.9999924118884054,1.0,0.9875042800901127,1.0,0.987218872591185,1.0,9.845841191543618e-54,9.842995556374269e-54,1.0,1.0,1.0,0.9990570207060308,0.999703395082121,2.3024024140516117e-51
372,-184.19257954605987,-306.87305460395294,-188.1223760675246,-306.8550773861528,-184.1926110101182,-184.1959016449049,-307.51005232364867,-306.8690562902355,-305.01256829203805,-306.8730687620787,-306.8690635329205,2.2923098604716235e-27,0.14017014669846672,2.313007419059935e-27,1.0,1.0,0.9999842680945785,1.0,0.9983403293565705,1.0,1.0,1.0,1.6670592100179014e-27,1.1893111688069184e-26,1.0,1.0,1.0,1.0,1.0,5.8113846822576814e-27
373,-216.88868505672798,-300.9072125567704,-217.75715127320208,-307.3055823195652,-217.74666196836256,-217.70111084717269,-304.98193765532375,-304.1849836126082,-307.2004548720159,-301.92873324286734,-307.30555863269643,5.696506070818142e-19,0.64776123940394,2.323914918691875e-20,0.04079544355436992,1.0,0.651167446333618,1.0,0.666168328272611,1.0,1.0,1.0,7.426655037942091e-20,1.146511181307487e-19,1.0,0.3298033839337467,0.22141076672322008,0.19419634814334089,1.0,3.761453335256289e-20
374,-107.28487584814326,-306.72108550652183,-107.94378569020182,-306.72109029385393,-107.94377889572618,-107.94363589407087,-306.8290130223423,-306.7162789388063,-301.28124653699126,-306.8904169700785,-306.8842226160632,4.931480575534472e-44,0.7193157104600829,4.931468771230939e-44,0.9999976063368137,1.0,0.7193181541507692,1.0,0.7193695878328943,1.0,1.0,1.0,4.672412364771181e-44,6.495635083213466e-44,1.0,1.0,1.0,1.0,1.0,1.040644346367097e-42
375,-125.13911048704773,-303.33168547755935,-125.13911017192231,-303.3316738058862,-125.13910890972915,-125.1682818226861,-303.56783182287745,-303.19856662174607,-300.75366423228417,-303.3313723273444,-303.2423924996317,2.0228979894112773e-39,1.0,2.0229097947477795e-39,1.0,1.0,1.0,1.0,0.9855201877506792,1.0,0.9855200324694603,1.0,1.7976099173217288e-39,1.7976096340854564e-39,1.0,1.0,1.0,1.0,1.0,7.341483731763662e-39
376,-160.84465277869216,-307.61023799464135,-160.84461599966147,-307.6102431123934,-160.84464599142052,-160.93995449420675,-307.83192512460255,-307.59591069071723,-305.0599776754321,-307.61023926463906,-307.60849032031985,1.3497648172570136e-32,1.0,1.3497613633806217e-32,0.9999974411272544,1.0,1.0,1.0,0.9534666244459392,1.0,0.9534490908180341,1.0,1.2081458184369214e-32,1.2081236014251271e-32,1.0,1.0,1.0,1.0,0.9999850042329128,4.831017624638037e-32
377,-62.94309282606943,-307.3794869160394,-62.94305297109457,-307.3794860926496,-62.94245182191547,-63.35023194811066,-307.27994687545834,-307.35258525205217,-307.35259196251207,-307.379490228508,-307.35259124808033,8.342792368453301e-54,1.0,8.342795803139279e-54,1.0,1.0,1.0,1.0,0.8158134535324161,1.0,0.815797196582057,1.0,8.76851966651192e-54,8.768344933687518e-54,0.9643324407248234,0.9643292051731646,0.999996644775679,1.0,1.0,8.453029952695462e-54
378,-50.447950343857244,-302.6942131245265,-50.447949926023114,-302.6942098746984,-50.44794495765389,-52.55343101232535,-302.51646415817356,-302.64701895022563,-295.97889955529934,-302.6941304140001,-302.64701900158286,1.680428338546196e-55,1.0,1.6804310691000646e-55,1.0,1.0,1.0,1.0,0.34898011543492596,1.0,0.34898004252703213,1.0,1.836613170888171e-55,1.8366127871883718e-55,0.9368075606365978,1.0,1.0,1.0,1.0,4.826481444793878e-54
379,-117.77917600208141,-307.8014093202195,-117.77917315762055,-307.8013993245072,-117.77916989621542,-118.05532034192765,-307.1959637076909,-307.7980461016303,-303.9762267388804,-307.8014000974365,-307.7980430206,5.460046175000648e-42,1.0,5.4600734635942106e-42,1.0,1.0,1.0,1.0,0.8710358268886882,1.0,0.871034588075908,1.0,7.390386640023585e-42,7.390376129198392e-42,0.740047284413152,1.0,1.0,1.0,1.0,3.6967734232437985e-41
380,-28.414967154495685,-304.6968349141868,-28.414918032635427,-307.8014252803285,-28.414976359576244,-31.083427482237767,-309.127272738394,-309.7972690196688,-309.23514431985296,-307.80241237625165,-307.8023276143859,1.0142725943872875e-60,1.0,2.147837688375218e-61,0.21176138448980744,1.0,0.9999953974703121,1.0,0.2633608421271793,1.0,0.26335437381937143,1.0,1.1068718466644353e-61,1.1068446611962318e-61,0.7153394164266837,0.9474929423793276,1.0,0.07806472000067986,0.9999708369548415,1.0487580897732048e-61
381,-105.10042427139962,-305.43064662937064,-105.10363622183027,-305.43064700400515,-105.10363548949799,-105.11391937846197,-305.7795214021779,-305.38541773819713,-299.84801068798055,-305.43065515880147,-305.38542436680854,3.1538783343102526e-44,0.9983953136728029,3.1538777435344525e-44,0.9999998126827625,1.0,0.9983956792514289,1.0,0.9932751600923075,1.0,0.9948716169733813,1.0,2.6490352744749684e-44,2.653292977437894e-44,1.0,1.0,1.0,1.0,1.0,5.149869628509462e-43
382,-91.85460348512828,-305.200740955005,-91.8546013220687,-305.200739064572,-91.85459948259889,-91.92693222843485,-305.38395157221595,-305.1914974141513,-305.1914930725063,-305.20074721694226,-305.1914996975602,4.704081968786513e-47,1.0,4.704086415164536e-47,1.0,1.0,1.0,1.0,0.9644817469938888,1.0,0.9644807038787131,1.0,4.2923111916154746e-47,4.2923065493555835e-47,1.0,1.0,1.0,1.0,1.0,4.725874275902396e-47
383,-40.358120318647295,-305.6758706203313,-40.35811967184989,-305.6758754767097,-40.358115077411455,-41.29105546756243,-305.4880274913416,-305.6618033831736,-305.6618106449926,-305.67587761683154,-305.6588388592619,2.437712849167053e-58,1.0,2.4377069299462456e-58,0.999997571813757,1.0,1.0,1.0,0.6272139462533569,1.0,0.6272137434132139,1.0,2.6777631682560057e-58,2.677762302271034e-58,0.9167798188005912,0.9167764900620775,0.999996369097088,1.0,1.0,2.4549038852377007e-58
384,-55.76885895142922,-307.3164576456093,-55.76884106752695,-307.31645888573325,-55.76884650951504,-56.90373857499543,-307.14689888241776,-307.30948203431046,-294.9579912070159,-307.31646171209826,-307.30948859536943,2.3830490175412845e-55,1.0,2.3830475399036693e-55,0.9999993799382243,1.0,1.0,1.0,0.5669751452329942,1.0,0.5669700753916167,1.0,2.593893812332184e-55,2.5938706179641465e-55,0.9219248411433504,1.0,1.0,1.0,0.999997279009655,1.1501041309637016e-52
385,-40.367960573539534,-303.96395260687376,-40.36796037078811,-303.96395213793465,-40.36795970123242,-40.37701141437577,-303.6010143046465,-303.8844222698591,-303.88465978235087,-303.9639185982988,-303.88442316960567,5.765773849064506e-58,1.0,5.765775200963041e-58,1.0,1.0,1.0,1.0,0.9954848038679823,1.0,0.9954847029500073,1.0,6.91303339773776e-58,6.913032696924216e-58,0.8678781254859587,0.867775065657513,0.9998812508053614,1.0,1.0,5.998955394148364e-58
386,-74.42483460846645,-308.4448027594477,-74.42459640370069,-308.4441717392548,-74.42490354062762,-74.65003788029941,-308.5144194816874,-308.4438567913443,-308.443901485175,-308.4448260033949,-308.4408080319283,1.5247884318252586e-51,1.0,1.5252695938722304e-51,1.0,1.0,0.9999655345133635,1.0,0.8935065301383924,1.0,0.8934001177186441,1.0,1.472626153804657e-51,1.4724507709651085e-51,1.0,1.0,0.9999776533343323,1.0,0.9998464433275654,1.5255282910382275e-51
387,-214.67931161151935,-302.968383650086,-214.67930958084924,-302.96838112037835,-214.67930739083437,-214.75521918182744,-305.6889927376387,-307.58778034908664,-309.59138234127715,-302.96840859082243,-307.5877727126741,6.733976564769221e-20,1.0,6.733985082270695e-20,1.0,1.0,1.0,1.0,0.9627574335495647,1.0,0.9627564560286856,1.0,1.7278213797196816e-20,1.727819625402953e-20,0.3869755347217428,0.14210418377829664,0.36721748800083076,0.09929119828227347,1.0,2.4553012872654575e-21
388,-220.6867353318654,-306.9102151783047,-220.6867305223742,-301.3517916682644,-220.6867315450861,-220.75420051189272,-303.9154907967444,-304.5798026737795,-306.88305597271244,-301.3510976831505,-304.5797832757222,1.8915126325691807e-19,1.0,3.046530815463458e-18,1.0,1.0,1.0,1.0,0.966830010072289,1.0,0.9668276850948709,1.0,8.454839796996454e-19,8.454819465282133e-19,0.7173754476680021,0.22677825526444487,0.31612213102865594,1.0,0.9999994886441812,1.9173701873709406e-19
389,-59.0008088949847,-306.4473289993451,-59.00108532004302,-306.44729054141635,-59.00108041720759,-60.61556516194658,-306.1968643380092,-306.4365244966226,-306.4365225679682,-306.4473237758788,-306.43652272531466,1.852127483611484e-54,0.9998617970217532,1.8521630984472646e-54,1.0,1.0,0.9998642481036784,1.0,0.4460259550477861,1.0,0.4460876056834504,1.0,2.09922305017923e-54,2.099513209157607e-54,0.8870711556574418,0.8870720110846975,1.0,1.0,1.0,1.862414839184002e-54
390,-42.50886261933516,-306.537904301302,-45.30698838349029,-306.6731427659474,-45.306988390643596,-45.16517755333851,-306.4767518674258,-306.55922152685855,-306.67668084166286,-306.67639472467664,-306.6686029045125,4.6432500027205945e-58,0.2468281626894595,4.339657033057343e-58,0.9346162775027504,1.0,0.2468281618066412,1.0,0.26496501859754223,1.0,1.0,1.0,4.787415813043773e-58,1.9395743827931885e-57,0.9596037600082481,0.9048695519905072,0.9429616574061044,0.9893979889577379,0.9999999964233481,1.7550618090875662e-57
391,-186.9404195893382,-309.3304732537688,-186.9404128311142,-309.33047961530974,-186.94041006225763,-187.11829043707527,-309.44904650077626,-301.7441051546837,-308.53209068418437,-290.6224690026154,-309.32540054173353,2.6505593113744826e-27,1.0,2.650550880567079e-27,0.9999968192345814,1.0,1.0,1.0,0.9149046526700112,1.0,0.9149015611099423,1.0,2.4979841213056902e-27,2.4979756803518234e-27,1.0,1.0,0.03357435442014757,1.0,1.0,3.950954518114329e-27
392,-97.19683435395851,-304.99795470976017,-97.4744810032321,-304.99763135340294,-97.47426902382786,-97.47392550676437,-304.6347272218133,-304.9574879002126,-304.95749058680235,-304.99795744067967,-305.1622317176543,7.525927808350457e-46,0.8703817898937786,7.527144685019397e-46,1.0,1.0,0.8704740462894482,1.0,0.8706235704742182,1.0,1.0,1.0,9.02472329394928e-46,1.0368694978155045e-45,0.8509683529274268,0.8509672098267601,0.9999986567060188,1.0,1.0,8.822484293066379e-46
393,-106.76507804810123,-307.41290723806827,-106.76507377688878,-307.41289342608536,-106.76506908007822,-107.82641699575376,-306.77386603524906,-307.4061374813451,-302.5382192026673,-307.41289248281714,-307.4061284097026,2.6907756472539896e-44,1.0,2.690794229791794e-44,1.0,1.0,1.0,1.0,0.5882110459326777,1.0,0.5882097897468486,1.0,3.7037658456336393e-44,3.7037579358567357e-44,0.7289605067114541,1.0,1.0,1.0,1.0,3.0789355526077283e-43
394,-102.44752418088638,-303.9609264347207,-102.4475171216236,-304.6765694451916,-102.44751242591569,-103.4442797903161,-304.3875605899503,-304.67136870642616,-300.44792301458017,-304.6850378803727,-304.6713611410545,1.7455033465768474e-44,1.0,1.2204522168158677e-44,0.6991978670274824,1.0,1.0,1.0,0.6075153693688509,1.0,0.6075132250673204,1.0,1.4101920308458882e-44,1.410187053396625e-44,0.8677045015913384,1.0,1.0,0.7010184057640971,1.0,1.0110139158772833e-43
395,-73.98332280541126,-308.79767619679774,-76.78217965196782,-308.9678640576606,-76.7815937428772,-76.65825912508365,-308.9714255601134,-308.79936542948735,-286.40291206561255,-308.9780052630786,-308.9849845243178,1.024969695721029e-51,0.24673795331512577,9.413588302650168e-52,0.9184260121981558,1.0,0.24681024690890094,1.0,0.26250945991294805,1.0,1.0,1.0,9.396839960476792e-52,3.808429077984376e-51,1.0,1.0,1.0,0.9991557402431775,1.0,3.0290684086575253e-46
396,-85.12598172444058,-304.61601300711743,-85.12598169325823,-304.6160108981633,-85.11424659037506,-85.12590658629148,-303.6757028308566,-304.594156833974,-303.98168343489675,-304.6159969157627,-304.59415562700343,2.1794418728115218e-48,1.0,2.179444170984177e-48,1.0,1.0,1.0,1.0,1.0,1.0,1.0,1.0,3.4876351898336125e-48,3.487635135457297e-48,0.6317718154339084,0.8581380439765656,1.0,1.0,1.0,2.975362979447576e-48
397,-71.78911311343498,-304.07792685666135,-71.7893915951528,-304.07791069911127,-71.78938765263086,-72.27581448217161,-303.9580052776191,-304.10981524970737,-304.08019783882673,-304.1117893534522,-304.10980796801266,3.623472684405993e-51,0.9998607688346516,3.623501957744902e-51,1.0,1.0,0.9998627398230975,1.0,0.783996530230194,1.0,0.784105702180865,1.0,3.847384860950578e-51,3.847920611421486e-51,0.9269042712171585,0.9407326611069639,1.0,0.9841822393138748,1.0,3.619857460820156e-51
398,-67.61246458216696,-306.98196416015116,-67.61246267611844,-307.03699461155384,-67.61246136984799,-67.64780797837493,-307.1292568225435,-307.01322958051105,-307.013230949698,-307.03699675368387,-307.01323681891733,1.0509295378605438e-52,1.0,1.0224071735473554e-52,0.9728598699668664,1.0,1.0,1.0,0.9824835306229185,1.0,0.9824825942927228,1.0,9.76313744694791e-53,9.763128142445442e-53,1.0,1.0,0.9999993154067467,0.984488846389988,1.0,1.0346260382901042e-52
399,-120.41775882677064,-312.61758815063513,-120.47572352023722,-312.61750678421924,-120.47572384923663,-120.47572126382262,-312.6774986435873,-312.61955601267624,-304.91381648368633,-312.61995802030475,-312.619227713676,1.8379654824712386e-42,0.9714336132919009,1.8380402583242088e-42,1.0,1.0,0.9714334534913734,1.0,0.9714347092710148,1.0,1.0,1.0,1.783725219483569e-42,1.8361781958924282e-42,1.0,1.0,1.0,0.9990165528808487,0.9999998355003108,8.907935382813016e-41
400,-315.48358929981623,-314.9722183976154,-315.4834970779755,-314.9722051936541,-315.48357305534734,-315.5313374690939,-305.07876169009893,-314.60724861218785,-311.9340547039805,-314.972085657752,-314.60724644060735,1.0,1.0,1.0,1.0,1.0,1.0,0.7743918023640911,0.9764086468653275,0.756116710507791,0.9763636248019939,0.7561117186563708,1.0,1.0,0.0085293385790276,0.032463252978123816,1.0,1.0,0.9999620120356574,1.0
401,-316.90590163573734,-316.39532219377685,-316.905635536531,-316.39528529800043,-316.905876984583,-316.99607974275864,-308.8426356090878,-316.29608639403966,-313.8790490435798,-316.3953109237336,-316.3099172633025,1.0,1.0,1.0,1.0,1.0,1.0,0.7747015694982344,0.955912350691839,0.740537670773262,0.9557851753934188,0.740524009543108,1.0,1.0,0.02407153173623422,0.0806040230256154,1.0,1.0,0.9998792832608476,1.0
402,-319.03482088731414,-318.52302981139985,-319.0347648569926,-318.5229873108434,-319.0347618426516,-319.64625083089277,-312.22215376287824,-318.49181991683565,-316.1261231495591,-318.5229757542099,-318.4917729384272,1.0,1.0,1.0,1.0,1.0,1.0,0.7742456986683502,0.7365965403318815,0.5702898664710689,0.7365759047504302,0.5702777477815018,1.0,1.0,0.04350701554569433,0.1419919812081652,1.0,1.0,1.0,1.0
403,-319.007676354513,-318.49616288508366,-319.00763190018745,-318.49611702472436,-319.00759095952594,-322.3002099255872,-314.61916556236787,-318.4606647684494,-316.0901632692818,-318.4961028460047,-318.4606194816464,1.0,1.0,1.0,1.0,1.0,1.0,0.7743633762365122,0.19276821207339587,0.14926627010056354,0.19276392743058376,0.14926284743741516,1.0,1.0,0.1464971062850203,0.47926631567274414,1.0,1.0,1.0,1.0
404,-318.98925308954824,-318.4773570124158,-319.2248161605156,-318.47737895774407,-318.989277698904,-319.18375385249726,-312.86499674785586,-318.4321698319977,-316.04620260786686,-318.47737427448044,-318.4321951537598,1.0,0.8888902223767308,1.0,0.9999890273960569,1.0,0.9999876953978212,0.7741726693600657,0.9073287993676264,0.7024378018114055,1.0,0.7024455094677726,1.0,1.0,0.06181640219350784,0.20380269592254754,1.0,1.0,1.0,1.0
405,-319.19933431516074,-318.6879133311207,-319.19924990326547,-318.6878598543351,-319.1992289374898,-319.95725426683845,-312.70540276011894,-318.6620712156526,-316.3021657026937,-318.68777697456204,-318.6620164632134,1.0,1.0,1.0,1.0,1.0,1.0,0.7744069230393305,0.6845730115784974,0.5301101478700758,0.6845441191355381,0.530095973766217,1.0,1.0,0.050877513666245176,0.1655666458465886,1.0,1.0,1.0,1.0
406,-316.87030416177873,-316.35854997477384,-316.8699714102241,-316.35853493478993,-316.87029752477565,-316.83337649276274,-308.352169598632,-316.2152089990052,-313.73694042681933,-316.358550187996,-316.21521017494655,1.0,1.0,1.0,1.0,1.0,1.0,0.7742396910289217,1.0,0.7886652976351615,1.0,0.7886593669007687,1.0,1.0,0.019613842732153823,0.0677192081968941,1.0,1.0,0.9998369560173304,1.0
407,-316.97312113538953,-316.4618586564325,-316.97311010203305,-316.4618655133353,-317.2176821271397,-317.1638734414274,-309.7714989511071,-316.3321350065143,-313.86646661340706,-316.4618685648327,-316.3321446874105,1.0,1.0,1.0,0.9999965715544984,1.0,0.8849001228539887,0.6852909849629926,0.9090309354196026,0.7039785496767512,0.9090259206022514,0.7039809632371179,1.0,1.0,0.037616291881763055,0.12905923020127166,1.0,1.0,0.884895241158199,1.0
408,-318.2586262251028,-317.74752585614823,-318.5635501235685,-318.052461863941,-318.5610428948642,-318.5172502070707,-312.30515390230977,-317.69735011440446,-315.30805806920335,-318.0499547413568,-317.6973744467819,1.0,0.8585915634024787,1.0,0.8585863649352026,1.0,0.8596685810503378,0.6658049498973274,0.8786997763677056,0.6805444254627655,1.0,0.7926336280848418,1.0,1.0,0.06746825378399222,0.2228063916627174,1.0,1.0,1.0,1.0
409,-315.5905093475487,-315.0789368409099,-315.5905036757211,-315.0788768279592,-315.59039526591084,-315.88499174609956,-305.7419038121141,-314.800118696213,-312.20289856821876,-315.0789003120474,-314.8001152618127,1.0,1.0,1.0,1.0,1.0,1.0,0.774351625145127,0.8630857766444205,0.6682937526741026,0.8630833290110351,0.6682736998349605,1.0,1.0,0.010790302746427073,0.03953782864885006,1.0,1.0,1.0,1.0
410,-320.5018700950219,-319.989945532863,-320.50187757396753,-319.9899484791422,-320.5018732608158,-320.50085812623445,-315.225244984545,-319.98248407294534,-317.6393206491304,-319.98995119037534,-319.98249259308466,1.0,0.9999962605341751,1.0,0.99999852686148,1.0,0.9999984171043104,0.7741699437101469,1.0,0.7745629867904604,1.0,0.7745641278307132,1.0,1.0,0.09267842771732104,0.2990818993308306,1.0,1.0,1.0,1.0
411,-317.2812349301985,-316.7695141369335,-317.2812046535808,-316.76951970038,-317.28124087077055,-317.3285806266539,-309.252672923605,-316.62728949946035,-314.1476601463499,-316.76952170468655,-316.6272971659571,1.0,1.0,1.0,0.9999972182806155,1.0,0.9999970297183781,0.7742477494213398,0.9766051556089125,0.7561365897420939,0.9765903715703557,0.7561386931077538,1.0,1.0,0.02503931002786348,0.08651014303725901,1.0,1.0,0.9999818915690871,1.0
412,-319.2904603799607,-318.77983345181747,-319.94134048894,-319.4306058318139,-319.94120057443547,-319.9225796745665,-315.6556356850637,-318.76373218068807,-316.22444418946094,-319.430466017195,-319.42792497316975,1.0,0.7222094721839101,0.9323260131671032,0.7222483746775605,1.0,0.7222599977414378,0.5595157724831982,0.7290159650346502,0.5647494421738267,1.0,0.7819324514588941,1.0,1.0,0.21139047827937188,0.7524623986352464,1.0,1.0,1.0,1.0
413,-316.5938953087551,-316.08239078989845,-316.59388863456894,-316.0823905576118,-316.59383906661054,-317.92334998598625,-307.5134081517893,-315.87147172134405,-313.33115510111634,-316.0823840325539,-315.87146437971745,1.0,1.0,1.0,1.0,1.0,1.0,0.7743555543270887,0.5144137693570481,0.39832795795716386,0.514412052713277,0.39832791169403264,1.0,1.0,0.015313326987671776,0.054537132738561,1.0,1.0,1.0,1.0
414,-316.63708015015993,-316.1259446994694,-317.3853984918541,-316.87438261161793,-317.38004749772165,-317.3012092216383,-310.9183211417743,-315.9679857153527,-314.4881991876516,-316.8690319944217,-316.8522774585855,1.0,0.6878674146757513,0.8881174948441601,0.6878262915953941,1.0,0.6897102660981578,0.5341645191763873,0.7174410207737871,0.5556413420769727,1.0,0.8078221912514831,1.0,1.0,0.08007174074940068,0.16780729308382542,1.0,1.0,1.0,1.0
415,-317.07809459743055,-316.5663833624202,-317.07809314337317,-316.5662813412113,-317.0780803514755,-317.0418942247372,-308.0153328780549,-316.39077499066207,-313.88163334549506,-316.5663817737433,-316.3907744591946,1.0,1.0,1.0,1.0,1.0,1.0,0.774259264422144,1.0,0.7883954844874737,1.0,0.7883552689829916,1.0,1.0,0.015180841765132005,0.053229089672443476,1.0,1.0,1.0,1.0
416,-319.0306705428198,-318.51882801625254,-319.0303978683226,-318.51878977654724,-319.0306087617044,-319.5973018439431,-311.8120975417528,-318.4754642462918,-316.09750801427657,-318.5187871089903,-318.47543423317836,1.0,1.0,1.0,1.0,1.0,1.0,0.7742268405180738,0.7532819764500833,0.5831931092075184,0.7531792830586272,0.5831819587478003,1.0,1.0,0.03573290334757452,0.11733698900300454,1.0,1.0,0.9998945588684115,1.0
417,-317.77698850386787,-317.26537500855113,-319.6681521822192,-319.1563720165875,-319.6673251579925,-319.5426625347772,-315.65195243561703,-317.16271811363174,-316.8107840557575,-319.15554626237906,-319.1546445713729,1.0,0.3884534876790343,0.5017307005302695,0.38848586086049863,1.0,0.3886141511175196,0.3009006681869439,0.41360783379601906,0.3202530664379756,1.0,0.8243622193317741,1.0,1.0,0.4698307107726726,0.5602255491119131,1.0,1.0,1.0,1.0
418,-315.796553210438,-315.2851252943912,-316.6262514099265,-315.28512552685675,-316.54135395858987,-316.3058172161013,-308.628078424985,-314.96580460412986,-313.55819148684805,-316.02986687312136,-316.0429782159409,1.0,0.6604399337408622,1.0,0.9999998837672376,1.0,0.6890782982005415,0.5335970397455632,0.7752017175148201,0.6002878667805638,1.0,0.600287936553689,1.0,1.0,0.04205137938838513,0.08500403687848365,1.0,1.0,1.0,1.0
419,-315.1597615050724,-314.6482774553179,-315.15975503584406,-314.64773078716485,-315.15953548611316,-315.0291622359952,-304.9644054214002,-314.2610339193582,-311.5697434894675,-314.6480833079572,-314.2610341087158,1.0,1.0,1.0,1.0,1.0,1.0,0.7744292168217216,1.0,0.8265933761218675,1.0,0.8263674708599534,1.0,1.0,0.009577734004269858,0.03678485622847254,1.0,1.0,1.0,1.0
420,-315.78535287736577,-315.27413246250586,-316.63694181336007,-315.27413696616026,-316.580619982588,-316.34934003533033,-309.0905793539823,-314.9884046961423,-313.63897516285374,-316.0695885032744,-316.0759666916151,1.0,0.6532505922264396,1.0,0.9999977481753378,1.0,0.671908201560389,0.5203551290409167,0.7542785277533317,0.5841463160151673,1.0,0.5841476314132102,1.0,1.0,0.052396647375794955,0.10287939445597843,1.0,1.0,1.0,1.0
421,-315.01389004503903,-314.5024291180362,-315.0138856581091,-314.50242223358043,-315.0138268304254,-314.9137298870569,-302.1399832588885,-314.06700791370145,-311.3303655543367,-314.50242127412633,-314.0670102194834,1.0,1.0,1.0,1.0,1.0,1.0,0.7743751319567217,1.0,0.8141176546759994,1.0,0.8141148523023235,1.0,1.0,0.002570866371356313,0.010100289949011057,1.0,1.0,1.0,1.0
422,-315.0739908641667,-314.5630143148608,-317.29292371269526,-316.7812593796168,-317.2829611752394,-316.86752683667356,-312.48267075291767,-314.1707894264111,-312.9796451295976,-316.772783120969,-316.7799778689253,1.0,0.32973485266187974,0.42586441512594153,0.32984826530205763,1.0,0.3313814482347188,0.25666759647241366,0.4078858242550124,0.3159231595624817,1.0,0.9577832985514596,1.0,1.0,0.42996161713873826,0.7799798536078393,1.0,1.0,1.0,1.0
423,-317.7723102734761,-317.26106634207736,-317.7722392829159,-317.26102194110194,-317.7722912660169,-317.8010600356381,-309.58455914873406,-317.1721103838237,-314.75001030001846,-317.2610604904051,-317.1721070594628,1.0,1.0,1.0,1.0,1.0,1.0,0.7744420363859948,0.9857279442318445,0.7633819014438529,0.9856929561633332,0.7633649541814542,1.0,1.0,0.02251045035124058,0.07556775744117819,1.0,1.0,0.9999740087872763,1.0
424,-314.9748970368746,-314.463412178752,-315.6542247664392,-315.1424975929835,-315.4612303909976,-315.2599119861301,-306.373955938233,-314.00675778280186,-312.2841734266971,-314.46341855466875,-314.9691130424715,1.0,0.7120096140498686,0.9196149050331518,0.7120958846993315,1.0,0.7841408045936288,0.6071926813276436,0.8671810724123354,0.6714941978150255,1.0,0.9429828373443706,1.0,1.0,0.022006862943698503,0.0520729976299264,1.0,1.0,1.0,1.0
425,-321.1268280332062,-320.61489556850825,-321.84592835930795,-321.33482521177245,-321.8459522098539,-321.842670566456,-319.20966735090224,-320.6120702189574,-318.96060238110334,-321.33479473727357,-321.33446766823323,1.0,0.6979902372601638,0.901226568795839,0.6977008696172001,1.0,0.6979819135856742,0.5403553389870398,0.6991281175559874,0.5412426935486288,1.0,0.7757517829174936,1.0,1.0,0.4959890475628206,1.0,1.0,1.0,0.9999880747981198,1.0
426,-316.23740213537883,-315.72576549768775,-316.23701060392335,-315.72576947501545,-316.2374073563627,-316.3645613561468,-307.7945554118173,-315.46086625268873,-312.8699380194623,-315.72577165001354,-315.46087237904175,1.0,1.0,1.0,0.9999980113381234,1.0,0.9999973895114603,0.7742806073201539,0.938399409989527,0.7265863618209356,0.9382157215266602,0.726587806758407,1.0,1.0,0.021641220629279066,0.07904868869028003,1.0,1.0,0.9998016434555754,1.0
427,-316.3221589183084,-315.81052932831176,-316.3221358843711,-315.8102009591964,-316.32211649811313,-316.27672310423395,-306.75234068523605,-315.56676167766295,-312.9965434973654,-315.8105268066849,-315.56676238511983,1.0,1.0,1.0,1.0,1.0,1.0,0.7743017798767623,1.0,0.7920768270976625,1.0,0.7919467909894016,1.0,1.0,0.012189132581631835,0.044064473706903716,1.0,1.0,1.0,1.0
428,-317.4329564767636,-316.9212205971199,-317.4329242951769,-316.921215817461,-317.43295037273646,-317.40474716657917,-309.1345614575979,-316.81352316651635,-314.3692162603367,-316.92121148688415,-316.81352308325114,1.0,1.0,1.0,1.0,1.0,1.0,0.7742465718767664,1.0,0.7852420343338453,1.0,0.785240157741562,1.0,1.0,0.021504762549277433,0.07299769589825962,1.0,1.0,0.9999869613052349,1.0
429,-315.6970922506605,-315.18564562825253,-317.75087653118425,-317.23927312010744,-317.73751706235026,-317.41219435494617,-312.1403589032243,-314.851781837676,-314.8721712122258,-317.2259166542221,-317.2310683925738,1.0,0.35811821404364835,0.46250845795644535,0.3581462895831503,1.0,0.3605183558339173,0.2791696221924974,0.4241996541535784,0.32848163004159947,1.0,0.9171716686606535,1.0,1.0,0.257763838674949,0.25514936645604125,0.9898571024068091,1.0,1.0,1.0
430,-315.40666243125287,-314.89513300560003,-315.4066568117461,-314.89458009339745,-315.40665157114586,-315.80827052759446,-304.9094709442707,-314.5040591653971,-311.8051814595618,-314.89506606674473,-314.50405649235364,1.0,1.0,1.0,1.0,1.0,1.0,0.7743283405308912,0.8180727186947181,0.6334534510050045,0.818070420115347,0.6332783531381434,1.0,1.0,0.00825204599025651,0.031813795654893395,1.0,1.0,1.0,1.0
431,-318.6874985930109,-318.1757454017748,-318.6874877041412,-318.17572415211424,-318.6874833077048,-318.76554771400566,-311.0457703327708,-318.12361208271693,-315.733375065658,-318.1757271150441,-318.1236016351732,1.0,1.0,1.0,1.0,1.0,1.0,0.7742434244495231,0.9617270883606636,0.744605183497399,0.9617218523144295,0.7445972722357257,1.0,1.0,0.02904465298881126,0.09596206072158156,1.0,1.0,1.0,1.0
432,-315.03248173067504,-314.5209891657114,-317.09716257633943,-316.58530419813115,-317.08349319520556,-316.64034938768447,-311.05628485349575,-314.0878639121154,-314.17025309175364,-316.5716382673035,-316.5710428186846,1.0,0.3561723903319511,0.46005407883321003,0.35623754257903517,1.0,0.35861505633281227,0.27768941147929477,0.44756485316013794,0.34656665546555876,1.0,0.9728527009156237,1.0,1.0,0.21963470833469487,0.21077077316990278,0.9596423751418901,1.0,1.0,1.0
433,-317.9037871491425,-317.3932384304686,-318.3948025685859,-317.8841754038712,-318.3934342714205,-318.3560576152465,-312.7676249203343,-317.3463688820723,-315.5266710545056,-317.88302491179803,-317.3478546491817,1.0,0.7823072524000657,1.0,0.7823379374551575,1.0,0.7828426499228592,0.6064712708494954,0.7976102311061316,0.6179117739039404,1.0,0.7898271888922148,1.0,1.0,0.10133007910359111,0.2516985677694647,1.0,1.0,1.0,1.0
434,-316.6127338523931,-316.1011225834222,-316.61260193982747,-316.1011286896056,-317.00542016931297,-316.8862158195338,-309.0607279785404,-315.89218200371215,-314.006005296629,-316.10113236178915,-315.892190028396,1.0,1.0,1.0,0.9999969469129435,1.0,0.8217302026192944,0.6362594917577413,0.8721961099993982,0.675334862820419,0.8721385850831866,0.6753369246828425,1.0,1.0,0.032852513826325945,0.08436196260147773,1.0,1.0,0.8216760061369754,1.0
435,-316.0450096633059,-315.5339663024477,-316.04489748467995,-315.339499942063,-316.0449322930574,-317.55278880227684,-308.0929354718267,-315.3926052750394,-312.9245312244941,-315.53399599102073,-315.39259138481884,1.0,1.0,1.0,1.0,1.0,1.0,0.774542307304358,0.47053281874126474,0.3644334766632582,0.4705064276188654,0.3306666766721318,1.0,1.0,0.025995420226611953,0.08929606327537881,1.0,1.0,0.9999825959627271,1.0
436,-317.36051313343495,-316.8494134068838,-317.36039726839545,-316.8178614676516,-317.3605058397375,-317.3777336862319,-310.3539153840946,-316.75528197511005,-314.389277737979,-316.84743879011313,-316.7883096206216,1.0,1.0,1.0,1.0,1.0,1.0,0.7744933414184942,0.9914266858701525,0.7678505664710837,0.9913692516877601,0.7558320305580472,1.0,1.0,0.0407343608611244,0.13296342654737683,1.0,1.0,0.9999457158023993,1.0
437,-317.2749465866614,-316.7631880472407,-317.27469689310783,-316.7631776173582,-317.27492381382996,-317.84845241082945,-308.7042428498931,-316.6300470920493,-314.16210938292085,-316.7631687700443,-316.63003681501834,1.0,1.0,1.0,1.0,1.0,1.0,0.7742442526352094,0.7506971941282223,0.5812163700142718,0.7506034778534135,0.5812133390129579,1.0,1.0,0.0190078710259073,0.06528889838873349,1.0,1.0,0.9998865460753196,1.0
438,-315.37543268860827,-314.8636768418397,-315.37541100572537,-314.86360177762424,-315.37528614206997,-315.2596713501937,-305.1333065655267,-314.4833982883029,-311.7933799128625,-314.86385863070427,-314.4833993575882,1.0,1.0,1.0,1.0,1.0,1.0,0.774293212108931,1.0,0.8203721057313492,1.0,0.8203413160148951,1.0,1.0,0.009325097466007638,0.03579179242727656,1.0,1.0,1.0,1.0
439,-317.00870753598224,-316.4969562803654,-318.0260496782603,-317.51413861453864,-318.01804138945835,-317.9014568162006,-311.6727639142529,-316.33330201490014,-313.8333316867413,-317.50612924132054,-317.49510690504565,1.0,0.6012941252059925,0.7766887878559117,0.6013421729628596,1.0,0.6037066204771575,0.46741276128367004,0.6399439784643385,0.49546911015230766,1.0,0.8239387364287002,1.0,1.0,0.09726957315850289,0.339499132829565,1.0,1.0,1.0,1.0
440,-316.84722117632907,-316.3355351579063,-316.8471812849739,-316.3355259547905,-316.84718473827036,-318.5100087977897,-308.791097609717,-316.15307332270396,-303.22803166851145,-316.33549124330364,-316.15306507017357,1.0,1.0,1.0,1.0,1.0,1.0,0.7742776179488666,0.4354419395088961,0.33714680513448675,0.43543325441097536,0.33714525373751475,1.0,1.0,0.025198070458751436,1.0,1.0,1.0,0.9999982733532548,1.0
441,-316.8314843253448,-316.31975183360106,-316.8314760171156,-316.31976670476826,-316.8314461476016,-317.8354947267057,-308.1354903132589,-316.1358732326985,-303.2313200408599,-316.3197526328313,-316.1358656324056,1.0,1.0,1.0,0.9999925644440462,1.0,1.0,0.7742603000158017,0.605315662584701,0.46866294018501986,0.6053131480393059,0.4686664249804464,1.0,1.0,0.018312132517319973,1.0,1.0,1.0,1.0,1.0
442,-316.8705629612867,-316.35891611807165,-316.8704273648726,-316.3589207112793,-316.87056920629504,-316.968219210603,-308.94223171064095,-316.2009121995495,-313.7084601403005,-316.3589228288798,-316.20091938937475,1.0,1.0,1.0,0.9999977033987986,1.0,0.9999968775006927,0.7742762599215735,0.9523448002207144,0.737380272540043,0.9522802351395109,0.7373819660123521,1.0,1.0,0.026533684380826164,0.09226280345704725,1.0,1.0,0.9999290818036046,1.0
443,-321.0800455582259,-320.56813117310105,-321.0799493694276,-320.5681202768894,-321.08002873899,-321.07929149982044,-315.9372828247536,-320.56205520628106,-314.598309194925,-320.56811819236196,-320.5620481962459,1.0,1.0,1.0,1.0,1.0,1.0,0.7741816190798274,1.0,0.7744670501913109,1.0,0.7744628308243469,1.0,1.0,0.09902467764547448,1.0,1.0,1.0,0.9999603160062307,1.0
444,-314.77112514936255,-314.25990106222775,-314.771099373412,-314.25988126888257,-314.7710537012424,-314.617416677582,-304.58544431262817,-313.7949677446419,-311.03626020254706,-314.25987766725376,-313.7949694768595,1.0,1.0,1.0,1.0,1.0,1.0,0.7744700271340378,1.0,0.8363084223507384,1.0,0.8363001457210502,1.0,1.0,0.010004085534164514,0.03973956671312929,1.0,1.0,1.0,1.0
445,-316.50573690683126,-315.9940658668505,-316.5057293835299,-315.99405852559073,-316.5057054493016,-317.93654045097696,-308.0149521881223,-315.78891964416744,-313.2533729838497,-315.99402562593804,-315.7889126901002,1.0,1.0,1.0,1.0,1.0,1.0,0.77428148853866,0.4889956075451559,0.3786142917169433,0.4889937681179586,0.37861290196655634,1.0,1.0,0.020507107860663384,0.072860370824684,1.0,1.0,1.0,1.0
446,-315.526436689971,-315.01556452522414,-315.52641899619596,-315.01555506884796,-315.52631379922826,-316.23495749461273,-306.16614920445926,-314.74890900621267,-312.2003575332409,-315.0155153661085,-314.7664052595876,1.0,1.0,1.0,1.0,1.0,1.0,0.7746262399415274,0.7016922212797142,0.5435158094093229,0.7016860135150251,0.5435132395704225,1.0,1.0,0.0136860269008876,0.04894274348576289,1.0,1.0,1.0,1.0
447,-317.2417636831731,-316.7300441432549,-318.2519153876722,-317.7400581218416,-318.24406002594685,-318.11888459182705,-312.02699170693444,-316.58168486668984,-315.36259703489503,-317.73220354078865,-317.72344574558264,1.0,0.6034597999076232,0.7794652125877153,0.6035013573642595,1.0,0.6058346582048512,0.46906780785139335,0.6449642085623781,0.49936388312513513,1.0,0.8274445070116565,1.0,1.0,0.10255597007957021,0.1886611624850215,1.0,1.0,1.0,1.0
448,-315.25867921322236,-314.74722572528935,-316.37509995415405,-315.8634609719287,-316.2507860454486,-315.95550051679334,-308.24818954650885,-314.34470342743117,-313.2645266643326,-315.73914453387357,-315.78861789638194,1.0,0.5722322317323068,0.7390491293780965,0.5722853071000022,1.0,0.6089291135777493,0.47152641267464634,0.7058089749784417,0.5465456759814793,1.0,0.955023078874843,1.0,1.0,0.04744154580215072,0.08141721361064731,1.0,1.0,1.0,1.0
449,-318.7479023407106,-318.2363178425059,-318.74787974204884,-318.23630413142905,-318.7478853665364,-318.8235282731366,-311.32227507864303,-318.192198884478,-315.81453657214456,-318.23629736623474,-318.19218458524597,1.0,1.0,1.0,1.0,1.0,1.0,0.7743093857917912,0.9628930175780055,0.7455707732730958,0.9628821375926672,0.7455656620015274,1.0,1.0,0.032226637949415764,0.10580783084478672,1.0,1.0,0.9999971877601619,1.0
450,-316.9902635647149,-316.4785196830484,-316.99023937884556,-316.4785268344586,-317.4230116351031,-317.3388394198425,-309.92144183458083,-316.3101202635136,-313.8063637662237,-316.91114969974956,-316.3101300741297,1.0,1.0,1.0,0.9999964243012848,1.0,0.805433984868551,0.6236001033749061,0.8400549878477457,0.6504051071894548,0.8400448291790845,0.6504074328504768,1.0,1.0,0.04099360440914483,0.14335073407305113,1.0,1.0,0.8054242448668855,1.0
451,-314.6320624364178,-314.1206173998587,-314.63205569950406,-314.18379016775276,-314.63205724274263,-314.92646881379596,-306.16696122621374,-313.6899650028944,-311.67203241766197,-314.10200196543406,-313.73673692979855,1.0,1.0,1.0,0.9689072548055766,1.0,1.0,0.7743588197248125,0.8631185836643777,0.6683617520997245,0.8631156762915485,0.6898098334848775,1.0,1.0,0.023248797043768095,0.06376597132556124,1.0,1.0,0.9999992283810136,1.0
452,-317.84182225907426,-317.33001886995294,-317.8418133414213,-317.3298891377332,-317.84180994758395,-317.9921922609441,-309.64774365415667,-317.24805267154096,-314.82905984544055,-317.3300078267727,-317.2480446174818,1.0,1.0,1.0,1.0,1.0,1.0,0.7742228408031926,0.9275718687914187,0.7181429065864946,0.9275677329186274,0.7180963249606067,1.0,1.0,0.02236731564447807,0.07497068596553531,1.0,1.0,1.0,1.0
453,-315.1467919416,-314.6356668046462,-318.02241766883674,-317.5112540600221,-318.0191665480442,-317.59370958373967,-313.9913866755213,-314.26542126866303,-315.1561885260004,-317.5083112215588,-317.51024085401417,1.0,0.23744651909604564,0.30659394573178445,0.2374510866446934,1.0,0.23783281664365194,0.18419692083942105,0.29421078255255473,0.22786056604263633,1.0,0.9596105423749537,1.0,1.0,0.8719551441677384,0.558555704905646,0.6405784846177782,1.0,1.0,1.0
454,-316.46687450867626,-315.9553895329145,-320.74803922046755,-320.2355484925236,-320.7479687557358,-319.8793220940785,-318.48151537741614,-315.7250152862876,-317.1295870420323,-317.7376780498954,-320.23549956114334,1.0,0.11758634597705896,0.15192975669991624,0.11764549220945779,1.0,0.11759048889520256,0.09105517737747103,0.18155007051778857,0.14058172586238857,1.0,1.0,0.365196236958919,1.0,1.0,1.0,0.49545146683385555,1.0,1.0,1.0
455,-316.8611879684948,-316.3496733742271,-316.86118542086854,-316.34952099396844,-316.86108968242974,-316.9167766243034,-307.6589346204097,-316.1715202995732,-313.6604089505996,-316.34966803205776,-316.1715181576838,1.0,1.0,1.0,1.0,1.0,1.0,0.7743679319224441,0.9725883805223939,0.7531042421012573,0.9725871416273376,0.7530468651774546,1.0,1.0,0.014174753212372812,0.049750380603013934,1.0,1.0,1.0,1.0
456,-318.29814889728914,-317.78734397452223,-318.2980874363742,-317.78664229527396,-318.29812401229765,-318.46801316813884,-310.89245235451557,-317.7433122747095,-315.37164693728863,-317.7873172408389,-317.74329427665214,1.0,1.0,1.0,1.0,1.0,1.0,0.774614324820925,0.9185746209626062,0.711532206523056,0.9185463931780146,0.7112826166167355,1.0,1.0,0.03253528910528422,0.10650138476951515,1.0,1.0,0.999981712205501,1.0
457,-317.5211703024467,-317.0094332047048,-319.4636545498418,-318.951886612843,-319.46242357769285,-319.31782993244985,-315.2875334922853,-316.88570698927936,-316.61726244171666,-318.9506575943294,-318.94973554566434,1.0,0.3786124623955535,0.48901693647044897,0.3786183005040624,1.0,0.37884556482207266,0.2933188059737122,0.4072492736696247,0.3153101996654972,1.0,0.8327917568847524,1.0,1.0,0.44973950190262635,0.514343229495768,1.0,1.0,1.0,1.0
458,-317.72981964409144,-317.2180989054814,-317.7298106402984,-317.21809195047183,-317.72980440969314,-317.85980621974403,-309.46372677125726,-317.13051417431177,-314.7068208567342,-317.21808852854093,-317.13050675992554,1.0,1.0,1.0,1.0,1.0,1.0,0.774255967959765,0.9370737531580978,0.7255294192779923,0.9370695345585324,0.725526896250358,1.0,1.0,0.02163606454992745,0.07269032076329505,1.0,1.0,1.0,1.0
459,-315.15056143929945,-314.6390885546159,-315.1498795903934,-314.6390683590503,-315.15055488084494,-315.17673799170984,-304.5837650805122,-314.2439648383046,-311.5448836234972,-314.6390300114025,-314.24396220652744,1.0,1.0,1.0,1.0,1.0,1.0,0.7743485659867756,0.9869970028245458,0.7642772075276719,0.9866605687637898,0.7642694900614028,1.0,1.0,0.007985723620861666,0.030790186143146703,1.0,1.0,0.9996624117699787,1.0
460,-316.6697013730736,-316.158244837644,-320.8873763374433,-320.3770530207698,-320.88698903006275,-320.0629778289961,-318.7712515691466,-315.9554764658941,-317.2064093430121,-318.4068334723565,-320.3770121486152,1.0,0.12137898968437306,0.15666025115672472,0.12131023469097224,1.0,0.12140249744975654,0.0940083100145595,0.1832986978735453,0.1419377786860832,1.0,1.0,0.3496666181390395,1.0,1.0,1.0,0.5350118201675804,1.0,1.0,1.0
461,-316.35446584597867,-315.84317058078847,-316.35446471074096,-315.84316799978217,-316.35447217029514,-316.55662189904456,-308.7895348783865,-315.64569169210915,-313.60779328040076,-316.0979946696146,-315.6456983076025,1.0,1.0,1.0,1.0,1.0,0.9999968378467631,0.7744123504360099,0.9038625048768566,0.6999645002676763,0.9038619918276021,0.6999635969618669,1.0,1.0,0.03244923512911431,0.08989353970325276,1.0,1.0,0.999996270229864,1.0
462,-315.832216473496,-315.32081087012216,-315.83220688421676,-315.3207869914056,-315.8322101343019,-315.76046687852545,-306.26727959819186,-315.02651909559825,-312.4137951590286,-315.3208093033714,-315.02652149677493,1.0,1.0,1.0,1.0,1.0,1.0,0.7743745311229501,1.0,0.8026568396947876,1.0,0.8026472565444162,1.0,1.0,0.01253012231057519,0.046270170997803436,1.0,1.0,0.999998374958763,1.0
463,-316.0968596911626,-315.58573717858616,-316.7593435554151,-316.24844522267614,-316.72007265672767,-316.54005536451814,-309.2994682295982,-315.3447824428907,-312.779874817631,-316.20917756151243,-316.1988838772469,1.0,0.7180314331539263,0.9270082945174726,0.7179509535794975,1.0,0.7322696322457631,0.567129424685255,0.8012375278952442,0.6205437972866241,1.0,0.8643261690687518,1.0,1.0,0.04867172044144114,0.17548472199653892,1.0,1.0,1.0,1.0
464,-316.53371137785246,-316.02202800267327,-316.53353431260007,-316.02202071023885,-316.53365998885977,-317.31849787766737,-307.38087138811926,-315.8075529048598,-313.2636081814074,-316.0220067203129,-315.80754641533065,1.0,1.0,1.0,1.0,1.0,1.0,0.7742844293677738,0.6754384456207916,0.5229680338676814,0.6753786499283425,0.522966127016113,1.0,1.0,0.014796852964295098,0.05279343692577616,1.0,1.0,0.9999371638444242,1.0
465,-315.8971315918702,-315.3858001643853,-315.89712402202827,-315.3857788962151,-315.89703637097375,-317.37974224864826,-306.9199050150256,-315.10190145330137,-312.4979488811532,-315.3844366265926,-315.1018946057241,1.0,1.0,1.0,1.0,1.0,1.0,0.7744376675195124,0.47649153147846146,0.3689954217753353,0.4764897279990816,0.36899149786748203,1.0,1.0,0.016722532472347888,0.061481317361317546,1.0,1.0,1.0,1.0
466,-318.2192573648953,-317.7076095371155,-319.125563124941,-318.6138492234994,-319.123670923897,-319.0509778644229,-313.7402347516104,-317.63881690568087,-315.22919195578316,-318.6119575858318,-318.60645791378795,1.0,0.6356209524523531,0.8209476548956867,0.6356419517011296,1.0,0.6362225983311155,0.4926133495940618,0.6597724674001287,0.5108475020982622,1.0,0.8036717852418526,1.0,1.0,0.14237496870306685,0.47498188995427026,1.0,1.0,1.0,1.0
467,-315.458348442599,-314.9474192867143,-316.495623904297,-315.9828355212097,-316.4692493806524,-316.25338963074637,-309.9136102133006,-314.6334946855554,-310.04331309663286,-315.95900051616576,-315.98567733262405,1.0,0.5953309968717592,0.7693236403459288,0.5958846819804575,1.0,0.6032337760810605,0.4672386859947548,0.671984103614945,0.5204897040450513,1.0,0.873473878058375,1.0,1.0,0.09442567743157507,0.9372066828993486,1.0,1.0,1.0,1.0
468,-315.3534915230448,-314.84196764125846,-315.35349365659744,-314.8419697849494,-315.35332886162155,-315.3517045724094,-305.9449650308382,-314.4438049034414,-312.18304293370124,-314.8419718180551,-314.443808498488,1.0,0.9999989332242484,1.0,0.9999989281550998,1.0,1.0,0.7743892613443808,1.0,0.7750184328605264,1.0,0.7750192635609715,1.0,1.0,0.014272510473510702,0.04419962600182213,1.0,1.0,1.0,1.0
469,-316.5741988318978,-316.0625545333566,-316.57417596528643,-316.062551776312,-316.5741908393543,-316.5417413324874,-307.6658854854335,-315.836950324642,-313.282184783725,-316.0625528603307,-315.83695462438413,1.0,1.0,1.0,1.0,1.0,1.0,0.7742827569883117,1.0,0.7869477693297489,1.0,0.7869466845054373,1.0,1.0,0.016814184730796444,0.06031649587995002,1.0,1.0,0.9999925629937255,1.0
470,-318.233203268582,-317.72216845881667,-319.5436270693755,-319.03293624141764,-319.5434468123255,-319.51200360912713,-315.66670050015665,-317.6759888048155,-316.7146466459884,-319.0327563847012,-319.03113373808105,1.0,0.5193320042690096,0.6704095488409695,0.5192426915689614,1.0,0.5193788130059032,0.40226702211404536,0.527608804591776,0.40864127944678563,1.0,0.7869947638781798,1.0,1.0,0.3661749141130533,0.5921631606200431,1.0,1.0,1.0,1.0
471,-316.4106060892413,-315.89902972296,-316.4105998148387,-315.8990262758282,-316.4105560799099,-317.3493754088743,-307.4118774984135,-315.680999633583,-313.1346874205678,-315.8990027924958,-315.68099328984187,1.0,1.0,1.0,1.0,1.0,1.0,0.7743253239842739,0.6253869756439563,0.4842408640987428,0.6253850136821983,0.4842400294784207,1.0,1.0,0.01600969076005084,0.05718835638174762,1.0,1.0,1.0,1.0
472,-317.53843167504596,-317.02674533313257,-317.53840464404897,-317.02673788332027,-317.53840360092397,-317.81614447094364,-308.7935082065823,-316.8979954108935,-314.43265105728733,-317.0267339596204,-316.8979881846449,1.0,1.0,1.0,1.0,1.0,1.0,0.7742742547158978,0.8703530039612676,0.6738824640862122,0.8703412407860455,0.673879953941952,1.0,1.0,0.017383329579366065,0.0596314937797038,1.0,1.0,1.0,1.0
473,-319.98272131224354,-319.47091424367545,-319.9826552106063,-319.47083579124217,-319.9826456344642,-320.1688181343045,-313.71407804935114,-319.45631846081596,-317.1096566492454,-319.470844204972,-319.4562575207058,1.0,1.0,1.0,1.0,1.0,1.0,0.7742459466062678,0.9111493895475562,0.7054270285294444,0.9111192758119955,0.7053993578387093,1.0,1.0,0.05663544767862329,0.18308782926313388,1.0,1.0,1.0,1.0
474,-316.8779421086981,-316.3667893272625,-316.8779071409255,-316.2068339719638,-316.8778859658391,-316.9017925521477,-308.6490727719833,-316.2885838118234,-313.70995396156155,-316.20683047811286,-316.288571640327,1.0,1.0,1.0,1.0,1.0,1.0,0.7744917127680313,0.9881456019230114,0.7652890966370893,0.9881283254486938,0.7064666446373207,1.0,1.0,0.021933162460148675,0.07962393066737229,1.0,1.0,1.0,1.0
475,-315.55916609092014,-315.00884892937484,-315.5591517794507,-315.0088415557612,-315.5590616640476,-316.4853777095831,-306.6051623488898,-314.8198450728098,-312.2764934489159,-315.04786331059984,-314.82145786211777,1.0,1.0,1.0,1.0,1.0,1.0,0.7594913338581857,0.6293260404175818,0.47794271818527434,0.6293215371434957,0.47794095610604936,1.0,1.0,0.016451454899221327,0.05867945872023768,1.0,1.0,1.0,1.0
476,-315.1316495113642,-314.62020083095024,-315.13165124724355,-314.6202040410821,-315.13165425355066,-315.20654496613855,-305.81327014921317,-314.2764328104571,-311.62005779374294,-314.62020640117373,-314.2764368126097,1.0,0.9999991320606868,1.0,0.9999983949353555,1.0,0.9999976289095658,0.7743535619560438,0.9632447677256327,0.7458937855054857,0.9632456037643605,0.7458949827151509,1.0,1.0,0.014529396592933674,0.054836797548457966,1.0,1.0,0.9999984968475744,1.0
477,-313.83959781168494,-313.3288176934463,-313.8395002851201,-313.3287424984688,-313.8394889620567,-313.8278747632543,-303.0946059235105,-312.8088111627955,-309.9603018053307,-313.3287235479803,-312.80881111938464,1.0,1.0,1.0,1.0,1.0,1.0,0.7746564530431407,1.0,0.7791680470266352,1.0,0.779138752815446,1.0,1.0,0.00777297255429719,0.03229483589620418,1.0,1.0,1.0,1.0
478,-315.1198261519206,-314.6084529667236,-315.11969188134304,-314.60789053750307,-315.11966002149,-315.03114555975884,-304.7045594568978,-314.20602047080524,-311.5001874730253,-314.6083670420082,-314.2060211393414,1.0,1.0,1.0,1.0,1.0,1.0,0.7744489557363157,1.0,0.8094936934908126,1.0,0.8092660840423453,1.0,1.0,0.008645377387498402,0.03344630345557916,1.0,1.0,1.0,1.0
479,-317.4675574900444,-316.95619296284093,-317.46753683570967,-316.9561804632449,-317.4675358434797,-317.8654559612843,-309.26699053861654,-316.8628072616575,-314.43717958171675,-316.95617338284546,-316.86279384858904,1.0,1.0,1.0,1.0,1.0,1.0,0.774396362419718,0.8195914983311984,0.6346818056002551,0.8195830343163335,0.6346778389795589,1.0,1.0,0.022417612393054013,0.07538895338360792,1.0,1.0,1.0,1.0
480,-315.6842297386002,-307.74098501336374,-315.6841668915205,-315.172527183713,-315.6834085941133,-318.25293782044946,-307.4618556616402,-314.8339771853176,-312.1811894098372,-315.1726551638219,-314.83397266584575,1.0,1.0,1.0,0.024336668234133715,1.0,1.0,0.01885057634215709,0.27682934631765155,0.005216250639072307,0.2768206474963261,0.2143370895674283,1.0,1.0,0.025070566713083803,0.09445168225789688,1.0,0.02882546486020173,1.0,1.0
481,-314.56372441361816,-314.0523508862797,-314.56371870362307,-314.0523517930699,-314.5636040620651,-314.4749749548346,-304.42465385410065,-313.55014832859916,-310.75744170729405,-314.0523467966689,-313.5501504525836,1.0,1.0,1.0,0.9999995466050284,1.0,1.0,0.7744310967547519,1.0,0.8095214290333221,1.0,0.8095217960664339,1.0,1.0,0.010433356629478637,0.042155339391726526,1.0,1.0,1.0,1.0
482,-317.1968003428078,-316.68596653838165,-317.8377304108787,-316.68597826197805,-317.83328921836954,-317.7556336265678,-311.64952670788045,-316.5846693425104,-314.95317961900093,-317.32258018013675,-317.3106153129528,1.0,0.7258114315617632,1.0,0.9999941382189796,1.0,0.7274249565389461,0.5634586437216401,0.7562247626624082,0.5857667863718208,1.0,0.5857702200285788,1.0,1.0,0.08479053844799318,0.19169945813585204,1.0,1.0,1.0,1.0
483,-315.82781431647777,-315.31628442359164,-315.82779654892613,-315.31627506664745,-315.8276178379076,-316.2763370327644,-305.7202647183173,-314.99199881428245,-312.3507833863186,-315.3157536196283,-314.99199441064906,1.0,1.0,1.0,1.0,1.0,1.0,0.7744000277713664,0.79910625414739,0.6187671151790399,0.7990991550981053,0.6187642203011301,1.0,1.0,0.00969769502515989,0.036324627144864556,1.0,1.0,1.0,1.0
484,-313.9173165560573,-313.4059232449275,-313.91731900983206,-314.9528949377277,-315.17672753941247,-314.83798547920355,-306.4928242298491,-312.80710543141254,-309.9297543903704,-314.6649313903695,-314.8351228363513,1.0,0.9999987731133752,0.595836373429856,0.4614018856729327,1.0,0.5327486768242276,0.4125482347804268,0.6310725406909535,0.48868795739186766,0.6310733149463628,1.0,1.0,1.0,0.04254722681672717,0.17934121112254067,1.0,1.0,0.5327493304472555,1.0
485,-318.46497068121596,-317.95309913443214,-319.23903764066563,-318.72711606840323,-319.23616164304707,-319.15617557831604,-313.5484405118673,-317.8845667287797,-316.3691195425541,-318.7242407863068,-318.7170364022746,1.0,0.6790683595242306,0.8771540085963311,0.6790853450964918,1.0,0.6800455614558617,0.5264856231137822,0.707793815639194,0.5479680909395495,1.0,0.8069208014814224,1.0,1.0,0.11439898088131768,0.24406040683250702,1.0,1.0,1.0,1.0
486,-313.6091573420108,-313.09783913269325,-313.60915762759475,-313.09783827396444,-313.6091237133129,-313.7620505487057,-304.253218120199,-312.4251859255643,-310.3484152159305,-313.0978404966725,-312.7814931295728,1.0,0.9999998572080346,1.0,1.0,1.0,1.0,0.7744189364101056,0.9264023797541593,0.7174114827085788,0.9264025120369948,0.7174111746776903,1.0,1.0,0.01680659512433188,0.047472791249377935,1.0,1.0,1.0,1.0
487,-315.29420450928535,-314.782663058031,-317.4068860098663,-316.8951504528736,-317.41575366112204,-317.54069403602136,-313.00376327601623,-314.4249606900902,-314.62745563242817,-316.90384708318203,-316.89077493508364,1.0,0.3477259010256551,0.4491164944409487,0.34775965045974583,1.0,0.34618755790695077,0.2680597698401022,0.3252228096581444,0.25182635687659743,0.9352849721544022,0.7241390901551615,1.0,1.0,0.49134993471763255,0.4440375366113305,0.9037093631985691,1.0,0.9955759892657781,1.0
488,-319.37369803802403,-318.8619981618851,-319.3736270393799,-318.8619193365443,-319.37361568360757,-319.5753685791775,-313.2078994561607,-318.84869839682216,-316.5032166504691,-318.8619196062609,-318.8486277431831,1.0,1.0,1.0,1.0,1.0,1.0,0.7742900291926567,0.9040819495181777,0.6999928147416417,0.904049855791546,0.699965226699222,1.0,1.0,0.059582136658514084,0.19250010165929748,1.0,1.0,1.0,1.0
489,-316.6785936711533,-316.16687499657615,-318.41726351699236,-317.9053458237104,-318.4165755280096,-318.34127323702666,-313.48548813458973,-315.9741123685372,-315.56016696726834,-317.90465827194544,-317.9001193166575,1.0,0.4192302769983144,0.5415195681397287,0.4192719964073961,1.0,0.41937451471128606,0.32470108260245467,0.4354654661116787,0.3371595157130314,1.0,0.8041546265957191,1.0,1.0,0.28813904593404477,0.3543963298213831,1.0,1.0,1.0,1.0
490,-314.9604476176065,-314.44899021661547,-318.96170599812797,-318.4500834341567,-318.9598136930085,-318.3162719288895,-314.1626070068594,-313.99511013007725,-316.1199439964512,-318.4482029636821,-318.4495525348905,1.0,0.13525015837714238,0.17467679326966254,0.13526132799795557,1.0,0.13537818621807723,0.10483037218082447,0.18676350238755474,0.14462069563809316,1.0,1.0,1.0,1.0,1.0,0.3758111603760587,0.34561946089174256,1.0,1.0,1.0
491,-317.4917436256669,-316.9799714717136,-317.4917252053866,-316.97995820821797,-317.49171617296395,-319.4185615620131,-310.25310262323137,-316.8554448656617,-314.39560508449955,-316.979952037795,-316.8554320682013,1.0,1.0,1.0,1.0,1.0,1.0,0.7742407938379392,0.3815898385985339,0.2954383642383586,0.38158632411882537,0.2954364049721265,1.0,1.0,0.03683999802463442,0.12602799292504635,1.0,1.0,1.0,1.0
492,-317.53232538050656,-317.02070121604976,-317.53230092800567,-317.0207104395038,-317.86981085519017,-317.82838250686,-310.8866108959301,-316.91709905110554,-314.9488392481977,-317.3581448766752,-317.3259096245803,1.0,1.0,1.0,0.9999953882836267,1.0,0.8447261919403086,0.6540608954372769,0.862406481521504,0.6677505219048838,0.8623959375883298,0.6677536013951011,1.0,1.0,0.0490338659586101,0.13118927173424236,1.0,1.0,0.8447158641694613,1.0
493,-314.9821261189453,-314.4706583673775,-314.98210601203203,-314.47054530015583,-314.98208009055617,-314.8816313826164,-305.0309274850116,-314.01625892959623,-311.26280195100264,-314.47053583374964,-314.0162612761465,1.0,1.0,1.0,1.0,1.0,1.0,0.774365835333382,1.0,0.8142510806784908,1.0,0.8142050494259457,1.0,1.0,0.01119077252122035,0.04433693363137683,1.0,1.0,1.0,1.0
494,-315.5991283729888,-315.08758873916395,-316.1504774995416,-315.6387811434064,-316.15210604466097,-316.08556651897834,-308.17285592730326,-314.7691762204094,-312.1347153329051,-315.0875966037551,-315.5451519322922,1.0,0.7590599165421981,0.9803688650682302,0.759119399684659,1.0,0.7584420864561741,0.5872770157037994,0.7840997198807049,0.6071442391301609,1.0,0.7998007156481192,1.0,1.0,0.03695108948809953,0.13794093360564247,1.0,1.0,0.9991860588702425,1.0
495,-315.599776197845,-315.0889416954299,-315.59977100504744,-315.0889357195116,-315.5997317581679,-316.5001785127987,-306.49623718386204,-314.85222650981626,-312.2954734956278,-315.0889279810709,-314.8522205684029,1.0,1.0,1.0,1.0,1.0,1.0,0.7746104420908634,0.6374999008513638,0.49380310768411695,0.6374982456495435,0.4938016322228006,1.0,1.0,0.015329217011446015,0.05504423436112994,1.0,1.0,1.0,1.0
496,-318.6431240403135,-318.1312721247008,-318.6425461089986,-318.43137915178977,-318.6431452838762,-318.8861803170179,-312.41322321311185,-318.0718298472054,-316.047050877639,-318.13129403463654,-318.07185159043377,1.0,1.0,1.0,0.8606619181228492,1.0,0.9999893782750684,0.7741910667519691,0.8855661346265122,0.6856046727501632,0.8853102733955296,0.796601613610957,1.0,1.0,0.05905398124339743,0.16252656197482776,1.0,1.0,0.9997004574330322,1.0
497,-320.06423078804886,-319.55251513045806,-320.7166113033763,-320.2050861007023,-320.71648408308374,-320.69871047899403,-316.58123492056694,-319.53760730498794,-317.1520188690828,-320.204959073105,-320.20280143481244,1.0,0.7216678715262164,0.9319951610404318,0.7215991522010252,1.0,0.7217137783851382,0.5587883632712569,0.7281560892387887,0.5637763355746968,1.0,0.7812874140096526,1.0,1.0,0.22805095407515177,0.7517195418537244,1.0,1.0,1.0,1.0
498,-315.22434618399154,-314.7129017026809,-315.22433844029115,-314.71290206449635,-315.22430743603195,-315.1322610667488,-301.774939866577,-314.31605043292416,-311.6128723504279,-314.7129012925178,-314.31605290754555,1.0,1.0,1.0,0.9999998190922831,1.0,1.0,0.7743720263462344,1.0,0.8108439322560276,1.0,0.8108440789439786,1.0,1.0,0.0018911781521874166,0.00730668028371195,1.0,1.0,1.0,1.0
499,-318.34705671877913,-317.8359527593974,-319.47511181978916,-318.963934797603,-319.47501805571187,-319.45400686524255,-315.26511121876854,-317.7956495102874,-316.6152684251486,-318.96379212183365,-318.9614593424459,1.0,0.5689131171195213,0.7345927320391961,0.5689339006930612,1.0,0.5689397895514883,0.44063753915788295,0.5749483471681713,0.4452911002037554,1.0,0.7826763349157306,1.0,1.0,0.28216334285253697,0.5091164008615254,1.0,1.0,1.0,1.0
500,-316.6737039462412,-316.1621545671401,-317.99595760480105,-317.4843953014152,-317.9856407022184,-317.8006268535582,-311.98401394483153,-315.97602497638456,-313.45690137209704,-317.47408149745627,-317.4712895022617,1.0,0.5162692592859028,0.6667462917688438,0.5162725955021426,1.0,0.5189392898036166,0.40182320826140505,0.5692352682168189,0.4407682097398775,1.0,0.8537509323173991,1.0,1.0,0.1358769590278394,0.4788136898851806,1.0,1.0,1.0,1.0
501,-315.70543993555407,-315.1940488971147,-315.7054229831168,-315.1940275035963,-315.70507270463867,-315.7682655675405,-305.6442999739654,-314.8889221840643,-312.268209155052,-315.19404290800986,-314.88892106558296,1.0,1.0,1.0,1.0,1.0,1.0,0.7745199168049148,0.9690754406506517,0.7504304263931955,0.9690672265901649,0.7504223992625566,1.0,1.0,0.009830051507109567,0.03644486929405697,1.0,1.0,1.0,1.0
502,-316.3503001398448,-315.8394533742147,-317.39981863569136,-316.8895398726775,-317.3859115962855,-317.18237799403573,-311.26173551405486,-315.6429573762354,-314.52319155958156,-316.87563844427103,-316.87399959000106,1.0,0.5916977996943993,0.7636697356814673,0.5915297806052178,1.0,0.5958265199357463,0.4615203590618282,0.6596545915473355,0.5109608481014591,1.0,0.8637956445382595,1.0,1.0,0.11184839607754771,0.1957869848473501,1.0,1.0,1.0,1.0
503,-318.09503532771595,-317.58320937181645,-319.82985629392726,-319.31791028519075,-319.82975926195166,-319.80240825660917,-316.1431492635937,-317.5133940616005,-316.9748356049149,-319.3178134677043,-319.3165716223099,1.0,0.42003783723585786,0.542570374859574,0.42006305135961486,1.0,0.4200582162807953,0.325212994029127,0.4258421827213429,0.32969099486469955,1.0,0.7848607341150128,1.0,1.0,0.504028533208978,0.6597837358184162,1.0,1.0,1.0,1.0
504,-322.01309946317195,-321.50090565754647,-322.0133642799024,-321.50118096529866,-322.0111336749498,-322.02645986032593,-318.7567415266278,-321.4999043535415,-319.1281161375531,-321.5011846165206,-321.500236684253,1.0,0.9998676004003686,1.0,0.999862355597765,1.0,1.0,0.7748281557732323,0.993342064348355,0.7689132679101518,0.9934735998552202,0.7690191190871057,1.0,1.0,0.2537054289641032,0.8305332575950255,1.0,1.0,1.0,1.0
505,-317.08352180878575,-316.57255600688984,-317.08347270760055,-316.5725434345225,-317.08345737070846,-318.754174502554,-309.6198066165533,-316.45125410564566,-313.9956719648558,-316.57253557319916,-316.4512411005233,1.0,1.0,1.0,1.0,1.0,1.0,0.774567335800669,0.4337329109496709,0.33594452129947333,0.4337222626803887,0.33594240949714954,1.0,1.0,0.03285262118982099,0.11214835632647026,1.0,1.0,1.0,1.0
506,-317.0154753565045,-316.5039029327055,-319.3055688512199,-318.7940855941353,-319.30421518506023,-319.10615276224456,-315.38184181630766,-316.34105766643904,-316.46624898462227,-318.7927352145581,-318.79249391891057,1.0,0.31820904201081096,0.41094120887583907,0.31819485549966753,1.0,0.3184244893194546,0.2465584667055679,0.35157272052017996,0.27222539036561644,1.0,0.8555304577069157,1.0,1.0,0.6190260488305934,0.5814655313682551,0.939323203711226,1.0,1.0,1.0
507,-315.7723738258077,-306.819597883757,-315.7723693455316,-315.260972562745,-315.77208995171276,-317.2739430477967,-306.61330910091255,-314.943007402458,-312.30899000386114,-315.26086028457087,-314.94300272398687,1.0,1.0,1.0,0.014688545017311367,1.0,1.0,0.011376038359292554,0.4719960741101026,0.005368683375363332,0.47199501677493083,0.36550137328346693,1.0,1.0,0.015532057722299793,0.05796937347268051,1.0,0.01721963873907338,1.0,1.0
508,-317.84188637452047,-317.330290315806,-317.8417200432777,-317.3302870311143,-317.84186570004886,-317.8563599270669,-309.4972858526392,-317.23088801075613,-314.79591084510776,-317.33028477030535,-317.23088572003405,1.0,1.0,1.0,1.0,1.0,1.0,0.7743063426796728,0.9927893461402076,0.7687151412304127,0.9927067836305549,0.7687138787353379,1.0,1.0,0.02092520053670568,0.07069980273634051,1.0,1.0,0.9999271742663389,1.0
509,-319.2751804708271,-318.7635262264551,-319.27513140395547,-318.7634673380152,-319.27511457914403,-319.460806202032,-312.71051117799124,-318.74411433980134,-316.39030219554104,-318.76347049076435,-318.7440624098883,1.0,1.0,1.0,1.0,1.0,1.0,0.7743013219209267,0.91136403189852,0.7056471261288506,0.9113416732818159,0.705626349205535,1.0,1.0,0.04895755499243524,0.15883402200138916,1.0,1.0,1.0,1.0
510,-315.69476062133833,-315.18331341219755,-316.63888911408145,-316.1273486989185,-316.5993547271284,-316.4130474121756,-309.14637564476556,-314.8614229074477,-313.6495704676324,-316.08781390758577,-316.074553314993,1.0,0.6237134403050735,0.8054984192682232,0.6237425079067512,1.0,0.636165166950004,0.4926182934496621,0.6982742148488226,0.5407128053362331,1.0,0.8668846494859527,1.0,1.0,0.05741075457108413,0.1052309930387294,1.0,1.0,1.0,1.0
511,-317.5647558313873,-317.053139935226,-317.56475854320496,-317.053145582463,-317.5647614350329,-317.59971745929215,-309.79330089814,-316.9389953960973,-314.4880227244186,-317.14178823059007,-316.93900339335437,1.0,0.9999986440920834,1.0,0.9999971763854847,1.0,0.9999971981811229,0.7742884890986423,0.9826710890584703,0.76087304465646,0.982672421471786,0.7608751930746994,1.0,1.0,0.028075800973740146,0.09562118212340934,1.0,1.0,0.999998554087079,1.0
512,-315.05076833812814,-314.5392856318184,-315.05076547570167,-314.5389737378306,-315.0505028489744,-315.4440331872036,-304.2378398322539,-314.0856007059639,-311.3328572518649,-314.5387936510763,-314.0855981440607,1.0,1.0,1.0,1.0,1.0,1.0,0.7744450206203174,0.8214925383223395,0.6361163591787582,0.8214913625921875,0.6360171664793676,1.0,1.0,0.007270861913818205,0.028796290281544776,1.0,1.0,1.0,1.0
513,-317.8851729569759,-317.3733579644779,-317.8851803376607,-317.68849835130106,-317.88518735101917,-318.1135455432135,-311.02639010725915,-317.2756949788508,-315.26347764280314,-317.6778501611156,-317.275709433452,1.0,0.9999963096644132,1.0,0.8542168511090156,1.0,0.9999928030042674,0.7742080111285653,0.8920917498470414,0.6906695501390847,0.8920950419771216,0.8085412377927217,1.0,1.0,0.04395220718289307,0.1202065497693498,1.0,1.0,0.9999964933269134,1.0
514,-317.16473964947477,-316.6530092149925,-317.1647337637964,-316.6530180477354,-317.689502871164,-317.47992230902753,-310.5108355284965,-316.505029688132,-314.01981469310533,-317.1776644926079,-317.1504438335404,1.0,1.0,1.0,0.999995583638313,1.0,0.7692174259794808,0.595563758894184,0.8541987962608333,0.6613602718323749,0.8541962824948399,0.6613631926514401,1.0,1.0,0.04993180623303689,0.17299551973514485,1.0,1.0,0.7692151622996262,1.0
515,-317.5142356995312,-317.00318183228086,-317.5142287233158,-317.00318329314985,-317.5142356992125,-317.49236332753173,-309.61329401524637,-316.9023369523688,-314.46853033255167,-317.0031843982458,-316.90234184838533,1.0,1.0,1.0,0.9999992695657735,1.0,1.0,0.7745082760874099,1.0,0.7830249274882826,1.0,0.7830254994369077,1.0,1.0,0.026133912761037367,0.08824677227257245,1.0,1.0,0.9999965120577208,1.0
516,-317.76387584283,-317.2521286252038,-317.76387555000815,-317.25212359404406,-317.7638756310654,-317.73790413591246,-309.5952451784174,-317.13898265463195,-314.6882602637651,-317.2521027072421,-317.13898726679867,1.0,1.0,1.0,1.0,1.0,1.0,0.7742399016764285,1.0,0.7843595489903761,1.0,0.7843575758737693,1.0,1.0,0.023009025244049547,0.0783548396335797,1.0,1.0,0.9999999594713821,1.0
517,-316.6984769965205,-316.1872486987421,-317.8757963242753,-317.3646173188601,-317.8743358268645,-317.74309451585253,-312.3258700611393,-316.02904658321245,-315.00643928324934,-317.3631570457126,-317.3553988190004,1.0,0.5550707677652587,0.7167199064845506,0.555057087558898,1.0,0.5554762555102528,0.4301834367960162,0.5931495261973201,0.459359152047107,1.0,0.8275890216398026,1.0,1.0,0.1569876308650424,0.2617711550125367,1.0,1.0,1.0,1.0
518,-317.20366803872855,-316.6929986274074,-317.7272212396281,-317.21721720907743,-317.72553095906255,-317.68510602315814,-311.8976580250214,-316.61490591358915,-306.09184910808153,-317.2154121800729,-317.2040877315287,1.0,0.7696829513277352,0.9932483105954123,0.7694269278007823,1.0,0.770333716349991,0.5967445385305754,0.7860624850333449,0.6089289420045336,1.0,0.791405811263985,1.0,1.0,0.09455024011889938,1.0,1.0,1.0,1.0,1.0
519,-316.8533932582288,-316.34195858754396,-316.8533197470156,-316.34194189297773,-316.85338319158683,-316.82045758504563,-308.3163295128428,-316.2062692733336,-313.7379677376317,-316.3419571813141,-316.20626964055447,1.0,1.0,1.0,1.0,1.0,1.0,0.7743647199127783,1.0,0.7872184478492485,1.0,0.7872118767414176,1.0,1.0,0.019351799232343744,0.06648232790712814,1.0,1.0,0.9999682782175197,1.0
520,-318.9642734757442,-318.45255994073835,-318.964243678394,-318.4522582185981,-318.9642233851921,-319.29174115605593,-311.7823589817394,-318.41587442874595,-316.0467418314216,-318.4525232126771,-318.41584440660534,1.0,1.0,1.0,1.0,1.0,1.0,0.7742722506403034,0.848967952990029,0.6573158648196298,0.8489553045865339,0.6572167089244232,1.0,1.0,0.0362702394620056,0.11857715599499674,1.0,1.0,1.0,1.0
521,-317.00116464950315,-316.48947451486043,-318.2701056622371,-317.75827383702534,-318.2716400256786,-318.29579210928244,-313.14220808876695,-316.35523199898756,-315.408857425107,-317.75980613779274,-317.75156217641836,1.0,0.5302161600849504,0.6848505814654362,0.5302537247302878,1.0,0.5298095439330643,0.4102113536459646,0.5234500179685351,0.40528741487526954,0.9872388987251322,0.7643273323189157,1.0,1.0,0.2005860484229887,0.3219610613707663,1.0,1.0,0.9992331124878935,1.0
522,-318.83040093059356,-318.31852985890026,-320.6935969117789,-320.18161155445404,-320.69353567206474,-320.6592467246549,-317.69759493437454,-318.2799205314619,-317.8381535644906,-320.18155065445194,-320.1810680963963,1.0,0.39392372074692833,0.5088483154110799,0.3939462313006908,1.0,0.3939357828196287,0.3049818822548488,0.40074783213342957,0.3102557154843808,1.0,0.7875585316808608,1.0,1.0,0.7473939934596237,0.9321334246398862,1.0,1.0,1.0,1.0
523,-314.82437003161084,-314.3131416469322,-316.1838772842686,-315.6730940837022,-316.13581152376236,-315.8296257208609,-309.2389772732685,-313.86008350193333,-311.1124672032996,-315.62504122733566,-315.6401404500422,1.0,0.5067418248309381,0.6541870062988465,0.5066290406791143,1.0,0.519067811645005,0.40198723748570364,0.6049388837645308,0.4684892903713712,1.0,0.9247185864895973,1.0,1.0,0.09920636391972486,0.3919014142759887,1.0,1.0,1.0,1.0
524,-319.95594755901664,-319.4438952640923,-321.11165110046494,-320.599762629527,-321.1116367219485,-321.1036602599488,-318.1107949316326,-319.4330780016786,-318.26653907001923,-320.59974826864664,-320.599189901704,1.0,0.5611024494879906,0.7247652024612264,0.5610564903502964,1.0,0.5611064834128843,0.43436472008777405,0.5633487740987084,0.43610052602638916,1.0,0.7772845221950986,1.0,1.0,0.5162616672186446,0.9250827655582198,1.0,1.0,1.0,1.0
525,-315.56146562781254,-315.0499931023097,-315.5614589510419,-315.0499880892641,-315.5614557781003,-316.10584957985407,-305.3295804150947,-314.68978343223233,-312.01948902458724,-315.0497565439656,-314.68978044140647,1.0,1.0,1.0,1.0,1.0,1.0,0.7743499793439471,0.7617080173784834,0.5898256827093751,0.7617054745078705,0.5898242042997035,1.0,1.0,0.009278072035448904,0.03526182641890565,1.0,1.0,1.0,1.0
526,-317.68073944337584,-317.1697514016138,-317.6807144275032,-317.16973051082743,-317.68065002203195,-318.43649369871036,-309.907403198516,-317.0882797073176,-314.67743315701176,-317.1697252838819,-317.08826160566184,1.0,1.0,1.0,1.0,1.0,1.0,0.7745683982755842,0.6853147017088341,0.5307993778899152,0.6853061298897851,0.5307938335106741,1.0,1.0,0.027586237983462745,0.09208760016596125,1.0,1.0,1.0,1.0
527,-318.8871532769606,-318.3760289160537,-318.88712756500996,-318.3760022684963,-318.88711862674626,-318.9828358795855,-312.08977910783267,-318.35084649350785,-287.64302841973074,-318.37600073160183,-318.35082226659415,1.0,1.0,1.0,1.0,1.0,1.0,0.7744943955670675,0.9532850601616805,0.7383011452157702,0.9532728048312575,0.7382913083202175,1.0,1.0,0.04369447160240193,1.0,1.0,1.0,1.0,1.0
528,-319.8822651823189,-319.3703928379665,-319.88221363645033,-319.37032837147706,-319.88222248669126,-319.94030016732455,-313.6395842964001,-319.3557434124533,-317.00754045036945,-319.3703516972521,-319.35570753428965,1.0,1.0,1.0,1.0,1.0,1.0,0.774207909636287,0.9713994721099837,0.7520490999485215,0.9713744366178368,0.7520248593565169,1.0,1.0,0.05737884727046301,0.1856340387543229,1.0,1.0,0.9999955748893252,1.0
529,-317.7564484810202,-317.24465118230387,-318.467236971967,-317.95541746050134,-318.46848448235767,-318.4895079036261,-312.86077474455163,-317.16952062111704,-315.6019493391211,-317.956664639166,-317.94469352894663,1.0,0.7008970632368714,0.9053039912593772,0.7009048477054904,1.0,0.7004600113731381,0.5423104529919305,0.6931355422165382,0.5366396993132807,0.988926303978948,0.7656384473157027,1.0,1.0,0.1159758918583261,0.25395776703988776,1.0,1.0,0.9993764392994959,1.0
530,-318.7423829061959,-318.2305695700689,-318.74234571272814,-318.2305285757625,-318.7423622547628,-318.84731396774146,-311.2810030100911,-318.1860167512134,-315.8059549329371,-318.2305474709005,-318.1860018044354,1.0,1.0,1.0,1.0,1.0,1.0,0.774222218691052,0.9488870278946939,0.7346418342812604,0.9488693818592195,0.7346267763693577,1.0,1.0,0.0316661538446238,0.10409243657054566,1.0,1.0,0.999991729016883,1.0
531,-316.38632476566795,-315.87467744937817,-316.3857327956086,-315.8746824019464,-316.3863328093881,-316.5857361769841,-308.38014611476746,-315.65094839463035,-313.64595786121583,-315.87468588063956,-315.6509539177815,1.0,1.0,1.0,0.9999975237189425,1.0,0.9999959781480231,0.7742753804268905,0.9051037457559049,0.7008023655943363,0.9048358882397165,0.7008041009822565,1.0,1.0,0.026373352860271135,0.0718693153895916,1.0,1.0,0.999700038107822,1.0
532,-315.055603385536,-306.8980303415443,-315.0555989260747,-314.54405276790004,-315.0548345923216,-317.48077249897636,-306.58714811256937,-314.15240601270034,-311.45827202514033,-314.5440382556232,-314.1524018752331,1.0,1.0,1.0,0.021861870925660172,1.0,1.0,0.01693450325841341,0.2974275667588966,0.005034852346236324,0.29742690357627294,0.23030290332227293,1.0,1.0,0.02276277050803714,0.08754853477237874,1.0,0.026590857226204728,1.0,1.0
533,-318.6904021378945,-318.17870356550355,-318.69041290004776,-318.17870497070226,-318.6904052889757,-318.7338889847718,-311.8698028035061,-318.13062018804374,-305.94086315241805,-318.17870804804346,-318.130634507746,1.0,0.999994618937859,1.0,0.9999992974008957,1.0,0.9999984244606613,0.7742574315912604,0.978491260769188,0.7576053240346369,0.9784965261197999,0.7576058563278331,1.0,1.0,0.04369993377758483,1.0,1.0,1.0,1.0,1.0
534,-316.2371583647446,-315.7263230348013,-316.2370467713244,-315.9565131505056,-316.44321975869553,-316.358200712026,-308.6278167511156,-315.53195476898514,-313.4465124526738,-315.93263665023824,-315.5319607176278,1.0,1.0,1.0,0.891281416582767,1.0,0.902099281336966,0.6987597074977154,0.9412738386133263,0.7291040418188919,0.9412213200950355,0.8180402151930037,1.0,1.0,0.031680022274251526,0.08987388664993898,1.0,1.0,0.9020489485691109,1.0
535,-317.2488433238795,-316.73712104943866,-317.24883588406897,-316.7371204351572,-317.24884347176805,-317.228174942981,-308.806782021756,-316.5812978503359,-314.08998809928164,-316.73712499682335,-316.5813024996336,1.0,1.0,1.0,1.0,1.0,0.9999999260557245,0.7742494185106926,1.0,0.7822922032614892,1.0,0.7822919629877216,1.0,1.0,0.020501485864076744,0.07124696631586387,1.0,1.0,0.9999962061576528,1.0
536,-316.13349501804043,-315.62186869312274,-317.13670136902357,-316.6248548762139,-317.0804777211364,-316.8472260192098,-309.5727863810399,-315.345452835066,-314.13790478856043,-316.56863091758254,-316.57495039037076,1.0,0.6055590636516917,0.7821725355425604,0.6056257296523142,1.0,0.6228239704602825,0.4822442676196925,0.6998666230561653,0.5418973627777395,1.0,0.8947726892132527,1.0,1.0,0.05578037204099762,0.10202277525996578,1.0,1.0,1.0,1.0
537,-317.9022267416023,-317.3906171686872,-317.90221211479144,-317.3906030507564,-317.90220901793816,-318.15748922455265,-310.00505370798777,-317.32475785632136,-314.92100937702423,-317.39059919794994,-317.32474383688594,1.0,1.0,1.0,1.0,1.0,1.0,0.7742999682258034,0.8801778924086415,0.6815156746208425,0.8801714553343994,0.6815108638422592,1.0,1.0,0.025736319511299486,0.08560788937220937,1.0,1.0,1.0,1.0
538,-316.5065780266181,-315.9949153291042,-322.5853369024379,-321.75107519099583,-322.585523714887,-320.06508972862025,-321.90666965786966,-315.7795408360171,-317.16863163418236,-321.75107222833424,-321.7510853032648,1.0,0.04786458322565168,0.07263934351898388,0.056242648996410474,1.0,0.047860112584438994,0.037056770926237895,0.16876368588099047,0.1306690876943899,1.0,1.0,0.06720243374766185,1.0,1.0,1.0,0.4993013792646954,1.0,0.999906598137675,1.0
539,-317.93482651832716,-317.42302272540115,-317.93478042600907,-317.42301102118864,-317.9348023592086,-318.3512934977887,-309.67354562517596,-317.32833210707673,-314.89693582431556,-317.4229995417495,-317.32831918895323,1.0,1.0,1.0,1.0,1.0,1.0,0.774227270850657,0.8120174168476236,0.62867843432486,0.8119987031807289,0.6286747552426268,1.0,1.0,0.021766281191500373,0.07341000097559297,1.0,1.0,0.9999890334603588,1.0
540,-320.02010959572243,-319.50842706946025,-320.0200177351723,-319.5083084254381,-320.0200036366809,-320.64905630834437,-314.0191776083445,-319.4935415591385,-317.1540876333258,-319.5083277670241,-319.4934506242768,1.0,1.0,1.0,1.0,1.0,1.0,0.7743058846862133,0.7301733141965605,0.5653475413879876,0.7301397779055664,0.5653140048296095,1.0,1.0,0.06475256434538164,0.2085753290697346,1.0,1.0,1.0,1.0
541,-315.7205510471772,-315.2090052970089,-315.72053620057153,-315.20881789998936,-315.7200352773105,-317.7755658322475,-307.097252523769,-314.8931359697194,-312.2609078508052,-315.20897984474357,-314.8931315688542,1.0,1.0,1.0,1.0,1.0,1.0,0.7745175263389841,0.35789794876466596,0.2771267579276089,0.3578952919896702,0.2771007927798398,1.0,1.0,0.02028361781397654,0.07563564111900256,1.0,1.0,1.0,1.0
542,-318.76790171438853,-318.2561734773344,-318.7678615535836,-318.2560191937804,-318.7678410659304,-320.22327891116777,-312.5133312116213,-318.217795929295,-315.8477445479344,-318.2561209956981,-318.2177553458706,1.0,1.0,1.0,1.0,1.0,1.0,0.7742706462948021,0.4830241636164043,0.37398009050939623,0.4830144643941813,0.37395124213336894,1.0,1.0,0.057715335618225894,0.18877363726388516,1.0,1.0,1.0,1.0
543,-317.14951319404605,-316.63777563422155,-317.14950668182667,-316.63777345559885,-317.14949993868134,-317.161723819731,-308.1501549922185,-316.48032750034304,-313.9875283285928,-316.6377709696402,-316.48032507076204,1.0,1.0,1.0,1.0,1.0,1.0,0.7742486898918549,0.9939132867087109,0.7695309598766629,0.993910050423293,0.7695301216183075,1.0,1.0,0.01552837545687667,0.054004566661543914,1.0,1.0,1.0,1.0
544,-315.983128338434,-315.47150948197606,-315.9831053240934,-315.47151573050934,-316.640092852374,-316.4529243094721,-308.57312633246875,-315.22431613329604,-313.6503277025292,-315.4715206833708,-316.12578188285397,1.0,1.0,1.0,0.9999968757382396,1.0,0.7200157033727272,0.5575006079255933,0.7906515034174793,0.6121931671042291,0.7906424053083176,0.6121950797619068,1.0,1.0,0.035951125051335325,0.07897683597399686,1.0,1.0,0.7200074180770704,1.0
545,-314.37883019752474,-313.8680347417983,-315.83035250958835,-315.2893726034572,-315.93241488446023,-315.4382842814985,-310.96344080897313,-313.39347117659764,-313.0955102402617,-315.27707467630194,-315.2978607539102,1.0,0.48395606265153845,0.6342759271074495,0.49131543147327206,1.0,0.459878781148931,0.3562259454114726,0.5887656560507053,0.4560627953489912,1.0,0.9282484655151754,1.0,1.0,0.29670550913909677,0.34437134393834307,1.0,1.0,0.9502490342394081,1.0
546,-316.10954564181077,-315.59794152531447,-316.1094954408382,-315.59794700475817,-316.10955083720967,-316.2553236246624,-307.6804227804238,-315.3094870590696,-313.29926745547914,-315.89492602995426,-315.30949282920017,1.0,1.0,1.0,0.9999972602819027,1.0,0.9999974023039246,0.7742932075928846,0.9297040294163861,0.7198653850403286,0.9296806936860186,0.7198673572739549,1.0,1.0,0.022048027445984122,0.06023978060407984,1.0,1.0,0.9999723021978586,1.0
547,-315.2863699132435,-314.7748135684073,-316.7727607711608,-316.2608622531209,-316.760665269637,-316.5844947385538,-309.9755263275892,-314.4116350182372,-313.855211582096,-316.24876787816925,-316.2317054440623,1.0,0.4755917651556787,0.6143157882495186,0.4756731394954793,1.0,0.4784767406288284,0.37049110204218705,0.522535469803864,0.40460638025860485,1.0,0.8505974936649747,1.0,1.0,0.1088206303525975,0.1437265666425694,1.0,1.0,1.0,1.0
548,-318.8413033067716,-318.3299128867794,-318.84126560292856,-318.3298974647855,-318.8412763164946,-318.9994145390601,-311.58721764596703,-318.29328917959884,-315.91983573554194,-318.32989716505307,-318.2932658759355,1.0,1.0,1.0,1.0,1.0,1.0,0.7743884058955867,0.9239885343364073,0.7155163521131522,0.9239711155412712,0.7155108347900128,1.0,1.0,0.034978007686039654,0.11459982006829071,1.0,1.0,0.9999946432313268,1.0
549,-316.93086690395796,-316.4198932346762,-316.9308503516219,-316.41988366751406,-316.93083928353224,-318.6123994995967,-309.2185906183753,-316.27257915939407,-313.7985357843398,-316.4198737629395,-316.27256584663115,1.0,1.0,1.0,1.0,1.0,1.0,0.7745500302087961,0.43137983131688706,0.33412064706884004,0.4313762611596972,0.334119048779463,1.0,1.0,0.0293931310259201,0.1012692383163271,1.0,1.0,1.0,1.0
550,-317.77066631955284,-317.25884272390107,-317.77065120002493,-317.2588514980335,-317.77067596742035,-317.88865855136953,-310.5555665583339,-317.1664683664436,-314.7346485539159,-317.2588527735736,-317.166479681621,1.0,1.0,1.0,0.9999956129434107,1.0,0.9999951760778849,0.7742065180783618,0.9427104307237077,0.729856080895644,0.9427033040823087,0.72985928282962,1.0,1.0,0.03668266774313936,0.12374392151740314,1.0,1.0,0.9999876163789695,1.0
551,-317.3390531805299,-316.82738399068035,-317.3390276025603,-316.8273685374227,-317.3390258458027,-319.8733024088129,-311.1147957820409,-316.7327929406266,-314.30137289854594,-316.8273592758137,-316.73277611859874,1.0,1.0,1.0,1.0,1.0,1.0,0.7742806086955085,0.2816402831017723,0.21806562943060478,0.2816366812315036,0.2180639445249334,1.0,1.0,0.06026531311659936,0.2032560919616164,1.0,1.0,1.0,1.0
552,-317.6057957662125,-317.0940338856404,-317.6056877070023,-317.0940413960745,-317.60580470769185,-317.6961815314304,-310.0033605325247,-316.97697322159115,-314.78602808024,-317.09404300688465,-316.97698310279145,1.0,1.0,1.0,0.9999962447899997,1.0,0.9999955292703255,0.7742306820090727,0.9558131043268386,0.7400231400795896,0.9557614635173318,0.7400259190323212,1.0,1.0,0.030598437159922758,0.09150755206677903,1.0,1.0,0.9999415013663336,1.0
553,-317.7842141047307,-317.2729536408648,-317.7842033430525,-317.2728880141275,-317.78419202813484,-317.97913741908195,-309.6673232994516,-317.19303578030514,-314.78088730870314,-317.2729395703059,-317.19302550498617,1.0,1.0,1.0,1.0,1.0,1.0,0.774436823118996,0.9071371230883906,0.7025126371512838,0.9071322419426231,0.7024895857233404,1.0,1.0,0.02321733129964221,0.07755390743454407,1.0,1.0,1.0,1.0
554,-314.4208678927852,-313.90936636423777,-314.42117171958245,-313.90938656787944,-314.4470453471764,-314.50233485771906,-303.76237322234846,-313.4926173518383,-310.774447739898,-313.9203903395472,-313.49261803151006,1.0,0.9998480981396453,1.0,0.9999898982301891,1.0,0.9869965576984743,0.7642659170032242,0.9600849753318176,0.7434273385755332,0.9602308361822036,0.7434348485832429,1.0,1.0,0.007710886906571801,0.030015623223029555,1.0,1.0,0.9871465070893438,1.0
555,-315.5821518991507,-315.07074468561643,-315.58197793110975,-315.07073108582256,-315.5819907002659,-315.74893016207517,-305.6146746260987,-314.7738635571927,-312.1638351687436,-315.07070107461305,-314.7738600313976,1.0,1.0,1.0,1.0,1.0,1.0,0.7744338696628796,0.9199930793046962,0.7124163777921222,0.9199130580881878,0.7124115334506473,1.0,1.0,0.010259055853528827,0.0378327453854412,1.0,1.0,0.9999936154422956,1.0
556,-317.90468027701013,-317.39283941400976,-318.38625720957623,-317.39285439506557,-318.3801188436252,-318.3089471223528,-311.7563817360193,-317.30591527639234,-315.4834522999178,-317.8682168625772,-317.3059335524875,1.0,0.786007875971586,1.0,0.9999925095001475,1.0,0.7884239838050271,0.6104006617985795,0.8169859162267045,0.6325134118043548,1.0,0.6325181496814617,1.0,1.0,0.06236402014241,0.15512325539775623,1.0,1.0,1.0,1.0
557,-317.5511563158084,-317.03976365915867,-317.5511428548105,-317.03960386705484,-317.55114059002426,-317.6217681194733,-309.14816598905924,-316.93858698778286,-314.50371282562196,-317.03975562872637,-316.93858151893716,1.0,1.0,1.0,1.0,1.0,1.0,0.7743831783460555,0.9653100809654078,0.7475140109423904,0.9653035839687966,0.7474542899099342,1.0,1.0,0.020339092632497682,0.06871598570271525,1.0,1.0,1.0,1.0
558,-317.0123420840674,-316.5005891631223,-317.0121049109283,-316.74481877212827,-317.01235091368545,-317.17874391426346,-309.3543761864461,-316.34317707804826,-314.24367279898127,-316.5005984142406,-316.34318559905296,1.0,1.0,1.0,0.8850467553170505,1.0,0.9999955852007326,0.7742341937293264,0.9201662533537762,0.7124273224859172,0.9200571404641592,0.8049600975382418,1.0,1.0,0.030366949611929334,0.08675664130395255,1.0,1.0,0.9998770061857908,1.0
559,-315.4176435717975,-314.9061754054059,-317.1960211388726,-316.6843203705406,-317.1599055303735,-316.8143374893537,-307.7249232254549,-314.5243269384638,-314.2731622182192,-316.64820750740927,-316.6643348301593,1.0,0.4109890186164803,0.5308167614172012,0.41103681981769824,1.0,0.4184779915652026,0.32404753451533413,0.4974068586136806,0.38516593329536364,1.0,0.9370594426703458,1.0,1.0,0.03338322146710525,0.03785018178325693,1.0,1.0,1.0,1.0
560,-317.0485990465145,-316.536836223802,-320.6362988868969,-320.12435206812205,-320.63628307782744,-320.35909133302476,-317.68472260689344,-316.3816522862255,-317.29283453893595,-314.5017892089161,-320.12425911036087,1.0,0.16631862208461975,0.2148368210663519,0.16633392377425443,1.0,0.1663199367611396,0.12877051310874701,0.1910450254731664,0.14791351197051,1.0,0.8892564343714736,0.7275578383649859,1.0,1.0,1.0,0.6340730398592156,1.0,1.0,1.0
561,-316.4275647931089,-315.91616591711187,-316.42756085736863,-315.9156500140442,-316.42732419780054,-316.6537954832942,-306.9050498723678,-315.6940526900279,-313.1472174773068,-315.91615072250136,-315.6940489448923,1.0,1.0,1.0,1.0,1.0,1.0,0.7744678424834026,0.8930476455116139,0.6915534859880417,0.8930458881115536,0.6913751217112671,1.0,1.0,0.012345033916143349,0.0441093366962649,1.0,1.0,1.0,1.0
562,-315.4472399296508,-314.93613194056,-315.44722464778346,-314.93613290406984,-315.4472358605823,-315.41343819374083,-306.29966991809385,-314.61899083308987,-311.9879601763299,-314.9361349328271,-314.6189944065667,1.0,1.0,1.0,0.9999995182452063,1.0,1.0,0.7744888930634979,1.0,0.7876880630345157,1.0,0.7876884425071987,1.0,1.0,0.01561285824904157,0.058183985280140176,1.0,1.0,0.9999943936163036,1.0
563,-315.4464011730016,-314.93523127688627,-315.44638843205433,-314.9351657171285,-315.44602074979804,-315.4833374391987,-305.8297698463138,-314.7215832648567,-312.1873034847052,-314.81203076902614,-314.72157485596017,1.0,1.0,1.0,1.0,1.0,1.0,0.7746106705336584,0.9817013578737757,0.7602917170263632,0.9816951039910712,0.7602667951644259,1.0,1.0,0.011726468711291268,0.04163696938618374,1.0,1.0,1.0,1.0
564,-319.9808495175234,-316.01176577544913,-319.9807343206305,-319.4692252046592,-319.9807286386084,-322.66023331384736,-316.00405126355804,-319.4555841135662,-317.11289341969507,-319.4692509922399,-319.45546775268207,1.0,1.0,1.0,0.17750975486247816,1.0,1.0,0.1374518738399293,0.26192635614144577,0.036000092567887984,0.26191127002472514,0.20280627729883513,1.0,1.0,0.17803654780767422,0.574404700437599,1.0,0.17872460649636177,1.0,1.0
565,-316.6067582912116,-316.09517111488964,-316.6066141701738,-316.0951694672784,-316.6067402487697,-316.56096250494573,-307.4742913478335,-315.90061534843574,-313.3760780070862,-316.09515334572484,-315.90061479464896,1.0,1.0,1.0,1.0,1.0,1.0,0.774308762531229,1.0,0.7922362033898597,1.0,0.7922355507415022,1.0,1.0,0.014799498257587269,0.05229297021678895,1.0,1.0,0.9999369626889931,1.0
566,-317.7523491186476,-317.24048733416714,-317.75234573222923,-317.24048680533986,-317.75234909739817,-317.74682582299357,-310.3127945892413,-317.17751582863485,-314.7755906911509,-317.240474304893,-317.17751702090595,1.0,1.0,1.0,1.0,1.0,1.0,0.7741954780837119,1.0,0.7763364800925165,1.0,0.7763362748185868,1.0,1.0,0.03231057769016041,0.10737820494707881,1.0,1.0,0.9999983174169473,1.0
567,-317.0648351600831,-309.58880709592097,-317.0648263773314,-316.55312302976824,-317.064798393548,-319.0775258604919,-309.43859852911777,-316.38325560275575,-313.8810406207938,-316.5530963992453,-316.38324556716896,1.0,1.0,1.0,0.03074100133947176,1.0,1.0,0.023801762443143394,0.36555250769563835,0.00870063400111423,0.36555090242071814,0.2830302729905719,1.0,1.0,0.0310446578036015,0.10847657305724842,1.0,0.033466034386077106,1.0,1.0
568,-317.2327323884215,-316.72102520176185,-317.23273349992223,-316.7210264438598,-317.23274084697016,-317.35465285424647,-309.47686548961445,-316.5653386561531,-314.4462716725038,-316.72103433925724,-316.5653468890623,1.0,0.9999994442497789,1.0,0.9999993789512241,1.0,0.9999957707346047,0.7742520421061678,0.9408606543200437,0.7284663638222233,0.940861177203851,0.7284668162356478,1.0,1.0,0.02889066971363237,0.08335029825522665,1.0,1.0,0.9999963264827841,1.0
569,-317.1597277880824,-316.6483017476932,-319.1865661772673,-318.675003053514,-319.18501242844684,-319.00651490174494,-314.9511678403536,-316.5003647290358,-315.676618746797,-318.67345109495307,-318.67291030488207,1.0,0.3629757706039814,0.4687725328767488,0.3630006504264862,1.0,0.36325786675415095,0.2812938742274059,0.39716893619476745,0.3075533911578445,1.0,0.8472530029808562,1.0,1.0,0.46088881635780987,0.6957774307310893,1.0,1.0,1.0,1.0
570,-318.9883310969515,-318.47666327440265,-318.9882509248929,-318.476581081167,-318.98824683742487,-319.53342623728497,-312.79283861791095,-318.460046659677,-316.11192862370893,-318.476581610172,-318.4599468082047,1.0,1.0,1.0,1.0,1.0,1.0,0.7743031762457828,0.7614372066187883,0.5895584091171834,0.7614066842363665,0.5895341807584158,1.0,1.0,0.058800552910437696,0.1902255124707506,1.0,1.0,1.0,1.0
571,-316.1601974656961,-315.6485710936172,-317.1943574805323,-316.6824931591907,-317.1528314370678,-316.9412646972878,-309.84374894751636,-315.3730285820054,-314.22029375904737,-316.6409665302253,-316.63880753317136,1.0,0.5962590805759391,0.7701670445048526,0.5963300245004103,1.0,0.6087686395404304,0.4713614018185105,0.6766956826326594,0.5239564012546023,1.0,0.8786349499902495,1.0,1.0,0.06299878633849319,0.11211026245554963,1.0,1.0,1.0,1.0
572,-320.5642925744338,-320.05256012181314,-320.5641856571666,-320.05244878640275,-320.56418478857495,-320.63509074414765,-315.283244939532,-320.04679636814757,-317.7174454654146,-320.0524542765844,-320.04669610660636,1.0,1.0,1.0,1.0,1.0,1.0,0.7742872630312462,0.965220134643321,0.747317380067511,0.965168536672989,0.7472757797818155,1.0,1.0,0.09238637995278494,0.29608749919823524,1.0,1.0,1.0,1.0
573,-317.01434542663503,-316.5027323121138,-317.0143435802711,-316.50273585683885,-317.0143475707192,-317.0253747788987,-308.74167422238065,-316.33957006414397,-313.84264003612304,-316.50273646331175,-316.3395757137031,1.0,1.0,1.0,0.999998227639033,1.0,0.9999989279584787,0.7742909053476318,0.994500501781339,0.7700335194008525,0.9944995836768286,0.7700348841806245,1.0,1.0,0.022394320063213034,0.07804396893094648,1.0,1.0,0.9999980047779227,1.0
574,-316.7509932426695,-316.23930621097264,-316.75096818064924,-316.2392881786404,-316.7508905775695,-317.3417519870293,-307.47899397521445,-316.0291597819375,-313.4893161232475,-316.2392778661748,-316.0291540916157,1.0,1.0,1.0,1.0,1.0,1.0,0.7743028651406378,0.7442491864655006,0.5762446965899095,0.7442398603298404,0.5762395010954142,1.0,1.0,0.013910895411140383,0.04953077556491413,1.0,1.0,1.0,1.0
575,-317.7910081437817,-317.2792104844892,-317.79101647383345,-317.2792188661699,-317.7910182238263,-317.894351978455,-310.336560734182,-317.1692379161128,-314.719854211381,-317.279222832958,-317.16924819844195,1.0,0.9999958349828029,1.0,0.9999958091684383,1.0,0.9999949599903991,0.7742163908933561,0.9496403762835494,0.7352308503434029,0.9496443315685216,0.7352339315849685,1.0,1.0,0.03283242808178603,0.11173260264919996,1.0,1.0,0.9999991250039519,1.0
576,-317.1204478432699,-316.6087975853032,-319.9559534702524,-319.4439956066317,-319.9555831702316,-319.78035995766953,-316.91823412052645,-316.4476689260167,-317.09360904537243,-319.4436274419789,-319.4434817310166,1.0,0.24225780414163026,0.31293058641423965,0.24229506694225525,1.0,0.24230266232920417,0.18760946464857814,0.26448888342662497,0.20478775325114806,1.0,0.8451998459380682,1.0,1.0,1.0,0.9160471311391568,0.7239955307028347,1.0,1.0,1.0
577,-318.93377354131115,-318.42208410726676,-318.93377948877065,-318.42208995263957,-318.933777484809,-318.93356771108733,-312.2007405994249,-318.3887363083153,-316.01950285824756,-318.4220842937953,-318.3887441214737,1.0,0.999997026274672,1.0,0.9999970773178652,1.0,0.9999980282530144,0.7742606625471147,1.0,0.7743418765765485,1.0,0.7743441397383318,1.0,1.0,0.04532040735508205,0.1481720575547877,1.0,1.0,1.0,1.0
578,-317.4313969013777,-316.9198080685738,-319.07566399804216,-318.5641305268166,-319.0731284630693,-318.9141095241573,-314.32274655571064,-316.7930043813217,-316.22684287180164,-318.56159742228016,-318.56021025569527,1.0,0.43949297400025433,0.5675838355366059,0.4394808086562717,1.0,0.4400505022366227,0.3407316037986016,0.47646723912958955,0.3689291245458458,1.0,0.8394658362303908,1.0,1.0,0.29079727245920817,0.3859497273421583,1.0,1.0,1.0,1.0
579,-318.5709298219939,-318.05906038770615,-318.5708366401361,-318.0590271716704,-318.5709240648617,-318.5605780358471,-311.1261831549828,-318.0073894345513,-315.616685916233,-318.0590505618586,-318.0073860925818,1.0,1.0,1.0,1.0,1.0,1.0,0.7741947372082171,1.0,0.7782100344565988,1.0,0.7781971100377514,1.0,1.0,0.03204535167150456,0.10590091558884954,1.0,1.0,0.9999562885925896,1.0
580,-315.8778682780798,-315.36661671165575,-315.8778639151931,-315.3666105975449,-315.87785524592834,-315.94460238023623,-306.3440220554723,-315.1367652346659,-312.58065815941416,-315.36661346344215,-315.13676487322726,1.0,1.0,1.0,1.0,1.0,1.0,0.7744367661969087,0.9671834886860851,0.7490175726259694,0.9671813788323834,0.7490152828412264,1.0,1.0,0.01232196804654413,0.044231500976310595,1.0,1.0,1.0,1.0
581,-317.2163350382337,-316.7045808550913,-319.01928245686037,-318.5073593528392,-319.0153835717824,-318.815849340342,-314.0688241940808,-316.5416821026505,-316.1605395764387,-318.5034631427006,-318.50280889598815,1.0,0.4059709355276039,0.5243939011532528,0.4060052254592459,1.0,0.40676312445142004,0.31493111130432827,0.44943809643328747,0.34797165884475756,1.0,0.8570620204485185,1.0,1.0,0.29041946957585274,0.3513903057281593,1.0,1.0,1.0,1.0
582,-317.47779308373157,-316.96602648337296,-317.4777748470229,-316.96601964984393,-317.4777778326467,-317.6908929789631,-308.67134645223473,-316.8341480565515,-314.36596203837576,-316.96601642801085,-316.8341407655764,1.0,1.0,1.0,1.0,1.0,1.0,0.7742382202567478,0.898930147622281,0.6959807703790848,0.8989219508960368,0.6959783923807488,1.0,1.0,0.016883798218892458,0.0580002595717627,1.0,1.0,0.9999985071891957,1.0
583,-316.59801008239083,-316.0864815877619,-316.59800622450405,-316.08647750944823,-316.59800696131504,-316.57025983026256,-307.89005098978544,-315.89150144671305,-313.36488434734986,-316.086484796863,-315.8915051744318,1.0,1.0,1.0,1.0,1.0,1.0,0.7743257047188802,1.0,0.7851432284251787,1.0,0.7851416273966265,1.0,1.0,0.018302360681528143,0.06473736848266007,1.0,1.0,0.9999996315945733,1.0
584,-319.0923544692825,-318.5805135145409,-319.0923265576641,-318.58048697444246,-319.0923327355246,-319.20740339858304,-311.73225170554036,-318.54008261662284,-316.16419026066745,-318.58049050528626,-318.54006565412107,1.0,1.0,1.0,1.0,1.0,1.0,0.7742119462665977,0.9440987930570959,0.7309246211281522,0.9440856174864038,0.7309149217868174,1.0,1.0,0.03324285389130583,0.10904776545436692,1.0,1.0,0.9999969110745001,1.0
585,-315.68187163347295,-315.1704219417178,-316.6047670023686,-316.0932821288448,-316.59097240740994,-316.46425739752453,-309.36031739887585,-314.9537659466441,-312.40810516870584,-316.0738695263305,-316.0555741647549,1.0,0.6303704071911129,0.8140729908213701,0.6303814960615506,1.0,0.6347332881594676,0.4915088994493254,0.6762497070456248,0.523657346263865,1.0,0.8306991076602522,1.0,1.0,0.06100958634959015,0.21786190397680116,1.0,1.0,1.0,1.0
586,-316.8156178496194,-316.3039357811845,-316.8154401485014,-316.303940721739,-316.81562672684566,-316.965854633226,-308.84146995378126,-316.1000380864002,-314.05753343177645,-316.3039443056313,-316.10004491777903,1.0,1.0,1.0,0.999997529725799,1.0,0.9999955613967185,0.7742616040026284,0.9276336556058629,0.7182343100733828,0.9275512384984765,0.7182360843134521,1.0,1.0,0.0265351750358602,0.07367942146967354,1.0,1.0,0.9999067151791718,1.0
587,-317.7432819993727,-317.23233416162424,-318.03081072272613,-317.232361646889,-318.00205948755246,-318.0000457228924,-312.2054700382097,-317.17497523938556,-306.4959473651772,-317.223869372726,-317.1750050609842,1.0,0.8660918084375883,1.0,0.9999862574620535,1.0,0.878632336018851,0.6805440936954736,0.8795174609261055,0.6812296666059181,1.0,0.6812390285591186,1.0,1.0,0.08334617175552073,1.0,1.0,1.0,1.0,1.0
588,-316.8979641031066,-316.3861667819723,-316.8979669383343,-316.3861725224735,-316.89797177606306,-317.1084043409804,-309.70722311269134,-316.2677089503313,-313.8115612779359,-316.38617570913027,-316.2677172545993,1.0,0.9999985823871315,1.0,0.999997129753522,1.0,0.9999961635291166,0.7742174536014345,0.9001263659192821,0.6968962165635832,0.9001276419518107,0.6968982168332356,1.0,1.0,0.037619117305557594,0.12845596957038066,1.0,1.0,0.9999975811385562,1.0
589,-317.11313869332525,-316.60193883188504,-317.1130346286534,-316.53809849391354,-317.11303935001655,-319.34582453418597,-310.88883078559275,-316.5268533753785,-314.05299655192,-316.53808982767845,-316.526823653306,1.0,1.0,1.0,1.0,1.0,1.0,0.7744902104279193,0.3274752103268035,0.2536137468286892,0.32745817146994066,0.24564619251131814,1.0,1.0,0.059664904552045296,0.205546522632074,1.0,1.0,0.9999976393212091,1.0
590,-316.8104252009282,-316.2988551124463,-316.81038660268507,-316.29883673398035,-316.81043471201485,-317.0407178112539,-309.31819030044215,-316.1260249936894,-314.1588737058753,-316.6298972070133,-316.1260340062515,1.0,1.0,1.0,1.0,1.0,0.9999952444679778,0.7743047107046785,0.8912357419774563,0.690091315112871,0.891218542076504,0.6900849737321426,1.0,1.0,0.03324279102639012,0.08889123789182467,1.0,1.0,0.99997594562442,1.0
591,-316.2640935646308,-315.7524407752084,-318.69420907014035,-318.1822792555531,-318.68868809447775,-318.3666975208212,-313.94436997274454,-315.4911969728455,-314.36208029231113,-318.17676327081773,-318.1788985898904,1.0,0.29669287896816177,0.38324038658906395,0.29673397751128144,1.0,0.29751302753443964,0.23035730865280593,0.3494824342964018,0.2705959925624802,1.0,0.9119144185373664,1.0,1.0,0.46143526762258147,0.8115127668165882,1.0,1.0,1.0,1.0
592,-316.39143425777166,-315.88048804308755,-316.39142740837065,-315.8804940312883,-316.77529398608567,-316.65174202282867,-309.2549458436374,-315.7057460214513,-313.20066249871036,-316.2645555075744,-315.7057546773932,1.0,1.0,1.0,0.9999970059040978,1.0,0.8253647541145394,0.6392862422268928,0.8779603177714269,0.6800241342684408,0.8779573110254284,0.6800261703320107,1.0,1.0,0.03973987891047768,0.1390588119841776,1.0,1.0,0.8253619274922861,1.0
593,-317.0750035720736,-316.56402771054184,-318.1169964642847,-317.60635489952637,-318.11218101698194,-317.9862579304245,-312.49754425781305,-316.4365703181894,-315.25907948029754,-317.60154205714525,-317.5964374189986,1.0,0.5939284353386685,0.7666877518283617,0.5938291694551618,1.0,0.5953601738032737,0.46112936680306615,0.6340501801499927,0.4910962656876471,1.0,0.8269992296576265,1.0,1.0,0.13952478403213456,0.2513855126335986,1.0,1.0,1.0,1.0
594,-317.16411230765596,-316.65244049927355,-317.1640154154174,-316.6524480912616,-317.3945469930996,-317.3759734613767,-310.0332037387377,-316.53373073638465,-314.07788064324825,-316.65245127466903,-316.5337409992583,1.0,1.0,1.0,0.9999962040131861,1.0,0.8911724330145652,0.6900071998272524,0.8994870911263222,0.6964449819541156,0.8994435155229578,0.6964476256601191,1.0,1.0,0.038763992219537295,0.13234561902992453,1.0,1.0,0.8911292602143622,1.0
595,-315.6391025239477,-315.127532568177,-318.0813805080247,-317.569465740585,-318.06647028182095,-317.65456754562325,-312.65773112940406,-314.7786126878095,-315.20876890439985,-317.55456259724525,-317.5631223689034,1.0,0.29489409354314644,0.38091401630334,0.2949449393883727,1.0,0.2971007776831308,0.23004764097787037,0.365045779185713,0.28265802939152007,1.0,0.9583416822735389,1.0,1.0,0.34630313346506225,0.2792860125965556,0.8064784450607116,1.0,1.0,1.0
596,-317.15534548655785,-316.6440967336181,-318.00251075945533,-317.4912918866177,-317.9984514344577,-317.9159036947376,-311.9520612934702,-316.5225270919906,-315.1210181187382,-317.4872331077962,-317.47688698067464,1.0,0.654697071589982,0.8453764904457091,0.6546872904553602,1.0,0.6560272351191501,0.5080490147042482,0.6836705673297476,0.5294569181279309,1.0,0.8087172698276659,1.0,1.0,0.10175036176251562,0.20505471917959153,1.0,1.0,1.0,1.0
597,-316.67050385332857,-316.1587594206895,-316.6692962013908,-316.1587625553177,-316.6705070090067,-316.7289356731611,-308.514630969563,-315.9926211244563,-313.4924789486518,-316.1587624786511,-315.99262608998384,1.0,1.0,1.0,0.9999984326871133,1.0,0.9999984221621729,0.7742396761962623,0.97120674865977,0.7519479850539398,0.9706204858219529,0.751949163593554,1.0,1.0,0.023777986163564663,0.0829992265798166,1.0,1.0,0.9993947794119569,1.0
598,-315.7277882818393,-315.21660078737295,-315.72779180662775,-315.82551871729027,-316.2540436131296,-316.045044657551,-308.24988749715305,-314.9072390603405,-313.25583415072236,-315.21660746260204,-315.7445881577995,1.0,0.9999982376073331,0.952309475486097,0.7375222918714044,1.0,0.7686437616452902,0.595281180450218,0.8533135723425587,0.66085426823861,0.8533150762187917,0.8960464999122194,1.0,1.0,0.03584053435263921,0.08184129558280331,1.0,1.0,0.7686451162998067,1.0
599,-321.04738176303636,-320.53576835603474,-321.0471352283445,-320.53552198245353,-321.0471235188445,-322.31676607899817,-316.49565046745585,-320.52938578127146,-318.21234417432777,-320.5355201745551,-320.52914371297356,1.0,1.0,1.0,1.0,1.0,1.0,0.7743916068000536,0.5300986498409788,0.41045094350502154,0.530033310014542,0.410400384484757,1.0,1.0,0.13307163896923394,0.4238622098073932,1.0,1.0,1.0,1.0
600,-159.11606242367955,-307.5672879151461,-162.3263387906757,-311.035583925866,-162.32632375011795,-162.2263299763962,-310.85239759098715,-307.56701698119645,-310.27853153018464,-311.03561444957296,-311.03558858775915,5.8106667485739884e-33,0.20086179720668126,1.0258764472465344e-33,0.17655055635367578,1.0,0.2008633077490905,1.0,0.21116113238409645,1.0,1.0,1.0,1.1242773628702818e-33,5.597268263578419e-33,1.0,1.0,0.25775203148807874,1.0,1.0,7.457380243679079e-33
601,-157.6840313387311,-303.8249011747222,-157.6840308146254,-303.8248769408681,-157.68402654935548,-158.17090156030406,-302.79837016370533,-296.66621800382484,-302.67747701023853,-303.82487059022486,-303.7434230747609,1.8446472334220602e-32,1.0,1.8446695850134506e-32,1.0,1.0,1.0,1.0,0.7839303430053095,1.0,0.7839301375741553,1.0,3.0819224160166316e-32,3.081921608390185e-32,1.0,1.0,0.04950757933713887,1.0,1.0,3.2739517626111483e-32
602,-155.74183304062709,-307.6692085772356,-155.74509699305673,-307.669175072237,-155.745098547521,-155.7968652750706,-307.2238814043713,-307.6687368274431,-306.840428881004,-307.6692153295087,-307.6687432093235,1.0218557126958059e-33,0.9983693547342344,1.0218728314763198e-33,1.0,1.0,0.9983685787697948,1.0,0.9728590026428181,1.0,0.9744479816307992,1.0,1.2767067194011525e-33,1.2787919754818805e-33,0.800572876842189,1.0,1.0,1.0,0.999999222768171,1.5490516454925735e-33
603,-66.6548392798139,-305.9674645169582,-66.96617217388561,-306.10692521930673,-66.96616537411171,-66.96612357307673,-306.03655408934753,-305.92703896576813,-305.9270295626586,-306.1082694347484,-306.1043682276866,1.0812439859466426e-52,0.8558446122739825,1.0084170921339209e-52,0.9326452727050678,1.0,0.8558475220538571,1.0,0.8558654098968933,1.0,1.0,1.0,1.0445304255886578e-52,1.2204673729420751e-52,1.0,1.0,1.0,1.0,1.0,1.28916244674112e-52
604,-58.05975180252045,-306.9281636475289,-58.05974239676087,-306.482201557969,-58.05973841826852,-58.56178514887932,-306.39404032127436,-306.95185223254225,-306.9518618691304,-306.9579360472137,-306.95186152732947,9.097268395737446e-55,1.0,1.136973768786832e-54,1.0,1.0,1.0,1.0,0.778009399560494,1.0,0.7780057406844142,1.0,1.1882133142857358e-54,1.1882077262744908e-54,0.7566110548762944,0.7566074093105051,0.9999951817175207,0.9882255750099943,1.0,8.990049811552723e-55
605,-29.41265952976741,-302.0376382348104,-30.231342429191642,-302.34405202460476,-30.231317555204754,-30.2312294038028,-302.64416638540814,-301.39934041979467,-302.9599585176737,-302.96128768246143,-298.9114546100161,6.31303300278214e-60,0.6640874411399313,5.416280537727268e-60,0.8579521975159001,1.0,0.6640957004424435,1.0,0.6641249715710241,1.0,1.0,1.0,4.6615693033515e-60,7.019511309158122e-60,1.0,0.8539385304902446,0.4582643633027661,1.0,1.0,5.994156622351907e-60
606,-70.6215679538965,-305.7411910756737,-70.62156590246224,-305.7411844223191,-70.62156119262374,-71.70997220823051,-305.596553499548,-305.7350498018501,-298.2912405684273,-305.7411804784182,-305.7350455013678,8.798781753527833e-52,1.0,8.798811024284143e-52,1.0,1.0,1.0,1.0,0.5803046079592513,1.0,0.580304012731178,1.0,9.458672664043983e-52,9.458662962126442e-52,0.9330951027225228,1.0,1.0,1.0,1.0,3.648860626720987e-50
607,-54.36532133588504,-307.05792984971356,-54.36532219210116,-307.05792618813035,-54.365317728917745,-55.16262620615245,-306.9425312831556,-307.05014977094254,-296.9664475128115,-307.05483587990676,-307.0501516847338,1.3443032616523908e-55,0.9999995718920324,1.3443057227937842e-55,1.0,1.0,1.0,1.0,0.6712239546798293,1.0,0.6712242420362753,1.0,1.424149995038782e-55,1.4241506047290191e-55,0.947612852200249,1.0,1.0,1.0,1.0,2.088497769028849e-53
608,-79.75464910440047,-306.3639135288705,-79.75464786448009,-306.3636779607093,-79.75464517786028,-79.9249023982572,-305.1230158725362,-306.33745163293156,-299.84052128566265,-306.3638990546953,-306.3374500008555,6.2004535181667175e-50,1.0,6.201183875895101e-50,1.0,1.0,1.0,1.0,0.9183959650078741,1.0,0.9183953956391138,1.0,1.153137136005261e-49,1.1531364211063609e-49,0.5448646410580584,1.0,1.0,1.0,1.0,1.617928148119365e-48
609,-31.236463366526806,-304.0117955879881,-31.236463059399284,-304.0117980221639,-31.236462277458315,-31.2488454234896,-304.06554588666086,-303.87825853641885,-303.8782625769932,-304.0117994181045,-303.8782615373541,5.855840088017393e-60,1.0,5.855832960949849e-60,0.9999987829128559,1.0,1.0,1.0,0.9938280964474192,1.0,0.9938279438314508,1.0,5.700559452443776e-60,5.700558577044652e-60,1.0,1.0,0.999997979714857,1.0,1.0,6.260158034212827e-60
610,-66.88978803130207,-306.96834577279236,-66.89056448158388,-306.9683308400752,-66.89056155023428,-67.10119420237274,-306.69175721366173,-306.94709946815124,-306.94709403114825,-306.96833659016164,-306.9470977274643,7.372309764174763e-53,0.9996118502087264,7.3723648086884735e-53,1.0,1.0,0.9996133153156981,1.0,0.8996917399135697,1.0,0.9000410906750529,1.0,8.465722280861394e-53,8.469009525140808e-53,0.8801427865361513,0.8801451792088815,1.0,1.0,1.0,7.453946981156521e-53
611,-121.81255904178965,-306.1385277487439,-122.28138780333828,-306.1385392835629,-122.28144046559764,-122.2813259983204,-307.45073019948467,-306.13531042220285,-302.216105128885,-307.4575025371753,-307.4574860154947,9.421595607025016e-41,0.7910339587071022,9.421541268981618e-41,0.9999942326071268,1.0,0.7910131301635733,1.0,0.7910584040187912,1.0,1.0,1.0,4.888586654049024e-41,6.179995941058184e-41,1.0,1.0,1.0,1.0,0.9999736692169792,8.466112141543195e-40
612,-136.7106929466712,-308.3220150212988,-136.71069718341536,-308.322021395108,-136.7106993480353,-136.8150324510276,-308.57763840991635,-308.3212228952468,-305.9811144812245,-308.32157333636644,-308.32123197524345,5.43344024779849e-38,0.9999978816301633,5.43342293197043e-38,0.9999968131004855,1.0,0.9999967993230774,1.0,0.9491677298769757,1.0,0.9491697405695241,1.0,4.781531067149835e-38,4.781541196222494e-38,1.0,1.0,1.0,1.0,0.9999989176906213,1.7514444967721873e-37
613,-52.97733851662147,-303.6990171949947,-52.977494104624085,-303.69900788935126,-52.97748928477367,-54.294078172286135,-303.26479215744644,-303.6365029011945,-303.6364998195101,-303.69901451069245,-303.63650564172326,3.601465246191872e-55,0.9999222090245683,3.601482003206633e-55,1.0,1.0,0.9999246187652102,1.0,0.5176945782815479,1.0,0.5177348533808074,1.0,4.474762574134783e-55,4.47511069736111e-55,0.8303936845799773,0.830394964086588,1.0,1.0,1.0,3.7161004312837594e-55
614,-37.160258205485064,-304.3255227458144,-37.16280400206948,-304.3255249943162,-37.16280046599478,-37.50972366360068,-304.17935526381837,-304.291748282814,-304.2917513511144,-304.3255251853785,-304.2917510536,9.678318877090003e-59,0.9987279114991937,9.678307996237461e-59,0.9999988757497316,1.0,0.998729677289005,1.0,0.8396814132235333,1.0,0.8407509228044752,1.0,1.0412135048157193e-58,1.0425397075893954e-58,0.9453533467248958,0.9453518964119951,0.9999984658509904,1.0,1.0,9.855651471368844e-59
615,-97.66236170940262,-308.9679351194005,-97.66304875873324,-308.9465386373928,-97.66296639240952,-97.75292649303015,-309.0491777395452,-308.9514908413771,-302.45985216163575,-308.9621220430502,-308.93311114629864,1.3049015179141663e-46,0.9996565343325308,1.3189366103777562e-46,1.0,1.0,0.9996977041971374,1.0,0.9557275540847383,1.0,0.9560559264716619,1.0,1.2529568809282478e-46,1.2533873764601028e-46,1.0,1.0,1.0,1.0,1.0,3.3800357964986966e-45
616,-124.78586648777825,-308.3724318165406,-125.23852822862798,-308.46347714478406,-125.23852702802097,-125.23847165504874,-308.1182625310951,-308.37203531654154,-303.90323179081804,-308.46260769996866,-308.46329573424043,1.3635901740688636e-40,0.7974542039988259,1.302907611605958e-40,0.9554979468047683,1.0,0.7974546827135259,1.0,0.797476761737169,1.0,1.0,1.0,1.5483745420080379e-40,1.9416469738872867e-40,0.8808337360351398,1.0,1.0,1.0,1.0,1.597542075668351e-39
617,-63.43864527625945,-302.7222227616325,-65.62559292288189,-303.1291265968625,-65.6255979813948,-65.62484329334293,-303.21691042188036,-302.6958285017465,-287.36894916539285,-303.12931846247585,-302.90472234007916,1.0970624339232855e-52,0.3350505633038676,8.95103589800467e-53,0.8159094342510874,1.0,0.335049715876139,1.0,0.3351761687414324,1.0,1.0,1.0,8.566655124298168e-53,2.5568245699467e-52,1.0,1.0,1.0,1.0,0.9999974707467427,7.063876391024457e-49
618,-176.10239188002072,-306.44179006607595,-176.69148281333997,-306.44179686172737,-176.69081760523264,-176.68637294015372,-306.7978771544026,-306.44139147834784,-305.22045543070146,-307.1491996571997,-307.1573692199071,4.9791968543307744e-29,0.7448700788173476,4.979179935916439e-29,0.9999966021800647,1.0,0.7451178668303826,1.0,0.7467756078552183,1.0,1.0,1.0,4.167119624603025e-29,5.594424777028593e-29,1.0,1.0,1.0,1.0,1.0,1.2306760974569922e-28
619,-110.14152616534675,-305.6624070446281,-110.4473304637909,-305.66241339829656,-110.44641343012603,-110.44695566859757,-306.47107997306557,-305.65470872555886,-300.9577478155541,-306.59995057024446,-306.59995102441894,3.4928518764629117e-43,0.8582136945805634,3.492840780269118e-43,0.9999968231708052,1.0,0.8586072902335778,1.0,0.8583745368346112,1.0,1.0,1.0,2.3311975252594262e-43,2.716336898351102e-43,1.0,1.0,1.0,1.0,1.0,4.275524192651751e-42
620,-21.238586700744023,-306.1362476795306,-21.238582446559832,-306.13624907789807,-21.23843259228005,-22.720334253025925,-305.84627984409696,-306.124749694237,-306.12475684842843,-306.13625039255754,-306.12475683772396,1.365397064714727e-62,1.0,1.3653961100516298e-62,0.9999993008165007,1.0,1.0,1.0,0.4766972068466977,1.0,0.4766961928689155,1.0,1.5784276510134054e-62,1.578424293556043e-62,0.8700236140897084,0.8700205019375236,0.9999964229106724,1.0,1.0,1.3731586054484523e-62
621,-203.077021411974,-306.88218593284614,-209.72548248249575,-306.88219755704415,-209.72486089355226,-209.7176725398289,-306.0521215148503,-306.88195551566685,-306.7102336519857,-307.34219800063306,-307.35345759843403,2.877364809055501e-23,0.03600020899015188,2.877348085574941e-23,0.9999941879178855,1.0,0.036011399394955554,1.0,0.03614106361189721,1.0,1.0,1.0,4.357537426784284e-23,1.2104200361659853e-21,0.66039509095326,0.7196026685250186,1.0,1.0,1.0,8.707508214609544e-22
622,-124.31192000107978,-304.36492891046623,-129.6228379571671,-306.951682159612,-129.62269992392916,-127.75532379923513,-306.81545374681787,-304.35945305547597,-303.85197480733524,-306.95164796693643,-306.95111878357864,7.97968761789733e-40,0.07026658044526037,2.1891703588882234e-40,0.27434286449737993,1.0,0.070271430174423,1.0,0.17876165458147517,1.0,1.0,1.0,2.3434796315867607e-40,3.335126907751572e-39,1.0,1.0,1.0,1.0,1.0,1.4675525658384163e-38
623,-36.500437542624724,-308.6594445141485,-36.500484680551764,-309.1422929084377,-36.49999040208775,-39.81045732493311,-307.6817052609298,-308.65999844680874,-307.99628164144667,-309.14230426257086,-309.1423053101068,7.969343307652994e-60,0.9999764313142254,6.259985674784218e-60,0.7855083453077658,1.0,1.0,1.0,0.19109016559382416,1.0,0.19109466944404147,1.0,1.29937922020276e-59,1.2994098455851184e-59,0.6131494370271589,0.8544577769238094,1.0,0.9997230720215138,1.0,1.110016485448342e-59
624,-134.70457557484553,-305.93763212412,-134.70456948532618,-305.9376193841502,-134.70456525489956,-135.32236419164298,-305.1304390031267,-305.9348659024768,-303.38181830969137,-305.93760947912324,-305.9348586313062,6.564689820149005e-38,1.0,6.564731637257182e-38,1.0,1.0,1.0,1.0,0.7342583708682826,1.0,0.7342561352314039,1.0,9.828652256609888e-38,9.828622330771334e-38,0.6688379672061107,1.0,1.0,1.0,1.0,2.356133465512747e-37
625,-28.93676554350023,-303.91032845917385,-28.938481819488857,-303.9103236070173,-28.938478638224993,-29.196695151770697,-303.86134300538856,-303.8463747795569,-303.8463803333972,-303.9103350629367,-303.8463821584817,1.9509649996957834e-60,0.9991422301007952,1.950969732895283e-60,1.0,1.0,0.999143819369595,1.0,0.8781263367924758,1.0,0.8788802137848671,1.0,1.9993394453843795e-60,2.0010558908942005e-60,1.0,1.0,0.999997223083729,1.0,1.0,2.0160793953679802e-60
626,-177.63889323813981,-304.95429840016493,-177.63889516942385,-304.95430536457906,-177.63889739254435,-177.75318255386023,-303.4691786124614,-304.9521666602747,-304.0089550926237,-304.95430103938287,-304.9521696504621,2.2584529033315357e-28,0.9999990343584501,2.2584450389445697e-28,0.9999965177989998,1.0,0.9999979227998894,1.0,0.9444574362924475,1.0,0.9444583483006708,1.0,4.745704611787956e-28,4.74570919444196e-28,0.476401628144725,0.7634648143347857,1.0,1.0,0.9999988884403659,3.62318601640884e-28
627,-62.72763258216702,-304.32777009085305,-63.50346518640522,-305.1447995624504,-63.503810218968766,-63.503637302412116,-305.00162677185165,-304.3185838807021,-305.1448192433965,-305.1447934750322,-305.1527057960498,3.4450594952357895e-53,0.6784691273159298,2.289712900034952e-53,0.6646366784670605,1.0,0.6783520904404616,1.0,0.6784107421297247,1.0,0.9999139456994368,1.0,2.459634677517484e-53,3.625271332901978e-53,1.0,0.9309066867599467,0.6615844221004703,1.0,0.999827498598306,3.375371581446672e-53
628,-59.3110447476557,-304.2357652313935,-59.528312927432594,-304.2357654595951,-59.528284195660234,-59.528225997853156,-303.91774470771225,-304.1966593390306,-304.29473932996376,-304.2357652564569,-304.34273648879315,6.535408010649208e-54,0.8970586002643696,6.535407264953964e-54,0.9999998858992066,1.0,0.8970714873986853,1.0,0.8970975915751644,1.0,1.0,1.0,7.66178543154272e-54,8.54100883630648e-54,0.8698301505386232,0.828202730368637,0.9521430475315101,1.0,1.0,7.073585219281621e-54
629,-42.60963909381336,-303.2567491168723,-42.60963878979756,-303.25674620032686,-42.609538424415206,-42.654561287210356,-302.5890198456287,-303.168772362301,-303.1687361367016,-303.25671017377425,-303.168772337344,2.5188319675497523e-57,1.0,2.5188356406963913e-57,1.0,1.0,1.0,1.0,0.9777892756844158,1.0,0.977789127052733,1.0,3.5171813808022804e-57,3.5171808461629096e-57,0.7483561646863469,0.7483697196344161,1.0,1.0,1.0,2.6320195586076726e-57
630,-180.7530711150899,-304.6181103314533,-187.56944822454528,-306.4833865856019,-187.5665169583542,-187.54897841897173,-306.5638995661209,-304.6160092042042,-304.61557285033336,-306.4833885181721,-306.4833844656939,1.2677933919768942e-27,0.03310110694445348,4.988947015596552e-28,0.39351419933000237,1.0,0.033149656591584205,1.0,0.03344163321018056,1.0,1.0,1.0,4.792098320890889e-28,1.4477154280467025e-26,1.0,1.0,1.0,1.0,1.0,3.829309393250414e-26
631,-190.6582122545618,-309.2209364354386,-190.6582056825748,-290.1634700347555,-190.6582017089079,-191.13159559311526,-307.47179220330236,-309.21989780948553,-308.4981923525425,-290.16346318513155,-309.2198858858429,1.7965179647940225e-26,1.0,2.4700617634488797e-22,1.0,1.0,1.0,1.0,0.7892345957797936,1.0,0.7892320023643025,1.0,4.307778937122787e-26,4.307764781812452e-26,0.41725705715438577,0.598577019554683,1.0,1.0,1.0,2.5785238809373667e-26
632,-77.26115959228892,-306.63649809301114,-77.26105387068162,-306.63650102118663,-77.26116253397467,-77.32639926937038,-306.4463391030908,-306.61318731153995,-306.61318960604666,-306.63648629389814,-306.61319036708704,1.5551708319021057e-50,1.0,1.5551685549972126e-50,0.9999985359133265,1.0,0.9999985291582066,1.0,0.9679064503842632,1.0,0.9678552874237083,1.0,1.7102933308312755e-50,1.710202925740802e-50,0.9199609051679956,0.919959849740364,0.9999988527473009,1.0,0.9999456698294131,1.573403509871134e-50
633,-129.27624101078285,-304.5891830447149,-129.2762395471055,-304.589188335388,-129.27623714336113,-129.40361608321797,-304.7534565910904,-304.5417235535281,-299.86633013684667,-304.58918004835346,-304.5417291473167,8.536470310724455e-39,1.0,8.536447728917557e-39,0.9999973546669624,1.0,1.0,1.0,0.9382981379160124,1.0,0.9382974512333909,1.0,7.863335156545891e-39,7.863329401855218e-39,1.0,1.0,1.0,1.0,1.0,9.053822434848931e-38
634,-39.44980673918138,-303.92821565854683,-39.45049379297792,-303.9282118525011,-39.450489801127645,-40.06182490898691,-303.1558571605386,-303.83638321989656,-303.8363702668985,-303.9282109429688,-303.83635809319264,3.708883670762063e-58,0.999656532100339,3.7088907288592446e-58,1.0,1.0,0.9996585273419328,1.0,0.7363799294856563,1.0,0.7366329392541231,1.0,5.457059998800431e-58,5.458934967728138e-58,0.7115831306627145,0.7115877392450995,1.0,1.0,1.0,3.884503439185941e-58
635,-76.2668349324961,-308.9292692844264,-76.26703129360428,-306.8867064635741,-76.2670262942737,-80.55621668506839,-305.41019137512455,-307.1077619304371,-304.41518681382286,-306.8867421880702,-306.88670402185653,3.00603690008004e-51,0.9999018242654626,8.347014893471296e-51,1.0,1.0,0.9999043236884654,1.0,0.11710423114444993,1.0,0.11711572906717696,1.0,1.746434757433499e-50,1.7466062317832389e-50,0.4279344378804577,1.0,1.0,1.0,1.0,2.872476041114408e-50
636,-27.612489726990376,-302.6606297265572,-29.764068669757677,-303.9256565892727,-29.763998785630363,-29.763452801238543,-303.73806950502546,-302.55499684406175,-303.9245754496364,-303.92567300603247,-303.92561885747716,1.8795560021103702e-60,0.3410284168213796,9.985232399863394e-61,0.5312548489458139,1.0,0.34104033326622024,1.0,0.3411334473248198,1.0,1.0,1.0,1.0967109888148535e-60,3.2158932649570526e-60,1.0,0.9109630227290965,0.5041964511710388,1.0,1.0,2.9294574863411395e-60
637,-38.483622948925344,-305.72836161784375,-38.774750730985886,-306.0250825555108,-38.77469997322419,-38.774750396017936,-305.83417025650357,-305.69371828021593,-294.8796406390555,-305.9870761972269,-306.02507384969454,9.301271880845894e-59,0.8645346522997327,8.018815224570766e-59,0.8621202914285144,1.0,0.864556593500084,1.0,0.8645347970954451,1.0,1.0,1.0,8.821984395455981e-59,1.0204315549398388e-58,1.0,1.0,1.0,1.0,1.0,2.4407243859941503e-56
638,-164.80698135199114,-304.8394037482195,-164.80698127267385,-304.83937144706056,-164.80698083805356,-164.80587700020953,-303.9260276056159,-304.6780768983863,-304.4732997881495,-304.8393461320276,-304.8375154065081,3.911522501196245e-31,1.0,3.9115856750614397e-31,1.0,1.0,1.0,1.0,1.0,1.0,1.0,1.0,6.1756538034041185e-31,6.175653558486152e-31,0.6865854109852632,0.7606088170945258,1.0,1.0,1.0,4.697255527144322e-31
639,-102.39391270670941,-307.22751629490506,-102.39644945152067,-307.22748676688155,-102.3964462149636,-102.65653605529691,-305.5626753364353,-307.21327282129323,-302.7247987700952,-307.22748039978796,-307.2132701011417,3.318548175115017e-45,0.9987324316386753,3.318597170560953e-45,1.0,1.0,0.998734047867236,1.0,0.8769444107631676,1.0,0.8780574085536771,1.0,7.628932062234384e-45,7.638614528334756e-45,0.4381040926324812,1.0,1.0,1.0,1.0,3.156828278381104e-44
640,-204.24512547798992,-308.04318557580416,-204.81115986764814,-308.6867730897334,-204.81052990617346,-204.80342130945093,-307.518533393563,-308.043162654883,-307.9685940974489,-300.1763755310906,-308.68676792110807,2.8876039926094954e-23,0.7535068313271241,2.0930730250548644e-23,0.724847669698428,1.0,0.7537442088471593,1.0,0.7564280073383913,1.0,1.0,1.0,3.753741894765707e-23,4.9816959033462105e-23,0.7692689500302063,0.7984919826084825,1.0,1.0,1.0,3.9765914916100975e-23
641,-76.01914411118236,-311.7605728321844,-76.01879585657016,-311.65218899049205,-76.01868479749645,-78.38003884923363,-311.2299264071588,-311.76026072875413,-310.5776444619835,-311.6521243719453,-311.65221537795867,6.447616161888544e-52,1.0,6.806665795189548e-52,1.0,1.0,1.0,1.0,0.3071413023558964,1.0,0.30708782532436707,1.0,8.406739349621008e-52,8.405275634185166e-52,0.7670777139356066,1.0,1.0,1.0,1.0,1.164579305279069e-51
642,-118.88830840573615,-306.4039517887343,-118.88830959094209,-306.39676558916574,-118.88831110419241,-118.9365617003437,-307.0435062952779,-306.37547301001047,-302.04122441324756,-306.4039450629695,-306.3754798764171,1.912033090558327e-41,0.9999994073972098,1.9189155735629957e-41,1.0,1.0,0.9999986507727818,1.0,0.9761620736343115,1.0,0.9761626521110228,1.0,1.3887302882408722e-41,1.3887311112067907e-41,1.0,1.0,1.0,1.0,0.9999992433751237,1.6937534884314057e-40
643,-71.48718025999194,-303.46571412277007,-71.4898806152024,-303.46571297663695,-71.48987920921951,-71.53077452904542,-303.5627429334256,-303.3448516994075,-303.3448480482259,-303.4657177142068,-303.34485945673634,4.2315688520551205e-51,0.9986507334744718,4.231571277026404e-51,1.0,1.0,0.9986514355176385,1.0,0.9784387063502661,1.0,0.9797606646180645,1.0,4.0311770528431926e-51,4.036623533853631e-51,1.0,1.0,1.0,1.0,1.0,4.5012508426889195e-51
644,-76.92944014297285,-306.6866998330259,-76.9960428383799,-306.6867022474956,-76.92948549447641,-76.99603847976667,-306.6313866662674,-306.6722406371807,-296.8962263649986,-306.686702236985,-306.672244707635,1.2848279324535859e-50,0.9672470379929129,1.2848263813654715e-50,0.9999987927658833,1.0,0.9999773245053135,1.0,0.9672491459230825,1.0,1.0,1.0,1.320857818534232e-50,1.3655847644414327e-50,0.9797802320691427,1.0,1.0,1.0,1.0,1.7172325774558955e-48
645,-40.570947121894264,-303.2359823739359,-40.570946111073525,-303.23598123456196,-40.570743923081494,-41.194876300754615,-302.52797326893193,-303.11855655094394,-303.1183910196686,-303.2359769884616,-303.1185447331167,9.1835860686006e-58,1.0,9.183591300371283e-58,1.0,1.0,1.0,1.0,0.7320074485702525,1.0,0.732007078606191,1.0,1.3084421448442088e-57,1.308441483544114e-57,0.7443144831845343,0.7443760893967668,1.0,1.0,1.0,9.738740969243626e-58
646,-211.61046419123136,-307.1450408994094,-211.61048065664505,-307.14355288527724,-211.61047692425385,-211.72959829574282,-306.96773541153766,-307.14476734267225,-306.970833939243,-307.14503206401366,-307.14476513781324,1.798582039787442e-21,0.9999917673270418,1.7999206954568732e-21,1.0,1.0,0.9999936335090227,1.0,0.9421723566913744,1.0,0.9421801133521154,1.0,1.9653126512624886e-21,1.9653288311720118e-21,0.9152884975192409,0.9984519356370539,1.0,1.0,1.0,1.9622827136402184e-21
647,-81.13789878296426,-305.5195706180973,-81.38115853390457,-305.9678282123451,-81.38089157229942,-81.3806451549707,-305.17243405513165,-305.4974840997728,-305.4974890205759,-305.51957487499925,-305.9460996587171,1.8885958928563904e-49,0.8854760442630394,1.5093888624036707e-49,0.7992121915084749,1.0,0.8855942462047578,1.0,0.8857033658111022,1.0,1.0,1.0,2.2465639612287492e-49,2.5371256238766986e-49,0.849994821116393,0.8499927297903813,0.9999975396014661,1.0,1.0,2.1562504976031676e-49
648,-138.62147285638966,-308.3647169910769,-139.10330882832838,-308.3647330072263,-139.10326966476313,-139.10278339876544,-309.6046191511084,-308.3626651476884,-305.79998935113395,-309.68232880886205,-309.6822232758481,1.3826837727607182e-37,0.7859060790705457,1.3826727001701099e-37,0.9999919919573634,1.0,0.7859214686632261,1.0,0.7861125753379883,1.0,1.0,1.0,7.438434324279741e-38,9.464787870170075e-38,1.0,1.0,1.0,1.0,1.0,6.342598849285966e-37
649,-105.32058654016409,-304.40647971656927,-110.11150740267836,-305.9350570143741,-110.11150739025103,-108.75304074632183,-305.73685105020166,-304.14127990461617,-299.4122454383941,-305.9349169238535,-305.9350403507139,5.875537255156861e-44,0.0911307098341067,2.736032435123975e-44,0.4656650645390078,1.0,0.09113071040036202,1.0,0.17974302211499815,1.0,1.0,1.0,3.0210723064299385e-44,3.3150979641544097e-43,1.0,1.0,1.0,1.0,1.0,7.831898000221963e-42
650,-43.751918644568875,-304.17444736319385,-43.84423803011482,-303.09326247490634,-43.75192279495802,-43.844213066648464,-304.6839673596507,-304.1575110493053,-304.15751960330255,-304.17445325966474,-304.82752877218167,2.818164936368907e-57,0.9548894610684532,4.8388562726114466e-57,1.0,1.0,0.9999979248075805,1.0,0.9549013798183053,1.0,1.0,1.0,2.1843666921379465e-57,2.2875597450764068e-57,1.0,1.0,0.9999957230105226,1.0,1.0,2.842124672218256e-57
651,-117.92357852367643,-306.2916714521471,-117.92357574432071,-306.2916651137156,-117.92357258043839,-118.17865974145722,-305.4115037938076,-306.3596004114489,-302.3727219025459,-306.3707047058681,-306.3595975591954,1.248499397952024e-41,1.0,1.248503354722251e-41,1.0,1.0,1.0,1.0,0.8802576688212065,1.0,0.8802564455474671,1.0,1.938716541693461e-41,1.9387138475038652e-41,0.6224771807028306,1.0,1.0,0.9666058382045433,1.0,8.858825127477607e-41
652,-98.54331093797444,-304.5488190182741,-98.54331100294459,-304.54881527884805,-98.54293975833997,-98.54366003575649,-304.76994591335074,-304.57534192942813,-299.7704563744601,-304.54881576689365,-304.5753437122869,1.8470229830383626e-45,0.9999999675149246,1.8470264364445392e-45,1.0,1.0,1.0,1.0,0.9998254663417468,1.0,0.9998254988211536,1.0,1.653694204403348e-45,1.6536942581237337e-45,1.0,1.0,1.0,0.9868260901033208,1.0,2.0137240795169698e-44
653,-64.05703218644274,-304.3660997308725,-64.05700486174477,-304.4220670606903,-64.05684206380435,-64.05864236337484,-304.92052931958455,-304.30526004700573,-304.3052645746559,-304.37668935839605,-304.3353567629837,6.569752473165622e-53,1.0,6.388455232815836e-53,0.9724042509835357,1.0,1.0,1.0,0.9991952355307125,1.0,0.9991815842699563,1.0,4.979160796680283e-53,4.979092770112447e-53,1.0,1.0,0.9999977361774812,1.0,1.0,6.772014959281733e-53
654,-121.35887839184241,-305.5256116093949,-121.59913379266223,-305.52561730176006,-121.5990784665174,-121.59879379029115,-306.5989012465194,-305.51757273708336,-301.43121571451724,-305.52562557536913,-306.5907758998526,1.020239201406506e-40,0.8868071838452044,1.0202362976236005e-40,0.9999971538214684,1.0,0.8868317159958657,1.0,0.8869579549330702,1.0,1.0,1.0,5.965407601585103e-41,6.726837254203406e-41,1.0,1.0,1.0,1.0,1.0,8.911433326902913e-40
655,-67.6610910701661,-305.8095453968831,-67.66108869768621,-305.80578143779366,-67.66108375882314,-69.49876516246935,-305.5815499886395,-305.8003717024417,-305.80248015212067,-305.8095424536126,-305.8024850647266,1.93517482711733e-52,1.0,1.9388202157548874e-52,1.0,1.0,1.0,1.0,0.3989827699323517,1.0,0.3989822966433345,1.0,2.1688463201013622e-52,2.168843747330771e-52,0.8963620652929909,0.8954175960675117,0.998946330660289,1.0,1.0,1.9420160587993382e-52
656,-184.75232694287638,-304.2080437986641,-189.9117234790354,-304.20736228651475,-184.7523111710894,-190.0073184443038,-303.9961007573222,-304.20817945009804,-303.844752631146,-304.20803305233414,-304.2075421532462,1.149530950394058e-26,0.07579687090826356,1.1499227267947349e-26,1.0,1.0,1.0,1.0,0.07225919087671624,1.0,0.9533268327682161,1.0,1.2780372602074907e-26,1.6861345922238504e-25,0.8993892596610269,1.0,1.0,0.9999321765831438,1.0,1.3784941225505743e-26
657,-59.94193870404084,-309.13815239011467,-59.94415304386908,-309.14704747883013,-59.94414805097284,-63.01552039584584,-308.8964098265692,-309.14794750203646,-308.9988383669248,-309.09046736018354,-309.1479569462533,7.721999025433923e-55,0.9988934427723513,7.687731352222571e-55,0.9955623313214107,1.0,0.9988959364611197,1.0,0.21507018851899104,1.0,0.2153084396290363,1.0,8.714118735272708e-55,8.723772088329454e-55,0.8818186664262609,0.9500750759656249,1.0,0.9951144175114083,1.0,8.288217738395012e-55
658,-172.55441667871392,-311.13523282155154,-172.5544138306712,-311.13522201861605,-172.5544122466455,-172.60404668976787,-308.68878279928356,-311.13437196300396,-309.7239773382567,-311.13522676985207,-311.1343699767009,8.082731007448684e-31,1.0,8.082774666177388e-31,1.0,1.0,1.0,1.0,0.9754903556615675,1.0,0.9754889665434506,1.0,2.7466163324926102e-30,2.7466124212550657e-30,0.2944062738095165,0.5959507381243698,1.0,1.0,1.0,1.6368444033862253e-30
659,-19.304596863841212,-305.04903985207727,-19.304584154380066,-305.061451160947,-19.304579621226452,-20.178673944023785,-304.97722967147433,-305.04828388989824,-305.04828898077636,-305.0478705287311,-305.0482893047115,8.940927799514038e-63,1.0,8.88561529391869e-63,0.9938135608702231,1.0,1.0,1.0,0.6459465360924264,1.0,0.6459424312892674,1.0,9.267785431955329e-63,9.267726537862869e-63,0.9650965708678712,0.9650941142764901,0.9999974545641801,1.0,1.0,8.944208061657941e-63
660,-144.18068091070637,-308.57316065025424,-144.18066765602387,-308.5686951350309,-144.18066480555117,-144.49140153741092,-308.6973716504148,-308.5710946265364,-304.80620347048927,-308.57317325387487,-308.5362756359019,2.00736612664365e-36,1.0,2.0118530959356738e-36,1.0,1.0,1.0,1.0,0.8561066552457535,1.0,0.8561009815536034,1.0,1.8864900346074098e-36,1.886477532235622e-36,1.0,1.0,1.0,1.0,1.0,1.3201018890881757e-35
661,-62.54615894447468,-308.4534328223211,-62.546151712951456,-308.4779496572083,-62.54561013253367,-65.16855746009368,-308.35030483862306,-308.4772936066694,-296.5444154482594,-308.47832315686793,-308.4772685310773,3.998655112682435e-54,1.0,3.949937141774746e-54,0.987816410884458,1.0,1.0,1.0,0.26949666652757287,1.0,0.26949569209363283,1.0,4.2102501947251494e-54,4.2102349714916047e-54,0.9384793897643837,1.0,1.0,0.9881404927794287,1.0,1.5410085194351245e-51
662,-62.559474773499815,-306.86152779363556,-64.34764512775547,-307.4339685937653,-64.34764681541358,-64.34697716455386,-307.39072221421293,-306.86039306357816,-277.481351424752,-307.4234955995381,-307.43394625211795,8.922431611337526e-54,0.4089815732520109,6.701612114414484e-54,0.7510970558629882,1.0,0.4089812281416215,1.0,0.40911818838474523,1.0,1.0,1.0,6.848100409415987e-54,1.6744276166193768e-53,1.0,1.0,1.0,1.0,0.9999991561712996,5.231233316499471e-47
663,-59.79770070763104,-305.8544494891404,-59.944589144632005,-305.84162688384225,-59.79770610281726,-59.94454248897404,-306.416541826013,-305.81151204928415,-306.4870754158716,-305.85445813248344,-306.4884642137075,3.7107003445639616e-54,0.9291879758445518,3.7345671945587817e-54,1.0,1.0,0.9999973024105279,1.0,0.9292096520355747,1.0,1.0,1.0,2.801554558242988e-54,3.01505683572433e-54,1.0,0.9653478319914209,0.7133510073419354,1.0,1.0,2.704481914587456e-54
664,-169.92103927240714,-306.7544194648704,-169.92103616091651,-306.7544229513646,-169.92103129305693,-171.1821773405369,-306.74515450830125,-306.75501351193935,-302.8189730996848,-306.7544200125771,-306.7550180352919,1.936462187528621e-30,1.0,1.9364588117995007e-30,0.9999982567544368,1.0,1.0,1.0,0.5322888243396479,1.0,0.532287996234448,1.0,1.945453616782064e-30,1.9454505901540725e-30,0.9950826282351497,1.0,1.0,0.999703020572651,1.0,1.3854109265640822e-29
665,-50.44675783253169,-305.77782252602617,-50.44686258036283,-305.77782977657625,-50.44685950196251,-50.6852689061171,-305.7744568465507,-305.746528087919,-294.98173585763516,-305.77783111986236,-305.7465364458227,3.59388166072157e-56,0.9999476274559171,3.5938686319357267e-56,0.9999963747315294,1.0,0.9999491665766527,1.0,0.8875809621880382,1.0,0.8876274494957661,1.0,3.59993467929454e-56,3.6001232269069575e-56,1.0,1.0,1.0,1.0,1.0,7.941934170091761e-54
666,-79.38255022109068,-306.2111284092561,-80.38868083728043,-306.7434824395216,-80.38863563236072,-80.38851517179319,-306.6235432731818,-306.1815103553304,-306.1814968731929,-306.7434713251444,-306.74348133495505,5.556484119412406e-50,0.6046743029778341,4.2579530516170405e-50,0.7663034681843575,1.0,0.6046879702589503,1.0,0.6047243918838197,1.0,1.0,1.0,4.521112643674741e-50,7.476938612091871e-50,1.0,1.0,1.0,1.0,1.0,9.326166292456634e-50
667,-111.29007729969928,-303.50027534017954,-111.29007711575261,-303.50026283344926,-111.2900767620473,-111.29238576625227,-302.6184016519202,-303.4905843811884,-300.64949404771374,-303.5002607695483,-303.490583636027,1.8284614682471902e-42,1.0,1.8284729023201397e-42,1.0,1.0,1.0,1.0,0.9988464325945188,1.0,0.9988463407272866,1.0,2.8417263284767665e-42,2.8417260671137405e-42,0.6465586506422386,1.0,1.0,1.0,1.0,7.605451272835873e-42
668,-39.50329971680375,-303.18207540966654,-39.5044262134555,-303.182078350768,-39.504454832675606,-39.614612473956896,-303.130972406864,-303.07135362955677,-303.0713612103411,-303.18205587713015,-303.0712109290317,5.5319896740930875e-58,0.9994369102686858,5.531981539027662e-58,0.999998529450353,1.0,0.999422608818553,1.0,0.945864099223162,1.0,0.9463970056587949,1.0,5.675161656136354e-58,5.678359081826048e-58,1.0,1.0,0.9999962096150269,1.0,0.9999856904923304,5.8502371847402844e-58
669,-50.74273475674539,-304.7837657967585,-50.7427181224684,-304.7837653773255,-50.74273320561706,-50.75646388261592,-304.3821124145127,-304.754865535788,-304.75486284965217,-304.7837640285123,-304.7548666572117,6.850007092396963e-56,1.0,6.850008528956542e-56,1.0,1.0,1.0,1.0,0.9931589443570314,1.0,0.993150684150895,1.0,8.373537024270098e-56,8.37346738069255e-56,0.8299610054857222,0.8299621201804617,1.0,1.0,0.9999924584541108,6.949713152122293e-56
670,-135.4458163367049,-302.5371096987947,-135.445816657469,-302.5371098876021,-135.44581744675557,-135.45917814439417,-303.12243914898687,-302.5046674060638,-299.7787522494257,-302.00098547857135,-302.5046688059747,5.2069889900913934e-37,0.999999839617955,5.206988498532357e-37,0.9999999055963018,1.0,0.9999994449748163,1.0,0.9933413637765764,1.0,0.9933415230907213,1.0,3.885831676439492e-37,3.885832299657215e-37,1.0,1.0,1.0,1.0,0.999999605356798,2.0680289311178735e-36
671,-229.05497534372398,-310.2760035521288,-230.2368935876624,-311.3242110298012,-230.23524792592974,-230.2042891672639,-309.5141934403333,-308.96356387212364,-311.0953143140667,-307.54127741721913,-308.9635499900841,2.3071605508670357e-18,0.5537958721430714,1.3660369777183677e-18,0.5920857901306489,1.0,0.5542517400056683,1.0,0.5628979593460791,1.0,1.0,1.0,3.376780111051014e-18,6.097517661125951e-18,1.0,0.45359051518795224,0.34442627371354323,1.0,1.0,2.7635013472982448e-18
672,-190.6848116007599,-305.90965317891124,-190.6848119212334,-305.9096427742795,-190.68481251189846,-190.69386730299018,-303.8862036081641,-305.9093364348554,-305.9004491853024,-305.90963350301297,-305.9093361512645,9.533306636336735e-26,0.999999839763261,9.533356231738091e-26,1.0,1.0,0.9999995444308255,1.0,0.9954823841489737,1.0,0.9954825436618503,1.0,2.621984099735541e-25,2.6219845198737774e-25,0.3636489087010621,0.3652684235950783,1.0,1.0,0.9999997046675172,9.577284351133129e-26
673,-56.87066706836609,-306.90198051091295,-56.87474106513079,-306.9308947324378,-56.8747749525981,-56.879627028831436,-306.9590459238931,-306.9228646437677,-306.9228702365424,-306.93089473781924,-306.9228694924466,5.086161363025833e-55,0.9979650748908632,5.013159136978885e-55,0.9856468914695358,1.0,0.9979481657796891,1.0,0.9955300399098376,1.0,0.9975599998013038,1.0,4.9430902233470856e-55,4.953169552439132e-55,1.0,1.0,0.9999972036165606,0.9896122626811065,0.999983056409889,5.04366233869331e-55
674,-85.86894524771387,-307.41179016718866,-85.86950902840317,-307.41159968555223,-85.86950559862724,-86.1869845055885,-307.3682955912789,-307.38248254183515,-299.27178052347654,-307.41179441473184,-307.3824887242546,7.808767156976475e-49,0.9997181493826978,7.809510905766776e-49,1.0,1.0,0.9997198637887905,1.0,0.8529796157213977,1.0,0.8532200963322436,1.0,7.980446680743724e-49,7.982696608710616e-49,0.9929316240354643,1.0,1.0,1.0,1.0,4.573880220834923e-47
675,-104.76458555959358,-306.25510965831756,-104.76458316312957,-306.2548942474756,-104.76457881813037,-105.45996603771404,-306.1465805027306,-306.24562323567994,-301.84340961004483,-306.2550963203867,-306.24562374421424,1.7655849331677175e-44,1.0,1.765775106477387e-44,1.0,1.0,1.0,1.0,0.7063176319450939,1.0,0.706316785613208,1.0,1.8640408293281149e-44,1.864038595776073e-44,0.9516848237695505,1.0,1.0,1.0,1.0,1.6027863810772725e-43
676,-41.664720157578074,-304.71773470228527,-43.70691524850659,-305.67942080443265,-43.706914801020446,-43.706474824855306,-305.4091572476964,-304.6648570064402,-305.67735351670433,-305.67935979557,-305.6793791420671,7.564211571857514e-58,0.3601993879400436,4.676664163626965e-58,0.6182619456370569,1.0,0.36019946853217033,1.0,0.3602787168391174,1.0,1.0,1.0,5.353319568565856e-58,1.486210068035118e-57,1.0,0.8745042413523452,0.6027527164730573,1.0,1.0,1.2996967172391076e-57
677,-29.495456591376893,-304.44449864691825,-33.23059782374169,-304.9476754539151,-33.23060579230015,-32.68931195885108,-304.7744051559713,-304.40522764373657,-304.9476102901069,-304.948394895943,-304.94847270333184,1.9750319034576592e-60,0.1544985425252441,1.5357151193851164e-60,0.7775647151302004,1.0,0.15449792696113607,1.0,0.20251776179035666,1.0,1.0,1.0,1.6746953989141366e-60,1.0839554675025849e-59,1.0,0.9170414857046484,0.7624706041446347,1.0,0.9999960157287053,9.940360928657061e-60
678,-74.0414354222909,-310.0024301768193,-74.0409774915052,-310.0048107456366,-74.04101533621387,-74.04852464714371,-309.99653113463194,-310.0034344971329,-309.98975476842656,-310.0050133144083,-310.0052065928422,5.77724807910586e-52,1.0,5.770375601705201e-52,0.9988104236988726,1.0,1.0,1.0,0.9964616622962147,1.0,0.9962335331780803,1.0,5.794313348993512e-52,5.792986803633533e-52,0.996554268953208,1.0,1.0,0.9994979659045107,0.9999810778246907,5.81275778236376e-52
679,-63.06974882837763,-306.89531158852793,-63.069752794597974,-306.8953172529369,-63.069754120661244,-63.10627484155057,-307.13270372901246,-306.89582177295074,-306.89583131071424,-306.89874400663916,-306.8958294506685,1.1322746212195234e-53,0.9999980168917925,1.1322714143908287e-53,0.999997167799538,1.0,0.9999973538616922,1.0,0.9819027515040852,1.0,0.9819046987273523,1.0,1.0055478107878268e-53,1.0055498049019053e-53,1.0,1.0,0.9999952311296194,0.9997449403218478,0.9999993369685849,1.131983420710095e-53
680,-88.9913265387627,-305.95102361237866,-89.22102201645512,-305.9439688159871,-89.22109343782907,-89.2210717136867,-306.04137592010153,-305.93114794836157,-298.5498668040818,-306.07369718646055,-306.0736937416616,7.723255151430075e-48,0.8915018746773531,7.750546252709939e-48,1.0,1.0,0.8914700391014092,1.0,0.8914797223650239,1.0,0.999975151692937,1.0,7.382111974250997e-48,8.280534437375928e-48,1.0,1.0,1.0,1.0,0.9999642899506461,3.506181643906344e-46
681,-31.140536536361452,-305.1642344600752,-32.1729118339378,-305.63156398930505,-32.17291157889011,-32.172899296189726,-305.44444560223354,-305.1117583296085,-292.9134933974808,-305.66901020060374,-305.6763922654962,3.136967653233906e-60,0.5967913949845086,2.4833087719162868e-60,0.7916271528513495,1.0,0.5967914710896485,1.0,0.596795136206318,1.0,1.0,1.0,2.726860770687895e-60,4.56920256157288e-60,1.0,1.0,1.0,1.0,1.0,2.4038206074539416e-57
682,-155.23706748868133,-307.0230040399011,-155.23713872916662,-307.00663603480365,-155.23713410218062,-156.16543525094505,-306.7604332410002,-307.0050941201324,-305.78113024941797,-307.006628609926,-307.0050842178331,1.09673742268509e-33,0.9999643803917516,1.1057499535320242e-33,1.0,1.0,0.9999666938050209,1.0,0.6286479473423412,1.0,0.6286703403335814,1.0,1.250602196672079e-33,1.250646744219167e-33,0.8848559287792945,1.0,1.0,1.0,1.0,2.0407349144960704e-33
683,-39.59378900126467,-306.00451248476315,-39.593635574561844,-306.00434756414296,-39.59377619622519,-40.81854373854169,-305.79957754899414,-305.99297178787344,-305.9929736188865,-305.93651197351323,-305.9929747542641,1.4113880487682133e-58,1.0,1.411504437062998e-58,1.0,1.0,1.0,1.0,0.5420606580199794,1.0,0.5420190763251904,1.0,1.5636785960998312e-58,1.5635586456751902e-58,0.9078309288372257,0.907830097712473,0.9999990844939005,1.0,0.9999296916400744,1.4195454039916524e-58
684,-66.35530169149305,-304.5752428832746,-66.35530189028188,-304.57524322316624,-66.35530277107162,-66.37100798093059,-303.56058838431386,-304.5506745841793,-304.54916659736693,-304.57523784192637,-304.55067521122055,1.867226621325933e-52,0.9999999006055922,1.8672263039986002e-52,0.9999998300541935,1.0,0.9999994602108622,1.0,0.9921776106607462,1.0,0.9921777092776619,1.0,3.1011762942613376e-52,3.1011766025009577e-52,0.6095446353973736,0.6100044013417067,1.0,1.0,0.9999995596052261,1.8917322099724786e-52
685,-97.65919939901998,-306.7621318686189,-98.71577381479437,-308.09250129945815,-98.71576124669801,-98.71549061488943,-308.001895757301,-306.7597299574439,-303.06581804190535,-308.09250153489074,-308.094358613983,3.925320652989352e-46,0.5896139915036126,2.0183156511357355e-46,0.5141785422290697,1.0,0.5896176966779862,1.0,0.589697486728106,1.0,1.0,1.0,2.1118537126167536e-46,3.581756442433091e-46,1.0,1.0,1.0,1.0,1.0,4.226189616145132e-45
686,-45.27591917268643,-305.2329838125953,-45.592017891620884,-305.53056449809236,-45.59201560896443,-45.59200734300853,-305.44144585800575,-305.21469720289997,-295.7418724660837,-305.49351448906674,-305.530558692339,3.5566460525019784e-57,0.8538076374382757,3.064938910774207e-57,0.8617497680485022,1.0,0.8538086119135885,1.0,0.8538121406930465,1.0,1.0,1.0,3.204598975839794e-57,3.753303244574858e-57,1.0,1.0,1.0,1.0,1.0,4.7934561520330404e-55
687,-102.32309417101476,-306.01657184927353,-102.32309186282629,-306.0165668523795,-102.32308744109564,-103.08287153153498,-305.4983207125626,-305.9964207313616,-300.5285725634812,-306.01655035325547,-305.9964167420952,5.868448833033441e-45,1.0,5.868463495060201e-45,1.0,1.0,1.0,1.0,0.6839375407239423,1.0,0.6839367513960247,1.0,7.60431549142494e-45,7.604306715333356e-45,0.7795409880331969,1.0,1.0,1.0,1.0,9.124850634797173e-44
688,-38.30197126790894,-302.99547275569165,-38.65759884812934,-304.05604797462894,-38.65759563132765,-38.65757783485607,-304.3248322231264,-304.083439908337,-295.18207282893826,-304.3073863530432,-304.3073908309208,3.330707186498603e-58,0.8370982849562378,1.9599070336272093e-58,0.5884357056579189,1.0,0.8370996313469083,1.0,0.8371070800899488,1.0,1.0,1.0,1.713443204779155e-58,2.046884142008191e-58,1.0,1.0,1.0,0.5804314478812624,1.0,1.9788712548825607e-56
689,-121.08956131073506,-308.58002369789534,-121.08956362696289,-308.57947589487065,-121.08956435461414,-121.09300850217112,-309.0472679474618,-308.55648937571283,-303.0859012754115,-308.58004709481173,-308.5766214492198,1.9362587255885288e-41,0.99999884188676,1.93678914241945e-41,1.0,1.0,0.9999984780616202,1.0,0.9982778888200364,1.0,0.9982790449402156,1.0,1.53286034163475e-41,1.532862116862661e-41,1.0,1.0,1.0,1.0,0.9999996361744388,3.01993485319129e-40
690,-56.578212074308354,-305.21031869424155,-57.868051054957846,-305.93920989900676,-57.86836607261573,-57.868262856319774,-305.60944267902875,-305.14102027230314,-295.90702841981084,-305.939214781296,-305.93921628958805,1.023821005182746e-54,0.5247047842179026,7.11127250885271e-55,0.6945816185499507,1.0,0.5246221450901674,1.0,0.524649220566115,1.0,0.9998941049263151,1.0,8.386009757651158e-55,1.5982339040706499e-54,1.0,1.0,1.0,1.0,0.999842503574923,2.0443781540280183e-52
691,-181.6099394916752,-305.7614237719977,-187.03223716043155,-305.76143057744036,-187.03003326508164,-187.02316172194583,-306.90489849362285,-305.757631915434,-304.70372400918075,-305.76143480226415,-305.75763875929954,1.0986205755991686e-27,0.06646041083555716,1.0986168373058763e-27,0.9999965972844703,1.0,0.06653368709664173,1.0,0.06676267479653326,1.0,1.0,1.0,6.202194015122338e-28,9.332163218894983e-27,1.0,1.0,1.0,1.0,1.0,2.802094142843545e-26
692,-62.53614842152609,-302.2349479659254,-62.750149933282984,-303.0494499680453,-62.75098320204154,-62.7508794873759,-302.6081476568257,-302.16742536509264,-302.1674360923472,-302.234953172909,-302.86676922189105,8.913884849338746e-53,0.8985249938143735,5.931986541191954e-53,0.6654771338707649,1.0,0.8981507153853547,1.0,0.8981972922935924,1.0,0.9996352894766011,1.0,7.396525116222832e-53,8.231852388238547e-53,1.0,1.0,0.9999946363871033,1.0,0.9995834524007732,1.026544585005026e-52
693,-37.31253862233457,-306.9399099838362,-37.31250984702284,-306.93990536547744,-37.31237482432405,-38.7593332988761,-306.7505320206706,-306.935057053303,-306.9350558066945,-306.9399086118902,-306.9350581073422,2.8259223472089386e-59,1.0,2.8259288727780907e-59,1.0,1.0,1.0,1.0,0.4851013997387633,1.0,0.48509442031697225,1.0,3.1065841778437902e-59,3.1065394817013218e-59,0.9118657384872771,0.9118663068572535,1.0,1.0,1.0,2.832557448054406e-59
694,-45.18521858761764,-304.8941695232832,-45.18523815976023,-304.89417274299205,-45.18451452470464,-45.491597586806634,-305.5684349819155,-305.7583597150219,-305.7583585037733,-305.7730647873203,-305.7583589765896,4.0264086823280946e-57,0.9999902139765879,4.0264022004016266e-57,0.9999983901468736,1.0,1.0,1.0,0.8579671219838723,1.0,0.8579755181523799,1.0,2.8741072477678605e-57,2.874135374123829e-57,0.9094071579501478,0.9094077087093954,1.0,0.6491476424904565,1.0,2.612815331673728e-57
695,-247.2484736221453,-306.6908975246119,-247.24846950531767,-306.6908491311689,-247.2484631375454,-247.8990010868057,-306.9266297003242,-307.75221033094965,-308.51440925117674,-306.6908254923069,-307.75220248777885,1.236635341972802e-13,1.0,1.2366652648557993e-13,1.0,1.0,1.0,1.0,0.7223368249448562,1.0,0.7223353380782884,1.0,1.0991401252908125e-13,1.0991378628079226e-13,0.661801037823599,0.45208286991886437,0.6831099440484188,0.5882187342879768,1.0,4.968998173797354e-14
696,-88.19485206225406,-309.83194024798485,-90.49882008548046,-310.24680197173626,-90.49881992026505,-90.498706252571,-310.22857889226077,-309.8139913194835,-293.7483675400114,-310.2457079107702,-310.2343867036844,7.449340193532224e-49,0.3160091811284921,6.053851021172624e-49,0.8126694262706323,1.0,0.3160092072332864,1.0,0.31602716776260725,1.0,1.0,1.0,6.109262986120024e-49,1.9332549023745103e-48,1.0,1.0,1.0,1.0,1.0,7.326921013028922e-45
697,-129.49369716943443,-308.1511965256114,-129.49312078147392,-308.1503841753581,-129.49367901081524,-131.35215299360212,-308.11709719056046,-308.1501379424252,-302.5502386863681,-308.1503778999361,-308.1501973371799,1.6033079258796522e-39,1.0,1.6039592819528725e-39,1.0,1.0,1.0,1.0,0.3948584581545543,1.0,0.3947446787199236,1.0,1.6308781567263196e-39,1.63040821517945e-39,0.983615337106893,1.0,1.0,1.0,0.9997209242782146,2.637822314794709e-38
698,-96.9435028200847,-305.05520221983613,-96.94350017566885,-305.0930493221519,-96.94338655550935,-96.98966852639441,-305.424442142771,-305.0708950780918,-305.07089929697025,-305.0923623893108,-305.0709023550177,6.443453008396423e-46,1.0,6.322666455473781e-46,0.9812543751362466,1.0,1.0,1.0,0.9771815178475636,1.0,0.9771802258112668,1.0,5.35721696012979e-46,5.357209876779778e-46,1.0,1.0,0.9999978905629883,0.9921842737420944,1.0,6.392707624180158e-46
699,-59.629855974652514,-304.86394066903733,-59.629855530159546,-304.86389338724166,-59.62984148254888,-59.64066903319869,-304.1296061854701,-304.8421411229595,-304.842138199979,-304.86393794379103,-304.84214157573587,5.598802157899425e-54,1.0,5.598934520173883e-54,1.0,1.0,1.0,1.0,0.9946080597025527,1.0,0.9946078386544328,1.0,8.082651028195144e-54,8.082649231854545e-54,0.7002852907563255,0.7002863142172027,1.0,1.0,1.0,5.660128883902969e-54
700,-177.38057984643368,-305.6713932752021,-177.38056512702843,-305.6713793963313,-177.38056243715494,-177.55276932810352,-304.7507304557544,-305.6666521074169,-304.26598889750966,-305.66814635669107,-305.6665465537143,1.386768041035742e-28,1.0,1.3867776644563586e-28,1.0,1.0,1.0,1.0,0.9175073016945173,1.0,0.9175005491384722,1.0,2.197471319726229e-28,2.1974551470503183e-28,0.6325722562143123,1.0,1.0,1.0,1.0,2.8001398816233007e-28
701,-45.98227717107939,-306.5901614761171,-46.962222689119116,-306.8072496198869,-46.96224082199171,-46.9622364759698,-306.7711187792576,-306.54015077326153,-256.20428692600404,-306.79312511704074,-306.80718296492677,2.5687210988463797e-57,0.6126430829551595,2.304500790624373e-57,0.8971393553232867,1.0,0.6126375284908534,1.0,0.612638859760361,1.0,0.9999931065984161,1.0,2.346510888534135e-57,3.830143445373598e-57,1.0,1.0,1.0,1.0,0.9999909336048014,3.661567101999612e-46
702,-74.33073712001145,-304.0830631503328,-74.33073853961051,-304.08306204730326,-74.33073770388245,-74.34508513158099,-303.4236688799532,-304.12891297841156,-304.12890830693857,-304.0830414102602,-304.1378813477298,1.288001296835617e-50,0.9999992902007225,1.2880020071875723e-50,1.0,1.0,0.9999997080645429,1.0,0.9928516659682792,1.0,0.9928523706941745,1.0,1.7910262323473391e-50,1.7910275036173673e-50,0.7028427831558062,0.7028444248132635,1.0,0.9773358652205738,1.0,1.258813169591837e-50
703,-55.893694810044906,-306.9482897769014,-55.894392472013365,-306.9479427387497,-55.89415274450589,-56.20217258172583,-306.85619289932333,-306.9385206329853,-306.9385279470732,-306.94792842424476,-306.93852699804074,3.049210276163701e-55,0.9996512298502243,3.0497394182196534e-55,1.0,1.0,0.9997710589805047,1.0,0.8570672553229979,1.0,0.8573662790885682,1.0,3.1929047104898855e-55,3.1940186888663623e-55,0.9596718586761255,0.9596683491203529,0.9999963429627109,1.0,1.0,3.0648312580072365e-55
704,-42.53973311005443,-303.7876072361215,-42.53973402206361,-303.78761242741376,-42.539736024813635,-42.627117199443035,-303.91093602021317,-303.7354439500849,-303.73544889384937,-303.78761426311536,-303.7354466477155,1.8652838457487752e-57,0.9999995439955116,1.865279004138278e-57,0.9999974043572457,1.0,0.9999985426214583,1.0,0.957248701903284,1.0,0.9572491384131876,1.0,1.753736834905447e-57,1.753737634617679e-57,1.0,1.0,0.9999975281208291,1.0,0.99999899862549,1.914571554257442e-57
705,-77.20172623022538,-302.4797344340014,-77.20172566501752,-302.4797265522878,-77.20172407330682,-77.25618864063819,-302.4584968973086,-302.4524385883718,-302.4543559995816,-302.47173702765264,-302.4544577758823,1.2064298425414196e-49,1.0,1.2064345969180329e-49,1.0,1.0,1.0,1.0,0.9731362213515035,1.0,0.9731359463394239,1.0,1.2193089004135032e-49,1.2193085558320719e-49,1.0,1.0,0.9990417538065061,1.0,1.0,1.2218347146868994e-49
706,-159.275318997978,-306.0800231128681,-159.27532092476366,-306.0800307137263,-159.27532249892573,-159.32746885820671,-306.76160574142955,-306.0714785235721,-303.5094321348195,-306.08003333337075,-306.0714872154875,1.3236206765129676e-32,0.9999990366076283,1.32361564619601e-32,0.9999961995781373,1.0,0.9999982495276614,1.0,0.9742620853042028,1.0,0.974263023901768,1.0,9.413687028288476e-33,9.4136960973715e-33,1.0,1.0,1.0,1.0,0.9999992129192747,4.785871585572176e-32
707,-155.2050008948736,-308.3521387100648,-155.20499797335648,-308.35192898686216,-155.2049929388208,-157.68728106450686,-308.2544166837756,-308.35159876712487,-304.4274975067251,-308.35213172583434,-308.35159416348506,5.55292188062604e-34,1.0,5.553504199437408e-34,1.0,1.0,1.0,1.0,0.2890544833843999,1.0,0.2890540611458989,1.0,5.8309810790568645e-34,5.830972561407588e-34,0.9525706117342909,1.0,1.0,1.0,1.0,3.951344042068981e-33
708,-132.25850163173288,-308.0023647856628,-135.31987706327013,-310.40976215565297,-135.31987597298533,-135.27360596915872,-310.28062257040096,-307.99822383799307,-305.36936896342826,-310.40977458530705,-310.409751268384,6.881846825090954e-39,0.21638680351698297,2.0651200592751344e-39,0.3000822470714951,1.0,0.21638692147863628,1.0,0.22145139068822398,1.0,1.0,1.0,2.2028636156404765e-39,1.0180212378189621e-38,1.0,1.0,1.0,1.0,1.0,1.186374414037314e-37
709,-133.00011145881166,-305.7616111401777,-133.00011142683525,-305.69843265209306,-133.0001113222316,-132.99965260332561,-303.90236936729974,-305.6896692184289,-303.77936922470155,-305.760832029211,-305.68966910499086,3.057151784374431e-38,1.0,3.1552664230446434e-38,1.0,1.0,1.0,1.0,1.0,1.0,1.0,1.0,7.745442295972043e-38,7.745442172136289e-38,0.40915962186626864,1.0,1.0,1.0,1.0,8.236739571425588e-38
710,-111.33147147162555,-305.27083298547257,-111.33174521810298,-305.27083062429926,-111.33174115366096,-111.85714927318188,-302.60923279464123,-305.26955397987473,-304.3973008271261,-305.2708217599708,-305.2695495514879,7.70198618591878e-43,0.999863136127998,7.70199527878628e-43,1.0,1.0,0.999865168072937,1.0,0.7688657510087096,1.0,0.7689709953565912,1.0,2.9144853276821145e-42,2.914884270029756e-42,0.2644347916146112,0.40900249764665497,1.0,1.0,1.0,1.192192523991968e-42
711,-77.33461658761951,-304.46553687817004,-77.33461623459617,-304.46553794933953,-77.33461510114655,-77.36126232789587,-304.50942563087654,-304.4057156664037,-304.40538978439093,-304.46551891243837,-304.40571902786877,4.776912916175471e-50,1.0,4.77691035773445e-50,0.9999994644153971,1.0,1.0,1.0,0.9867654864730343,1.0,0.9867653122974264,1.0,4.673228348712188e-50,4.673227523832953e-50,1.0,1.0,1.0,1.0,1.0,4.922749953908002e-50
712,-95.26445713427364,-306.9361279345317,-95.26512491128074,-306.9358387349106,-95.26505237674039,-95.27726549060553,-307.25500722676935,-306.91882217183746,-299.8799927356496,-306.93613916034417,-306.91883279420693,1.0866275157353463e-46,0.9996661672310156,1.0867846532290246e-46,1.0,1.0,0.9997024230514338,1.0,0.9936162848767532,1.0,0.993948097322309,1.0,9.26481900753743e-47,9.267912940577083e-47,1.0,1.0,1.0,1.0,1.0,3.701947399122704e-45
713,-128.2708068725597,-308.2474765202825,-128.8355867621339,-309.24735920124147,-128.8355575990357,-128.83516828062744,-309.2016289211079,-308.2466994481817,-305.84389934177545,-308.2474935154194,-309.2473472795025,8.290156904269154e-40,0.7539796167805795,5.0285292987338245e-40,0.6065662395538417,1.0,0.7539906110515349,1.0,0.7541373965499117,1.0,1.0,1.0,5.1448318960540995e-40,6.823568942118135e-40,1.0,1.0,1.0,1.0,1.0,3.657016881594499e-39
714,-134.411910739327,-303.5742378870219,-135.80508454345332,-305.5690707519368,-135.80490887739484,-135.80219104780215,-306.0729052183831,-303.5663555057522,-303.0394128056266,-305.56908247306194,-305.56907715829095,1.8487040256520877e-37,0.4982830937808369,6.818595603902507e-38,0.3688311113780035,1.0,0.4983268614164771,1.0,0.49900450548786723,1.0,1.0,1.0,5.300156212846424e-38,1.0636837330021135e-37,1.0,1.0,1.0,1.0,1.0,4.847177014705532e-37
715,-115.24996947681547,-306.74696108359547,-115.24996885497936,-306.746953861855,-115.24996708169525,-115.31535079135583,-304.28196494691673,-306.7363271822172,-306.7363159224103,-306.7469159176172,-306.736326006901,2.611900461046953e-42,1.0,2.6119098922975928e-42,1.0,1.0,1.0,1.0,0.9678379069063323,1.0,0.9678376059881004,1.0,8.958261424359765e-42,8.958258639075024e-42,0.2931176784536896,0.29311932868256585,1.0,1.0,1.0,2.6258364302723967e-42
716,-119.57866945163646,-310.4535285935102,-119.57870926121166,-310.4534853405728,-119.57870724079396,-119.66735069323538,-310.0919490847044,-310.45252256275796,-304.75014910798313,-310.453497166592,-310.45250049671506,3.564929702268403e-42,0.9999800954104995,3.565006799942738e-42,1.0,1.0,0.9999811055997501,1.0,0.9566280545588125,1.0,0.9566470962265597,1.0,4.2713677376404906e-42,4.271452759154195e-42,0.8350307411781341,1.0,1.0,1.0,1.0,6.173511983612382e-41
717,-113.55193711202332,-307.0464515014616,-113.75588308830353,-307.04645207037476,-113.7557436620184,-113.75539096022379,-307.54004678393716,-307.03771367336844,-302.75488405458015,-307.04645657320174,-307.3478612632475,9.620553544445321e-43,0.9030539445060541,9.620550807815943e-43,0.9999997155434648,1.0,0.9031169014288687,1.0,0.9032761809489379,1.0,1.0,1.0,7.516526749025834e-43,8.323452651698641e-43,1.0,1.0,1.0,1.0,1.0,9.106639013719423e-42
718,-53.107295256119755,-306.9014553963451,-53.10685668816079,-306.938170137352,-53.10712402484171,-53.18554633700542,-306.90058152222207,-306.92865489521523,-306.92866110895625,-306.94141491687736,-306.91210424625893,7.749940280191897e-56,1.0,7.608969639055216e-56,0.9818100996859238,1.0,1.0,1.0,0.9616299781149185,1.0,0.9614191311850492,1.0,7.75332725621873e-56,7.751627262161374e-56,0.9860613684622612,0.986058304902035,0.9999968931343179,0.9864923093592463,0.9998663405927544,7.644578208151091e-56
719,-127.41009112853294,-308.31004684365064,-127.40440282607072,-307.83673140069396,-127.41008388624854,-127.60263908450437,-306.7469570036309,-308.3096973893368,-306.3071382113236,-308.31003029442894,-308.309692153781,5.224848813427063e-40,1.0,6.619921975368253e-40,1.0,1.0,1.0,1.0,0.908215151020816,1.0,0.9056357196661533,1.0,1.1415485173278378e-39,1.1383063934377647e-39,0.4577783367805538,1.0,1.0,1.0,0.997163500399538,1.422323019594364e-39
720,-94.3513526153834,-307.7013653837553,-94.46456709898277,-307.701364551848,-94.46479618450877,-94.46478347036123,-307.47933222416276,-307.6990726176931,-300.3222644210297,-307.70136466970115,-307.6990733316607,4.6949759329000245e-47,0.944965139298848,4.694977885792812e-47,1.0,1.0,0.9448569065796091,1.0,0.9448629131237605,1.0,0.9998918201626322,1.0,5.246229175916589e-47,5.551770068268532e-47,0.8959504250123864,1.0,1.0,1.0,0.9998854637967711,1.9889265408235035e-45
721,-116.54817141572917,-303.9344662581019,-116.54817004115823,-304.0022859862652,-116.54816578541502,-117.17948511900052,-303.8108470312926,-303.9043187254189,-299.0465016829959,-304.00228349688837,-303.838382586295,2.0397788427640435e-41,1.0,1.9717698244525458e-41,0.9666586313743069,1.0,1.0,1.0,0.729309668654023,1.0,0.7293091674102559,1.0,2.169834733498927e-41,2.169833242203561e-41,0.9543394558679744,1.0,1.0,1.0,1.0,2.349578078496679e-40
722,-67.61905114799134,-305.41773733943876,-68.7115846585931,-305.5799088247788,-68.71104284960636,-68.71157062047865,-305.55984137216547,-305.3587599955446,-296.7569691890349,-305.49026565149404,-305.4903212951044,2.305002451410404e-52,0.579107730717815,2.125476467614389e-52,0.9221146234850324,1.0,0.5792646348562697,1.0,0.5791117955223798,1.0,1.0,1.0,2.1469102673804332e-52,3.707272677433101e-52,1.0,1.0,1.0,1.0,1.0,3.0231262557849222e-50
723,-63.21211602716696,-304.07544321841436,-63.930891951032024,-305.4793940066159,-63.930866119470494,-63.93073653318871,-305.40342355534415,-304.0572278199433,-305.4763092924918,-305.479349192052,-305.47938741484387,4.9795838986648e-53,0.6981034612395149,2.467908273343288e-53,0.4956053203571906,1.0,0.6981124778489995,1.0,0.6981577122145588,1.0,1.0,1.0,2.563455529695755e-53,3.6720281047514418e-53,1.0,0.9642131791968186,0.4918700436643494,1.0,1.0,3.540572163433279e-53
724,-135.5027362815317,-308.66129733724966,-135.92240822994665,-309.81822670717224,-135.92241455322454,-135.9222846418833,-309.78239983959077,-308.6610906724214,-306.2201439210597,-309.817628656279,-309.81174468748776,2.5066645525978005e-38,0.8107172135982995,1.4056338234478974e-38,0.5607586471796342,1.0,0.8107146504072367,1.0,0.8107673126313748,1.0,1.0,1.0,1.4310404322882856e-38,1.7651536297554826e-38,1.0,1.0,1.0,1.0,0.9999968383660545,1.0478953843914328e-37
725,-100.33202920446543,-309.3965020969636,-100.3319972373435,-309.39510502153166,-100.33199230332772,-102.15617270296124,-309.35510345025386,-309.395656968338,-309.3956896416276,-309.3956018644768,-309.3956184623931,4.001534175565068e-46,1.0,4.0043303746200326e-46,1.0,1.0,1.0,1.0,0.40169115802513805,1.0,0.4016847376213358,1.0,4.085226423608708e-46,4.085161127664976e-46,0.9799274319968604,0.9799114234012469,0.9999836634886515,1.0,1.0,4.0030861797762835e-46
726,-72.3080794962423,-304.0005701866045,-72.30704158908348,-304.0005137897899,-72.30803469618377,-72.32516703034287,-303.59912124541563,-303.9159354932905,-303.9151101889537,-303.5490733664978,-303.56538501747116,4.882192479302421e-51,1.0,4.8823301512954044e-51,1.0,1.0,1.0,1.0,0.9914926272056525,1.0,0.9909782220455509,1.0,5.967445032887514e-51,5.96434900934352e-51,0.8535022300364354,0.8538545022603379,1.0,1.0,0.9995035697121685,5.095215674063571e-51
727,-56.14928296958968,-305.98705375754514,-56.426221812188544,-306.6154871455698,-56.42620941428591,-56.426167461811886,-306.42976903975335,-305.95181534476,-306.61440106829787,-306.61548472377285,-306.6154804030144,5.602958269636862e-55,0.8706898754270354,4.092180782796227e-55,0.7303607462101344,1.0,0.8706952728079156,1.0,0.8707135369098773,1.0,1.0,1.0,4.4903788724699415e-55,5.1572655192155395e-55,1.0,0.9118169568389379,0.7179948650008203,1.0,1.0,4.702453000973871e-55
728,-93.24104193147615,-306.08049698338675,-94.19794159004736,-306.5173286626181,-94.19790484447714,-94.19754480311214,-306.1504960055659,-306.06531970031756,-300.63963247358714,-306.81040827919804,-306.8544715183581,6.060376002447163e-47,0.6197433555602847,4.8712764386758e-47,0.8037911239680218,1.0,0.6197547420763829,1.0,0.6198663207909705,1.0,1.0,1.0,5.851934753591545e-47,9.442513100122007e-47,1.0,1.0,1.0,1.0,1.0,1.485075139815699e-45
729,-134.21923511040464,-305.59072481751076,-134.48115887241184,-305.5907279099359,-134.4805915251814,-134.47949241451437,-304.6501085961781,-305.58517444369954,-303.82904367720784,-305.59072891940093,-305.8279092812588,6.125673320219333e-38,0.8772512136895598,6.125663848633645e-38,0.9999984537886365,1.0,0.8775001020126548,1.0,0.8779824694055277,1.0,1.0,1.0,9.804062012664212e-38,1.1175888798637452e-37,0.6265461001206545,1.0,1.0,1.0,1.0,1.684421808844217e-37
730,-151.296673352202,-307.84563659975663,-151.2997000438663,-307.8454729182846,-151.2996950143158,-154.3396085227909,-307.6957071405234,-297.327896872309,-305.2023367735734,-305.9311410664828,-305.93038953591423,1.0135018761020362e-34,0.9984877986982228,1.013584825235802e-34,1.0,1.0,0.9984903096737804,1.0,0.218391144019574,1.0,0.21872189555475913,1.0,1.0923990791284336e-34,1.0940535082678446e-34,1.0,1.0,0.019502356966646546,1.0,1.0,3.805975311680077e-34
731,-55.28230493649045,-303.90917667204735,-55.282303778642216,-303.90915142213237,-55.28229954030694,-55.917295348466936,-303.35452942977867,-303.87200040205903,-297.33540775591194,-303.8697154718649,-303.7418402533633,1.026504307637422e-54,1.0,1.0265172672924735e-54,1.0,1.0,1.0,1.0,0.7279701706635022,1.0,0.727969749224137,1.0,1.354568258349373e-54,1.3545674741573706e-54,0.7720272079343015,1.0,1.0,1.0,1.0,2.7468528025667603e-53
732,-230.95112542962232,-303.7401252960948,-233.70455717003853,-306.39933019257774,-233.70377521429575,-233.59938529625524,-308.992955291968,-306.18234350684315,-309.8434383222667,-306.3947745592586,-306.4202974827805,1.5633978391707093e-16,0.25240612786858724,4.1364759247009594e-17,0.2645824256028857,1.0,0.25250483237356847,1.0,0.2660343260257532,1.0,1.0,1.0,1.1309202136959056e-17,4.480557676019311e-17,1.0,0.6536119088880599,0.1603257801810942,0.2949029070756336,1.0,2.927401082686174e-17
733,-119.35475681323442,-306.08166457170967,-124.16272987620432,-308.5991324594965,-124.16272968216278,-122.78820292223449,-308.495829625393,-306.0777904281226,-304.0685630383197,-308.59905857288015,-308.5991206021048,2.836397989193216e-41,0.09035702321992128,8.055749681433339e-42,0.2840133758423918,1.0,0.09035703198642996,1.0,0.1796539004095808,1.0,1.0,1.0,8.4827738364372e-42,9.388062525909961e-41,1.0,1.0,1.0,1.0,1.0,8.589040599433649e-40
734,-125.54247495335395,-306.7934315469107,-125.54247480689259,-306.79342662097474,-125.54247431775802,-125.54594679454875,-304.4140415212587,-306.79030905297435,-303.6943372880862,-306.793425984065,-306.7903091371675,4.383841623573427e-40,1.0,4.383852420848287e-40,1.0,1.0,1.0,1.0,0.9982655852412908,1.0,0.9982655121376257,1.0,1.4405649208695925e-39,1.4405648153760382e-39,0.304789542281649,1.0,1.0,1.0,1.0,2.0644980908745096e-39
735,-132.22862621108044,-308.83826843189115,-134.7561871784333,-309.52978998777576,-134.75618883091408,-134.75601451971824,-309.510067658255,-308.8357475780352,-306.4737837938533,-309.5297649250456,-309.4755588797539,4.463787033369421e-39,0.28258370153063406,3.158940663797237e-39,0.7076817599456049,1.0,0.28258346804866125,1.0,0.2826080978530796,1.0,1.0,1.0,3.1902455960177723e-39,1.1289559796752539e-38,1.0,1.0,1.0,1.0,0.9999991737599461,5.152263085879782e-38
736,-150.68920410562845,-309.3931800698566,-150.6891840889061,-309.37255074292875,-150.6891809635349,-150.9396609308639,-309.50297024605,-309.38714398473485,-306.574893852766,-309.3947157969033,-309.3934498562783,3.4504003668673166e-35,1.0,3.4861742661617006e-35,1.0,1.0,1.0,1.0,0.8822953521761419,1.0,0.8822865218897846,1.0,3.266095336037747e-35,3.2660626479395786e-35,1.0,1.0,1.0,1.0,1.0,1.4120417649103194e-34
737,-170.78473637996933,-304.1541208888322,-170.78473831747067,-304.15412766272993,-170.784740749081,-170.92288955907583,-304.8448031299998,-304.1480446441701,-302.2515682305539,-304.15413382237125,-304.14805142642666,1.0944757072019306e-29,0.9999990312498003,1.0944720002749556e-29,0.9999966130568739,1.0,0.9999978154465468,1.0,0.9332551997420988,1.0,0.9332561038341359,1.0,7.748656045210372e-30,7.74866355172972e-30,1.0,1.0,1.0,1.0,0.9999987841955688,2.8336169111011804e-29
738,-155.1729999534142,-308.47601150141395,-155.1729787117049,-308.4800824132315,-155.17297396580352,-156.26406397102397,-308.5145335442384,-308.47998455305975,-303.5119203327934,-308.4810516503279,-308.48038595725353,5.136579483450306e-34,1.0,5.126134835805777e-34,0.9979666142268014,1.0,1.0,1.0,0.579533384448407,1.0,0.5795272293412504,1.0,5.038590430031532e-34,5.038536916179153e-34,1.0,1.0,1.0,0.9980154460136047,1.0,6.146205412587858e-33
739,-75.48841666462701,-307.77257594229076,-75.48834976791278,-307.7725795606283,-75.48841468747574,-75.50059802299448,-307.9350383449635,-307.75165866773784,-307.7516707339495,-307.7725851684221,-307.7516681635545,3.631915168822192e-51,1.0,3.631908598080645e-51,0.9999981908328716,1.0,1.0,1.0,0.9939278314029759,1.0,0.9938945867059178,1.0,3.3485549766604327e-51,3.3484429748709134e-51,1.0,1.0,0.9999939669123797,1.0,0.9999675407453334,3.670073611370435e-51
740,-152.27423267934,-306.25456662084366,-152.44981636477752,-306.2545696907406,-152.2742383703183,-152.44826971343812,-305.28647072048415,-306.2522845429722,-305.03520202110866,-306.2545669183288,-306.252288238305,3.660962866327126e-34,0.915951518858778,3.6609572469421235e-34,0.9999984650527111,1.0,0.9999971545148992,1.0,0.9166601216355549,1.0,1.0,1.0,5.940386159186065e-34,6.485480985486459e-34,0.616987255276426,1.0,1.0,1.0,1.0,6.735629930704351e-34
741,-42.428710171070364,-306.2813660879249,-42.428571522044734,-306.27536394457485,-42.42870001837629,-42.56111890846772,-306.3097782233909,-306.26838280837916,-306.2683905143864,-306.28117928148464,-306.24690419701955,5.071351931571532e-58,1.0,5.086594282461266e-58,1.0,1.0,1.0,1.0,0.9359395679932451,1.0,0.9358746866876284,1.0,4.999817278640211e-58,4.999470680757163e-58,1.0,1.0,0.9999961470038036,1.0,0.9999357538980914,5.104334831376918e-58
742,-53.264571304412414,-302.39117010180325,-53.94182370022364,-303.34102799774195,-53.94164743445124,-53.94142417621089,-302.9028627614587,-302.3734788197814,-303.34015716130597,-302.3911740069941,-299.6982474097291,7.995514652244766e-55,0.712748826303955,4.9726443849077966e-55,0.6219292442309119,1.0,0.7128116456833373,1.0,0.7128912206615563,1.0,1.0,1.0,6.190614694132088e-55,8.685548773519949e-55,1.0,0.8036051801169072,0.6167206142958797,1.0,1.0,6.979136867977583e-55
743,-108.48647785511191,-306.70760106213385,-108.48473525533808,-306.7075943650299,-108.48646802194185,-109.83212729474789,-306.49509493152766,-306.6997483523646,-301.0907210388419,-306.70759493247226,-306.6997458398145,9.053781250879476e-44,1.0,9.053811567987448e-44,1.0,1.0,1.0,1.0,0.510265183977125,1.0,0.5098207836111365,1.0,1.0068739786134044e-43,1.0059970715097258e-43,0.9027345706954528,1.0,1.0,1.0,0.999133991899766,1.501474157693658e-42
744,-44.109327644517265,-305.4552306212028,-44.109470708314035,-305.4370849522713,-44.10947149461771,-44.12206056520833,-305.3613232391602,-305.4260683029327,-305.4260743219165,-305.4559227321826,-305.42607348536467,1.776062459018426e-57,0.9999284706599602,1.792249700752953e-57,1.0,1.0,0.999928077536323,1.0,0.9936537626241295,1.0,0.9937248431063381,1.0,1.8614439492331984e-57,1.8615771066151083e-57,0.9681458496916437,0.9681429360689576,0.9999969905126515,1.0,0.9999996068482409,1.8022734342840655e-57
745,-104.92243807001881,-306.968770005096,-107.97716093274383,-309.14658774064185,-107.97715797083133,-107.93279730602163,-308.9849728056515,-306.9582924231223,-299.1924926152319,-309.14637249740036,-309.14544761629395,1.3372003324755752e-44,0.21710776596554804,4.5007963573558686e-45,0.3365835505756666,1.0,0.21710808749288907,1.0,0.2219774191105697,1.0,1.0,1.0,4.879593010579417e-45,2.247544204086087e-44,1.0,1.0,1.0,1.0,1.0,3.006890786369878e-42
746,-33.486349499540324,-305.2220062705585,-33.48634399948429,-305.2220067319064,-33.486339751629515,-34.12761415729746,-304.79173051585974,-305.16179355197204,-305.16180185389806,-305.2220078659713,-305.1618014179618,9.848086714498565e-60,1.0,9.848084442801681e-60,0.9999997693260791,1.0,1.0,1.0,0.7256900172084585,1.0,0.7256880215433239,1.0,1.2211951110704252e-59,1.2211917527542574e-59,0.8310780894734413,0.831074639706195,0.9999958490456072,1.0,1.0,1.0148993403576357e-59
747,-90.53601370373948,-306.1645413357001,-90.53601444084217,-306.15885785096606,-90.53601617166481,-90.55088756541569,-305.46801935768383,-306.1704241173849,-306.1556425054554,-306.14784743059,-306.16553987535957,1.5026580221964337e-47,0.9999996314487274,1.5069342622698276e-47,1.0,1.0,0.9999987660380977,1.0,0.9925906547057549,1.0,0.9925910205264387,1.0,2.1286682378861377e-47,2.1286690224097983e-47,0.7038412961444986,0.7090625213585248,1.0,0.9970629308093742,0.9999991345890514,1.5093607303849844e-47
748,-32.86597252475143,-302.22736407437975,-34.849829690815355,-302.7056515203622,-34.849828257813655,-34.84949247554289,-302.62407006398473,-302.27300214725915,-301.4643907599132,-302.4836786493622,-302.852483026783,3.227877213821156e-59,0.3708607651038595,2.5413132852391705e-59,0.7873017208826032,1.0,0.370861030826008,1.0,0.3709233003326457,1.0,1.0,1.0,2.647118571810005e-59,7.137769267850966e-59,1.0,1.0,1.0,0.9774393486742573,1.0,1.2746277084568945e-58
749,-61.803845132107384,-304.4284577020406,-61.95105868111429,-304.4284620468126,-61.80384955088124,-61.95098122702862,-305.1758803569428,-304.3760892189061,-304.3760989785863,-304.42846163666013,-305.34690830263787,2.0641192945946384e-53,0.9290369430371687,2.06411481053561e-53,0.999997827616341,1.0,0.9999977906155131,1.0,0.9290729225873431,1.0,1.0,1.0,1.42047641130837e-53,1.5289773156540136e-53,1.0,1.0,0.999995120171801,1.0,1.0,2.118874846117522e-53
750,-89.76717274923845,-307.4884661006363,-89.76686378715245,-307.48843577801017,-89.76664251136872,-89.81505315544072,-306.66234188304475,-307.4852474440891,-307.4852391781131,-307.4884605973422,-307.4852455219439,5.277422354164702e-48,1.0,5.27750236742368e-48,1.0,1.0,1.0,1.0,0.9763440903612324,1.0,0.9761932753571514,1.0,7.976501420232921e-48,7.975269297146246e-48,0.6626868119809234,0.6626895508632318,1.0,1.0,1.0,5.2845429255059236e-48
751,-104.50612402448448,-303.93508408124853,-104.50612367276338,-303.9350544985529,-104.50612269195125,-104.5262002711426,-303.86289507738064,-303.89314862118704,-299.83332026337393,-303.935074747969,-303.8931501526693,4.949388647293994e-44,1.0,4.949461855964336e-44,1.0,1.0,1.0,1.0,0.990012090473024,1.0,0.9900119163689693,1.0,5.13129757240525e-44,5.13129667001251e-44,0.9849870630032057,1.0,1.0,1.0,1.0,3.848025705607656e-43
752,-50.64239317561815,-305.740671378686,-51.38115200354311,-305.7406766850707,-51.38114728817514,-51.381101713632845,-306.13224477949865,-305.68239897053826,-305.6806621963838,-306.33680024694877,-306.3367991933537,4.0375016859952347e-56,0.6911631237563356,4.0374909737408554e-56,0.9999973468111659,1.0,0.6911647533024826,1.0,0.6911805032405732,1.0,1.0,1.0,3.319583773782301e-56,4.802894801072354e-56,1.0,1.0,1.0,1.0,1.0,6.019521394359976e-56
753,-65.83493920134225,-303.8444254790065,-65.91294994627184,-303.7161768047784,-65.83432098354038,-65.91283270021916,-303.24591150149075,-303.790413615815,-303.6065411170891,-303.84441930622484,-303.79041430813857,2.0744202081065408e-52,0.9617455421884221,2.2117986072591364e-52,1.0,1.0,1.0,1.0,0.9618019242753032,1.0,1.0,1.0,2.7980946002243672e-52,2.909391806337289e-52,0.7616630161288103,0.8350073032192566,1.0,1.0,1.0,2.3357073267630763e-52
754,-87.89651265153903,-304.9077096411302,-88.58935642985602,-304.90936971260516,-88.58932875674122,-88.58931916790175,-304.8546632140395,-304.921729483392,-298.2872303886973,-304.91564426328154,-304.9474639012647,7.526920311065688e-48,0.7072140582150721,7.520675290368159e-48,0.9991703086469073,1.0,0.7072238436906815,1.0,0.7072272344267649,1.0,1.0,1.0,7.729229510955451e-48,1.0929123115090809e-47,0.9670228687108406,1.0,1.0,0.9930145910566195,1.0,2.915272979052367e-46
755,-45.38504623961374,-305.4381307235484,-45.46888749182655,-305.9720338420107,-45.38960690254174,-45.46878283159316,-305.8110896332331,-305.3732293940002,-305.3732383557845,-305.4381388974715,-305.3732351948849,3.3899258862602897e-57,0.9589458928210436,2.5957007000651327e-57,0.7657101621559795,1.0,0.9977222665166652,1.0,0.9589960758845505,1.0,1.0,1.0,2.8132168184829e-57,2.933655422629615e-57,1.0,1.0,0.9999955191178805,1.0,1.0,3.509714074977081e-57
756,-52.70967311727699,-306.4055851369009,-52.70965286994547,-306.4223431104328,-52.70910022573696,-53.19229517857822,-306.122984096105,-306.3998696116739,-306.31436871491223,-306.422344147339,-306.3998808913851,8.140154806690791e-56,1.0,8.072233510494921e-56,0.9916560191042071,1.0,1.0,1.0,0.7855972435632549,1.0,0.7855892904795964,1.0,9.37559201615506e-56,9.375497101275549e-56,0.8707130913890613,0.9087435849117362,1.0,1.0,1.0,8.517568928368544e-56
757,-100.2450840688309,-306.58722579912256,-100.35407438641477,-306.5872312240297,-100.24066280809737,-100.35372342804786,-307.18961791971117,-306.55749395118045,-300.82471541221526,-306.5872121698074,-306.5574994578322,1.5608933530838307e-45,0.9469630932920972,1.5608891192388332e-45,0.9999972875500996,1.0,1.0,1.0,0.9471292801832129,1.0,1.0,1.0,1.1549560130301177e-45,1.2196420549135948e-45,1.0,1.0,1.0,1.0,1.0,2.7779626232251704e-44
758,-139.29592359413726,-306.3939043524548,-139.295917875756,-306.14515197519273,-139.2901423623593,-140.03338702234026,-305.90099316287774,-306.1426226719954,-304.75420093846907,-306.14516870358483,-306.142611348869,5.1896074663047285e-37,1.0,5.876928433981984e-37,1.0,1.0,1.0,1.0,0.6916109350234974,1.0,0.6916089575788193,1.0,6.640011241005724e-37,6.639992255974899e-37,0.88619810854806,1.0,1.0,1.0,1.0,1.1747249789489934e-36
759,-59.60026445391256,-305.6674061634626,-59.98258191667826,-305.66741029651035,-59.982579694129356,-59.98255673120076,-305.7927858556021,-305.65386032143874,-295.2163908261189,-305.8846544437875,-305.88465457885155,3.691467837526855e-54,0.8260014653899839,3.691460209028302e-54,0.9999979334782588,1.0,0.8260023833048182,1.0,0.8260118670761362,1.0,1.0,1.0,3.467154819328108e-54,4.197516547614353e-54,1.0,1.0,1.0,1.0,1.0,8.310495796272328e-52
760,-16.35972115346094,-304.5847266452437,-16.359716107949723,-304.5500989297593,-16.359651657888094,-17.06521055062197,-304.4209164297877,-304.5671601120019,-304.5671614986878,-304.584725436557,-304.5651488779146,2.5866358006916107e-63,1.0,2.63181038968736e-63,1.0,1.0,1.0,1.0,0.7027565852305311,1.0,0.702754812349651,1.0,2.807412443388431e-63,2.80740536098189e-63,0.9294875733313193,0.9294869288778691,0.9999993066572715,1.0,1.0,2.6093624989525144e-63
761,-74.42277539996215,-308.3576813163794,-74.42276840725361,-308.35768409061757,-74.42276341127562,-77.32577810483195,-308.1821837468553,-308.333146930329,-296.91750974397127,-308.33344883473796,-308.35744279350865,1.5910382403546638e-51,1.0,1.591036033396683e-51,0.9999986128818775,1.0,1.0,1.0,0.23421837965600897,1.0,0.23421756074700942,1.0,1.7369584549148533e-51,1.7369523819033517e-51,0.9272968003003945,1.0,1.0,1.0,1.0,4.851541019010183e-49
762,-64.83428094721296,-305.3146285009003,-64.8342816474163,-305.31463069840567,-64.8341193887679,-64.84514562745187,-304.9710727081434,-305.28631443155103,-305.286302411711,-305.31462912179586,-305.2863152528645,6.03053754480127e-53,0.9999996498983892,6.030530918735608e-53,0.9999989012479272,1.0,1.0,1.0,0.9945823883580295,1.0,0.9945827365630476,1.0,7.160745160258639e-53,7.160747667247917e-53,0.8541735704964607,0.8541787040267236,1.0,1.0,1.0,6.116061950171056e-53
763,-50.284268526906814,-303.9612552824177,-50.284267792849846,-303.96124721467106,-50.28137219784607,-52.06658716866477,-303.4471610453347,-303.90231558341276,-294.75705687084263,-303.96124154093576,-303.9023205630082,8.2175476892071e-56,1.0,8.217580837820388e-56,1.0,1.0,1.0,1.0,0.4101799468232731,1.0,0.41017979627557655,1.0,1.062616067083861e-55,1.0626156770735565e-55,0.7964608773531865,1.0,1.0,1.0,1.0,8.180495187733817e-54
764,-153.4883834140347,-308.6223182679091,-154.53936282262725,-310.06456126076205,-154.53927988589732,-154.53743206429073,-309.92858309527514,-308.62193584360443,-308.96133865662273,-310.0645586363209,-310.0645445693797,2.0563359516661877e-34,0.5912657480823563,9.998042575939292e-35,0.48620667103729476,1.0,0.5912902674145765,1.0,0.5918368193242519,1.0,1.0,1.0,1.0701441094963491e-34,1.8099206878922686e-34,1.0,1.0,0.8439167670325884,1.0,1.0,2.9354588443223704e-34
765,-152.9904460782298,-305.32462080159,-153.45663595005334,-305.32462538397414,-153.4562219656725,-153.45429178288072,-306.6126858988799,-305.3217050716885,-305.3213855691641,-306.58404610557693,-306.58403574324535,8.337853424741819e-34,0.7920783732722121,8.337834321140094e-34,0.9999977088105638,1.0,0.7922423442794486,1.0,0.7930072996159119,1.0,1.0,1.0,4.378793594802286e-34,5.528232738779028e-34,1.0,1.0,1.0,1.0,1.0,1.0541410524906278e-33
766,-33.93042720259574,-307.82153080842295,-33.93041899941997,-307.82153060652297,-33.93040387020061,-36.06202425538936,-307.54338789965254,-307.8198745071857,-307.81988221611095,-307.8215325381084,-307.8198821733723,3.3519885834738487e-60,1.0,3.351988921857108e-60,1.0,1.0,1.0,1.0,0.3444526903531178,1.0,0.344451277553034,1.0,3.852126105675596e-60,3.852110305874288e-60,0.8708867759340313,0.870883419139977,0.9999961455448091,1.0,1.0,3.354713616889009e-60
767,-59.91947029932757,-305.10554773781917,-59.918509295083254,-305.1055472242235,-59.91946665267156,-59.948151577066994,-304.9317408804199,-305.0679174431106,-305.06792570412495,-305.10554490729265,-305.0679259822452,5.734819647703284e-54,1.0,5.73482112039262e-54,1.0,1.0,1.0,1.0,0.9857616983142985,1.0,0.9852881515055503,1.0,6.255491582335755e-54,6.252486527380746e-54,0.9341779994462126,0.9341741408252617,0.9999958695013658,1.0,0.9995214357542633,5.843707819362339e-54
768,-118.39828496816102,-303.05891683570184,-118.3982875837339,-303.05891924923236,-118.39828946070497,-118.47489520206625,-303.82505610691135,-303.017044406141,-299.59336214834707,-303.0589230729425,-303.01700678435805,7.969907438418696e-41,0.9999986922144143,7.969897820617107e-41,0.9999987932354663,1.0,0.9999977537305473,1.0,0.962419245660408,1.0,0.9624205043000711,1.0,5.433607311923651e-41,5.43361441792637e-41,1.0,1.0,1.0,1.0,0.9999990615149058,4.508062119600696e-40
769,-42.47129434432868,-305.19187905565076,-42.471292817011715,-305.1918287279425,-42.47129056624247,-42.58462751029461,-305.2696570101788,-305.15936850458286,-305.159372540794,-305.19185687312427,-305.1593727332881,8.932024152300845e-58,1.0,8.932248919281738e-58,1.0,1.0,1.0,1.0,0.9449090656130786,1.0,0.9449083440255296,1.0,8.591334343085754e-58,8.591327782242943e-58,1.0,1.0,0.9999979818964746,1.0,1.0,9.078367687730571e-58
770,-72.64667520344585,-305.31336352080245,-72.64667533378255,-305.31336383250505,-72.64667562870399,-72.64835667963787,-305.48787775744165,-305.2648288378397,-305.26483400727767,-305.3133690591592,-305.2648332351167,2.999649906478937e-51,0.9999999348316514,2.999649438979616e-51,0.9999998441487158,1.0,0.9999997873709545,1.0,0.9991596152252399,1.0,0.9991596803388262,1.0,2.749003454162769e-51,2.749003633310798e-51,1.0,1.0,0.9999974152843415,1.0,0.9999998525392935,3.0733265858653566e-51
771,-46.59019246287997,-305.4971129373397,-46.590582760166754,-305.4971180764037,-46.590582070674756,-46.59966069247966,-305.66736773909264,-305.43072529580417,-305.43073224632934,-305.4971004710558,-305.4307308526095,6.012797193187845e-57,0.9998048703968655,6.012781743132914e-57,0.9999974304713007,1.0,0.9998052150756537,1.0,0.9952770734591599,1.0,0.9954713193826429,1.0,5.522124517237683e-57,5.523202257502098e-57,1.0,1.0,0.9999965247434508,1.0,1.0,6.216923764791674e-57
772,-166.83787674828423,-304.9677660721275,-166.83789328690276,-304.96735433470684,-170.97703438906711,-166.8658572974802,-305.4243112457405,-304.9750275989913,-302.4634453323376,-304.96776980552374,-304.97503340988277,1.0126879454414742e-30,0.9999917307249284,1.0128964476640853e-30,1.0,1.0,0.12623893977694506,1.0,0.9861071345045386,1.0,0.9861152889631153,1.0,8.060057045405888e-31,8.060123696785839e-31,1.0,1.0,1.0,0.9963758198198432,0.1262399836900952,2.8060062953012364e-29
773,-17.740671115084098,-304.5522649833,-17.74062076456262,-304.69550307058773,-17.740623554408288,-17.742442498786687,-304.71346408929514,-304.6596598187997,-304.6955021382606,-304.64532649259,-304.6995838649662,5.243891757696621e-63,1.0,4.881462564844819e-63,0.9308854550020468,1.0,1.0,1.0,0.9991147002579618,1.0,0.999089547601489,1.0,4.8378208005647364e-63,4.8376990086976634e-63,1.0,1.0,0.9822384692513533,0.947718826016383,0.9999986050781396,4.881348758902203e-63
774,-174.8010689496083,-309.1675293362666,-175.40086992177504,-310.2554205087871,-175.40070788078572,-175.4007698643588,-310.2553291961334,-309.17383702715887,-308.74853719992535,-310.25499883518825,-310.24988889810845,6.648043471008987e-30,0.7408919460726564,3.858880093766464e-30,0.5804534989270742,1.0,0.74095197593641,1.0,0.7409290128667667,1.0,1.0,1.0,3.85905628007925e-30,5.2086627483743824e-30,1.0,1.0,1.0,0.9968511227001335,1.0,1.1063353171985269e-29
775,-201.43996991704805,-308.09024962788214,-205.15324645835275,-308.07917343503243,-205.1532434751981,-202.0780114257957,-308.25100586623694,-308.0868908762427,-306.64832370658326,-308.09025586293006,-308.0869024524886,6.937228730790711e-24,0.15619684025031916,6.975754353262481e-24,1.0,1.0,0.15619707323015758,1.0,0.7268604636160119,1.0,1.0,1.0,6.4014482719827864e-24,4.0983212347470804e-23,1.0,1.0,1.0,1.0,1.0,9.133208193317655e-23
776,-125.17558589760927,-309.28137162533426,-125.18070380703907,-309.2813809402336,-125.18069956929108,-125.8074554913344,-309.3436645580415,-309.28254590741005,-304.05371302555506,-309.2813486304094,-309.28255524882474,1.051808281617845e-40,0.9974443166187237,1.0518033828851215e-40,0.9999953425611808,1.0,0.9974464300797853,1.0,0.7291069886809654,1.0,0.7309751296719944,1.0,1.0195530954269084e-40,1.02216542662063e-40,1.0,1.0,1.0,0.9994130312956723,1.0,1.4395231294466406e-39
777,-107.47956171290853,-306.6488131257804,-111.20298478557,-308.7655037349705,-111.20235594209832,-110.79257157347772,-308.49936924194463,-306.5747552474425,-301.12395264584114,-308.765343237106,-308.7654889861956,5.635683216476287e-44,0.15540641888571957,1.955748687934687e-44,0.3470295637300786,1.0,0.15545528972433015,1.0,0.19080469176926945,1.0,1.0,1.0,2.2341041661924352e-44,1.4375880881955504e-43,1.0,1.0,1.0,1.0,1.0,5.741816099200527e-42
778,-39.82524018622385,-305.54611116634686,-39.82519199570923,-305.5455325584832,-39.825272268857304,-39.83035344519982,-305.5721310409158,-305.51786783911206,-305.5178722813715,-305.54611556737655,-305.5178718659096,1.9927187325376374e-58,1.0,1.9932953173020735e-58,1.0,1.0,0.9999839588119347,1.0,0.9974466359057922,1.0,0.9974226024619949,1.0,1.966961500092496e-58,1.9669141062200658e-58,1.0,1.0,0.9999977788727332,1.0,0.9999598642314256,2.0210868017446222e-58
779,-92.17457225943681,-306.5918386945208,-92.17456427847824,-306.5918220768379,-92.17104357167747,-93.01818938431708,-306.6750147807837,-306.60677594965193,-300.096879816166,-306.59182321122466,-306.6067623910767,2.7534816162023176e-47,1.0,2.753504494539534e-47,1.0,1.0,1.0,1.0,0.655859583534413,1.0,0.6558569663455525,1.0,2.6413181982157624e-47,2.6413076581112297e-47,1.0,1.0,1.0,0.9925591933288989,1.0,7.07095929137835e-46
780,-196.00373484363638,-307.38154858165007,-196.28708696151662,-307.3815531644397,-196.28499646417856,-196.27801135868498,-308.0547558989946,-307.38124102360604,-307.511632651808,-294.69264431980395,-307.38124560601216,6.5255187753186175e-25,0.8679023601633673,6.525503822795833e-25,0.9999977086078038,1.0,0.8688100082265037,1.0,0.8718496780209157,1.0,1.0,1.0,4.660472310434408e-25,5.369811771864707e-25,1.0,1.0,0.9368839903184022,1.0,1.0,7.037895783032065e-25
781,-162.10993934206755,-305.5983662042463,-162.10994177995423,-305.598371635411,-162.10994436323313,-162.26407397013014,-306.5357381158612,-305.5900893434619,-304.0264842371069,-306.51643073728246,-305.5900951063765,6.94838698895565e-32,0.9999987810574038,6.948368120064214e-32,0.9999972844213326,1.0,0.9999974894203627,1.0,0.9258275303255518,1.0,0.9258286588575408,1.0,4.348467955434306e-32,4.3484732559736035e-32,1.0,1.0,1.0,1.0,0.9999987083613845,1.5248071543185081e-31
782,-60.12310106883632,-304.72570134748673,-60.12322102093938,-304.73551620445704,-60.12259062197802,-60.62823646023759,-304.7899269364447,-304.73875941936296,-304.7387667457468,-304.7404549556087,-304.7387662888775,7.677506979007428e-54,0.999940025746996,7.6399224596626e-54,0.9951045932686756,1.0,1.0,1.0,0.7768036247937057,1.0,0.7768502158050946,1.0,7.434877382709723e-54,7.43532331067111e-54,1.0,1.0,0.999996336814805,0.9934922319056806,1.0,7.625569130656078e-54
783,-43.34726007991091,-306.7139140852655,-43.34659746720129,-306.71391556607017,-43.34723541186992,-43.96893927094203,-306.54813057905665,-306.7085445682788,-306.70854883058206,-306.7139147295338,-306.70854878468793,6.46632790999924e-58,1.0,6.46632312231658e-58,0.9999992595979462,1.0,1.0,1.0,0.7328314158875542,1.0,0.732588664397243,1.0,7.025175127438304e-58,7.02284802778743e-58,0.9229252860524506,0.9229233191608169,0.9999978688506388,1.0,0.9996810785319539,6.48361797673107e-58
784,-50.26183512169521,-304.07272148598526,-51.012599560862384,-304.9193064425109,-51.01257862625316,-51.012485463883365,-305.0823068116398,-303.9928710137025,-304.91867995601524,-304.91930162152937,-304.91930502393285,7.685396929210835e-56,0.6870266335663018,5.033067037311209e-56,0.6548870648673205,1.0,0.6870338249209892,1.0,0.6870658285159951,1.0,1.0,1.0,4.639141662956433e-56,6.752491732198259e-56,1.0,1.0,0.6294527605304652,1.0,1.0,7.328087316671776e-56
785,-85.47738713165208,-311.6225308559771,-85.47738231098069,-311.6230540309678,-85.47737730760133,-89.9180343886516,-310.5691300652031,-311.04111016952646,-310.409072135209,-311.62305619938957,-311.62305457549684,7.819986181935724e-50,1.0,7.817940838866531e-50,0.9997384467156809,1.0,1.0,1.0,0.10857396550900439,1.0,0.10857370380961504,1.0,1.3241862104146022e-49,1.3241830186851509e-49,0.789788530582343,1.0,1.0,1.0,1.0,1.4345083007082382e-49
786,-81.65673619532886,-305.82089716613007,-81.6567345648522,-306.30306821988313,-81.65672963264073,-83.41464357829662,-305.9578971950611,-306.2838623008321,-298.41693232554667,-305.8208776033007,-306.2838623342383,2.105576015581313e-49,1.0,1.6545077696355706e-49,0.7857744186826654,1.0,1.0,1.0,0.41521712969780544,1.0,0.41521679119702404,1.0,1.9661730846589568e-49,1.9661714817599538e-49,0.8496060114586461,1.0,1.0,0.7933565256884129,1.0,8.53335939796041e-48
787,-37.53996910681613,-304.3926029701249,-38.473269666963944,-304.46020948344704,-38.473268945189105,-38.473262266650835,-304.26842715745045,-304.31281907751577,-292.97295930051877,-304.45657163525135,-304.46017650582155,1.1315840463120452e-58,0.6270993612107143,1.0939721048209764e-58,0.9667616898508774,1.0,0.6270995875230254,1.0,0.6271016815808189,1.0,1.0,1.0,1.2040686557842351e-58,1.9200604087039502e-58,0.9780485578439481,1.0,1.0,1.0,1.0,5.446210414360032e-56
788,-144.82305948834926,-306.84913607861165,-145.63015754866038,-307.5741124097101,-145.62960099069002,-145.6266446597183,-306.6216957363329,-306.846421100022,-305.38616956187496,-307.51978025860245,-307.5733569176914,6.553669046940543e-36,0.6679452765353069,4.5609771465996344e-36,0.6959425497277556,1.0,0.6681311775339864,1.0,0.6691195162647889,1.0,1.0,1.0,7.342983443935245e-36,1.0993390778993141e-35,0.893720062673298,1.0,1.0,1.0,1.0,2.0384586717108676e-35
789,-53.89152811614197,-303.99482680665824,-55.20546064006572,-305.24953869952077,-55.20545536530656,-55.205357219348045,-305.0155281581471,-303.9646457495046,-303.0133981826499,-305.2495441972671,-305.2494633663546,4.906352379128429e-55,0.5184217068900221,2.6200013236507844e-55,0.5340018655806804,1.0,0.5184230741666489,1.0,0.5184485153556471,1.0,1.0,1.0,2.94520991696902e-55,5.6811084061991796e-55,1.0,1.0,1.0,1.0,1.0,1.5459268184851846e-54
790,-64.93004703595213,-309.4905490309477,-64.92997954263238,-309.51634337369364,-64.92971752473713,-65.94106525550418,-309.4818185723196,-309.51720965830674,-309.5188935427415,-309.51898855461263,-309.51855189336095,7.840824731551918e-54,1.0,7.740349586589497e-54,0.9871856407454128,1.0,1.0,1.0,0.6031984030375711,1.0,0.6031780474496958,1.0,7.875126542683105e-54,7.874860787950531e-54,0.9824601036909072,0.981633277171626,0.9991584121165074,0.9867581414706839,1.0,7.729212740186634e-54
791,-182.95381526525736,-304.5664198125018,-182.95381313383456,-304.5664099987928,-182.95380990270198,-183.21854830045567,-304.6867790545747,-304.40791038965614,-303.12803038555325,-304.25158478923345,-304.40790885338424,3.909835248660227e-27,1.0,3.909854433700042e-27,1.0,1.0,1.0,1.0,0.8760198595363273,1.0,0.8760189259524722,1.0,3.681482838190017e-27,3.68147891479387e-27,1.0,1.0,1.0,1.0,1.0,8.0260080064918e-27
792,-55.56956565456585,-308.1272024032265,-55.56943889703892,-308.1286487739422,-55.569423880122315,-55.865209041801535,-307.948773975008,-308.131113720419,-308.13111882512135,-308.13675379942015,-308.1307034419154,1.4381560042019343e-55,1.0,1.4371163268224173e-55,0.999277076077649,1.0,1.0,1.0,0.8625849056245333,1.0,0.8625302377922401,1.0,1.5723572940164797e-55,1.5722576431133753e-55,0.9128626272831494,0.912860297340135,0.9999974476520949,0.9980462524580065,1.0,1.4352408031016025e-55
793,-111.72154213107557,-308.30297307695855,-111.72154082100573,-308.3029723043861,-111.72153989535921,-111.73895770653071,-308.42254308957115,-308.2885860864709,-301.99737033740007,-308.30298174892414,-308.2885938015909,2.0553446068812234e-43,1.0,2.0553454008326647e-43,1.0,1.0,1.0,1.0,0.9913300152496372,1.0,0.9913293658940756,1.0,1.936066852476747e-43,1.9360655842857433e-43,1.0,1.0,1.0,1.0,1.0,4.8098153024890333e-42
794,-36.950766305466175,-303.35416782163213,-36.951181750999126,-303.3541671934043,-36.95188478007677,-36.9527173470712,-303.12091343767855,-303.272786979408,-303.27278619022456,-303.35416723173057,-303.2727885094193,1.4165645871911388e-58,0.9997922988064045,1.4165650321538691e-58,1.0,1.0,0.9994409190387397,1.0,0.999024954863219,1.0,0.9992324966454517,1.0,1.5917942315800954e-58,1.5921249178258924e-58,0.9268748101993874,0.9268751759365877,1.0,1.0,0.9996485472351765,1.4762198848828903e-58
795,-115.82039652326308,-306.2390409177617,-115.82039486241695,-306.26687311778267,-115.82039254705234,-115.93987753052829,-305.0970766077228,-306.25282399516254,-302.4727831298717,-306.2670884170568,-306.252821621844,4.478336714929702e-42,1.0,4.4164473613180355e-42,0.9861802813072649,1.0,1.0,1.0,0.9420089497708412,1.0,0.9420081675052029,1.0,7.926676661609368e-42,7.926670079117038e-42,0.5610901485762244,1.0,1.0,0.9931321534959432,1.0,2.9440716003625227e-41
796,-181.4696809580363,-307.7492709186921,-181.8643794306604,-307.7492772722875,-181.8634245431211,-181.85896172079097,-305.82273314565464,-307.7491290472408,-307.7485772308192,-307.74927935603716,-308.17384995232175,3.7908399737853564e-28,0.8209038937972297,3.790827931072789e-28,0.9999968232073553,1.0,0.8212959228252577,1.0,0.8231306179355777,1.0,1.0,1.0,9.932940032582922e-28,1.2100003554175366e-27,0.3816703691828967,0.3817756897003014,1.0,1.0,1.0,4.617282183315913e-28
797,-101.72457688957198,-305.8639228265353,-102.64469093919544,-307.3725054745207,-102.6446161195664,-102.64404479439752,-307.25215487632255,-306.04961666903205,-307.36941009265144,-307.3725013246351,-307.3725059967405,4.695742355038744e-45,0.6312476477022851,2.2086133877495134e-45,0.4703438180290188,1.0,0.6312712630014239,1.0,0.6314516193411975,1.0,1.0,1.0,2.3455975574026696e-45,3.7158119573840115e-45,1.0,0.9430578908346237,0.5169047218877925,0.9113329953362536,1.0,3.5040946972839014e-45
798,-107.04740993675685,-306.6390934643872,-107.045659289283,-306.63909502245616,-107.04740833215585,-107.06341009559472,-306.6925183499636,-306.6291671279037,-301.69158139789954,-306.63909759846155,-306.6291702993456,4.562644218406706e-44,1.0,4.562640663950911e-44,0.9999992209658238,1.0,1.0,1.0,0.992031836050946,1.0,0.9911638669694519,1.0,4.4423782953278794e-44,4.438491477517605e-44,1.0,1.0,1.0,1.0,0.9991258608459955,5.414456282343805e-43
799,-84.14925672596712,-304.67826813688305,-84.40099032556498,-304.6782720137609,-84.40095480025536,-84.40082387617653,-305.50535811095835,-304.63448720497075,-305.5212345111011,-304.67827454066526,-305.52383982537486,1.2963838806249855e-48,0.8817322858795578,1.296381367666452e-48,0.9999980615629653,1.0,0.8817479479248831,1.0,0.8818056708331139,1.0,1.0,1.0,8.573009726211173e-49,9.722916880217669e-49,1.0,0.9920932242330257,0.6418673265805273,1.0,1.0,9.645868618888546e-49
800,-319.33088063646585,-313.54465171104937,-319.33082025375035,-318.8189778012566,-319.3308046393027,-320.7556190346352,-313.4757210973372,-318.7935273908494,-316.436885889384,-318.8189728807634,-318.793467091778,1.0,1.0,1.0,0.07156400570014018,1.0,1.0,0.0554054971217745,0.4904807732143929,0.027174298464200202,0.49046596515743734,0.3797201986996511,1.0,1.0,0.07002498677086857,0.2275051516974925,1.0,0.07248049122380326,1.0,1.0
801,-317.43329301521084,-316.921717295877,-318.4725460533711,-317.9608917200882,-318.4697505890983,-318.388031056869,-312.7927862154041,-316.80697537880195,-315.6003499118099,-316.9217351806545,-317.95082208435934,1.0,0.5947426315207324,0.7681276471347124,0.5947660095136482,1.0,0.5955745036414682,0.4611570384430965,0.6204135415259372,0.48039005980069516,1.0,0.8076958873179714,1.0,1.0,0.13437853389413876,0.24566613289696515,1.0,1.0,1.0,1.0
802,-315.37933323253617,-314.8678605689517,-316.7316398648385,-316.21997714575167,-316.63649114015016,-316.297805989493,-309.11877168021147,-314.4747989473756,-313.6993785426791,-316.1248319342285,-316.17010954379623,1.0,0.5085695407782422,0.6568353132996028,0.5086178712943508,1.0,0.5333491765635183,0.41299686138616076,0.6317658913880968,0.4892054618988253,1.0,0.9618330174947962,1.0,1.0,0.06869948105396124,0.10123573910777565,1.0,1.0,1.0,1.0
803,-313.81320126277296,-313.30189621548095,-313.81320179465274,-313.30187372484215,-313.81315034191147,-313.7343764977536,-303.25614103953615,-312.7025366900956,-309.82874897359693,-313.3017543811136,-312.70253293704417,1.0,0.9999997340601466,1.0,1.0,1.0,1.0,0.7744307286502636,1.0,0.8055418349131284,1.0,0.8055327763888384,1.0,1.0,0.008886714900246923,0.03739179562169139,1.0,1.0,1.0,1.0
804,-318.49679771606986,-317.98615426288126,-318.4968192875436,-317.9861560846648,-318.49681233273145,-318.5974308767814,-312.64629353364785,-317.95380492587975,-305.29099236069084,-317.9851044049135,-317.9582811975718,1.0,0.9999892143213039,1.0,0.999999089108644,1.0,0.9999926916959119,0.7746615653123903,0.9509283316136488,0.7366530135519593,0.9509385881317199,0.7366536845634329,1.0,1.0,0.07038636622737333,1.0,1.0,1.0,1.0,1.0
805,-314.54795982972666,-314.03649467783475,-314.96393424317205,-314.4522554581397,-314.54796428595614,-314.89425936083774,-305.9333226921231,-313.55536189797317,-311.7440867265346,-314.03650201934863,-313.55536578944213,1.0,0.812217427568258,1.0,0.8123041904819226,1.0,0.9999977718877442,0.7743472953234963,0.8410116508352242,0.651236548187939,1.0,0.8017151158626603,1.0,1.0,0.022125608117590984,0.054727879615919586,1.0,1.0,1.0,1.0
806,-318.97340328757383,-318.4623371763028,-320.16420385499856,-319.65288333321786,-320.164168042871,-320.1497275287677,-316.86097928481524,-318.44651747839964,-317.2718416362595,-319.65284765522404,-319.65195094358904,1.0,0.5513418285380888,0.7119553908581943,0.5514119665767616,1.0,0.5513517009884281,0.42702384112999336,0.5553470082110303,0.43011822069503525,1.0,0.780030624589572,1.0,1.0,0.4525897935281844,0.8142961359821498,1.0,1.0,1.0,1.0
807,-315.85626963610645,-315.3448025766313,-315.85627420141725,-316.2585944182131,-316.7010427838273,-316.46761776846984,-306.7271629693821,-315.0380644544977,-313.74258829575933,-316.1895185445278,-316.1982455400149,1.0,0.9999977173472037,0.8177796206765202,0.6332462444013571,1.0,0.6554805987443446,0.5075702755828368,0.7366266718772045,0.5704055979118428,0.7366283533439751,0.9007642808068748,1.0,1.0,0.01567872246919884,0.02996537701850715,1.0,1.0,0.6554820949823819,1.0
808,-318.8473314842477,-318.23765160054194,-318.84675017149846,-318.2418513933221,-318.847011000777,-319.0580162599472,-312.66104481684437,-318.2244203634402,-315.98335406636755,-318.23755974516683,-318.2243360089695,1.0,1.0,1.0,0.9979023068498706,1.0,1.0,0.7373595127373331,0.9000163151751643,0.6635292580141314,0.8997547577094007,0.6649240646699457,1.0,1.0,0.06193388875226048,0.18991956762086887,1.0,1.0,0.9998695938643467,1.0
809,-316.68972464348076,-316.1781672811678,-316.6897123583344,-316.1781630429309,-316.68969275899383,-317.5000259343992,-307.9951175821974,-316.0087166387566,-313.5069138735668,-316.178148440258,-316.0087079093804,1.0,1.0,1.0,1.0,1.0,1.0,0.7743256643482935,0.666876341398331,0.5163712339098733,0.6668722450741895,0.5163701396592244,1.0,1.0,0.018191523624965,0.06355191515017478,1.0,1.0,1.0,1.0
810,-318.1118751678483,-317.6000280871452,-318.9698601722042,-318.4579580326085,-318.9691040094043,-318.9335649399517,-313.72137779706236,-317.5427177986716,-316.10757544237094,-318.45720215019696,-318.4512978172142,1.0,0.6511648114806121,0.8411027652332262,0.6511827379340733,1.0,0.6514110513305607,0.5043231926699543,0.6630897780976313,0.5133648764999393,1.0,0.7883576246640511,1.0,1.0,0.1479812058465947,0.3032799954871225,1.0,1.0,1.0,1.0
811,-317.7509572962402,-317.23959074793765,-317.75094005966815,-317.239587609072,-317.75095604496397,-317.7441872139042,-309.95706676269316,-317.1671046474676,-314.7559949795095,-317.2395903252213,-317.16710613708153,1.0,1.0,1.0,1.0,1.0,1.0,0.7743876828838753,1.0,0.7770129726137548,1.0,0.7770117531450356,1.0,1.0,0.0271869298228234,0.09076658130631618,1.0,1.0,0.9999920073840323,1.0
812,-316.6695770152537,-316.1580670704891,-316.6693545532187,-316.1578955953038,-316.6695615886855,-316.63609509145516,-308.01689870877857,-315.99138892055964,-313.49311957173416,-316.1580678126883,-315.9913915267007,1.0,1.0,1.0,1.0,1.0,1.0,0.7743376508589515,1.0,0.787403850387121,1.0,0.7873363431705355,1.0,1.0,0.01855074913903432,0.06469247233398308,1.0,1.0,0.9998964876243682,1.0
813,-316.59472370577214,-316.08320352214616,-316.5947167608622,-316.0831945033944,-316.59467571466786,-320.6207907147056,-310.40044912468477,-315.87549391882555,-313.33839695267494,-316.08317495860433,-315.8754859770318,1.0,1.0,1.0,1.0,1.0,1.0,0.7743462947124492,0.13358283529469867,0.10343689149253117,0.1335823714351227,0.10343642505775882,1.0,1.0,0.06473052492063384,0.2301615295894661,1.0,1.0,1.0,1.0
814,-317.1204351457187,-316.60870075415977,-317.1204323864269,-316.6086927374479,-317.1204311632343,-317.1002514456627,-309.05858927296754,-316.50340005738326,-314.06016821491875,-316.60869922797593,-316.5034016827203,1.0,1.0,1.0,1.0,1.0,1.0,0.7742463266504843,1.0,0.7820979068084298,1.0,0.7820947718879192,1.0,1.0,0.024175745699889797,0.08202022047355194,1.0,1.0,1.0,1.0
815,-315.8747708041099,-315.3631356927305,-317.9651728208154,-317.453249932788,-317.95875958574084,-317.7266940289835,-312.6021378373795,-315.0860486479811,-311.13613030263053,-317.4468422769271,-317.44657279596544,1.0,0.35162113348924867,0.4541900463031795,0.35167173130495105,1.0,0.35275045767005325,0.2731287600359133,0.3961502928080788,0.3067325241112514,1.0,0.8722126256013149,1.0,1.0,0.28881890739106897,1.0,1.0,1.0,1.0,1.0
816,-319.31939744539113,-318.807513126311,-319.3194085272043,-318.80752381910565,-319.31941019787536,-319.33049636603533,-312.99914618791956,-318.7841912293888,-316.4221650154874,-318.80752625815376,-318.7842060595715,1.0,0.9999944591087657,1.0,0.9999946536169618,1.0,0.9999936237782161,0.7741818104283533,0.9944659094883049,0.7699023272849256,0.9944714197462774,0.7699064434996761,1.0,1.0,0.05543619713303744,0.18059299722905964,1.0,1.0,0.999999164664822,1.0
817,-317.8772809307335,-317.3655381491683,-320.06163916606073,-319.55001385417773,-320.0615193547253,-320.00588754025415,-316.9567423961641,-317.2867676909027,-317.2237789432241,-319.5498948373962,-319.5493562185983,1.0,0.3354846360980235,0.43328201344650874,0.3354649320398923,1.0,0.3355047341311431,0.25976170102030105,0.34496810870478756,0.2670886386952887,1.0,0.7961745422127384,1.0,1.0,0.8478829805309178,0.8750114792830052,1.0,1.0,1.0,1.0
818,-318.0470491576894,-317.5354167896787,-318.23324286803756,-317.4668680729731,-318.2344067631644,-318.28998629388514,-312.6345946475037,-317.414772006574,-308.1919471499416,-317.7225749851023,-317.713240774496,1.0,0.911105250764828,1.0,1.0,1.0,0.9105751895330212,0.7050440564225808,0.8856188895976564,0.6857207856570423,0.9720269846477374,0.6626163522821105,1.0,1.0,0.0916215585600123,1.0,1.0,1.0,0.9994182217352365,1.0
819,-314.4942681350694,-313.9828132628213,-314.9822322075844,-313.9827983888469,-314.4942727166578,-314.71408069547783,-305.35898967450464,-313.48349613154454,-311.5534026828342,-314.33727905280494,-314.2330138737921,1.0,0.7835017087593865,1.0,1.0,1.0,0.99999770920841,0.7743512268049983,0.8959180966230913,0.693756866489285,1.0,0.6937517070475316,1.0,1.0,0.01721019688763492,0.045175223090018375,1.0,1.0,1.0,1.0
820,-314.0546128878456,-313.5433509012713,-315.9718149474578,-315.4608930191073,-315.89287190950927,-314.586569042685,-307.3186097827428,-312.9341947608159,-313.0050336839418,-315.3819706049541,-315.43327533975787,1.0,0.38342891656803985,0.4950284389543057,0.38336372803201074,1.0,0.39886609862609057,0.3088929494190055,0.766455930008511,0.5935646915983086,1.0,1.0,1.0,1.0,0.06033804237374941,0.058238306667159394,0.9652004668367637,1.0,1.0,1.0
821,-318.52694270614256,-317.99462563402017,-318.5266112589524,-318.0126870103655,-318.5266578805235,-319.028299669632,-311.8442936749186,-317.9732681677002,-315.64733381719776,-318.01649043918985,-317.98198693420693,1.0,1.0,1.0,0.9910099660212874,1.0,1.0,0.7664267701097054,0.7782725601723713,0.5964039829428478,0.7781435927325209,0.6018143140752599,1.0,1.0,0.04667776992434608,0.1493414369914898,1.0,1.0,0.9999766894861577,1.0
822,-314.8592070138917,-314.34788056236766,-314.8591153927917,-314.34768854310926,-314.8592032968352,-315.04406308681706,-306.52828824041893,-313.9433311759645,-311.36553152055905,-314.31435990493264,-314.007987619665,1.0,1.0,1.0,1.0,1.0,1.0,0.7744041630198787,0.911714818827138,0.70603443900047,0.9116730536264898,0.7059666561497322,1.0,1.0,0.024538266848283908,0.08904426796264919,1.0,1.0,0.9999560489441347,1.0
823,-318.19615926015297,-317.6843324473746,-318.19614805465676,-317.6843023976999,-318.1961374950365,-318.3799573110316,-310.09320376362217,-317.607983413108,-315.19439928858634,-317.6843167496027,-317.6079728545823,1.0,1.0,1.0,1.0,1.0,1.0,0.774217432863567,0.9121972536118671,0.7062313303111813,0.9121921428147515,0.7062207193800438,1.0,1.0,0.02334459440320548,0.07803500565796966,1.0,1.0,1.0,1.0
824,-314.99255610846296,-314.48101999668114,-314.99265721606855,-314.4810200920484,-314.99256799031497,-315.04299746864456,-304.5123065246472,-314.10300646386946,-311.41494414222234,-314.48102775547227,-314.1030070672618,1.0,0.9999494474750282,1.0,0.9999999523163592,1.0,0.9999940590916454,0.7743169471134407,0.9750947042952954,0.7550368401810881,0.975144000286721,0.7550368761839954,1.0,1.0,0.008268104735979106,0.0317037975486178,1.0,1.0,1.0,1.0
825,-316.59953229625773,-316.08791202350943,-316.6018084416885,-316.6338010711984,-317.11492952200643,-316.9921905444396,-309.46092425735554,-315.9219573961614,-313.4199686621724,-316.60310021954007,-315.92196861740933,1.0,0.998862574643771,0.9830115713195553,0.7611350113019844,1.0,0.7728281174557838,0.5983922825288694,0.821741735165104,0.6362655569177238,0.8226774693787736,0.8359430948122317,1.0,1.0,0.039537069871798836,0.13813522222241206,1.0,1.0,0.7737081527270167,1.0
826,-317.59365152645455,-317.0818560464563,-318.5233918281569,-318.0114959067868,-318.5236406564554,-318.5151978889646,-312.9915361941299,-316.9860389359603,-315.65617114692964,-318.0117457002079,-318.00198340093954,1.0,0.6282166732940602,0.8114583726282032,0.6282482235585314,1.0,0.6281385191129396,0.4863181182088836,0.6307957374705898,0.4883753928259339,1.0,0.7773605630902892,1.0,1.0,0.13570778142747672,0.2638650511537392,1.0,1.0,0.9998755935898502,1.0
827,-315.35416371032886,-314.84276167900623,-315.3541094798782,-314.84272065390496,-315.3535063982556,-315.249136783565,-305.40762853217984,-314.510389711964,-311.86763954253473,-314.8423862503739,-314.5103892210809,1.0,1.0,1.0,1.0,1.0,1.0,0.7746280040598102,1.0,0.8161251609365615,1.0,0.8161084202995712,1.0,1.0,0.010552625474355844,0.039557281017948046,1.0,1.0,1.0,1.0
828,-315.2876236143044,-314.7761755311451,-316.3269287453872,-315.8153500215662,-316.3316237578887,-316.24092644702387,-309.20057125574,-314.4253535166588,-313.395423444356,-315.8200446647196,-315.7713306945911,1.0,0.5947271407815538,0.7680786028344592,0.5947659898239643,1.0,0.5933326525264241,0.45945047951142404,0.6208589128372872,0.4807655941357942,1.0,0.8083273125251976,1.0,1.0,0.0733589231252513,0.12277202553526674,1.0,1.0,0.9976552469872199,1.0
829,-314.76227683594277,-314.25086143027283,-315.1200522156791,-314.60850407404837,-315.1403539306579,-315.06732947150954,-306.3839749073019,-313.79254707239033,-311.95291477420403,-314.25086654896444,-314.4208561838615,1.0,0.8361998078341629,1.0,0.8362553065682646,1.0,0.8277545983272647,0.6409869057017306,0.8585362988867289,0.6648232782615691,1.0,0.7950003701498767,1.0,1.0,0.0246177861628214,0.06176181822970994,1.0,1.0,0.9899004885820626,1.0
830,-318.1751135714893,-317.6634654137875,-319.31057139753955,-318.7990386686592,-319.3119255651743,-319.25114061822796,-314.8327779284159,-317.61704852524826,-316.4658816137919,-318.7983853667895,-318.79595598464135,1.0,0.5668112557057885,0.7320089424856877,0.566778543472163,1.0,0.5664276068729065,0.4385725301602117,0.5839070187089674,0.45210645714688436,1.0,0.7976774391938306,1.0,1.0,0.24854402195357472,0.44195295346766317,1.0,1.0,0.9993231453521433,1.0
831,-319.2704297294015,-318.7585339934789,-319.2704336745255,-318.7582513557936,-319.2704333007413,-319.2699850079951,-312.4931617998482,-318.7237508742414,-316.35061603442085,-318.7585364142749,-318.7237603805974,1.0,0.9999980274399277,1.0,1.0,1.0,0.9999982143316997,0.7741809450104777,1.0,0.7743544943109104,1.0,0.7742450711619311,1.0,1.0,0.04436543795118192,0.14533307275306545,1.0,1.0,1.0,1.0
832,-314.23251923493706,-313.7211131797023,-316.54215314008275,-316.03026185396055,-316.5279332342827,-316.2017489906302,-310.3163511841975,-313.1559831588794,-313.646773653888,-316.01604369130246,-316.01332588736153,1.0,0.31511521265348746,0.40702881011894865,0.315191673745571,1.0,0.31736365064583716,0.24575749368658598,0.373583074353545,0.2892922357365788,1.0,0.9178295616086014,1.0,1.0,0.24175849942856675,0.18915069854318564,0.782395237355759,1.0,1.0,1.0
833,-316.6888778485264,-316.1773932639757,-316.68887140464705,-316.1773659684186,-316.68887363026613,-316.66385654587873,-308.3102749646671,-316.0430352543884,-313.57335539569385,-316.1773864105608,-316.04303659163475,1.0,1.0,1.0,1.0,1.0,1.0,0.774343130055155,1.0,0.7840898654112785,1.0,0.7840791643994478,1.0,1.0,0.02093401052328945,0.0719675313237331,1.0,1.0,0.9999988871910769,1.0
834,-315.93939238581424,-315.4277460136251,-316.62410904249435,-315.4277494795534,-316.66079126416787,-316.7340768306025,-309.71826300921384,-315.1726435147338,-312.5936117568686,-316.1489108832614,-316.0676627364121,1.0,0.7100937124147466,1.0,0.9999982670373365,1.0,0.6971885145329797,0.53981832820902,0.6721039772388611,0.5203959012703337,0.9465003921148694,0.5203968030985637,1.0,1.0,0.06540279707125053,0.23747940529199732,1.0,1.0,0.981826063720686,1.0
835,-316.015553902314,-315.5038233581659,-316.01557453735415,-315.50383119315114,-316.5131053009595,-316.4513909900834,-308.6169140808608,-315.32186952986,-313.5134682846028,-315.9831736449636,-315.32187944347,1.0,0.9999896825331605,1.0,0.9999960825150533,1.0,0.7797548533128117,0.6037222900918573,0.8041909452690672,0.6226418432489151,0.8041992425680846,0.6226442824485189,1.0,1.0,0.03499753234175368,0.08644238970766975,1.0,1.0,0.7797628984906596,1.0
836,-317.38396650321437,-316.8733278223031,-318.57952163208085,-318.0703542330096,-318.57721476241363,-318.5216603019199,-314.398376905452,-316.7641439545132,-314.9247917625628,-318.0678070341401,-318.06731083558043,1.0,0.5500326909488122,0.7095006509554985,0.5496282131874506,1.0,0.5506674838399161,0.4265850704939609,0.5661779225664174,0.4386005277194327,1.0,0.7979949303836923,1.0,1.0,0.30639396906102695,0.7685824548269563,1.0,1.0,1.0,1.0
837,-318.88242408027037,-318.3705656385104,-318.88240423514605,-318.3705419384691,-318.882382589717,-319.0803084613167,-311.40151443356365,-318.3254089983934,-315.94389690625843,-318.37053170851465,-318.3253894119813,1.0,1.0,1.0,1.0,1.0,1.0,0.7742128249113911,0.9057950700491463,0.7012636119150006,0.9057860822858532,0.7012553019759513,1.0,1.0,0.03136861894622072,0.10318918413222533,1.0,1.0,1.0,1.0
838,-316.7238517544002,-316.21229311607345,-316.72375600598156,-316.20889522315605,-316.7236179458163,-317.9718078910384,-308.92213117974273,-316.08775985747934,-313.6288037069016,-316.20888739447753,-316.0877449831579,1.0,1.0,1.0,1.0,1.0,1.0,0.7744033517253437,0.5358087087242163,0.4148835554162337,0.5357830579199527,0.4141792888939432,1.0,1.0,0.027797356885455777,0.0950515157238949,1.0,1.0,1.0,1.0
839,-317.2190208552296,-316.7075440993798,-317.21902953492224,-316.7075532514134,-317.219032427034,-317.3582447327507,-309.9136679752959,-316.60379783020585,-314.163381433338,-316.7075162614167,-316.6038095305103,1.0,0.9999956601630895,1.0,0.9999954239936636,1.0,0.9999942141145347,0.774340047647611,0.9327557160217472,0.7222742845841463,0.9327597640469999,0.7222775897309736,1.0,1.0,0.03525792587590116,0.11945008077083576,1.0,1.0,0.9999985539451696,1.0
840,-315.8587934108713,-315.3471699327179,-315.8587921282565,-315.34714229740365,-315.8587581654834,-315.7768199563292,-306.3797427872931,-315.08418296763824,-312.4995599721194,-315.3471688542214,-315.0841830007644,1.0,1.0,1.0,1.0,1.0,1.0,0.7743013683493788,1.0,0.8066825877568483,1.0,0.8066714413704432,1.0,1.0,0.012878190076736469,0.046891981306948216,1.0,1.0,1.0,1.0
841,-317.52048902412264,-317.0088125478434,-317.51950031154524,-317.51935950298406,-318.01498836189165,-317.89957772822123,-310.9276922389778,-316.88272424155565,-314.41794261534795,-317.50323989806236,-317.48324614133946,1.0,1.0,1.0,0.774704604655355,1.0,0.780945691349781,0.6046606381404397,0.8273360220356822,0.6405791498459094,0.8269271243492216,0.8268689071893223,1.0,1.0,0.05091916003081169,0.17462312684607606,1.0,1.0,0.7805597213473403,1.0
842,-316.2108939602569,-315.69936001660045,-316.21083518820666,-315.6992823455437,-316.21073929159604,-316.13098508716166,-306.5584288318047,-315.4278234603704,-312.8336132469805,-315.69935859703395,-315.4278248321039,1.0,1.0,1.0,1.0,1.0,1.0,0.7743822707191691,1.0,0.8058863629746229,1.0,0.805855066559608,1.0,1.0,0.011858654809891381,0.043387139460324624,1.0,1.0,1.0,1.0
843,-315.70552344613805,-315.1941712425727,-315.7055186565309,-315.19401880931105,-315.705457459454,-316.6901927529951,-306.3364904623887,-314.90808412547494,-312.3039428971263,-315.1941591894848,-314.90807935449624,1.0,1.0,1.0,1.0,1.0,1.0,0.7744183028343474,0.6111977921670295,0.4733071406641054,0.6111963284701255,0.4732710681631822,1.0,1.0,0.013762650636757415,0.05060392090909243,1.0,1.0,1.0,1.0
844,-316.02880658488044,-315.5175881307831,-316.8965133831023,-316.38586465742077,-316.90145579357915,-316.90069817587346,-310.59269030583613,-315.317715808226,-314.0218126667545,-316.39035304690896,-316.3667568926336,1.0,0.6480072469608005,0.8364997676915145,0.6478226791792986,1.0,0.6464078650719502,0.5006070427839155,0.6466527764781632,0.5007967130856446,0.9979097911497288,0.7730459725801581,1.0,1.0,0.09418326649892853,0.18004270964007366,1.0,1.0,0.997531845675567,1.0
845,-315.6215511044339,-315.11007656077834,-315.62124827580635,-315.11007371651345,-315.6215366408188,-315.8987437237508,-305.4429560636375,-314.7877027342737,-312.14852927850916,-315.11006028956206,-314.7877006354937,1.0,1.0,1.0,1.0,1.0,1.0,0.7743509843541243,0.8705794020265695,0.6741291417278676,0.8704475938229119,0.6741281830276269,1.0,1.0,0.009350052363544815,0.034986723870565464,1.0,1.0,0.9998558278875651,1.0
846,-318.2164750495416,-317.7045807828226,-318.21644370724664,-317.70465030272766,-318.2164471874174,-318.83161489001867,-310.2946733985485,-317.6236291519303,-315.2062232806455,-317.7046418118939,-317.6236130755797,1.0,1.0,1.0,0.999965240651579,1.0,1.0,0.774193681424374,0.7352314581916091,0.5692036196501575,0.7352199363612761,0.5692234054848384,1.0,1.0,0.025617543308969808,0.0857966823016759,1.0,1.0,0.9999982599161474,1.0
847,-316.9339051598444,-316.4221677075376,-318.55812618711565,-318.04627264491666,-318.55853965724714,-318.46301152940356,-313.8737308090557,-316.26874744554823,-313.59903651357024,-318.04668583230426,-318.0419799096066,1.0,0.44392017727010946,0.5733931094917366,0.4439459453407121,1.0,0.44382841288886044,0.3436313082026189,0.46554189571469995,0.360442833315471,1.0,0.8119070285434065,1.0,1.0,0.30194562779020856,1.0,1.0,1.0,0.9997932863024757,1.0
848,-317.69082312054695,-317.17977970733205,-317.69081967426524,-317.17980674974234,-317.69076726441523,-317.78105829925573,-311.5760248300679,-316.43796501262324,-307.9097974223725,-316.465042688253,-317.1543809540708,1.0,1.0,1.0,0.9999864788862636,1.0,1.0,0.7745339552763195,0.9558850733155643,0.7403447699384749,0.955883426192361,0.7403547803596654,1.0,1.0,0.08795147023030275,1.0,1.0,1.0,1.0,1.0
849,-315.6022025910368,-315.09079224144347,-315.60179644422703,-315.09078231334877,-315.60202910418997,-315.99368777752153,-305.60239493679035,-314.7885108993956,-312.1698248648293,-315.09078390663535,-314.7885083702432,1.0,1.0,1.0,1.0,1.0,1.0,0.77443741344281,0.8222238534171358,0.6367056818852964,0.8220568985722587,0.6367025212559889,1.0,1.0,0.010121858544901014,0.037488728518775945,1.0,1.0,0.9998836767846035,1.0
850,-314.2221504045407,-313.7107660748348,-315.00946627998223,-314.4974473914334,-315.14623888254994,-313.75873061258017,-307.3523527638065,-313.1596415040205,-312.1069347756444,-314.6345866612129,-314.3975066043329,1.0,0.6745847667823639,0.8714049424662257,0.674798832604443,1.0,0.6299944689971968,0.48785531445736696,1.0,0.9763030205575933,1.0,1.0,1.0,1.0,0.05482306002818863,0.09280163638197926,1.0,1.0,0.9338996372570731,1.0
851,-318.5167121241529,-318.00484935768895,-321.13834675396913,-320.62660433422377,-321.1383139090881,-321.08600418239905,-318.86962343286893,-317.94852629171186,-318.0532510326996,-320.62654652261585,-320.62642133399333,1.0,0.2695996185259389,0.34821119363042763,0.2695833962993075,1.0,0.2696040460459945,0.2087261286213949,0.276748527215227,0.2142573508613161,1.0,0.7947720586746929,0.8382359504423368,1.0,1.0,1.0,0.9489849203943418,1.0,1.0,1.0
852,-315.8083489043843,-315.2971624880458,-315.807723998977,-315.29716247947533,-315.80821449556817,-315.73753924662014,-306.1265592389581,-315.0085792951725,-312.40142732694295,-315.29716105577774,-315.0085804412826,1.0,1.0,1.0,1.0,1.0,1.0,0.7745089961516829,1.0,0.8023676342818702,1.0,0.8023676308435432,1.0,1.0,0.011784030305123901,0.043394002269009094,1.0,1.0,0.9997547817753203,1.0
853,-317.9934640330761,-317.4817266946773,-317.99340809755324,-317.4816599100063,-317.993465654352,-317.9795989601974,-310.21072575222496,-317.3965322602241,-314.97186035330054,-317.4817297169818,-317.39653748287367,1.0,1.0,1.0,1.0,1.0,0.999999189362386,0.7742430165221739,1.0,0.7796297645959281,1.0,0.7796037313719015,1.0,1.0,0.027518321659147537,0.09249808840790451,1.0,1.0,0.9999712220147116,1.0
854,-317.0467260881621,-316.5351835684392,-319.0255849388605,-318.51415979372325,-319.02454746985376,-318.89589960634265,-314.8870932559843,-316.399418936343,-315.56663573506296,-318.5131241359366,-318.51204152208265,1.0,0.3717887637586758,0.4801211299850693,0.3717669451228795,1.0,0.3719816734485343,0.2880325020978741,0.3966953159414532,0.30716874668002175,1.0,0.8262400697794525,1.0,1.0,0.46946438515341227,0.7119331662949158,1.0,1.0,1.0,1.0
855,-314.9303716542774,-314.4188967984007,-314.93036790918956,-314.41876612749184,-314.9303196270133,-314.91192997067645,-304.2907603709534,-314.0053090116864,-311.29100265944425,-314.418889421967,-314.0053068956965,1.0,1.0,1.0,1.0,1.0,1.0,0.7743654073283517,1.0,0.7815183990575786,1.0,0.7814673398658425,1.0,1.0,0.007771638043853495,0.030193725404668744,1.0,1.0,1.0,1.0
856,-316.3468914843377,-315.8358512185906,-319.6795476478784,-319.1676319013461,-319.63509925005803,-319.4734746099371,-316.5901480139246,-315.68014528764047,-316.3630528554159,-319.15669478955493,-319.1675280173358,1.0,0.18893956409150983,0.24405291596214912,0.1890222886751002,1.0,0.1931856021796822,0.1496248652433408,0.20944553222558607,0.16221840127570863,1.0,0.8581972126818163,0.885477470479819,1.0,1.0,1.0,0.7107363143301367,1.0,1.0,1.0
857,-316.70597893710897,-316.1945552939462,-318.756430057277,-318.24540616336606,-318.75467022959697,-318.8596717726759,-315.56980879197226,-316.06888910187405,-315.91797992425165,-318.2435330246466,-318.2426167924792,1.0,0.3587155443716929,0.4631456881646908,0.3586438534012964,1.0,0.35903132205201344,0.278021322713272,0.3406681584844026,0.26380152986877003,0.9496888658145523,0.7355529095701392,1.0,1.0,0.7791589931099853,0.8402249997727573,1.0,1.0,1.0,1.0
858,-318.3907122194595,-317.87908616582433,-318.3906594561322,-317.8791034891201,-318.6155366393442,-318.58417267689987,-312.0850137377639,-317.8238775952923,-315.72371427510114,-317.87909973914884,-317.8238979911625,1.0,1.0,1.0,0.9999913383896295,1.0,0.8936757995147429,0.691961309012015,0.9078008717059106,0.7028981649150136,0.9077769227245652,0.7029042531977825,1.0,1.0,0.05673114475938257,0.16213105834781227,1.0,1.0,0.8936522231713855,1.0
859,-316.451648439405,-315.94016882127664,-316.4516427398797,-315.9400472918311,-316.451620586085,-316.7310271026556,-307.20782152297903,-315.7558352974848,-313.24216424586064,-315.94016060471597,-315.7558312064612,1.0,1.0,1.0,1.0,1.0,1.0,0.7743542038148956,0.8696283594661542,0.6733909977564994,0.8696258812352534,0.6733500805823744,1.0,1.0,0.013925871814669121,0.04893945478827902,1.0,1.0,1.0,1.0
860,-317.76338258100617,-317.25159337635114,-317.7633442234918,-317.2515569753383,-317.7633307173032,-319.15763744028925,-310.26632148769403,-317.14923098622995,-314.71027797423085,-317.2515629730905,-317.14921451004847,1.0,1.0,1.0,1.0,1.0,1.0,0.7742436431647808,0.49801383080539596,0.38557404393072753,0.4980042796106505,0.3855670263517285,1.0,1.0,0.03201807316307938,0.10839446596443343,1.0,1.0,1.0,1.0
861,-314.84318812714986,-314.33176182251555,-314.8431876916857,-314.3317435888074,-314.84295785758854,-314.6835069021646,-304.3932152285448,-313.86174377674575,-311.0965183890927,-314.33175533875846,-313.8617448664626,1.0,1.0,1.0,1.0,1.0,1.0,0.7744532228431066,1.0,0.8387248805448106,1.0,0.838717234047323,1.0,1.0,0.00878891268434805,0.03502645729745793,1.0,1.0,1.0,1.0
862,-314.42973225401363,-313.91846655241505,-314.4297248420104,-313.9184611784876,-314.4295564580233,-314.3278707591607,-304.3640661575626,-313.437776941864,-310.6686293391774,-313.91846454501416,-313.43777837100885,1.0,1.0,1.0,1.0,1.0,1.0,0.7744943200865182,1.0,0.81489003324978,1.0,0.8148878436727507,1.0,1.0,0.010707023059212187,0.042754467300252674,1.0,1.0,1.0,1.0
863,-314.63171996377764,-314.12029775630253,-318.46855283597284,-317.9566125880677,-318.4658497894096,-317.9081843654331,-313.1218324443146,-313.6015396215001,-315.61181250656557,-317.9539183161979,-317.95575658914476,1.0,0.14683930754176938,0.18967440927956122,0.14687734681704104,1.0,0.14703789845446,0.11386109749108769,0.19432326333264371,0.15047725969748668,1.0,1.0,1.0,1.0,0.78674304079028,0.2879437785918555,0.3659946941540369,1.0,1.0,1.0
864,-317.17968980084396,-316.66795952239784,-317.960325288479,-317.44846751144354,-317.9534247525618,-317.8666460892979,-311.3743783332878,-316.5212086600264,-314.0371189406086,-317.4415672631754,-317.424175186292,1.0,0.6768417780367793,0.8742500417357013,0.6768849275980933,1.0,0.6791810968542984,0.5258535037155854,0.7092989832526095,0.5491721681489942,1.0,0.8113227902676395,1.0,1.0,0.0762746098551431,0.2641150953359144,1.0,1.0,1.0,1.0
865,-316.89199920958094,-316.38024181011235,-316.89199941399573,-316.3802442022586,-316.89200228413375,-316.8989548398151,-308.49319960951414,-316.2291412114341,-313.7422048791742,-316.38024614641364,-316.22914609771885,1.0,0.9999998977926107,1.0,0.9999988039275868,1.0,0.9999984627247777,0.7742346879006212,0.9965282254772097,0.7715479057179857,0.9965283273297684,0.771548828546255,1.0,1.0,0.020900738181209633,0.07247579500759435,1.0,1.0,0.9999985649320203,1.0
866,-312.85887519365957,-312.3476264896796,-313.78816473210077,-313.27816997252864,-313.77725360360483,-313.49214627145125,-301.8415240212176,-311.65288867407605,-310.5861836572383,-313.2661152974788,-313.0796828228383,1.0,0.6283582777491614,0.8108701169371141,0.6279644380510839,1.0,0.6317956947029819,0.48928332676245534,0.7285962517355649,0.5642488559271122,1.0,0.8985363210666576,1.0,1.0,0.007404389148485939,0.012621799789022515,1.0,1.0,1.0,1.0
867,-315.5151242129737,-315.003550253278,-315.53816732425236,-315.0035774207248,-315.5151336905107,-315.743554945388,-307.00951171398356,-314.7375539840558,-312.71172272484887,-315.00355918647693,-314.7375602684493,1.0,0.988544563308192,1.0,0.9999864163688429,1.0,0.9999952612427321,0.7743032249453827,0.892065814361803,0.6907327101385234,0.9024032375196924,0.6907420929243385,1.0,1.0,0.020983452353734555,0.05778040899783574,1.0,1.0,1.0,1.0
868,-313.87946206879195,-313.3683622597266,-316.25604716901364,-315.6632491504795,-316.1542280258867,-315.64449355565597,-310.87508725757,-312.77173538933346,-313.2948408844483,-315.6442924830335,-315.7400703535182,1.0,0.30474115034389093,0.4098788950497939,0.3174473042226304,1.0,0.32065709120181973,0.24834586608691242,0.4137407357690701,0.3204382631143354,1.0,1.0,1.0,1.0,0.38738971936460964,0.29823401558984447,0.7698552663684598,1.0,1.0,1.0
869,-317.16835206316114,-316.6574196101852,-319.3064146896571,-318.79512375996734,-319.3061548314744,-319.22401084059095,-315.930854264005,-316.55098201753276,-316.4003077438336,-318.7950545120699,-318.7944052263583,1.0,0.34334094620904476,0.4433543912939988,0.34340249159158387,1.0,0.3433855590844089,0.26597110321156126,0.3577827255441323,0.2771225047341624,1.0,0.8069903728705331,1.0,1.0,0.7334001075025385,0.7907869106059382,1.0,1.0,1.0,1.0
870,-317.7073142663818,-317.19565919837646,-317.70728819729743,-317.1956571916525,-317.7073075223228,-317.7113417049242,-309.5251652444764,-317.1052040423917,-314.6785029405594,-317.1956560192214,-317.10520247223366,1.0,1.0,1.0,1.0,1.0,1.0,0.7742781043570729,0.9979883069011576,0.7727178888060573,0.9979752986652565,0.7727171134907007,1.0,1.0,0.022595163524250273,0.07602683962785985,1.0,1.0,0.9999903375339861,1.0
871,-316.30777085621605,-315.79635789145834,-316.3076977715419,-315.7963409449516,-316.30758028172284,-316.3794158420485,-306.8130160002828,-315.57804656830285,-313.03223737529424,-315.7963518131096,-315.57804398112614,1.0,1.0,1.0,1.0,1.0,1.0,0.7744430174788521,0.9648115391667227,0.747120365256295,0.9647762833424037,0.7471140347429701,1.0,1.0,0.012493893375418732,0.04461832242983837,1.0,1.0,1.0,1.0
872,-315.1283787639278,-314.6175284946674,-319.35055282226347,-318.84118096017585,-319.182934272657,-318.14082513746115,-317.513509913779,-314.3031450189807,-315.4091648622776,-317.16738627468,-318.8411800443931,1.0,0.1211062488310277,0.15623389024328502,0.1210167597369619,1.0,0.1316935357785014,0.10200811714667583,0.22174589123803096,0.17176151218422753,1.0,1.0,0.3034417619828502,1.0,1.0,1.0,0.5752158475114282,1.0,1.0,1.0
873,-317.7672713049956,-317.2554242390072,-317.76722965572804,-317.2553790651405,-317.7672644476662,-317.77138951145304,-309.9327735874393,-317.1870539018029,-314.78027631824983,-317.2554175546471,-317.1870509168321,1.0,1.0,1.0,1.0,1.0,1.0,0.7742038218547667,0.9979430152700033,0.7726086473947812,0.9979222336885771,0.7725911967318434,1.0,1.0,0.026592125065855277,0.08858866488371996,1.0,1.0,0.9999826041822277,1.0
874,-319.45990132572797,-313.5771793441164,-319.4598429300787,-318.9479961215702,-319.4598289461002,-320.9109059206123,-313.50937388801015,-318.9196010160904,-316.55863013523617,-318.9479916996207,-318.91954340771633,1.0,1.0,1.0,0.06819333891799162,1.0,1.0,0.05279573854025992,0.48408135505116756,0.02555650775150088,0.4840672211349967,0.3747654559374896,1.0,1.0,0.06686273021364374,0.21770200004708828,1.0,0.06916842296844657,1.0,1.0
875,-313.82892305088586,-313.3175305749728,-313.82887648216513,-313.31748640201164,-313.8288512847513,-314.0878834942815,-304.82233110131557,-312.740293258841,-310.61682472147254,-313.31745827069483,-312.74029436798804,1.0,1.0,1.0,1.0,1.0,1.0,0.77440494698408,0.8785519645106349,0.6803305747138297,0.8785315082282489,0.6803155487717365,1.0,1.0,0.01908254800264118,0.055174918162340686,1.0,1.0,1.0,1.0
876,-316.0875638053464,-315.57614057604746,-316.0875510307024,-315.5761247600056,-316.08752294312535,-317.1072403832213,-307.16311720577147,-315.3568474579008,-312.8131869845147,-315.5761106672312,-315.3568414552,1.0,1.0,1.0,1.0,1.0,1.0,0.7743810734932401,0.6005926934424102,0.4650781125207396,0.6005888572757361,0.4650744346878324,1.0,1.0,0.016624710168519907,0.0593065876237679,1.0,1.0,1.0,1.0
877,-313.7819080177462,-313.27056586309965,-315.5667435940195,-315.05521318611795,-315.607911883332,-315.43197170415925,-308.790795021674,-312.6656905985643,-312.69549169395884,-315.09638111124434,-315.02124953557956,1.0,0.40966407346339606,0.5290604485476349,0.4097026355758663,1.0,0.4013176852458217,0.31077906844063624,0.43822103787976185,0.3393569008550916,1.0,0.8283005072156812,1.0,1.0,0.14407118108545713,0.1419403562333513,0.9852099161258214,1.0,0.9796262626912533,1.0
878,-318.54022829968085,-318.0285752114944,-320.0392566666753,-319.5274365313342,-320.05505636514226,-320.5134515716578,-317.28652243834125,-318.01786176357143,-317.0883399190699,-319.22521306693653,-319.5274238177309,1.0,0.47259609196014385,0.6104223918269485,0.47263556652488237,1.0,0.468877362127577,0.3630406103167404,0.3728378635586139,0.28867950655864655,0.7889144025974234,0.6107866758339879,1.0,1.0,0.6937319289541812,1.0,1.0,1.0,0.9921312725690495,1.0
879,-315.07118828936564,-314.5596976382057,-315.3550944315247,-314.5596980967305,-315.07119051354044,-315.2485873155657,-306.2045904834673,-314.1823690760014,-311.49691895946853,-314.5597034785527,-314.1823720892397,1.0,0.8676619739702542,1.0,0.999999770737643,1.0,0.9999988879132149,0.7743382869240325,0.9151205139907264,0.7086136391724831,1.0,0.7086138016309536,1.0,1.0,0.01852027323678109,0.0709227347120046,1.0,1.0,1.0,1.0
880,-314.98643200497384,-314.47519575698084,-314.98642285010425,-314.47507639041146,-314.9863561460269,-314.95056462866563,-305.18754747473935,-314.31047350901065,-311.81649117026006,-314.4751762245305,-314.31046481136934,1.0,1.0,1.0,1.0,1.0,1.0,0.7744670260563434,1.0,0.7884514588610372,1.0,0.7884044028923956,1.0,1.0,0.010446763963055699,0.03635324355496035,1.0,1.0,1.0,1.0
881,-317.80504635160366,-317.29422183137734,-317.80502571247473,-317.2942104688575,-317.8050121620319,-318.7817580307807,-310.4490664387637,-317.2260245391982,-314.8300662652281,-317.29418762079837,-317.2260016648796,1.0,1.0,1.0,1.0,1.0,1.0,0.7746103383253651,0.6136344787480417,0.47531948563684834,0.6136281463401532,0.47531678523097587,1.0,1.0,0.033759985113096594,0.1118608139361986,1.0,1.0,1.0,1.0
882,-315.5347532643906,-315.02318402680504,-315.53456875148026,-315.41546075698005,-315.53475835275157,-315.68809168526167,-306.71685487876533,-314.6980426539636,-312.0549732645014,-315.3055026342896,-314.6980486059902,1.0,1.0,1.0,0.8218985047517111,1.0,0.999997455822747,0.7743067524025632,0.9261961789697314,0.7171617800124032,0.9261107353348995,0.8725673253646471,1.0,1.0,0.0184887306308175,0.06931740895463183,1.0,1.0,0.9999052038577874,1.0
883,-314.0770180826427,-313.56545306573776,-314.350281233417,-313.8387189945698,-314.3515970616226,-314.3761942238436,-303.99743624241717,-313.2473542700751,-310.88713013734923,-313.5656061500781,-313.24735375591547,1.0,0.8722915406115552,1.0,0.872290328974254,1.0,0.8717178364499424,0.6749801486547596,0.8610626003799935,0.6667296890155086,0.9871270788391584,0.7643437819602232,1.0,1.0,0.00980405685833837,0.03190964552098905,1.0,1.0,0.9993423022752111,1.0
884,-316.6259794615997,-316.11434158037383,-316.62512147953566,-316.1143470624901,-317.0064681910347,-316.8614815341227,-308.869900451124,-315.8927258307639,-313.9894454724538,-316.11434978998625,-315.8927337027544,1.0,1.0,1.0,0.9999972589456313,1.0,0.8267570789967672,0.6401432462991852,0.8889173332505549,0.6882728214303562,0.8885360774698949,0.6882747080287513,1.0,1.0,0.0298547091887351,0.07732232844777027,1.0,1.0,0.8264024836887688,1.0
885,-318.52748932776825,-318.0163277810412,-318.5274833920945,-318.0154704577911,-318.52745232401384,-318.52396168028395,-311.5322192231891,-317.9734521637539,-315.5920591298253,-318.01633084364255,-317.97345983862533,1.0,1.0,1.0,1.0,1.0,1.0,0.7744809069816635,1.0,0.7758338057210489,1.0,0.775501306810972,1.0,1.0,0.039930434745216896,0.13134603454195032,1.0,1.0,1.0,1.0
886,-315.58451124353894,-315.07302690977826,-315.58449008433297,-315.0729865983618,-315.58445398528136,-315.50057844654975,-305.42358348066847,-314.725352381337,-312.06377406565935,-315.0730195517924,-314.7253529603189,1.0,1.0,1.0,1.0,1.0,1.0,0.7743637630075689,1.0,0.8075294383525033,1.0,0.807513162188788,1.0,1.0,0.009553148907210532,0.03614938682463199,1.0,1.0,1.0,1.0
887,-315.05481837898253,-314.5434632060701,-315.75006412991183,-315.2387072036963,-315.60942115252965,-315.39910860447037,-304.00346052377967,-314.1105232377168,-312.5244084318607,-315.0980683281042,-315.1086931469825,1.0,0.7063652136430199,0.9121558527298397,0.7063658328794442,1.0,0.7578260639365404,0.5868541403623817,0.8418570001250054,0.6519269917295752,1.0,0.9229310951692647,1.0,1.0,0.0063867397186653406,0.014115610673788219,1.0,1.0,1.0,1.0
888,-318.21342106182533,-317.7017254129868,-318.21345408645095,-318.36882511389206,-318.88001921184036,-318.8565892900003,-313.6447922271913,-317.65962531631686,-316.02489476022197,-318.3683116943693,-318.3619682195165,1.0,0.9999834878235162,0.9252400829298872,0.7163761860726909,1.0,0.7165558581573618,0.5548003834305495,0.7249996447790801,0.5613380678301745,0.7250116162988414,0.7835800222611187,1.0,1.0,0.13433527596062583,0.3042056681023861,1.0,1.0,0.7165676902495257,1.0
889,-314.8750276411247,-314.3635433569925,-316.8242733591782,-316.3124090772372,-316.8261450699267,-316.651885020736,-310.8091320399777,-313.9180769162895,-313.94864777460805,-316.3142810650736,-316.296779337547,1.0,0.377334635082885,0.48738996928194944,0.37740633506139803,1.0,0.37698166962482316,0.29191259419646903,0.4113015275463975,0.31848788834355946,1.0,0.8438859095773968,1.0,1.0,0.21130082749557372,0.20809556299474574,0.9848308000549827,1.0,0.9990645824018135,1.0
890,-318.503780653605,-317.9920118990629,-318.50355679664585,-317.99200901543367,-318.5037758222393,-318.500614383639,-310.95298251926835,-317.9371035128382,-315.54321458167783,-317.9920000465719,-317.9371024981882,1.0,1.0,1.0,1.0,1.0,1.0,0.7742333526740601,1.0,0.7754581660654909,1.0,0.7754570479993774,1.0,1.0,0.0304380899256917,0.10074970248071251,1.0,1.0,0.9998904931995956,1.0
891,-317.9864695460712,-317.4746193161567,-318.5740168995501,-317.4746342135736,-318.5716331651156,-318.5260857604829,-312.3661192170884,-317.39203506563837,-315.6895273532069,-318.05972304692165,-318.04474480193323,1.0,0.7454451839376424,1.0,0.9999925513192827,1.0,0.746334185295178,0.5778118834288821,0.7635259954168216,0.591121781838547,1.0,0.5911261849487622,1.0,1.0,0.0810282091137339,0.18981524624930637,1.0,1.0,1.0,1.0
892,-316.3765479477615,-315.8647137171852,-317.53969635448567,-316.8977957993598,-317.56127640781745,-317.68756305703147,-312.29494883477497,-315.7861177329214,-311.0118808889643,-316.9000755307482,-316.8913810098607,1.0,0.5590176660570472,0.7705706568742803,0.5965805307624321,1.0,0.5530182755317744,0.4281501422288103,0.5191784842564313,0.4019511681829716,0.9287335906902267,0.6737584407410626,1.0,1.0,0.17454294768673703,1.0,1.0,1.0,0.9892679768645086,1.0
893,-316.17260946506775,-307.8251627413524,-316.17258776773934,-315.66113102160006,-316.1725677188242,-317.6817304181982,-307.6512184912522,-315.4378974099497,-312.8896773294193,-315.66111844792533,-315.4378912133762,1.0,1.0,1.0,0.019881131952307216,1.0,1.0,0.015395154087321306,0.4702172408154859,0.007238915776522023,0.47021213961420794,0.36410984011812986,1.0,1.0,0.02037718351231043,0.07285898494473235,1.0,0.022228782200763103,1.0,1.0
894,-317.8756062753452,-317.3638158034167,-317.87558441821955,-317.36377184508166,-317.87556495462434,-318.0188335244593,-309.3459984470779,-317.257477438016,-314.8135773747864,-317.36380563968964,-317.2574703017594,1.0,1.0,1.0,1.0,1.0,1.0,0.7742390711706132,0.930890499564814,0.7207169053197545,0.9308803263250913,0.7207010647362448,1.0,1.0,0.019144506038259696,0.0649726112120683,1.0,1.0,1.0,1.0
895,-316.5890033196892,-316.07809313485865,-319.99356240908423,-319.48424776093896,-319.993420482582,-319.70029467703114,-316.81140257798563,-315.920466613576,-316.6925175221816,-313.4917256856424,-319.48413818305653,1.0,0.1822675630750991,0.2351287081235568,0.18212221376863483,1.0,0.1822804978328893,0.14118789686340602,0.21105306617411798,0.16347409017400888,1.0,0.8976065400878765,0.8947601109001478,1.0,1.0,1.0,0.6797532228157455,1.0,1.0,1.0
896,-315.92885397340984,-315.4175617268928,-317.0818910101995,-316.57092679001687,-317.0931740645243,-317.22198060332653,-311.8107989090596,-315.1985921055762,-314.3474384889076,-316.5789907745296,-316.57302740765095,1.0,0.5618510395545924,0.7253968400410356,0.5617588961426772,1.0,0.5586902658322417,0.4326586630868484,0.5238429700979422,0.40567236082483427,0.9323520528024989,0.722146749451388,1.0,1.0,0.18380192454352828,0.2813038745297672,1.0,1.0,0.9943743563688046,1.0
897,-317.6086550327775,-317.0970178413247,-317.60864501953034,-317.0970065073051,-317.60865028156053,-317.5987324754782,-309.31380384132854,-316.9941891169903,-314.5552118720966,-317.09701232219703,-316.99418950490684,1.0,1.0,1.0,1.0,1.0,1.0,0.774284253586137,1.0,0.7781333899853244,1.0,0.7781289803082599,1.0,1.0,0.021489461263129978,0.0727516265296904,1.0,1.0,0.9999973689883682,1.0
898,-318.32991906718684,-317.81809430921356,-318.3298915102155,-317.81804358810524,-318.3298911047727,-318.6257943874153,-310.72890659179427,-317.76523721427503,-315.3768068699512,-317.8179417380728,-317.76521655703755,1.0,1.0,1.0,1.0,1.0,1.0,0.7742206273310864,0.8624848804750922,0.6677442492891166,0.8624729968213866,0.6677273151396469,1.0,1.0,0.029653790766441326,0.09788615697574,1.0,1.0,1.0,1.0
899,-316.41466187503863,-315.90313984726015,-316.4146557671735,-315.9031335943593,-316.4145819951821,-317.1060479641566,-307.1143539162394,-315.6769103062528,-313.1227305722729,-315.90311996461963,-315.676904448565,1.0,1.0,1.0,1.0,1.0,1.0,0.7743579272620595,0.7077296952489205,0.5480142117893588,0.7077275338934512,0.5480124984527729,1.0,1.0,0.013824979768054024,0.04957897987018074,1.0,1.0,1.0,1.0
900,-316.6970750794365,-316.1857337411875,-317.39076388735793,-316.18574190496304,-317.3681851523305,-317.21698988945474,-310.32215450390487,-316.01800587645346,-313.5176266419047,-316.85694797490356,-316.8444932359664,1.0,0.7069153129237382,1.0,0.9999959181205644,1.0,0.7149411578077982,0.5536482589210447,0.7710844294383156,0.5971254377754247,1.0,0.5971278751794189,1.0,1.0,0.05796443267529354,0.20235411556977245,1.0,1.0,1.0,1.0
901,-315.3973962271469,-314.8862452342374,-315.39719346859266,-314.88624186156545,-315.3973698653483,-315.3372676011474,-305.769144105897,-314.5713410061812,-311.94227280541776,-314.88624577569044,-314.5713430842451,1.0,1.0,1.0,1.0,1.0,1.0,0.774480872850957,1.0,0.7981081347915611,1.0,0.7981067889142456,1.0,1.0,0.012263861261470277,0.045658552058522706,1.0,1.0,0.9999118055115384,1.0
902,-314.02802500652837,-313.5166487276828,-314.0280203615044,-313.5166344371061,-314.0275989371923,-313.8200963614321,-302.7013576664263,-312.913984355856,-310.03933886470753,-313.5165186960466,-312.9139835442161,1.0,1.0,1.0,1.0,1.0,1.0,0.7745484188933567,1.0,0.8592255515727414,1.0,0.8592194121803514,1.0,1.0,0.0060583769505570765,0.025502198900568825,1.0,1.0,1.0,1.0
903,-320.9135500107003,-320.40143074569454,-323.68795368297504,-322.9283793572133,-322.6208650166795,-323.677588701399,-322.70226957754335,-320.39392120939436,-319.4879875037683,-322.9283733430667,-323.17639146621804,1.0,0.24977323415336378,0.3651618228937689,0.2826702356665026,1.0,0.42585451591000767,0.3296521947940477,0.25107104167148275,0.19435304040247023,1.0,0.6875610371364672,0.4088692797569471,1.0,1.0,1.0,1.0,1.0,1.0,1.0
904,-317.16016763356953,-316.64903334205854,-317.1601548768213,-316.6490254001478,-317.1601659709603,-317.14219531947526,-309.56625979519043,-316.55062924138946,-314.1495088090858,-316.6349724885338,-316.56620099001043,1.0,1.0,1.0,1.0,1.0,1.0,0.774477775789143,1.0,0.781468068884521,1.0,0.7814649657158641,1.0,1.0,0.03043430894881014,0.10110208733296043,1.0,1.0,0.9999944529458932,1.0
905,-316.63429187208004,-316.1225927950737,-316.6342922117885,-316.12251258444644,-316.6342924491312,-316.60750516284065,-307.8806176969828,-315.93434371879954,-313.414036022781,-316.1225955493267,-315.93434707862696,1.0,0.9999998301457966,1.0,1.0,1.0,0.999999711474472,0.7742582327214992,1.0,0.7846981292501374,1.0,0.78466665931663,1.0,1.0,0.017830175380285907,0.06286855486717949,1.0,1.0,0.9999998813286551,1.0
906,-319.2335494659187,-318.7215558070077,-321.0974648518876,-320.5855246295498,-321.0974051885146,-321.10629639811197,-318.71785215188163,-318.7025905574454,-318.0886815342785,-320.58548809910974,-320.58528944971465,1.0,0.3937820509234186,0.5086538351982416,0.39377152988226904,1.0,0.3937937982813335,0.30485327284902064,0.39204703227450644,0.30350102368611687,0.9955939620791666,0.7707541065166862,1.0,1.0,1.0,1.0,1.0,1.0,1.0,1.0
907,-316.29654415682865,-315.7851259505375,-316.2965201333959,-315.78510779889245,-316.2965251179,-316.2972433995161,-307.9075363838187,-315.7156747082755,-312.9257681690492,-315.4178564081672,-315.71566144182304,1.0,1.0,1.0,1.0,1.0,1.0,0.7743745686093556,0.9996504397666898,0.7740965090353044,0.9996384323212586,0.7740894835046466,1.0,1.0,0.020159711180848156,0.08134012086220367,1.0,1.0,0.9999975077510689,1.0
908,-315.2017866347887,-314.690275297677,-318.5142193122066,-318.00224172339153,-318.5148308380703,-318.419287929298,-313.80135756476284,-314.29496618568237,-315.66361611135164,-318.0030961764779,-318.0015998614076,1.0,0.19085976434226332,0.24654085859118013,0.19090426387417087,1.0,0.19080141542206983,0.14774347735074855,0.2001375002800548,0.15497269857381515,1.0,0.8117822799178595,1.0,1.0,0.7812935695521833,0.3941084028875193,0.5044306240910337,1.0,0.9996942838088765,1.0
909,-314.5888227480331,-314.07743732218654,-315.91113713679215,-315.39958459649307,-315.76126690529406,-315.4338111017822,-307.7017099415245,-313.58289533218067,-312.7709675211103,-315.24971275268075,-315.3209111376973,1.0,0.5162535829564443,0.666722791614502,0.5162967214761189,1.0,0.5564254504862957,0.4308846786777496,0.6554100708507916,0.50753637802493,1.0,0.983032347317367,1.0,1.0,0.052834404751618214,0.07929114748564349,1.0,1.0,1.0,1.0
910,-313.6988240103344,-313.1874692582627,-315.7333626468445,-315.2217282938114,-316.01115718843175,-316.0599970956037,-310.7937525188255,-312.5213838394134,-313.14214194060406,-315.2395776629337,-315.2109360795149,1.0,0.36158095582831123,0.4669878019207193,0.36163150855331183,1.0,0.3146902085334478,0.24369350627755196,0.30709855936678937,0.23781459567377503,0.8493217201201505,0.6576158051745551,1.0,1.0,0.4215505161122076,0.3090677684095251,0.7331689954028147,1.0,0.8703174308850259,1.0
911,-316.01725343771477,-315.50595526812435,-316.0169833772801,-315.5059535231961,-316.0171604351735,-316.06607367693505,-306.14883394028664,-315.22991658107014,-312.63273516402364,-315.5059390984666,-315.22991452476913,1.0,1.0,1.0,1.0,1.0,1.0,0.7744496867070079,0.9758853979367148,0.7557389970532873,0.9757536328156726,0.7557383376984209,1.0,1.0,0.010667630384426138,0.03908757599906001,1.0,1.0,0.9999114749718808,1.0
912,-314.3889529763896,-313.8775579650254,-319.5046982386872,-318.9920297132942,-319.48425187781766,-317.99274400972723,-318.77260207746775,-313.35071729038657,-315.51159251697993,-318.7262824770753,-318.9920176001159,1.0,0.07746937119324475,0.10010472725490675,0.07751871606743373,1.0,0.07826541667832768,0.060606874218213196,0.16498585819416825,0.12776111825297157,1.0,1.0,0.11171273702463355,1.0,1.0,1.0,0.3394469466398688,1.0,1.0,1.0
913,-317.78185699028427,-317.2700483491576,-317.7818351542316,-317.27003576322824,-318.2065633955104,-318.1404662734437,-311.3837063823566,-317.17314822968694,-315.2996671391259,-317.69470091750907,-317.6713792229669,1.0,1.0,1.0,1.0,1.0,0.8086790195755232,0.6260922696251345,0.8358512255691307,0.6471294273965691,0.8358420997732569,0.6471253550467497,1.0,1.0,0.055314459897578085,0.1411431890978278,1.0,1.0,0.8086701904448905,1.0
914,-319.36990060843766,-318.8583685241238,-319.6014891673819,-318.85831428062465,-319.36994353027467,-319.5796037910244,-313.95428998316265,-318.8344090907356,-316.7317766935182,-319.0893247734668,-318.8344532913533,1.0,0.8906584311746447,1.0,1.0,1.0,0.9999785393117803,0.7743064890592077,0.9004581484995908,0.697245550878853,1.0,0.6972266406160654,1.0,1.0,0.08715566085780525,0.24938850057038825,1.0,1.0,1.0,1.0
915,-317.3620729924386,-316.85116083091293,-318.9513264926851,-318.4403983766806,-318.95010838241603,-318.8004627406353,-314.53662547902013,-316.7489200263353,-316.09023766742547,-316.85117931158834,-318.43783134413695,1.0,0.4517498190229067,0.5832363964120755,0.4517534227537451,1.0,0.45202504337460103,0.3501219432996592,0.4871443106144322,0.3773240337003891,1.0,0.8352433311967882,1.0,1.0,0.3308311106143228,0.4598724575211922,1.0,1.0,1.0,1.0
916,-318.497235900417,-317.9854419479873,-318.4972125320661,-317.98541916484555,-318.4971981392378,-320.0228256041437,-311.65561659064747,-317.91902718064296,-315.5174458081917,-317.9854032627518,-317.9190028645911,1.0,1.0,1.0,1.0,1.0,1.0,0.7742363458372817,0.4663611934418168,0.3610669690290865,0.4663557444276376,0.3610628559325492,1.0,1.0,0.04364330904202118,0.1450155053584302,1.0,1.0,1.0,1.0
917,-317.4158953092873,-316.9041229480097,-317.41588270238105,-316.9041288551839,-317.41590206570334,-317.4795740700767,-309.5449358276506,-316.76771940556563,-314.29358879450115,-316.904131084308,-316.7677275321283,1.0,1.0,1.0,0.9999970464172483,1.0,0.9999966217976852,0.7742274706453725,0.968662155717895,0.7499673842729133,0.968656049820652,0.7499695993701863,1.0,1.0,0.02701422259319871,0.09307715711240241,1.0,1.0,0.9999903183857268,1.0
918,-317.9904257347058,-317.47885195380746,-317.990412634698,-317.47885264530794,-317.9904243375701,-317.9667516374103,-310.06077389057936,-317.393366634516,-314.9688251851794,-317.4788530176105,-317.3933695946945,1.0,1.0,1.0,0.9999996542498224,1.0,1.0,0.7743075043259713,1.0,0.7835269335767869,1.0,0.7835272044814571,1.0,1.0,0.02557100025942709,0.08594689724839209,1.0,1.0,0.999994148581048,1.0
919,-317.08126300636303,-316.5696416863649,-317.8002100819317,-316.56965151254656,-317.78069671942103,-317.6333854657437,-310.8268761581902,-316.41972617464836,-313.93357434149283,-317.26903776083464,-317.25695554507485,1.0,0.6980437229972827,1.0,0.9999950869212355,1.0,0.7048876458005766,0.5457864393198142,0.7587664703028686,0.5875041966887136,1.0,0.5875070831572877,1.0,1.0,0.061027847155693704,0.21153832491252839,1.0,1.0,1.0,1.0
920,-316.3239428764544,-315.8122877639251,-316.3239255011952,-316.2144917186404,-316.323950289712,-316.5966811722614,-308.5482497324456,-315.56814140867374,-313.66278996964184,-315.8122960497834,-315.5681481434546,1.0,1.0,1.0,0.8178290272580575,1.0,0.9999962933780665,0.7742726062895067,0.8725204839247352,0.6755712132164631,0.8725129038228894,0.826054334952449,1.0,1.0,0.029898533754047715,0.07751606152602457,1.0,1.0,0.9999876058184173,1.0
921,-320.44774999134296,-319.9365147907136,-320.4477120655452,-319.93638350109717,-320.44770789472256,-320.46211306238445,-314.9295673798041,-319.9283012309832,-317.595909779322,-319.93646233673365,-319.9282680686709,1.0,1.0,1.0,1.0,1.0,1.0,0.7744543578299363,0.9928441900855186,0.768896325519167,0.9928253630600486,0.7688458531239831,1.0,1.0,0.08213698098862524,0.2636398795267379,1.0,1.0,1.0,1.0
922,-316.61715964254734,-316.1054128567911,-316.6171445404583,-316.1051158415785,-316.6171465789731,-316.66682446773973,-307.6588678743636,-315.95228369673475,-313.46592702999,-316.1054050075036,-315.95227858321937,1.0,1.0,1.0,1.0,1.0,1.0,0.7742450440708806,0.9754733753812095,0.7552504933604484,0.9754660095661352,0.7551383412454514,1.0,1.0,0.0158163998640316,0.0548293536542254,1.0,1.0,0.9999989807431086,1.0
923,-313.24497831125433,-312.7336903676704,-314.067981459501,-313.55666564574153,-314.20902737457453,-314.34175913965237,-307.23842223832486,-312.0078539325449,-311.4460783972437,-313.69755650773885,-313.4841220119733,1.0,0.662654477893776,0.8556929527529596,0.6626637121064414,1.0,0.6175319124958831,0.4782276027425152,0.5778792083754072,0.4475198494263335,0.8720671596639263,0.6753347757700209,1.0,1.0,0.0921151506470805,0.12198855142151989,1.0,1.0,0.9319063450060531,1.0
924,-316.45701040209025,-315.945266065999,-316.4569975468983,-315.94523457011303,-316.4569983558374,-316.45011830871783,-307.459011216563,-315.7823836201652,-313.28749667893436,-315.94526568258766,-315.7823793632173,1.0,1.0,1.0,1.0,1.0,1.0,0.7742455985635659,1.0,0.7769136080403686,1.0,0.7769013733454924,1.0,1.0,0.015581262603542706,0.05424509360102394,1.0,1.0,0.999999595530536,1.0
925,-318.16295389858584,-317.6511298911419,-318.16287995396715,-317.65110975089385,-318.16293953848657,-318.2232081271312,-309.9760316718474,-317.56830395122796,-315.14732045622134,-317.65111989200386,-317.5682978914524,1.0,1.0,1.0,1.0,1.0,1.0,0.7742156522883443,0.9703221839102442,0.7512332286346866,0.9702863095214793,0.751225663660986,1.0,1.0,0.022457376600208596,0.07534751060692593,1.0,1.0,0.9999702081840751,1.0
926,-317.18419549002294,-316.6724654885618,-317.18420253851167,-316.6724662905075,-317.4843276314204,-317.3911421944235,-309.74529311081704,-316.52093949953587,-314.0329891032308,-316.9725229370656,-316.52094938201515,1.0,0.9999964757618471,1.0,0.999999599027229,1.0,0.860651110726254,0.6663560968152701,0.9017000507440777,0.698138094314349,0.9017032285609983,0.6981383742488274,1.0,1.0,0.03378213405955793,0.1172029775779335,1.0,1.0,0.8606541438764241,1.0
927,-317.0976975112257,-316.58637763011,-317.09768066498526,-316.5863693239996,-317.09767369093186,-317.0926342758177,-309.4900337669798,-316.53588016525254,-314.1479528929317,-316.58636258058254,-316.5358736553451,1.0,1.0,1.0,1.0,1.0,1.0,0.7744144911798734,1.0,0.7763682496418958,1.0,0.7763650253483829,1.0,1.0,0.029513036466401067,0.09739702986712763,1.0,1.0,1.0,1.0
928,-315.42614680227274,-314.91453218549975,-315.4753269347515,-314.9145358778691,-315.42615625436565,-315.58433895171373,-306.5856397317932,-314.6601374075048,-312.0800015983284,-314.9145390295489,-314.660142762562,1.0,0.9757098064478623,1.0,0.9999981538170164,1.0,0.9999952739647122,0.7742874945028728,0.9239511518320886,0.7154072034348,0.9469528190925901,0.7154085242098436,1.0,1.0,0.01764595257337584,0.0641083323741219,1.0,1.0,1.0,1.0
929,-322.0418032956552,-321.5293895192547,-322.04229060012057,-321.5298618132733,-322.2736278420021,-322.2723831329264,-319.0308438110945,-321.52736940585277,-319.4052323208588,-321.76169379766947,-321.52785995978127,1.0,0.9997563774481114,1.0,0.9997638808712068,1.0,0.8905533452895812,0.6892721030197502,0.8911077577078698,0.6897012081547937,0.8913249045556796,0.6898640982646618,1.0,1.0,0.2870029463121718,0.8292826285386471,1.0,1.0,0.8907703570371093,1.0
930,-316.9580691628104,-316.44629990390507,-317.68075253704853,-317.1688458727461,-317.68481403066176,-317.6935815591665,-311.2721757035652,-316.2998411670795,-313.81663903418104,-317.17290720263816,-317.1453621450189,1.0,0.6967408904023737,0.8999749449697311,0.6967887600261158,1.0,0.6953274217483858,0.5383442447150669,0.6922859416897862,0.5359894356945257,0.9936060179990085,0.7692280163566886,1.0,1.0,0.08095735602606033,0.28020559838785003,1.0,1.0,0.9979713137646167,1.0
931,-320.00017468279066,-319.4882938145426,-320.0001614562223,-319.4882314199935,-320.0001585917556,-320.00902118718926,-313.6532355602894,-319.4704386318785,-301.4074144150745,-319.48827629627317,-319.47042439287475,1.0,1.0,1.0,1.0,1.0,1.0,0.7741943113789751,0.9955865159730365,0.770771215873672,0.9955799318982608,0.7707471702875138,1.0,1.0,0.054551965521468085,1.0,1.0,1.0,1.0,1.0
932,-317.0243741226668,-316.5131538515802,-317.6284062880422,-317.11725251750966,-317.61216084785985,-317.480828768016,-310.70192097284746,-316.3717327499869,-313.8950079894999,-317.1010077244844,-317.08639854521846,1.0,0.7393261744419553,0.9546226023211994,0.7393015920505291,1.0,0.7453559700308303,0.5772363381594763,0.7959433033079353,0.6164133867003518,1.0,0.8337779782005689,1.0,1.0,0.05872405217836436,0.20259557908148929,1.0,1.0,1.0,1.0
933,-315.73110734388194,-315.21992916668285,-316.62904089498113,-316.1273517692677,-316.6409049419666,-316.7475056564583,-310.7890369676468,-314.9859956494792,-313.9007472696559,-316.13001318149617,-316.1013737041564,1.0,0.6382873050863948,0.8202695996551704,0.6352661072788661,1.0,0.6345121779391805,0.4914043888374131,0.6015779517991215,0.465898143518761,0.9424877277132989,0.733390524349575,1.0,1.0,0.12264278438913757,0.21100886102587663,1.0,1.0,0.9940855362199265,1.0
934,-316.33462099864926,-315.82314185209907,-316.3345721560266,-315.7825743836988,-316.33461323183644,-316.4122534259339,-308.29031247658986,-315.64801182281707,-313.17883739082345,-315.82135210631463,-315.69479337395956,1.0,1.0,1.0,1.0,1.0,1.0,0.774346609400777,0.961927482049923,0.744862391605784,0.9619039908062442,0.729905999369816,1.0,1.0,0.02525200619591114,0.08679012273930248,1.0,1.0,0.9999794623059708,1.0
935,-316.62914196707334,-316.11827350607564,-316.62914087317876,-316.1182778371803,-316.62914183931156,-316.63723446633713,-308.96150931111214,-316.0018504573926,-313.5523426816226,-316.0992559456303,-316.0025974480515,1.0,1.0,1.0,0.9999978344500136,1.0,1.0,0.7745801281115239,0.9959619254063451,0.7714522664943879,0.995961380667817,0.7714539371164509,1.0,1.0,0.029594386729862452,0.1007194162276478,1.0,1.0,0.9999995169337156,1.0
936,-317.2634577759162,-316.752024365864,-317.5305779965717,-316.85270357928067,-317.3711385767314,-317.4616871318145,-311.13942303611856,-316.56076905365563,-314.6767005977174,-316.8596841758845,-316.6922433608651,1.0,0.8749748723704819,1.0,0.9509064354547027,1.0,0.947583328346966,0.7337718678413352,0.9056388452628494,0.7012916829567379,1.0,0.7374980931971458,1.0,1.0,0.06649204192590462,0.17056500723842408,1.0,1.0,1.0,1.0
937,-317.15597413441884,-316.6441921417059,-317.1559664718767,-316.64418301389145,-317.15596128803367,-317.61292848191067,-308.7623746000705,-316.5363333657764,-314.0924155038308,-316.6441785390759,-316.53632349096165,1.0,1.0,1.0,1.0,1.0,1.0,0.7742313307076941,0.7957444608624299,0.6160863355829027,0.7957414121555357,0.6160835238284403,1.0,1.0,0.02050719696771864,0.06959793011018672,1.0,1.0,1.0,1.0
938,-316.0058548266459,-315.4945523918461,-316.0058582926307,-315.494556363697,-316.35800514444236,-316.194896127993,-308.0282333183349,-315.2201295365662,-313.3133942413701,-315.4945592959919,-315.2201355958273,1.0,0.9999982670090853,1.0,0.9999980140765496,1.0,0.8385549561019582,0.6493870400634412,0.9098089462644844,0.7045669867415292,0.9098105229578547,0.7045683859604094,1.0,1.0,0.027434659790428792,0.07117736193177411,1.0,1.0,0.8385564093125968,1.0
939,-321.031744914467,-320.5197202601926,-321.62654984562016,-321.1148482992495,-321.6265305240674,-321.62008930424156,-318.2282589203007,-320.5139063349941,-318.71872646314324,-321.1148290377436,-321.1138678555236,1.0,0.7427450228956094,0.9592997455620142,0.7426250391941107,1.0,0.7427521984238473,0.5749885612060386,0.7451481696903539,0.5768433602549583,1.0,0.776762605366691,1.0,1.0,0.31891722030575587,0.7825215856748926,1.0,1.0,1.0,1.0
940,-318.12213483014085,-317.6104106504152,-318.1221140554562,-317.6103330797914,-318.1221012444002,-318.7778732413735,-310.52077042467175,-317.54554073347776,-315.14340721034426,-317.610357939544,-317.5455193927342,1.0,1.0,1.0,1.0,1.0,1.0,0.7742617401473046,0.7204572453044319,0.5578131130892163,0.7204497617072695,0.5577914785532045,1.0,1.0,0.02982569065344694,0.09913047246472549,1.0,1.0,1.0,1.0
941,-315.3257647979555,-314.81467587129293,-315.3257663015689,-315.059136352551,-315.5296081654525,-315.51396399397765,-307.4467729493855,-314.52124958586074,-312.4615167016027,-314.81341056275073,-314.528160653137,1.0,0.9999992481936016,1.0,0.8849445948448725,1.0,0.9031002763277787,0.6994463768443396,0.9101921044028817,0.7049389600960068,0.9101927886916439,0.7965910681895062,1.0,1.0,0.029093563401058873,0.0814821031493787,1.0,1.0,0.9031009552848551,1.0
942,-316.21182378946804,-315.70023669299917,-316.9139481764743,-316.40222500921055,-316.847524613847,-316.65413325399845,-308.90773868261346,-315.4356496599561,-313.86123462718405,-315.7002464143152,-316.3290461171884,1.0,0.7039399720013029,0.9091905235782485,0.7039878664663182,1.0,0.7277116370636612,0.5634684364756997,0.8015926384490861,0.6206746294450484,1.0,0.8816552940898509,1.0,1.0,0.03823685305885533,0.08401600418410933,1.0,1.0,1.0,1.0
943,-317.45941130933284,-316.94762228429653,-318.4021683114515,-317.8902721287448,-318.402010388233,-318.3813828511622,-312.74779829230044,-316.84320550062006,-315.53248508226187,-317.89011425971137,-317.879700297268,1.0,0.6241412955560433,0.8061943716093913,0.6241747372155206,1.0,0.6241905807029211,0.48326310056579713,0.6306616510726546,0.48827315619229383,1.0,0.7822699751843667,1.0,1.0,0.1290308695823672,0.2484923061775948,1.0,1.0,1.0,1.0
944,-314.28628508694817,-313.7748446037094,-314.2862795244492,-313.77484436301734,-314.2862880960201,-314.3392077273751,-304.6398402170743,-313.28846907275886,-310.51597811346625,-313.7748408478121,-313.2884704549987,1.0,1.0,1.0,1.0,1.0,0.9999984954651728,0.7743574067432136,0.973885712798505,0.7541367496519209,0.9738830041831277,0.7541366588945516,1.0,1.0,0.01324262576069093,0.05296791382980124,1.0,1.0,0.999995714223733,1.0
945,-320.0235863384671,-319.51167927401826,-320.02364537887235,-319.5117381583732,-320.0236476677838,-320.2314759129235,-315.00653528447646,-319.4952047092106,-313.2741663227704,-319.7340724959402,-319.49526709925004,1.0,0.9999704802331003,1.0,0.9999705582559526,1.0,0.9999693358118161,0.7741542027452054,0.901275057941599,0.6977472697885031,0.9013016641566312,0.6977678132898664,1.0,1.0,0.10599803610351027,1.0,1.0,1.0,0.9999988555449318,1.0
946,-315.87949873668816,-315.36813325963556,-318.8825600340655,-318.3708460596553,-318.88333630569406,-318.84351678966976,-314.2606626721786,-315.10985769342636,-316.00199670019504,-318.3710200019047,-318.37041021059997,1.0,0.22278888751228546,0.28774699875338855,0.2228277115640018,1.0,0.22270243194535233,0.17245800472327716,0.22718081732424406,0.175926010887732,1.0,0.7895158535396145,1.0,1.0,0.654032973484503,0.4186721958721962,0.6401392786691302,1.0,0.9996119395006702,1.0
947,-315.4794739095955,-314.96792346103496,-317.1907910112761,-316.6789301044828,-317.1544094891234,-316.84325348621184,-310.4818106932336,-314.60791405707266,-314.26344948088195,-316.6425521280894,-316.6555654311558,1.0,0.4250032126795571,0.5489608796697809,0.4250691906734315,1.0,0.4328050904876074,0.33512790500403977,0.5056604975677081,0.3915410121499453,1.0,0.9211230094790738,1.0,1.0,0.1270656137903621,0.15094807223063414,1.0,1.0,1.0,1.0
948,-316.22943319341584,-315.71776620796464,-317.66565809577463,-317.15374412480736,-317.6554039491008,-317.4862411373873,-311.44481766011563,-315.4755839460373,-311.5925026428147,-317.1434913546743,-317.13738270386983,1.0,0.4876718922628027,0.6299244006937836,0.48773211992855836,1.0,0.4901786424736557,0.37953104876405236,0.53344251113949,0.4130290024192177,1.0,0.8468357640249671,1.0,1.0,0.1332693323762328,0.928817979186821,1.0,1.0,1.0,1.0
949,-317.50225217038917,-316.9906120244046,-317.50225590877074,-316.99061612929165,-317.50225695800486,-317.52246716554396,-309.6801995515919,-316.8809402100633,-314.4343942347379,-316.99061824090086,-316.88094709956454,1.0,0.9999981308109643,1.0,0.9999979475585721,1.0,0.9999976061950181,0.7742794168935535,0.9899434115107095,0.7664946422608205,0.989945261905539,0.7664962154494075,1.0,1.0,0.027313605547450027,0.09281961049060744,1.0,1.0,0.9999994753830731,1.0
950,-315.144992637618,-314.63341917728116,-315.1637441067639,-314.6521707679438,-315.1637975540589,-315.5406090390539,-304.92064253633885,-314.30020512025897,-311.6511497201645,-314.6335234095149,-314.30020391184655,1.0,0.9906680805864136,1.0,0.9906680203950404,1.0,0.9906416066755858,0.7670608172474028,0.820527214577095,0.6353400377553038,0.8282564369000301,0.6413248683468702,1.0,1.0,0.009188695578097794,0.03455325258145384,1.0,1.0,0.9999732767095795,1.0
951,-316.85024727474695,-316.3385310347669,-316.85024140748664,-316.3385210840478,-316.85020580748125,-317.1581345979554,-307.70486838880805,-316.16385563825804,-313.65694000416283,-316.33851635121994,-316.16385003806954,1.0,1.0,1.0,1.0,1.0,1.0,0.774267865073809,0.8573203197023938,0.6637818108693323,0.8573178046453391,0.6637785083243702,1.0,1.0,0.014559761385229318,0.05099458605498255,1.0,1.0,1.0,1.0
952,-317.4724918121854,-316.960724775579,-317.4723091001388,-316.9607203477021,-317.47246075566227,-318.79687914697615,-309.4767070575547,-316.82258274237046,-314.3492482261128,-316.96071245060415,-316.8225691045848,1.0,1.0,1.0,1.0,1.0,1.0,0.7742441699869663,0.5157187772520877,0.3992860563737714,0.5156716653874563,0.3992851723799883,1.0,1.0,0.0254017339279443,0.08748651740605748,1.0,1.0,0.9999241751131042,1.0
953,-317.1067608914633,-309.3535173863944,-317.1067472540119,-316.5953466512711,-317.1067390277602,-318.4692875771205,-309.22640197186143,-316.4632468357517,-313.99988758460336,-316.59533939627386,-316.4632357929107,1.0,1.0,1.0,0.026758191387075206,1.0,1.0,0.020720933268630025,0.5059773655404909,0.010484208614363244,0.5059739154313903,0.39181305128968275,1.0,1.0,0.026824961332333322,0.09192862609210244,1.0,0.028585241532480554,1.0,1.0
954,-317.43536689630537,-316.9243707597284,-317.43533326418526,-316.92434775719005,-317.43530351448163,-319.05313033341145,-310.7829060122473,-316.86074245325847,-314.4666882940321,-316.9117618073539,-316.8606857590123,1.0,1.0,1.0,1.0,1.0,1.0,0.7745551786997754,0.4453558210080276,0.3449417258348083,0.44534833194076473,0.34493775858998543,1.0,1.0,0.04788666429618086,0.15851736379746265,1.0,1.0,1.0,1.0
955,-316.55326947742526,-316.0418788680242,-316.5522386648131,-316.0418647161393,-316.5532536911828,-316.5094750095136,-307.45366556098355,-315.85149914025385,-313.3331544542238,-316.0418728957667,-315.8514976467547,1.0,1.0,1.0,1.0,1.0,1.0,0.7743839944328936,1.0,0.7915216311328742,1.0,0.7915160303911806,1.0,1.0,0.015011828985384196,0.05287924048042115,1.0,1.0,0.9994926155781754,1.0
956,-313.9934840567968,-313.4822216083961,-316.83443510396165,-316.32330551890453,-316.8342877364191,-316.5869681199051,-312.56521103317573,-312.91694722519117,-314.0032457089195,-316.32371395209833,-316.3216151451769,1.0,0.24159910350597483,0.31195050828284165,0.24158305420672788,1.0,0.24161690609492764,0.18711477805789922,0.27342114096329245,0.21174485235558646,1.0,0.8764888458376381,1.0,1.0,0.8387286076928118,0.4872308040547122,0.5809159239184587,1.0,1.0,1.0
957,-314.7703578038603,-314.2588489056614,-314.77035928910414,-314.6383043287833,-315.3063887824804,-315.4332122908533,-307.4334267804532,-313.8444574970551,-312.21215433957184,-314.7946146060422,-314.5117287036916,1.0,0.9999992573783545,1.0,0.827184336013672,1.0,0.764895933300844,0.5922834616096071,0.7178983860931168,0.5558917529660138,0.7178989192203934,0.672028868008963,1.0,1.0,0.040538004656414724,0.09168799910406346,1.0,1.0,0.7648965013295426,1.0
958,-317.328864701643,-316.81707671328513,-318.0910303213344,-317.57914775170445,-318.0853370588506,-318.00521425643507,-311.6548786943406,-316.69465210182443,-315.19693458211816,-317.5734550792164,-316.69464629574657,1.0,0.6831213181066407,0.882372016020836,0.683153624112151,1.0,0.6850686829926305,0.5303966411612745,0.7130706483754025,0.5520764358353751,1.0,0.808129264560181,1.0,1.0,0.08046872303831486,0.17015798603242413,1.0,1.0,1.0,1.0
959,-315.92548709743596,-315.41426628140664,-316.78082648637667,-316.269863192307,-316.7743398677618,-316.67965799043253,-310.0457977787458,-315.16291762941466,-312.5901783524864,-316.26337865634736,-316.2388244861702,1.0,0.6520267472741228,0.8418208560302518,0.6519427970761368,1.0,0.6541449047554401,0.5065983526595343,0.6858574672732897,0.5311579445991237,1.0,0.8147309042776228,1.0,1.0,0.0774161452378986,0.2802171930976021,1.0,1.0,1.0,1.0
960,-315.68794732666225,-315.1765249589707,-316.86531310658575,-316.3538835817982,-316.8074177693066,-316.5312168959714,-309.5416747389709,-314.8484121832886,-312.2044267506154,-316.29599421638744,-316.3123438258056,1.0,0.5550578757945008,0.7167930397290663,0.5550598620993004,1.0,0.5713603278543626,0.4424417749755577,0.6559735672641127,0.5079633556765966,1.0,0.9151505816965771,1.0,1.0,0.07041360918885797,0.26411358931318923,1.0,1.0,1.0,1.0
961,-315.2234261364493,-314.71198847365804,-317.864095527118,-317.35255414575806,-317.84942949306514,-317.38011403141206,-312.6895522126081,-314.2962575636003,-315.0008234972391,-317.3378990766518,-317.3474271932677,1.0,0.26704590798734595,0.34487818727715813,0.26705975715612496,1.0,0.26901135770823337,0.20831154451662973,0.3401583795997122,0.2634049284697594,1.0,0.9863145659784714,1.0,1.0,0.44782503241574967,0.31485733663576126,0.7030811451903284,1.0,1.0,1.0
962,-316.89034438704056,-316.3787664390063,-316.89018577821753,-316.37858397258753,-316.89032363657424,-316.91489821566347,-309.10599191979765,-316.2923988026943,-313.7740610551615,-316.2938635159361,-316.29239655082637,1.0,1.0,1.0,1.0,1.0,1.0,0.7743133837405637,0.9877981395438252,0.7648573842679501,0.9877198058998167,0.7647876070571064,1.0,1.0,0.027510062244122568,0.09690399162611005,1.0,1.0,0.9999310731972068,1.0
963,-315.1555857353934,-314.6441544976042,-315.15558090925305,-314.644099530476,-315.1554992750339,-313.1846475172787,-305.0499737338241,-314.2355826934518,-311.52383568491143,-314.6440953368466,-314.2355786041658,1.0,1.0,1.0,1.0,1.0,1.0,0.7743956279860664,1.0,1.0,1.0,1.0,1.0,1.0,0.010124424776369285,0.03928427468030402,1.0,1.0,1.0,1.0
964,-316.86654056791235,-316.3549461132809,-316.8662601716288,-316.3549262796615,-316.866451417904,-317.2803099459705,-307.6211707075079,-316.1624959883863,-313.64027541551104,-316.3549275590196,-316.16249053180064,1.0,1.0,1.0,1.0,1.0,1.0,0.7743334747020625,0.8131134054782129,0.6295928638607441,0.8129994164804307,0.6295866203390901,1.0,1.0,0.013972521327377713,0.0493137489226558,1.0,1.0,0.9999043814341642,1.0
965,-316.3675914990727,-315.8559732246338,-316.36744498877994,-316.428501828622,-316.8719625872682,-316.6955752953979,-308.7519907687678,-315.60267179604523,-313.8621945728855,-315.8559825082714,-316.34373227790303,1.0,1.0,0.9700039214366827,0.7510640819769989,1.0,0.7771005382734318,0.6017009720102093,0.8487488982779366,0.6571775618906284,0.8486867253304171,0.8749953268444998,1.0,1.0,0.03253819940181959,0.07768431547226348,1.0,1.0,0.7770436137447737,1.0
966,-319.89381689641925,-319.38200194947,-319.8937541793439,-319.3819230128518,-319.893669480047,-320.18901299860977,-313.3997923686014,-319.36321153679734,-317.0119576625975,-319.38193598995474,-319.3631459543554,1.0,1.0,1.0,1.0,1.0,1.0,0.7742706687560057,0.8627778378618924,0.6679743365178958,0.8627507828347571,0.6679479732205739,1.0,1.0,0.050706073427096404,0.16429648515798087,1.0,1.0,1.0,1.0
967,-315.6190238562559,-315.1074501924518,-316.5465157498774,-315.1074319302695,-316.496549647392,-316.3153171868101,-308.71924665528906,-314.76431645219003,-313.51576386052943,-315.9846993693319,-315.96525811692135,1.0,0.6289233141462656,1.0,1.0,1.0,0.6448336544227851,0.49929921809954325,0.7059953236210257,0.5466571272267896,1.0,0.5466521356735317,1.0,1.0,0.048677668888048,0.09087606692495166,1.0,1.0,1.0,1.0
968,-316.6132667115429,-316.1015676260566,-316.61319745477357,-316.10157392074444,-317.01753772216676,-317.10864839753634,-310.1402916327413,-315.95429179787845,-314.1151788785628,-316.50573732433264,-316.44490017812757,1.0,1.0,1.0,0.9999968526610208,1.0,0.8169842147404329,0.6325569340930854,0.7806012343160647,0.6043871039602975,0.7805742038242641,0.6043890061773753,1.0,1.0,0.054639397933409314,0.13704531753685442,1.0,1.0,0.8169559243866045,1.0
969,-315.60236422048274,-315.0907673083445,-316.65756681559066,-315.0907726190408,-316.5644530341871,-316.30861132639154,-308.6043639344246,-314.7766325666308,-312.14228848835035,-315.0907783013729,-316.0790056250024,1.0,0.5900185525634516,1.0,0.9999973446553565,1.0,0.6181374675542871,0.47862260987876715,0.7024903932516215,0.5439369122262823,1.0,0.5439383565700837,1.0,1.0,0.04567819099505045,0.17050983903679612,1.0,1.0,1.0,1.0
970,-317.70985216931206,-317.1980763228343,-319.0148014317079,-318.5029099622924,-319.01175229104985,-318.8840348771794,-313.77671745226786,-317.09525469928076,-316.151262793158,-318.49986196064503,-318.4967950972983,1.0,0.520755503129241,0.6726508391720385,0.5207856096400457,1.0,0.5215500370254946,0.40379902643761,0.5559419737517595,0.4304262521714487,1.0,0.8264941354062161,1.0,1.0,0.19027809414824529,0.3050521081892856,1.0,1.0,1.0,1.0
971,-315.44618812409,-314.93462261002094,-318.975781612156,-318.4638204859441,-318.97559659823406,-318.7289359220989,-314.3349937217691,-314.58241893788176,-316.11809384635785,-318.46357252030236,-318.4633298140409,1.0,0.1712215847571205,0.22117165026046098,0.17125545677608217,1.0,0.17123742467822106,0.1325908783783724,0.19371371629830375,0.14999449942789086,1.0,0.875852380131804,1.0,1.0,0.8836337536167043,0.41001970383910313,0.46401543870511575,1.0,1.0,1.0
972,-315.00961266592026,-314.4981337876854,-316.56161733617733,-316.04978974040205,-316.52198155898157,-316.2568895528893,-306.1792611063709,-314.05925899238684,-311.31899408099105,-316.0101538526389,-316.0126065968534,1.0,0.46024223276706566,0.5944679130913295,0.4603224870330833,1.0,0.46945424185055906,0.3635189375203164,0.5359907135732251,0.4150410356307298,1.0,0.9016310246014566,1.0,1.0,0.01944823530200435,0.0765457645726345,1.0,1.0,1.0,1.0
973,-316.40843547055954,-308.6716420348477,-316.40832180565945,-315.89687196460807,-316.4084014255343,-320.48871291230705,-310.3516854346622,-315.7182176152375,-313.20921669018054,-315.8968559751964,-315.71820776550794,1.0,1.0,1.0,0.026981199647106876,1.0,1.0,0.020892193733767883,0.13001067443308414,0.002716161961419015,0.130003285817883,0.10066868771382674,1.0,1.0,0.06833958599803602,0.23960450092388538,1.0,0.02950227823849101,0.9999601908549856,1.0
974,-316.3326107792483,-315.82097705190967,-317.01992782798936,-315.82098295970525,-317.02290353944244,-316.9899270720952,-309.97567292929597,-315.6120472977948,-313.07310160305155,-316.51114963188803,-316.4667980389469,1.0,0.7091710513387078,1.0,0.9999970461065715,1.0,0.708116691690903,0.5482832512292066,0.7198890713411046,0.5573984135535182,1.0,0.5574000600538925,1.0,1.0,0.05971409530145396,0.21252102871014036,1.0,1.0,0.99851325058205,1.0
975,-316.91503036066797,-316.4033040028495,-317.6782710192183,-317.16644227404913,-317.6642925873403,-317.5463001149187,-310.77744106546527,-316.25028023798376,-313.7606071388192,-317.15246424069454,-317.13629913550045,1.0,0.6827542257939456,0.8818741178471899,0.6827891793868165,1.0,0.6875428574081248,0.5323286100616753,0.7293256950529319,0.5646788841547558,1.0,0.8270179159281195,1.0,1.0,0.06480194982016442,0.2250161646032974,1.0,1.0,1.0,1.0
976,-316.2120850106742,-315.70060382344417,-316.2120843217435,-315.7005696280262,-316.21207892772264,-316.174159891817,-307.2018879086159,-315.50620014861704,-312.9841061865999,-315.700602985955,-315.50620061397086,1.0,1.0,1.0,1.0,1.0,1.0,0.7743451673592329,1.0,0.7891664365485402,1.0,0.7891529437258111,1.0,1.0,0.015730463128083683,0.0555146050390445,1.0,1.0,1.0,1.0
977,-316.7808238057849,-316.2691118979266,-316.78075683852336,-316.26911450110987,-316.78082593092836,-316.79243998964665,-308.1979760864577,-316.07715448607894,-313.5520956257129,-316.2691173668684,-316.07716009552854,1.0,1.0,1.0,0.9999986984092233,1.0,0.9999989374288379,0.7742526662335357,0.9942087424274629,0.7697695875521189,0.9941754532663444,0.7697705894784184,1.0,1.0,0.0194562057169197,0.06876504227589934,1.0,1.0,0.9999654543942137,1.0
978,-317.3058078900828,-316.79405291569685,-317.3058011314507,-316.794050760611,-317.30579744868237,-317.410651456156,-308.3759423636634,-316.6506651991834,-314.17188132667746,-316.79404774717744,-316.6506611283246,1.0,1.0,1.0,1.0,1.0,1.0,0.7742408589766855,0.9489285404620671,0.7346954126403308,0.9489253337380467,0.7346946209749179,1.0,1.0,0.01596492073485625,0.05513505922960293,1.0,1.0,1.0,1.0
979,-317.3598140265788,-316.84909987479944,-317.3597188831949,-316.8490856133558,-317.3597718268111,-317.96222925644196,-309.4703277312382,-316.76637760244955,-314.3559729026827,-316.8490785387231,-316.76636193440413,1.0,1.0,1.0,1.0,1.0,1.0,0.7746561883425902,0.7399241374995997,0.5731747179705431,0.7398889388936882,0.5731706308356432,1.0,1.0,0.026042513659295052,0.08691517936548794,1.0,1.0,0.9999735285422767,1.0
980,-318.16691781294463,-317.6551366625027,-318.1668433382115,-317.65511447022675,-318.16688854607895,-319.3221936156388,-310.97000677504025,-317.58863713122383,-315.187094598512,-317.6551042617294,-317.5886145499196,1.0,1.0,1.0,1.0,1.0,1.0,0.7742380134180668,0.5612224649526902,0.4345134078812659,0.5612015668951325,0.43450858648729274,1.0,1.0,0.036541189394182494,0.12141462819982225,1.0,1.0,0.9999773963217378,1.0
981,-316.1286464217009,-315.6172006426698,-317.87749177547414,-317.3661335096036,-317.87890399930933,-317.86079706212746,-313.13056311677093,-315.3834149237752,-315.0318922003664,-317.3675445829033,-317.36119711637326,1.0,0.417102753241402,0.5386207659365685,0.4170845026505764,1.0,0.4168083359744801,0.3227582531249889,0.4205990307285298,0.3256936023283262,1.0,0.7808815725795134,1.0,1.0,0.32418987415318,0.3864841032560715,1.0,1.0,0.9992941373207589,1.0
982,-317.4849263753367,-316.97323952509083,-317.4848972020218,-316.97324442574046,-317.48493283335347,-317.54920934120145,-310.2607749274996,-316.89788801474555,-314.48283550777444,-316.9732437557017,-316.8978966235132,1.0,1.0,1.0,0.9999975496781879,1.0,0.9999967709968424,0.7742606893673581,0.9683695646209994,0.74977290768491,0.9683554394488745,0.7497747448743215,1.0,1.0,0.036205054471128845,0.12111312047710672,1.0,1.0,0.9999821844928559,1.0
983,-315.9894701710445,-315.4778352373968,-315.9894496974405,-315.4778260768432,-315.9894673484866,-315.97726084542103,-306.94003102002165,-315.2347229705852,-312.6663960708763,-315.4778381730869,-315.2347257145891,1.0,1.0,1.0,1.0,1.0,1.0,0.7742843810124371,1.0,0.7790244836530782,1.0,0.7790209155134851,1.0,1.0,0.015806311206094804,0.057086790694712966,1.0,1.0,0.9999911745158911,1.0
984,-316.2011006262029,-315.69024105251106,-317.9401084431437,-317.429989737549,-317.93552766841395,-317.6957550371309,-313.12319935359375,-315.4738970955003,-315.1026297098389,-317.4254470477056,-317.4258334994903,1.0,0.41915943912447695,0.5409412746418032,0.419004196951705,1.0,0.4201205768764259,0.3254184755148473,0.4736307802397316,0.36686659722419734,1.0,0.8755678341486465,1.0,1.0,0.3087112605073225,0.37168253926602546,1.0,1.0,1.0,1.0
985,-316.2789854096436,-315.7673799574546,-316.27881770353395,-315.7673671938748,-316.27890992778373,-317.26032009498067,-307.0246092039381,-315.514335765223,-312.9358149425085,-315.7673428557971,-315.5143305303426,1.0,1.0,1.0,1.0,1.0,1.0,0.7743239250200087,0.6122176988367986,0.4740369205982101,0.6121663646648223,0.4740338954038368,1.0,1.0,0.014337693785299302,0.05204727341321886,1.0,1.0,0.9999538889382559,1.0
986,-315.6924334279201,-315.1810171948065,-315.69238861223135,-315.67051537748284,-316.16066907720847,-316.0678913437133,-308.1287865585831,-314.89074454757923,-313.1363454882262,-315.18102477352045,-315.5788432111903,1.0,1.0,1.0,0.7829009502298642,1.0,0.7912685794640854,0.6127330364795749,0.8288393271451806,0.6418266197544689,0.828820754850614,0.8198056466351522,1.0,1.0,0.03401413877447279,0.08177534678693325,1.0,1.0,0.7912508490395533,1.0
987,-316.27440878801474,-315.763085308944,-317.8513281356199,-317.34002696738395,-317.84589716726083,-317.6714331739934,-312.3535799669449,-315.5382310764194,-314.98033053087744,-317.33459708883805,-317.3320346416894,1.0,0.4545444029838037,0.5869538456931515,0.4545393323795518,1.0,0.45578038850907343,0.35295809887735485,0.49732467677354586,0.3851301566813496,1.0,0.8472977567533277,1.0,1.0,0.20345192257032318,0.26891087285278065,1.0,1.0,1.0,1.0
988,-314.81261178351673,-314.30132938075116,-316.4893480521587,-315.9734836121038,-316.4969091981504,-316.6023876398014,-311.4405807574395,-313.88390141405085,-313.7541024469771,-315.98576514933694,-316.0585424730709,1.0,0.43241559214779435,0.5596543520530622,0.4334074000229977,1.0,0.4307838997466952,0.33360757273854064,0.408653394619655,0.3164692718334908,0.945047778203109,0.7301888980591889,1.0,1.0,0.2947403946250953,0.3145032576307809,1.0,1.0,0.996226564372957,1.0
989,-317.0300832320593,-316.51839584657284,-317.03005141463296,-316.5183996982076,-317.03008989313815,-317.0736532247255,-308.8780306747755,-316.37382044568875,-313.89221079018137,-316.5184027825008,-316.37382751463537,1.0,1.0,1.0,0.9999980741844822,1.0,0.9999966694661322,0.7742604035480423,0.978450582900842,0.7575780663080304,0.9784350171349732,0.7575795252664361,1.0,1.0,0.02356730555095347,0.08150506954180392,1.0,1.0,0.9999807609324786,1.0
990,-312.750908076915,-312.2396296144264,-313.56554653349696,-313.0550644275026,-313.71584286961667,-313.6654101682802,-304.18431371386134,-311.7345404274725,-310.5086298821702,-313.080954289936,-311.8040373434073,1.0,0.665431731757439,0.8589211317046299,0.6651668240606574,1.0,0.6172584899654947,0.4780181255757223,0.6330214028231705,0.4902252611280594,0.9512942840151746,0.7369959586008383,1.0,1.0,0.02293449071396709,0.04233428148519324,1.0,1.0,0.9276060345593734,1.0
991,-315.2945158908475,-314.78300049558914,-316.8103078350019,-316.29843983955385,-316.7141536183516,-316.3513532281352,-309.26362696269774,-314.3710330849126,-313.78141819555026,-316.20228465563025,-316.2524920691887,1.0,0.46865144612137044,0.6053418287231678,0.4687340766994418,1.0,0.4917332601122142,0.38076360285109734,0.5895364854967572,0.4564955321075771,1.0,0.9738902179290196,1.0,1.0,0.07779305951410677,0.10446579137568962,1.0,1.0,1.0,1.0
992,-314.45824880256725,-313.946856936281,-314.70138278397224,-313.94685804779465,-314.9068870837162,-314.9625305697339,-304.3558214704599,-313.54598676058697,-310.78943398073847,-313.94670892797365,-314.0423731961901,1.0,0.8855317289691975,1.0,0.9999994442433272,1.0,0.7990600811792792,0.6187740645103388,0.7771352447582254,0.6017959667858749,0.8775916427781182,0.6017963012381851,1.0,1.0,0.010101385916799648,0.040082868510659064,1.0,1.0,0.9023505934783663,1.0
993,-315.3157366754119,-314.8042415288121,-315.94456571604366,-315.4328911702987,-315.91688941746116,-315.80048784595436,-306.66291259149943,-314.42429837401346,-312.86319350009404,-315.40521260258777,-315.3235484616219,1.0,0.7302162759339365,0.9431053851059086,0.7302817789595135,1.0,0.7403913575523942,0.5733127243875222,0.7847613773792284,0.607670090513653,1.0,0.8321035907255492,1.0,1.0,0.02063652136156229,0.04504287548382278,1.0,1.0,1.0,1.0
994,-315.60722588096513,-315.09567798209116,-315.60722869345466,-315.0956794261724,-315.6072235112656,-315.6916998493026,-306.67563338101405,-314.7313641740556,-312.6427940918499,-315.0956833922327,-314.73136866755704,1.0,0.9999985937562255,1.0,0.9999992779596361,1.0,1.0,0.774317901250362,0.9586425705382611,0.7422932237619658,0.9586439186253036,0.7422937597280221,1.0,1.0,0.017812311623699766,0.05061130263406118,1.0,1.0,1.0,1.0
995,-315.1213006953233,-314.6098041710472,-315.12129760807096,-314.6097828325311,-315.1208682779986,-315.71233443216767,-304.8875682563612,-314.2440711280491,-311.5690628264059,-314.609785377335,-314.24406956684953,1.0,1.0,1.0,1.0,1.0,1.0,0.7745043106075296,0.7441468620338194,0.5762203550690482,0.7441457133501257,0.5762142072581851,1.0,1.0,0.00929525303160665,0.035410486106008096,1.0,1.0,1.0,1.0
996,-317.3116135494139,-316.7999459667914,-317.3115165599211,-316.79993526590886,-317.3115982503556,-317.81410199482417,-308.9932965421012,-316.6959182618076,-314.2571051630943,-316.7999310971176,-316.6959073987027,1.0,1.0,1.0,1.0,1.0,1.0,0.7742765714359083,0.7778323840312944,0.6022527844917167,0.7777946641616975,0.6022495621821753,1.0,1.0,0.02125185996126228,0.07194133307624069,1.0,1.0,0.9999591556168981,1.0
997,-316.702108770963,-316.1906068638963,-316.7020940984261,-316.1905865774064,-316.70186315304693,-316.9555075285159,-307.3054771816484,-315.98721998127087,-313.45586882769373,-316.1905800185057,-315.98721584006915,1.0,1.0,1.0,1.0,1.0,1.0,0.7744298912122509,0.880998479632735,0.6821877728259769,0.8809920164150896,0.6821808532633985,1.0,1.0,0.013025173123348142,0.04618058427458627,1.0,1.0,1.0,1.0
998,-313.9827458487454,-313.47177039193554,-313.98277452908417,-313.4885502950276,-313.9831060237339,-314.97213744565363,-304.47794381520805,-313.14476155583475,-310.53446227569185,-313.29369961366666,-313.1447596006334,1.0,0.9999856599334478,1.0,0.9916451458736316,1.0,0.9998199287205362,0.7743991691626249,0.6097563679159161,0.4722798687459353,0.6097651119882034,0.47625894273889724,1.0,1.0,0.013122737447545607,0.04839981777519732,1.0,1.0,0.9998342664104577,1.0
999,-315.1304760679631,-314.6192887778474,-318.4804890157699,-317.96976411657096,-318.1946877612949,-318.24751607598586,-315.2355313980607,-314.3211899899138,-315.4370765990597,-317.684676245723,-317.96958252079133,1.0,0.1873069668708259,0.24180007652911348,0.18726366735627495,1.0,0.21608015618956847,0.1673447050629998,0.21044730199656322,0.1629823039049575,1.0,0.8703359610857059,0.9488280713178209,1.0,1.0,0.9041386101792191,0.5723850758530373,1.0,1.0,1.0
1000,-318.2460198863709,-317.7343309349649,-318.2459553271228,-317.7343016619574,-318.2459874728086,-319.7799727609596,-311.4342944089286,-317.66825062139685,-315.2682598909156,-317.7342820407294,-317.66822712857834,1.0,1.0,1.0,1.0,1.0,1.0,0.7742749244431533,0.4644151359083193,0.3595791665975912,0.4644001450042735,0.3595739036542868,1.0,1.0,0.04429080851304364,0.14704998132298117,1.0,1.0,0.9999839272862424,1.0
1001,-317.0653799877366,-316.55365000712675,-317.06527439859616,-316.5536225201838,-317.06537412987996,-317.01493289623113,-308.118818210772,-316.3768406193909,-313.8658635183125,-316.5536505603775,-316.37684288062087,1.0,1.0,1.0,1.0,1.0,1.0,0.7742487602348997,1.0,0.7940241166733997,1.0,0.794013204100594,1.0,1.0,0.01609878936870323,0.05649954727067584,1.0,1.0,0.9999501356013721,1.0
1002,-320.3826207552543,-315.43349918531345,-320.3824781891226,-319.8706989042486,-320.3824670140817,-321.73997850396347,-315.36803616231674,-319.8600124901162,-317.5270123097797,-319.87069334099056,-319.85986895656407,1.0,1.0,1.0,0.10876128334841194,1.0,1.0,0.08420643677606753,0.507286739379177,0.04271352520694237,0.5072505797139228,0.39272730048717336,1.0,1.0,0.10582291830255028,0.3397694180214278,1.0,0.10934397273484424,1.0,1.0
1003,-321.69008572840903,-321.1783788160493,-321.9106421174367,-321.17895040231986,-321.6906621579382,-321.9091936310168,-318.8419661004207,-321.1766993864652,-319.08643232100513,-321.17895510067143,-321.1772766525931,1.0,0.8955849538168592,1.0,0.9997142476996914,1.0,0.9997118267652905,0.7740323031367864,0.8962338100750845,0.6939138875710662,1.0,0.6941122317379576,1.0,1.0,0.31118532529164,0.8849420553555734,1.0,1.0,1.0,1.0
1004,-318.31329495122566,-317.80196238354415,-318.3132418753607,-317.8018969421917,-318.3132883185282,-318.3113595075088,-310.84477266326553,-317.7502540099772,-315.36001577066924,-317.801956072519,-317.75024898137593,1.0,1.0,1.0,1.0,1.0,1.0,0.774402923774213,1.0,0.7751501224639649,1.0,0.7751247594427384,1.0,1.0,0.0316587510747855,0.10459897216878365,1.0,1.0,0.9999767786858732,1.0
1005,-315.64657025226956,-315.13505145511283,-315.64655064416337,-315.13502023235674,-315.6461927964687,-315.6297192749449,-305.37157443571857,-314.79243760277126,-312.1360764883099,-315.13467810132863,-314.7924362153259,1.0,1.0,1.0,1.0,1.0,1.0,0.7744744019954425,1.0,0.7808799064501166,1.0,0.780867715933844,1.0,1.0,0.009000892107287434,0.033970899215260766,1.0,1.0,1.0,1.0
1006,-318.9287729634735,-318.41688369473485,-318.9287870018786,-318.4168963059507,-318.92878748590186,-318.98815043767416,-312.2175866296533,-318.3706268347957,-315.98441916891494,-318.4168880018649,-318.3706436157654,1.0,0.9999929808220642,1.0,0.999993694411969,1.0,0.9999927388121691,0.7741792093356498,0.9707476442547271,0.751538100752881,0.9707544581530009,0.7515428396724155,1.0,1.0,0.04611946874724417,0.15206970623129673,1.0,1.0,0.9999997579884061,1.0
1007,-319.802907351126,-319.2913872046434,-319.8028347456401,-319.2910969079561,-319.80283059625464,-320.42790188200667,-313.57624209022043,-319.27287739287476,-316.92957921154317,-319.29130078503226,-319.27280432287523,1.0,1.0,1.0,1.0,1.0,1.0,0.774357445731887,0.7316176295959715,0.5665118172183312,0.7315910703513122,0.5664295949337634,1.0,1.0,0.05794171709552294,0.18699590501901306,1.0,1.0,1.0,1.0
1008,-320.9794681705779,-320.4677828969972,-320.97911137907084,-320.4675641487623,-320.9792372262317,-321.9533277417907,-316.0803628513467,-320.46098229873866,-318.13996158091624,-320.46755560033074,-320.4607632523211,1.0,1.0,1.0,1.0,1.0,1.0,0.7743532109284677,0.6145101788894478,0.4757929861490262,0.6144005626608631,0.4757409495568471,1.0,1.0,0.11188209071576932,0.3570785959235687,1.0,1.0,0.9999370783992173,1.0
1009,-318.86263760130396,-318.35113060619386,-319.118430443468,-318.3511569543795,-318.86266665773627,-319.08787895960364,-313.0857117339684,-318.31297697409184,-316.24559960808364,-318.3511601814888,-318.3130060857415,1.0,0.8799445181255869,1.0,0.9999868259939498,1.0,0.9999854718893786,0.774321570609129,0.8934895150470373,0.6918582560072883,1.0,0.6918673706722156,1.0,1.0,0.07326790529548992,0.20598664609864997,1.0,1.0,1.0,1.0
1010,-318.17992539640716,-317.6683409133289,-318.1799150603232,-317.66832014982043,-318.1799128191729,-318.2519651721608,-310.502693559422,-317.61391367041205,-315.2212287850896,-317.66827398229464,-317.61390475923866,1.0,1.0,1.0,1.0,1.0,1.0,0.7743076893539963,0.9646211090265615,0.7469088449939205,0.964616123837057,0.7469010908101057,1.0,1.0,0.02856394400890964,0.09448940068526372,1.0,1.0,1.0,1.0
1011,-317.17632349212977,-316.6645585413701,-317.1763056036813,-316.6645943632826,-317.17629190289824,-318.21224108510313,-308.78981971019914,-316.5114085148971,-314.02493285955353,-316.664585695155,-316.51139877731464,1.0,1.0,1.0,0.999982089204155,1.0,1.0,0.7742451836881512,0.5957353247830187,0.4612379208328813,0.5957299964165271,0.4612461821190833,1.0,1.0,0.021051269700717076,0.07298096869161766,1.0,1.0,1.0,1.0
1012,-315.6464304215961,-315.13504231845707,-315.64642609672376,-315.1349289255651,-315.6463057099759,-316.4059574513802,-305.8890181230157,-314.8264530250775,-312.20337105099475,-315.13489641728404,-314.82644911134236,1.0,1.0,1.0,1.0,1.0,1.0,0.774427141074034,0.6840231513756001,0.5296930630783865,0.6840216722207924,0.5296630322155713,1.0,1.0,0.011462007012702394,0.04254570096405234,1.0,1.0,1.0,1.0
1013,-316.7499873969029,-316.2382886986325,-316.7499825104741,-316.2380766227492,-316.7498453166498,-317.059039199917,-307.36468184080604,-316.03631306671,-313.5036562958424,-316.2382407969578,-316.0363085028755,1.0,1.0,1.0,1.0,1.0,1.0,0.7743136081175117,0.8568212988917709,0.6634012616732001,0.8568192054962058,0.6633309196984407,1.0,1.0,0.013091192371461568,0.0464449644521472,1.0,1.0,1.0,1.0
1014,-316.8540835825823,-316.34237910914175,-316.8540744849602,-316.3423099477386,-316.85407769969424,-316.80382379072313,-307.80887277968657,-316.1523114935425,-313.62924156945763,-316.3423793083172,-316.15231276276467,1.0,1.0,1.0,1.0,1.0,1.0,0.7742586444353635,1.0,0.7939598857071387,1.0,0.7939324304919886,1.0,1.0,0.015425715000223045,0.05446568574928692,1.0,1.0,0.9999983926342808,1.0
1015,-316.6568162514324,-316.1451911984393,-316.65681369534923,-316.5082625399425,-316.6568244266848,-316.8510131122642,-308.80914954110483,-315.9409474751365,-313.9536615595408,-316.14519966942373,-315.94095373908533,1.0,1.0,1.0,0.8339884957764185,1.0,0.9999959123821595,0.7742839485144513,0.9074666794144568,0.7026397558051245,0.9074655196350361,0.842505333542986,1.0,1.0,0.02827155885815027,0.0763630751483467,1.0,1.0,0.999994634346606,1.0
1016,-315.92603155211805,-315.41445143343526,-315.92598704619144,-315.41444897892694,-315.925968349419,-316.00074194958074,-305.787638536632,-315.1062981794206,-312.47898778687056,-315.4142099581644,-315.10629668112773,1.0,1.0,1.0,1.0,1.0,1.0,0.7743289791824886,0.9633338995927989,0.7459137828289598,0.9633124627973979,0.7459128674037289,1.0,1.0,0.009472808748639107,0.03523643575275164,1.0,1.0,1.0,1.0
1017,-316.6461481984832,-316.1345613162484,-316.64608454940395,-316.1345512291555,-316.6461177372545,-316.63565357263553,-307.30271128730806,-315.9318257915878,-313.3999970762937,-316.1345565797637,-315.93182476669614,1.0,1.0,1.0,1.0,1.0,1.0,0.774313684391727,1.0,0.778375574126455,1.0,0.77837164836299,1.0,1.0,0.013372468807596839,0.04742323907928435,1.0,1.0,0.9999834062124117,1.0
1018,-318.6297002702932,-318.11790051875084,-318.6296918620441,-318.1179157393926,-318.6297177144995,-318.7518847244057,-312.05268376060667,-318.0648908328216,-315.8791084124284,-318.11791554521176,-318.06490934255623,1.0,1.0,1.0,0.9999923897080942,1.0,0.9999912779348769,0.7742127302475843,0.9407364744192588,0.7283365069020659,0.9407325194542778,0.728342049797672,1.0,1.0,0.0494841166771784,0.14760546733881846,1.0,1.0,0.9999870738558462,1.0
1019,-317.1836274427311,-316.6722952284539,-317.18362053238997,-316.6722878066687,-317.1835918722319,-317.30259922705096,-308.3579055045484,-316.5345065985464,-314.0653209465337,-316.6722871196359,-316.5345020710868,1.0,1.0,1.0,1.0,1.0,1.0,0.7744142654550622,0.9422488265932167,0.7296779553021049,0.942245570968425,0.7296752475506046,1.0,1.0,0.016767705285614748,0.057630247379663976,1.0,1.0,1.0,1.0
1020,-316.83539972089613,-316.32365914338504,-316.83538700162404,-316.32365815216303,-316.83540064860335,-316.8359828664068,-308.57564691572253,-316.20450771579544,-313.7478924443624,-316.32366097487176,-316.20451035129497,1.0,1.0,1.0,1.0,1.0,0.9999995361464978,0.7742420310881142,0.9997084697478605,0.7740166751439196,0.9997021119860571,0.7740162915328327,1.0,1.0,0.022050270710676546,0.07531147507744741,1.0,1.0,0.999993176533624,1.0
1021,-317.6835506905577,-317.1724450063306,-317.68351811999514,-317.1722982807463,-317.68354895508116,-317.6656404778408,-309.7881217135129,-317.09024097460167,-314.6703159262942,-317.17244427309913,-317.0902429441984,1.0,1.0,1.0,1.0,1.0,1.0,0.7744888819386144,1.0,0.7814549817118291,1.0,0.7813976540953248,1.0,1.0,0.025963602371305083,0.08706527917089905,1.0,1.0,0.9999845825758386,1.0
1022,-316.79821713744633,-316.28758874191124,-316.798194756753,-316.2875742154388,-316.79814766239247,-317.2411724210841,-308.5664385853543,-316.20985427732927,-313.60013704391685,-316.08751931869995,-316.20984368880835,1.0,1.0,1.0,1.0,1.0,1.0,0.7746999698670098,0.8013338383147316,0.6207717359463966,0.8013248711614562,0.6207672271510092,1.0,1.0,0.021890383548117145,0.08071351631788234,1.0,1.0,1.0,1.0
1023,-315.11651339042476,-314.6058172241865,-315.11648740124105,-314.6042140876214,-315.1164994346932,-315.01683452330775,-305.9653362694504,-314.2730400698682,-311.65548829046276,-314.6042129121229,-314.28239711312085,1.0,1.0,1.0,1.0,1.0,1.0,0.7746522149494538,1.0,0.8142330517785605,1.0,0.8135806498969065,1.0,1.0,0.01570381032507808,0.05812984809271434,1.0,1.0,0.9999939832920248,1.0
1024,-318.20109451614746,-317.68999851969136,-318.2011134226553,-317.69004085587926,-318.2010909772435,-318.3558970746362,-312.7067780372705,-317.6677819660192,-315.5751166669569,-317.44323170163915,-317.4204249907001,1.0,0.9999905467907724,1.0,0.9999788321300911,1.0,1.0,0.7744933318541178,0.9255183877614349,0.7168065514737085,0.9255271369631065,0.7168217250627325,1.0,1.0,0.08370120002490632,0.23831324509024016,1.0,1.0,1.0,1.0
1025,-319.48021043562915,-318.96834584140385,-319.4802162970583,-318.96832937712236,-319.4802117484866,-319.47697933998865,-312.92865975170787,-318.94173113778754,-316.57661346819543,-318.96818901427946,-318.9417391664264,1.0,0.9999970692897222,1.0,1.0,1.0,0.9999993435714766,0.7741938740097287,1.0,0.7754461411255729,1.0,0.7754397575700753,1.0,1.0,0.049462736393266246,0.16138267704496176,1.0,1.0,1.0,1.0
1026,-316.913912615536,-316.4022159236513,-316.9139078599091,-316.40221298288884,-316.9138867696979,-316.9024047220214,-307.8413916013711,-316.2311036548716,-313.7269361717544,-316.4021990282213,-316.2311023363735,1.0,1.0,1.0,1.0,1.0,1.0,0.774269385221616,1.0,0.7787272683820776,1.0,0.7787261233569676,1.0,1.0,0.015072912402060079,0.052719372825323275,1.0,1.0,1.0,1.0
1027,-315.6996785165778,-315.1881039165857,-317.1941306556031,-316.6822384357144,-317.15379680582544,-316.870805417151,-310.2704019599318,-314.84488180957976,-314.24998286237854,-316.64190631939437,-316.65272826929913,1.0,0.47367868376162525,0.6118427587871917,0.4737539146224451,1.0,0.48332830070524624,0.3742443155833231,0.5567920487719955,0.43112778397387563,1.0,0.9100247421015183,1.0,1.0,0.10154635098124278,0.1367240728061016,1.0,1.0,1.0,1.0
1028,-314.7382345430371,-314.2268765076817,-314.7382265527324,-314.2265796474692,-314.7382211498201,-316.26998116769005,-304.6686731007191,-313.73251739485175,-310.94625031457326,-314.2266907761111,-313.7325141229273,1.0,1.0,1.0,1.0,1.0,1.0,0.7743956803705699,0.46492772651396364,0.36003561207131224,0.46492586906057276,0.35998217591301895,1.0,1.0,0.010759973930511771,0.04333526215452122,1.0,1.0,1.0,1.0
1029,-316.28389587150525,-310.6010719292391,-316.283865735946,-315.77231913155157,-316.2838608573095,-319.6086653179439,-310.0397052268697,-315.5661947191386,-313.03056548407284,-315.77229736066255,-315.5661876642404,1.0,1.0,1.0,0.07534907717561895,1.0,1.0,0.05834425025341388,0.18968609148240292,0.011066899040060557,0.18968323335571077,0.14687504419286404,1.0,1.0,0.06308673545865943,0.22415216973299404,1.0,0.08352900059162814,1.0,1.0
1030,-318.1811006289678,-317.6692552067004,-318.18097711368597,-317.66921524869247,-318.18107448804403,-318.44321565091144,-310.53980772107195,-317.6155937027763,-315.2257588213129,-317.66923211108326,-317.61557484010694,1.0,1.0,1.0,1.0,1.0,1.0,0.7742119229009333,0.8771673261950093,0.6791045260514827,0.8771131560829892,0.6790909583549889,1.0,1.0,0.029074522875175753,0.09604143652986934,1.0,1.0,0.99995131400617,1.0
1031,-316.14158985063455,-315.6299622822735,-319.1164032003732,-318.60447952903365,-319.1140022084127,-318.7678163332295,-315.2385747850701,-315.3444753206018,-316.05502860545744,-318.60208425258503,-318.6031474870929,1.0,0.22595787861968963,0.29187056684919793,0.22599133449666156,1.0,0.226229303034038,0.17516621373242924,0.2689813476709779,0.20826852933849305,1.0,0.9215775012009131,1.0,1.0,0.9484271787119721,0.6648280054542273,0.7009794957132169,1.0,1.0,1.0
1032,-317.9801742622189,-317.4685649240642,-317.98008310252504,-317.4685434076007,-317.98003768638256,-318.89978954606977,-310.5366744151108,-317.39915700007487,-314.9925017664222,-317.46853345226305,-317.3991358084695,1.0,1.0,1.0,1.0,1.0,1.0,0.774346074102511,0.6314050896934894,0.4888926657702064,0.6313763110020219,0.48888740617789805,1.0,1.0,0.03234676404750161,0.10775300350227161,1.0,1.0,1.0,1.0
1033,-318.69181917521934,-318.1799929053689,-318.69179246366946,-318.1799842339958,-318.6918210109329,-318.68621161040943,-311.40546596734043,-318.12492207246726,-315.7302093644168,-318.1799459859386,-318.12492933600527,1.0,1.0,1.0,1.0,1.0,0.9999990821436262,0.7742085070001465,1.0,0.7763829777462854,1.0,0.7763796116003447,1.0,1.0,0.03474470639391438,0.11505192871006141,1.0,1.0,0.9999857264701335,1.0
1034,-317.1039779186227,-316.59269426566993,-317.10397107594224,-316.59268193199057,-317.10397446866943,-317.07260387449514,-308.584479966977,-316.45492313025255,-313.98481441600995,-316.59269488288567,-316.45492530852044,1.0,1.0,1.0,1.0,1.0,1.0,0.7744206314679286,1.0,0.7866634139782069,1.0,0.7866585627660072,1.0,1.0,0.019541368839202614,0.06719427526999464,1.0,1.0,0.9999983036378417,1.0
1035,-316.38851501746893,-315.87688566919894,-316.388544231742,-315.8768786297212,-316.3884740823347,-316.9997694201487,-307.02824594424237,-315.6506492017441,-313.09639640317755,-315.87679415877085,-315.6506438876262,1.0,0.9999853929701487,1.0,1.0,1.0,1.0,0.7743012985188942,0.7366611945785966,0.5703860449965575,0.7366719551678362,0.5703840373901581,1.0,1.0,0.013417417149372632,0.048119141470255096,1.0,1.0,1.0,1.0
1036,-317.68602880746096,-317.1744764970762,-317.6860078961634,-317.1744602919854,-317.6860057510989,-318.4547940416192,-309.9277139254229,-317.09442262631114,-314.6809306978372,-317.1744528071858,-317.09440566826817,1.0,1.0,1.0,1.0,1.0,1.0,0.7743242023466841,0.6808708645134206,0.5272087112729525,0.6808637456040152,0.5272044395577287,1.0,1.0,0.027782350043259296,0.09286500623455508,1.0,1.0,1.0,1.0
1037,-317.78681857371146,-317.27635221203053,-317.78680906277816,-317.27634496444387,-317.78680595257316,-317.8017253930064,-310.21445868647766,-317.220689036308,-314.82905858001556,-317.27595032132103,-317.2206848969757,1.0,1.0,1.0,1.0,1.0,1.0,0.7747407123859565,0.9925742981283482,0.7689828660930853,0.992569577985601,0.7689800794631511,1.0,1.0,0.030103459661405076,0.09952962437003136,1.0,1.0,1.0,1.0
1038,-317.5380846095595,-317.0263373399468,-317.53805468454055,-317.0263028588094,-317.5380781016269,-317.5005902188993,-309.0283791987083,-316.89508873888246,-314.42719262956894,-317.02633825679175,-316.8950912705478,1.0,1.0,1.0,1.0,1.0,1.0,0.7742423189274231,1.0,0.7888915346789062,1.0,0.7888779338574525,1.0,1.0,0.019577882964158667,0.06724539656351484,1.0,1.0,0.9999882915253608,1.0
1039,-314.79207192530185,-314.2806367646515,-314.79206755805745,-314.2803657266894,-314.7917537390201,-317.2998522413487,-305.8878759179177,-313.81046108617113,-311.04757824698794,-314.280613435034,-313.81045773984886,1.0,1.0,1.0,1.0,1.0,1.0,0.7744838378568617,0.285392413003271,0.22099664946998862,0.2853917898147426,0.22096670225849294,1.0,1.0,0.01903848953088859,0.07578528272127484,1.0,1.0,1.0,1.0
1040,-317.68855708574137,-317.1775322938329,-320.37213861185415,-319.8619924584372,-320.2761673483433,-320.28748127826833,-318.40992999265853,-317.0655320855685,-317.09279371101655,-313.1331165910884,-319.8618861381129,1.0,0.2613771846276287,0.337321874805406,0.2612623818194042,1.0,0.2742253319176936,0.21239287672453416,0.2726784283381088,0.211194769682468,1.0,0.8083627203110124,0.697197568085365,1.0,1.0,1.0,0.9864616661395279,1.0,1.0,1.0
1041,-320.94458211816556,-320.4324805397598,-322.5671393833896,-322.0554069390009,-322.567134786615,-322.55731514886287,-320.45042756350944,-320.4251583293943,-319.40085704195275,-322.055402439633,-322.05526156078923,1.0,0.4442896196863363,0.573835556628499,0.44420762604720854,1.0,0.44429064083712966,0.3439265632140383,0.44647739129342745,0.34561933254094607,1.0,0.7780580797687948,1.0,1.0,1.0,1.0,1.0,1.0,1.0,1.0
1042,-318.2665315756232,-317.7553195523782,-318.26644992491106,-317.75521357371076,-318.2663562696885,-318.3006237914936,-311.4451752233297,-317.7349438897724,-315.38005444174684,-317.5476553857737,-317.7349118021125,1.0,1.0,1.0,1.0,1.0,1.0,0.7745149173777091,0.9830983549546563,0.7613576029838929,0.9830582204335117,0.761317260220673,1.0,1.0,0.04307190574730522,0.13981437776763936,1.0,1.0,1.0,1.0
1043,-317.1965312400528,-316.6850013140223,-317.19650813611673,-316.68497744354625,-317.1965169972449,-317.1854099790184,-308.422353833512,-316.5437303724826,-314.0665135698941,-316.68499785018366,-316.5437296480976,1.0,1.0,1.0,1.0,1.0,1.0,0.7743294564639881,1.0,0.77864166501897,1.0,0.7786323718008122,1.0,1.0,0.017237151226458775,0.05948209903860067,1.0,1.0,0.9999955694457393,1.0
1044,-317.7759416509968,-317.26435555565644,-317.7758889349426,-317.2643108452487,-317.77590437891035,-318.9289021227543,-310.6688487907144,-317.199426718084,-314.80154699228865,-317.26431896890966,-317.19940266390313,1.0,1.0,1.0,1.0,1.0,1.0,0.7743166259190588,0.5618725490377607,0.43505914851081473,0.5618577393810641,0.4350494227835663,1.0,1.0,0.038185899151138354,0.1266473152697536,1.0,1.0,0.9999922780459373,1.0
1045,-319.0510579845332,-318.5395824754229,-319.0509936103209,-318.53952442315085,-319.0509980053052,-319.7593157436319,-312.3401959178326,-318.50930952106415,-316.14421305982574,-318.5395194657394,-318.5092614081981,1.0,1.0,1.0,1.0,1.0,1.0,0.7743682332756539,0.7017845158547108,0.5434233383820886,0.7017619278055333,0.5434075651312723,1.0,1.0,0.045750305869273485,0.1492685015368054,1.0,1.0,0.9999978025102778,1.0
1046,-317.56011464574294,-317.0483451644757,-317.56009718049086,-317.048336749904,-317.5600932891945,-318.0895028907958,-308.97880004765756,-316.92063997126536,-314.4568290452446,-317.0483305533635,-316.9206304523575,1.0,1.0,1.0,1.0,1.0,1.0,0.7742394685445839,0.7674406568874865,0.5941765015145871,0.7674339551444819,0.5941740016494725,1.0,1.0,0.018856078281683817,0.06463401241400542,1.0,1.0,1.0,1.0
1047,-318.18605151229656,-317.67430166312835,-318.18606235836774,-317.67431321534673,-318.1860641838602,-318.2804716922593,-311.397906686703,-317.6159133285113,-315.2187999405086,-317.67431509953263,-317.61592766203864,1.0,0.9999945769791161,1.0,0.9999942239074907,1.0,0.9999936642382519,0.7742338955839139,0.9538869744409646,0.738536307358267,0.9538921474180011,0.7385405732369399,1.0,1.0,0.0446454303400867,0.14801426467804515,1.0,1.0,0.999999087254186,1.0
1048,-316.42296925812866,-315.911395156246,-316.4228600862253,-315.91138984081,-316.42293644490695,-319.66700672678803,-309.70336664483983,-315.7029409517398,-313.1645966004798,-315.9113651843096,-315.70293383025074,1.0,1.0,1.0,1.0,1.0,1.0,0.7743195430048502,0.19749959716188764,0.1529252888117495,0.19748881675265073,0.1529248823799969,1.0,1.0,0.0497976665014501,0.17717541750732618,1.0,1.0,0.9999618213879881,1.0
1049,-317.24057190295304,-316.72891163282543,-318.103015925996,-316.72892194647426,-318.0951322979545,-317.98647698983444,-311.6958040461716,-316.58801126886704,-314.1095802517997,-316.7289267003679,-317.5713596852527,1.0,0.6497146506235278,1.0,0.9999948431888818,1.0,0.6522807591815276,0.5050436930469093,0.6886979153019059,0.5332405312310985,1.0,0.5332432810659788,1.0,1.0,0.08663047575008112,0.29912668406040893,1.0,1.0,1.0,1.0
1050,-316.91019236666875,-316.3984848870744,-316.9101912654359,-316.39848478394674,-316.91019198529926,-316.90321452270973,-308.3389943315178,-316.2087410015006,-313.6855505778214,-316.3984897948091,-316.2087462358195,1.0,1.0,1.0,1.0,1.0,1.0,0.7742553508729333,1.0,0.7769612370560677,1.0,0.776961196992971,1.0,1.0,0.019548175240450993,0.06902557967535937,1.0,1.0,0.9999996400683892,1.0
1051,-316.2188965252206,-315.70754208481003,-316.2188773851541,-315.70755789846544,-316.21883055604667,-318.11899309070316,-308.01414156992143,-315.47162274598054,-312.9107242443859,-315.70755129909446,-315.4716161896152,1.0,1.0,1.0,0.9999920932035543,1.0,1.0,0.7744174299278334,0.38672235098850666,0.29947465093758746,0.3867186500604556,0.29947701884141564,1.0,1.0,0.024023071737097876,0.08644115917778597,1.0,1.0,1.0,1.0
1052,-318.1350520313588,-317.6234288774814,-318.1349927146741,-317.623411563767,-318.13502472306214,-318.4315190803022,-310.05035700322776,-317.54547905923596,-315.12958776951007,-317.6234092244574,-317.5454660065564,1.0,1.0,1.0,1.0,1.0,1.0,0.774298421048338,0.8622297396854737,0.6676140102564321,0.862204167759901,0.6676082308422935,1.0,1.0,0.023575174985108926,0.07889673897173721,1.0,1.0,0.9999839959340573,1.0
1053,-318.2444856483065,-317.7329673532147,-321.2594259365492,-320.74764743469007,-321.25986041108524,-321.1751732537498,-319.32698285773694,-317.6700932912652,-317.90353424152255,-315.24298835741365,-317.67011850770496,1.0,0.22146955589308917,0.28605222120856433,0.22149837170616082,1.0,0.2214214496772353,0.17145292687158084,0.23099855989013093,0.17886875573263397,1.0,0.8075398223239347,0.5820210842255582,1.0,1.0,1.0,0.8898338891067834,1.0,0.9997827863262747,1.0
1054,-319.7164036500489,-319.2046439213198,-319.7163224863894,-319.2045251726883,-319.7162701834849,-320.80994550099115,-313.68329266792387,-319.18233069855773,-316.82799312673603,-319.20457179485373,-319.1822628351877,1.0,1.0,1.0,1.0,1.0,1.0,0.7742866453812801,0.5788158354632517,0.4481394647192456,0.5787923465341749,0.44811285753506525,1.0,1.0,0.06395861692469083,0.20755680257870943,1.0,1.0,1.0,1.0
1055,-321.0378798611912,-320.5259077342894,-321.03796069818515,-320.52598941205054,-321.0379609200877,-321.09221162299804,-316.3117058350131,-320.5194041590504,-316.05244345038824,-320.52599141674216,-320.519489196917,1.0,0.9999595823198368,1.0,0.9999591619533162,1.0,0.9999594713730509,0.7741213823866631,0.9731997928732281,0.753405303479924,0.9732391289410639,0.7534360723374193,1.0,1.0,0.12198597961776775,1.0,1.0,1.0,0.9999998890487295,1.0
1056,-316.5018917402807,-315.99026530377876,-318.59207132645673,-318.08020775073834,-318.59089063142727,-318.4651079572191,-314.08974317148636,-315.7752311487517,-315.7346732096221,-318.0790280513327,-318.0770610034017,1.0,0.35166024130134454,0.4542270911498888,0.35170193999043176,1.0,0.3518679043414751,0.272446595521155,0.3747080429143898,0.2901314082552625,1.0,0.8249354787839841,1.0,1.0,0.4305275384511267,0.43934731908236313,1.0,1.0,1.0,1.0
1057,-317.32344545165256,-311.91702600413817,-317.32338597076716,-316.81270005668847,-317.32338512352544,-320.48241145216446,-311.91471190734194,-316.71466202008577,-314.30967430529165,-316.80619736740954,-316.7424002629598,1.0,1.0,1.0,0.08648043926555483,1.0,1.0,0.06699216815091563,0.20608161481009274,0.013805437757787314,0.2060754859427743,0.15963653601937733,1.0,1.0,0.0907202161525219,0.3019538164466742,1.0,0.09082524458306898,1.0,1.0
1058,-319.1200256548725,-318.6081625020281,-319.1200036551666,-318.6081379617888,-319.12000159230934,-319.257736644431,-311.7871070775722,-318.56894909102976,-316.19346436753153,-318.60813779671184,-318.56893008027305,1.0,1.0,1.0,1.0,1.0,1.0,0.774204254781064,0.9334615604013529,0.7226812169037768,0.9334512925179298,0.7226723495731853,1.0,1.0,0.03367764527369148,0.1104515136322316,1.0,1.0,1.0,1.0
1059,-317.0581483805067,-316.546510507613,-317.05814916695977,-316.5464018645248,-317.0581467156343,-317.0372347744063,-308.53117399733907,-316.40368424284236,-313.92589350196806,-316.5465128143906,-316.4036874864585,1.0,0.9999996067735344,1.0,1.0,1.0,1.0,0.77428279491903,1.0,0.782421146104845,1.0,0.7823786449344284,1.0,1.0,0.019521182464606712,0.06738318638721996,1.0,1.0,1.0,1.0
1060,-319.23786211730607,-318.7263551370842,-319.2378044274755,-318.72621083735953,-319.23779837200266,-320.3560292411855,-313.04931729194516,-318.69944218102944,-316.34537752806443,-318.7262901625098,-318.6993859542597,1.0,1.0,1.0,1.0,1.0,1.0,0.7743575064000101,0.5717327815160448,0.44271146040885334,0.5717162901702475,0.4426795199901873,1.0,1.0,0.05930495344314735,0.19242859713076657,1.0,1.0,1.0,1.0
1061,-316.30839069043475,-315.79789515235166,-316.30838569425475,-315.79755590900595,-316.3083784375633,-316.3911138795852,-307.3072940223641,-315.6246389731303,-313.12799222963145,-315.7973630481763,-315.6265292642351,1.0,1.0,1.0,1.0,1.0,1.0,0.7747292677415274,0.9594821236828429,0.7433343290879579,0.9594797268131403,0.7432082541683904,1.0,1.0,0.01562829109618733,0.0544567155131288,1.0,1.0,1.0,1.0
1062,-316.38862453964555,-315.8770205020098,-316.3885473435739,-316.4237811470943,-316.8742119978481,-316.7086781886472,-308.78986504441406,-315.6293458343192,-313.86651051675693,-315.8770296961754,-316.3400740119761,1.0,1.0,0.982575293347727,0.7608033819223099,1.0,0.7844333028471694,0.6073829799498229,0.852120930941026,0.6597931888333078,0.8520880413815555,0.8672321975833215,1.0,1.0,0.032720928354662344,0.07899879054640876,1.0,1.0,0.784403025846772,1.0
1063,-315.5012951961346,-314.98969938133774,-315.5012885682539,-314.9892011881157,-315.5012535923379,-316.84118728612,-306.39788344482236,-314.6945568621317,-312.0816048980072,-314.9896819371441,-314.6945517165277,1.0,1.0,1.0,1.0,1.0,1.0,0.7743145400111283,0.5117361877714419,0.39623652828357514,0.5117344919110558,0.3961378393992631,1.0,1.0,0.015790659120882324,0.058317052855149154,1.0,1.0,1.0,1.0
1064,-318.0080671673066,-317.49621953139814,-319.55751523856674,-319.04562058435664,-319.55711923881603,-319.50516928318234,-315.34458288983984,-317.41624491208336,-315.8998498934851,-319.0452251136136,-319.04322381835715,1.0,0.4608309363719818,0.5952482649024351,0.4608417702433152,1.0,0.4609221898737357,0.3568463957818568,0.4730514805985837,0.3662369041445331,1.0,0.7947129097068766,1.0,1.0,0.35493130647371757,0.7575744202857597,1.0,1.0,1.0,1.0
1065,-317.95258937506344,-317.4416923261955,-319.05346961341,-318.5412118724363,-319.02066700409347,-318.19695470880725,-314.5753839279694,-316.6394655331659,-316.0372326221915,-318.509612147812,-317.73804115811924,1.0,0.576695939577715,0.7450445612101648,0.5770884258820387,1.0,0.5862324975955349,0.45407752348234676,0.8849866959855348,0.6854832662401973,1.0,1.0,1.0,1.0,0.3562791227756738,0.4814637447197724,1.0,1.0,1.0,1.0
1066,-316.39418775348906,-315.88250801610764,-316.3941608039452,-315.88244789632654,-316.3941509611309,-316.4068391529294,-306.87162220868015,-315.6609740220875,-313.11027045760363,-315.882504587721,-315.6609733945967,1.0,1.0,1.0,1.0,1.0,1.0,0.7742801867510662,0.9936942653983323,0.7693836275368977,0.9936808756849609,0.7693605002968672,1.0,1.0,0.012342879921914442,0.044187023257607344,1.0,1.0,1.0,1.0
1067,-318.1123041612432,-317.60093117024127,-318.11228647949787,-317.6009094458185,-318.11227448996056,-318.27150056311854,-310.5702538499209,-317.5517081685924,-315.1706813323606,-317.60087682920135,-317.55169090406287,1.0,1.0,1.0,1.0,1.0,1.0,0.7743961924085623,0.9234873281941051,0.7151344611340184,0.9234791637963304,0.7151266932345228,1.0,1.0,0.030478701239146345,0.10023741656526214,1.0,1.0,1.0,1.0
1068,-315.95663516164035,-315.44521875864046,-315.9566122682785,-315.34322942384114,-316.52518376486796,-316.667863613733,-309.82651198223346,-315.17406610947603,-312.80456132124164,-315.72909153531657,-315.6508636906498,1.0,1.0,1.0,1.0,1.0,0.7525601879177437,0.582758448743077,0.7007428964568112,0.5426328018185529,0.7007348753223699,0.5156551272747938,1.0,1.0,0.06899114861046889,0.22559257559326445,1.0,1.0,0.752551573650695,1.0
1069,-321.64089495886856,-321.1300801500016,-321.6403225323273,-321.12954392577853,-321.64034206991903,-323.4777842964586,-318.4379179230876,-321.1271062096884,-318.85193210724424,-321.1295425116716,-321.12657191980315,1.0,1.0,1.0,1.0,1.0,1.0,0.7748150215733245,0.39913935245466026,0.3091736848111574,0.39902512982194904,0.3090908027130332,1.0,1.0,0.2606454711068285,0.8130138840089776,1.0,1.0,0.9999902312518374,1.0
1070,-316.2883258340763,-315.7769236452752,-316.2883211342243,-315.77691288378264,-316.2882553767855,-317.05426351878884,-306.971174132416,-315.5395162719189,-312.975893042775,-315.7769124383852,-315.53951100150215,1.0,1.0,1.0,1.0,1.0,1.0,0.77440067935401,0.6818341433003567,0.5279942229296628,0.6818325410424539,0.5279913819343586,1.0,1.0,0.013785043626215882,0.049669736485623034,1.0,1.0,1.0,1.0
1071,-320.20714190987087,-319.6952447889346,-320.2071903905376,-319.69529313068614,-320.2071683899567,-320.27635926273894,-314.87943543842755,-319.6827785890093,-312.42428496946314,-319.69529563776143,-319.6828281503934,1.0,0.9999757599604202,1.0,0.9999758294163377,1.0,0.9999867600447452,0.7741715411846563,0.9659833543555929,0.747846723657352,0.9660067703979417,0.7478647999860681,1.0,1.0,0.09056643807008458,1.0,1.0,1.0,1.0,1.0
1072,-316.99140533569175,-308.92378891119444,-316.9913948102966,-316.47968769447164,-316.99136288862417,-318.47776162469336,-308.71881477190163,-316.29466132652374,-313.7779864340577,-316.47966992407174,-316.29465299799546,1.0,1.0,1.0,0.022869539844422675,1.0,1.0,0.0177071460593274,0.475599985572535,0.008421339677862988,0.47559748264022594,0.3682338925554178,1.0,1.0,0.02264257540880084,0.07969201940958846,1.0,0.025086229530800645,1.0,1.0
1073,-317.0882002487838,-316.57651817491205,-317.08817530302326,-316.5765112316263,-317.08820356265943,-317.08989819044837,-308.69239599229763,-316.4060409559396,-313.9004157911977,-316.5765202967137,-316.40604678790686,1.0,1.0,1.0,1.0,1.0,0.9999983430635466,0.7742637556452321,0.9991513894414817,0.7736079890663912,0.9991389272235622,0.7736053033803827,1.0,1.0,0.02113504994507363,0.07397634496988684,1.0,1.0,0.9999858702817418,1.0
1074,-317.5674211192643,-317.0558261310574,-317.5674116351419,-317.055622503102,-317.56740676397254,-317.57444265523293,-309.2062007910267,-316.95406462650027,-314.5142451650726,-317.05581939933654,-316.95406236060046,1.0,1.0,1.0,1.0,1.0,1.0,0.7743043106422258,0.9964953875559314,0.7715851359349135,0.9964906621250429,0.7715065817820964,1.0,1.0,0.020776517056354454,0.07036761139990182,1.0,1.0,1.0,1.0
1075,-317.0014184018047,-316.48969197603685,-317.0014116268902,-316.48969273182274,-317.0014173068291,-316.9632313224675,-308.24236487042396,-316.30779971886057,-313.7919443956921,-316.4896952029526,-316.3078038646496,1.0,1.0,1.0,0.999999622107126,1.0,1.0,0.7742482925736663,1.0,0.7891730347738884,1.0,0.7891733329968673,1.0,1.0,0.017726095125905866,0.06236258625743187,1.0,1.0,0.9999971600345784,1.0
1076,-316.8648171792146,-316.3534560244638,-316.8647459495141,-316.3534556624454,-316.86481884511795,-316.84590769810734,-308.4092368087991,-316.18419152771617,-313.68361921683567,-316.35345884759306,-316.1841965048061,1.0,1.0,1.0,1.0,1.0,0.9999991670486624,0.7743886417205238,1.0,0.7817456580337362,1.0,0.7817455165305938,1.0,1.0,0.02049698740565536,0.07156199056378312,1.0,1.0,0.9999635528622809,1.0
1077,-316.22924232771163,-315.71783822900466,-316.2292037322046,-315.71783277854223,-316.229175143214,-318.53174766023136,-308.31054312007893,-315.4732348279896,-312.90337250085076,-315.71780960128456,-315.4732287515541,1.0,1.0,1.0,1.0,1.0,1.0,0.7743986726137974,0.3162403775066158,0.2448879020944956,0.3162342748366445,0.24488723471925067,1.0,1.0,0.027838206871115587,0.10061894787579612,1.0,1.0,1.0,1.0
1078,-318.85982089837387,-318.34787339457574,-319.04616386667055,-318.3478838607137,-318.8598631960452,-319.05231365439136,-313.4415667354069,-318.3257438063691,-316.17921530011927,-318.5344737530887,-318.32578628894663,1.0,0.9110372584516496,1.0,0.999994766944717,1.0,0.999978851387978,0.7741459163575765,0.9082402180839952,0.7031253260261625,0.9969298287839423,0.7031290055391196,1.0,1.0,0.08697900289583506,0.25440589328496255,1.0,1.0,1.0,1.0
1079,-318.8287093884855,-313.38932401390764,-318.8286695549314,-318.3169697985536,-318.8286619619169,-321.1459605301489,-313.35626856849456,-318.27668167345325,-315.90485293553314,-318.31695268647206,-318.27664234835686,1.0,1.0,1.0,0.08510896584916605,1.0,1.0,0.06589656429217355,0.3139173416655728,0.020685583758549203,0.31391108950613317,0.24304823295831293,1.0,1.0,0.08541730598874565,0.27962882408049267,1.0,0.08684079061226095,1.0,1.0
1080,-318.6804361277635,-318.16904021970873,-318.6803873441235,-318.16903785379355,-318.6804254209446,-318.6684867255546,-311.5190779876044,-318.1243122041211,-315.74545929253935,-318.16903582671773,-318.1243150323567,1.0,1.0,1.0,1.0,1.0,1.0,0.7743799761348783,1.0,0.7790163437382533,1.0,0.7790154221955021,1.0,1.0,0.036786766360243466,0.12085175467802023,1.0,1.0,0.9999809617707013,1.0
1081,-318.5622923344084,-313.7930667312954,-318.56225186536653,-318.0505005007723,-318.56223005445037,-321.4800290762789,-313.76648035897233,-318.01196980720187,-315.64160814413293,-318.05049856899615,-318.0119281923013,1.0,1.0,1.0,0.11898987366560579,1.0,1.0,0.09212751199696419,0.2324992288033073,0.021418908496115174,0.23249452434038864,0.18000614536585,1.0,1.0,0.11970262652253795,0.39158060678215184,1.0,0.12130447909476708,1.0,1.0
1082,-314.97083583690176,-314.4593412699884,-316.27506926465696,-315.76328273535427,-316.18720148325946,-315.91826255574875,-308.3776708115105,-314.03981953464563,-311.31571856079916,-315.675413584746,-315.69884201920183,1.0,0.5209419239030824,0.6728563299121263,0.5210179771785226,1.0,0.5443391313312189,0.42150227395846107,0.6226857139813581,0.4821689812428479,1.0,0.9254363618198846,1.0,1.0,0.05894948657315416,0.23015003085726,1.0,1.0,1.0,1.0
1083,-318.40323709958153,-312.7452471391451,-318.40306701796527,-317.89136835495,-318.4032035435187,-321.09735543127084,-312.6918654020174,-317.8234875058,-315.41913186114584,-317.8913765908195,-317.8234634556812,1.0,1.0,1.0,0.07630165822984078,1.0,1.0,0.05907318369157021,0.26000376537897335,0.015358992496911687,0.25998165538878765,0.20129303678625618,1.0,1.0,0.07685682128632815,0.25572996138799425,1.0,0.07893581829741513,0.9999317395531284,1.0
1084,-318.8467752665658,-318.3349546980005,-318.8467363539363,-318.33491243707897,-318.84670740138574,-319.6862471003951,-312.05731612008174,-318.29826463799645,-315.92863391477374,-318.3349050681567,-318.29822542985715,1.0,1.0,1.0,1.0,1.0,1.0,0.7742376960544959,0.6572203576796538,0.5088275094017873,0.6572075707179019,0.5088167577556575,1.0,1.0,0.04413623145220286,0.14432913939981992,1.0,1.0,1.0,1.0
1085,-318.6203376057722,-318.1085765107925,-318.6202831780157,-318.10854160588,-318.6202836246144,-319.6099477468506,-311.8119792920077,-318.06633753071895,-315.6884132503036,-318.10853562367635,-318.0663021856244,1.0,1.0,1.0,1.0,1.0,1.0,0.7742553448348883,0.6096897422064238,0.4720428007139297,0.6096731504097794,0.4720345624794987,1.0,1.0,0.04384129404379761,0.14396040548167127,1.0,1.0,0.9999997767006868,1.0
1086,-317.0975575528802,-316.58586298356033,-319.93801035589127,-319.4263263125631,-319.9376681319466,-319.77353678963243,-316.9469869640446,-316.42288303052396,-317.0948791887734,-319.42598626663425,-319.42580678795053,1.0,0.24165929867407748,0.31211474703093,0.24165802682554022,1.0,0.24170065301131347,0.1871391962244269,0.2623726077977156,0.20314466809600656,1.0,0.840628679976198,1.0,1.0,1.0,0.9287217391115057,0.7146244785192335,1.0,1.0,1.0
1087,-316.69984039443165,-316.18832789870373,-316.69983673446166,-316.18832661044,-316.6998338438858,-316.6541165844392,-307.80205123538263,-316.0184017474529,-313.51774620924476,-316.1883255248457,-316.01840189364196,1.0,1.0,1.0,1.0,1.0,1.0,0.7743332266989663,1.0,0.7922372746209463,1.0,0.7922367643158421,1.0,1.0,0.01643774184686482,0.05739216478765629,1.0,1.0,1.0,1.0
1088,-319.97512711281047,-319.4650987991323,-319.97485023783565,-319.4316833037081,-319.97387791978537,-321.57957308282164,-315.7260935287011,-319.42577968686027,-317.1641657543592,-319.4365675038439,-319.4592242733702,1.0,1.0,1.0,1.0,1.0,1.0,0.7753896821455686,0.44833122196121555,0.3474143421250471,0.4482691604092425,0.34165805216993167,1.0,1.0,0.15726184205050708,0.4872216564031082,1.0,1.0,1.0,1.0
1089,-315.51409708751953,-315.0029264378306,-315.963062201644,-315.452121363055,-315.87784413821714,-315.71527252987016,-304.31866783619023,-314.6816066375368,-312.82522494202857,-315.0029323930464,-314.6816117202753,1.0,0.7989295122561471,1.0,0.7988377160951814,1.0,0.8337067765218562,0.645675095286611,0.9043057821672935,0.7003514167235434,1.0,0.8767130076768892,1.0,1.0,0.005619742690836881,0.014217544442043008,1.0,1.0,1.0,1.0
1090,-316.4692134340876,-315.95756699472787,-316.46917417473367,-315.95740264659844,-316.46910915610937,-316.9231664454277,-306.85036037719334,-315.7124656378602,-313.1407596508483,-315.9574872987194,-315.71246131515284,1.0,1.0,1.0,1.0,1.0,1.0,0.7743192051226413,0.7969395056298864,0.6170533911513896,0.7969238621183765,0.6170026874493855,1.0,1.0,0.011901954718046998,0.043058327160901355,1.0,1.0,1.0,1.0
1091,-317.8216364275838,-317.31032509659696,-317.82161315943625,-317.3102988727769,-317.8215108518882,-320.76785455720403,-312.2311418102104,-317.2340011061822,-314.8208820560536,-317.3102877562705,-317.2339802079483,1.0,1.0,1.0,1.0,1.0,1.0,0.7744572034583888,0.22921174206353465,0.17750353934324192,0.22920907541272692,0.1775012119480639,1.0,1.0,0.08196772981747363,0.273933439696001,1.0,1.0,1.0,1.0
1092,-317.62990535235286,-317.1181289038171,-317.6297494524637,-317.11811696207405,-317.6297679994776,-318.03188650754134,-309.0517397979728,-316.9981270363535,-314.5421407187737,-317.1181106717183,-316.9981177571398,1.0,1.0,1.0,1.0,1.0,1.0,0.7742816769951405,0.8179201382929736,0.6332570849914874,0.8178563839483883,0.6332533039060865,1.0,1.0,0.01881325472151943,0.06423542299517074,1.0,1.0,0.9999907265360516,1.0
1093,-317.5518450346929,-317.04004217874945,-317.551830728591,-317.04002801582675,-317.5518228968451,-318.482071422811,-309.6950940184176,-316.94438405274343,-314.51234695155625,-317.04002081727333,-316.94436957292083,1.0,1.0,1.0,1.0,1.0,1.0,0.7742268511080181,0.6280640080514287,0.4862586368583044,0.6280595154936504,0.4862551934487547,1.0,1.0,0.026658558987796167,0.08993874364323286,1.0,1.0,1.0,1.0
1094,-319.02266883010475,-318.51077358657204,-319.02268953928694,-318.51077169819894,-319.0226915897367,-319.1688062920825,-312.76586434453895,-318.46782131530597,-299.5948189473425,-318.51079466966377,-318.467845146121,1.0,0.9999896454625111,1.0,1.0,1.0,0.9999886202487626,0.7741737080386378,0.9295369398371383,0.7196312486971984,0.9295465648618917,0.7196305692313711,1.0,1.0,0.05778774873436351,1.0,1.0,1.0,0.9999989747756357,1.0
1095,-317.7628627667217,-317.25228622923316,-317.7627511640138,-317.2522677124559,-317.76283850455354,-318.01033924157423,-310.10974763185015,-317.19572550812603,-314.812270212729,-317.25226593154457,-317.1957082565585,1.0,1.0,1.0,1.0,1.0,1.0,0.7747025438742419,0.883611106930562,0.6845274682240023,0.8835618016101056,0.6845211306320019,1.0,1.0,0.02892673751227069,0.09524894983033394,1.0,1.0,0.9999563306836716,1.0
1096,-319.1991699054872,-318.6873186845366,-319.1991184414249,-318.68725599414796,-319.1990967698839,-319.87786400470515,-312.634219227096,-318.6612978725533,-316.30318107109593,-318.68726004967755,-318.66124556941213,1.0,1.0,1.0,1.0,1.0,1.0,0.7742278702809262,0.7122352252357962,0.5514121972728249,0.7122168982125827,0.5513949134212377,1.0,1.0,0.04911752797121214,0.15969637513240537,1.0,1.0,1.0,1.0
1097,-316.5729175697276,-316.0624566664318,-316.5728859135341,-316.0446541864667,-316.5729048029653,-316.61073494764616,-308.3039007262801,-315.9314788425181,-313.4934012154619,-316.04465052615797,-315.9435929070965,1.0,1.0,1.0,1.0,1.0,1.0,0.774742883216006,0.9812689588420308,0.7602262895539789,0.9812534273449162,0.7534893609006369,1.0,1.0,0.022064417009396892,0.07466452161406759,1.0,1.0,0.9999905553289996,1.0
1098,-317.8867689608182,-317.3750671726464,-317.8867505254442,-317.37504731372593,-317.8867420310172,-319.07762863476336,-310.3951507189588,-317.28668041200217,-314.86358649942883,-317.37504108206554,-317.2866607136854,1.0,1.0,1.0,1.0,1.0,1.0,0.7742678319132958,0.5513255348303274,0.4268678787593092,0.5513204529075373,0.4268636402127195,1.0,1.0,0.03188036912594241,0.10707584217449385,1.0,1.0,1.0,1.0
1099,-316.6945344067731,-316.1834385340012,-316.6945283904888,-316.1834312364844,-316.69451072939546,-317.6473088884196,-308.1886229321873,-316.02094261125967,-313.53211140986264,-316.1834225354738,-316.02093316308327,1.0,1.0,1.0,1.0,1.0,1.0,0.774501178346946,0.6210229502400397,0.4809773125669755,0.6210210821175493,0.48097555760017074,1.0,1.0,0.019917434216063037,0.06913153817255949,1.0,1.0,1.0,1.0
1100,-319.0295082743811,-318.51772206995685,-319.9249103903663,-318.5177613112155,-319.92436539932066,-319.8813623367169,-315.2215929122197,-318.47968622038013,-317.06696642161785,-319.4125282984982,-319.40926188348203,1.0,0.6390957080318316,1.0,0.9999803795631522,1.0,0.6392698824807167,0.4949385504216197,0.6531640009961696,0.5056957205400352,1.0,0.5057056427056613,1.0,1.0,0.19611645185237353,0.39744975527577986,1.0,1.0,1.0,1.0
1101,-317.08186327633933,-316.5702314295248,-317.08184908234074,-316.5702110942298,-317.08184741843024,-317.0475877911221,-308.6352137484794,-316.44520400918896,-313.9833852475397,-316.57023034992477,-316.44520438452554,1.0,1.0,1.0,1.0,1.0,1.0,0.7742906226153695,1.0,0.7876683283809778,1.0,0.7876603196877806,1.0,1.0,0.0201410525708299,0.06896985530169786,1.0,1.0,1.0,1.0
1102,-317.07549731228505,-316.564251570861,-319.2026160546198,-318.69122741192217,-319.2018533958446,-319.0568894247957,-315.3748791083118,-316.4340392025855,-316.3408522455456,-318.69046618285694,-318.68990018723457,1.0,0.3452248375521188,0.44580883058828313,0.34524950496784024,1.0,0.34535650703113485,0.2674558126912426,0.3713181427344398,0.287561385438408,1.0,0.832908900087182,1.0,1.0,0.5888522079312105,0.6169381096500024,1.0,1.0,1.0,1.0
1103,-319.49255904758263,-318.98064290328443,-320.4295137482378,-319.91766870185467,-320.42924845326024,-320.39525347574596,-316.2205868482187,-318.9541257662503,-316.78996763005387,-319.91740376308627,-319.9152958432102,1.0,0.6259546526716407,0.8085159864902612,0.6259324010317928,1.0,0.6260376894916009,0.48466236990676226,0.6367697083802928,0.4929708244867117,1.0,0.7875783769526775,1.0,1.0,0.25492918990934926,0.7522471208095629,1.0,1.0,1.0,1.0
1104,-315.91000745465965,-315.3985403368479,-315.90998932148557,-315.3985342839003,-315.90989817449804,-316.587773676801,-306.18636806498034,-315.1097435481434,-312.50040028594526,-315.3985301477012,-315.1097392756181,1.0,1.0,1.0,1.0,1.0,1.0,0.7743905711137675,0.712565735267342,0.551774036888131,0.7125592747573688,0.5517723669609963,1.0,1.0,0.011542865464439125,0.04255252386343537,1.0,1.0,1.0,1.0
1105,-316.592205954542,-316.08055022337004,-316.59219265213,-316.6501422858548,-317.16385827789315,-317.1408194076862,-310.11159081739066,-315.9094064263344,-313.40399136556374,-316.65208980255255,-316.6098149743347,1.0,1.0,0.9714473893643394,0.7521676573767222,1.0,0.751393225533394,0.5817851675817565,0.7600988969726019,0.588525753396296,0.7600938414150652,0.7824395899297933,1.0,1.0,0.05508334900160189,0.19278103379318992,1.0,1.0,0.7513882278788788,1.0
1106,-314.9613002343869,-314.44980576504867,-314.961256982595,-314.4496129696079,-314.9611760399357,-315.7924205743809,-305.4301050652308,-314.1182689168111,-311.505905962579,-314.449765853933,-314.1313064850342,1.0,1.0,1.0,1.0,1.0,1.0,0.7743857554892571,0.6599704814768026,0.5110400047472378,0.6599562091781636,0.5109907440301109,1.0,1.0,0.012983422523210891,0.04793542680455043,1.0,1.0,1.0,1.0
1107,-318.2023004233411,-317.69070977915106,-318.2022773833963,-317.6906862388559,-318.20226603589396,-319.30200451030953,-310.90906021316613,-317.6218579333794,-315.2157688307447,-317.69068019276204,-317.6218347142435,1.0,1.0,1.0,1.0,1.0,1.0,0.7743137479873564,0.5770351801795708,0.4467985908878931,0.5770285327885001,0.4467933320334887,1.0,1.0,0.03486057096907356,0.11609408851137645,1.0,1.0,1.0,1.0
1108,-315.30195686377397,-314.791052935486,-315.33284967551555,-314.8219371680805,-315.3019618956177,-315.4578836086335,-306.1755018654126,-314.56398727529495,-312.119447626093,-314.74883077934214,-314.61723170470975,1.0,0.9846722779909021,1.0,0.9846765018240956,1.0,0.9999974840813012,0.774564393878263,0.9249983063635023,0.7164725550935647,0.9393971243415558,0.7276222736770015,1.0,1.0,0.015082159783483566,0.0512021948167819,1.0,1.0,1.0,1.0
1109,-317.5859040693495,-317.07418705154834,-317.5858802864899,-317.074176843879,-317.58587305729225,-318.4352927728885,-309.35577724992413,-316.9543999111962,-314.4997873199211,-317.07416867236884,-316.95438759777375,1.0,1.0,1.0,1.0,1.0,1.0,0.7742635163991104,0.653969639248807,0.5063369811664401,0.6539618626609833,0.5063343969127976,1.0,1.0,0.022386183227451523,0.07638224271671372,1.0,1.0,1.0,1.0
1110,-316.23526370410326,-315.72367255227715,-316.2352633063284,-315.72367214135465,-316.2352649233691,-316.27497525236953,-307.6319840324763,-315.4891102507013,-312.9270258168005,-315.7236744949315,-315.48911481352513,1.0,1.0,1.0,1.0,1.0,0.9999993903672799,0.7742997661951159,0.9803400535052095,0.7590775369792948,0.9803398585279245,0.7590773810182927,1.0,1.0,0.01967191865557756,0.07082658232632728,1.0,1.0,0.9999991914800006,1.0
1111,-318.17203132343326,-317.66017648958285,-318.47478482430455,-317.66019071378685,-318.17204895614594,-318.41947296193143,-311.67888519921695,-317.5852901984651,-315.56408058824496,-317.95818809692446,-317.93374186166324,1.0,0.8595238116802584,1.0,0.9999928879232939,1.0,0.999991183682522,0.7741913348591556,0.8836264979594219,0.6841020092326263,1.0,0.6841068746531942,1.0,1.0,0.05217235617163558,0.1433311352544917,1.0,1.0,1.0,1.0
1112,-317.96074740764004,-317.4496752575175,-317.9607224968033,-317.44964773204725,-317.9607083553905,-319.29437923439184,-311.05885972036117,-317.38799739360195,-314.9973962412593,-317.44964232251016,-317.38797245749555,1.0,1.0,1.0,1.0,1.0,1.0,0.7745163190330822,0.5133404989349037,0.3975828303179266,0.513334105104049,0.3975773585283918,1.0,1.0,0.04223234693056612,0.1395589396570829,1.0,1.0,1.0,1.0
1113,-318.7518420525361,-318.2399517722629,-318.7518432285956,-318.23997016046656,-318.75191059892694,-318.93183987405894,-312.49118312478885,-318.1914555028285,-316.0717779450289,-318.23996755707145,-318.1914782419457,1.0,0.9999994119704377,1.0,0.9999908059404302,1.0,0.9999657273919087,0.774157905959969,0.9139321807608869,0.7075520729021749,0.913932718180343,0.7075585782378924,1.0,1.0,0.05783644364988425,0.16691052140625529,1.0,1.0,0.9999663154016634,1.0
1114,-316.8572989208504,-316.34557711692696,-316.85729916667503,-316.34540308180226,-316.8572951761154,-316.8284286376383,-307.87014467364145,-316.16996154975993,-313.66007750823843,-316.34557813322846,-316.16996321053887,1.0,0.9999998770876819,1.0,1.0,1.0,1.0,0.7742511075922214,1.0,0.7855071173933833,1.0,0.7854387674526846,1.0,1.0,0.015765859971505976,0.05530088221652831,1.0,1.0,1.0,1.0
1115,-318.3232826538793,-317.8114413159031,-318.3232657823739,-317.81138529609507,-318.3232615158228,-318.65089570647916,-310.50907527400295,-317.74853114413486,-315.3487819101172,-317.81141786092144,-317.7485141805689,1.0,1.0,1.0,1.0,1.0,1.0,0.7742115673147228,0.8489062470256905,0.657226089735213,0.8488990858927262,0.6572076811533365,1.0,1.0,0.02678996411105952,0.08893466161164527,1.0,1.0,1.0,1.0
1116,-315.4364877499234,-314.9251401950533,-315.436451562235,-314.9251132158171,-315.4364629900961,-315.3210644960347,-305.51061678544806,-314.56285056154127,-311.89178328552157,-314.9251339345871,-314.56285236526446,1.0,1.0,1.0,1.0,1.0,1.0,0.7744041395649957,1.0,0.8204009043218525,1.0,0.820389837501598,1.0,1.0,0.010822620028700726,0.04114786444540407,1.0,1.0,0.999994286085762,1.0
1117,-317.98140443229755,-317.4696405051171,-323.36921566642746,-322.513488266008,-323.3690207458494,-321.46724980651123,-323.5850132516366,-317.38507053596334,-317.9105587775981,-322.51386364350515,-322.5138243017875,1.0,0.06761633946586679,0.10372190861662446,0.08030496089322908,1.0,0.06762292969499169,0.052355927470577775,0.17500815833172279,0.13549715289921374,1.0,1.0,0.060700435296263164,0.8977184475788598,1.0,1.0,0.7689386275279942,1.0,1.0,1.0
1118,-315.7278874390546,-315.2166412463364,-316.7595987578085,-316.2485859468561,-316.7465607417385,-316.6070691789255,-310.05841238235627,-314.98158458737487,-313.8559257010371,-316.2355514133263,-316.222498239528,1.0,0.5969895563002701,0.7707823400498419,0.5969198971262263,1.0,0.6008940488963199,0.46535266211179493,0.6442999696548217,0.49896767429819056,1.0,0.8359039072083029,1.0,1.0,0.0852995497856729,0.149754699625005,1.0,1.0,1.0,1.0
1119,-319.3275105913083,-318.81556636821267,-320.90074104575706,-320.38879653085104,-320.90063724063543,-320.86099423562916,-317.636141646727,-318.78421503269203,-318.03257121053144,-320.3886931322444,-320.3880140485396,1.0,0.4553835595043093,0.5882266361171247,0.45538362594714554,1.0,0.4554071956905835,0.35255965528005395,0.4645241075103118,0.3596176361789017,1.0,0.7897026060850092,1.0,1.0,0.5632471875236327,0.8201936714612543,1.0,1.0,1.0,1.0
1120,-317.42078878974473,-316.9090487815532,-317.4207511066586,-316.90903688742543,-317.4207636405398,-319.4391147715052,-310.1794141080397,-316.77763645402746,-314.31046803234193,-316.9090284236818,-316.77762432637036,1.0,1.0,1.0,1.0,1.0,1.0,0.7742523464731188,0.3645239617976605,0.2822299838153527,0.3645170936684386,0.2822283053805962,1.0,1.0,0.03691596472991367,0.12675147973373188,1.0,1.0,0.9999937330790352,1.0
1121,-317.6341257361481,-317.12234200798014,-317.6341083537998,-317.12232971592164,-317.6340541458792,-318.9575973498162,-309.90990752319937,-317.00744938246277,-314.5567115538014,-317.12232071375684,-317.00743480680546,1.0,1.0,1.0,1.0,1.0,1.0,0.7742533998780363,0.5159549586058716,0.3994655817043973,0.5159504743709478,0.3994631265847925,1.0,1.0,0.028759965962490846,0.09793982541299252,1.0,1.0,1.0,1.0
1122,-320.766407517395,-320.2547160391693,-320.7663681873533,-320.2547146189899,-320.7664024325005,-320.765365722881,-315.6066959317719,-320.2482223241705,-314.1265873476415,-320.2547148295267,-320.2482230694395,1.0,1.0,1.0,1.0,1.0,1.0,0.7742633663517695,1.0,0.7746648135287958,1.0,0.774664263447491,1.0,1.0,0.0981986121906886,1.0,1.0,1.0,0.9999828775729808,1.0
1123,-319.78725159388205,-319.2753283638195,-319.7872584575211,-319.27533641681293,-319.7872458650189,-319.7917295782802,-313.73769222575834,-319.2576544008134,-305.74118115511453,-319.27533682690455,-319.2576685762908,1.0,0.9999965681863668,1.0,0.9999959735113809,1.0,1.0,0.7741739023428101,0.9977635124743023,0.7724402594620697,0.9977669366244782,0.7724433696965067,1.0,1.0,0.06329296537478629,1.0,1.0,1.0,1.0,1.0
1124,-316.6616331648968,-316.15001981019304,-317.5423484741895,-317.0306505266206,-317.521590905917,-317.3654024527994,-310.5729032242405,-315.9551623582656,-313.4278302143581,-317.0098946242707,-316.99834731450056,1.0,0.6438061196513578,0.8315127216209608,0.6438333509293825,1.0,0.6505228397938774,0.503694398065397,0.703361254271796,0.544606740795159,1.0,0.8458815313139831,1.0,1.0,0.06780430659094477,0.23991670099854587,1.0,1.0,1.0,1.0
1125,-316.52478599308466,-316.0131324367401,-316.5247625109994,-316.01312219895954,-316.52472674989525,-317.05092337904,-307.36115266632817,-315.81561476838175,-313.2869193461079,-316.01310313385807,-315.81560820813786,1.0,1.0,1.0,1.0,1.0,1.0,0.7742990143259209,0.7686890919548748,0.5951775758536981,0.7686800667964507,0.595174529212793,1.0,1.0,0.014592741213968896,0.051669720817058236,1.0,1.0,1.0,1.0
1126,-315.8526494754282,-315.34118891318224,-315.85259640920003,-315.34118583162785,-315.8526274019356,-315.7623587606685,-306.1675961311703,-315.04129946793137,-312.4235862898034,-315.341188802618,-315.0413002243078,1.0,1.0,1.0,1.0,1.0,1.0,0.7743593440164668,1.0,0.8101102546368093,1.0,0.8101090064383683,1.0,1.0,0.011833134567997994,0.04380553589381573,1.0,1.0,0.999984503752288,1.0
1127,-316.8107632920042,-316.2990806850738,-316.810757211951,-316.2989767460709,-316.8107132470125,-316.91756353224565,-307.6295631886604,-316.1253178483579,-313.6198331710461,-316.2990732848893,-316.125311676042,1.0,1.0,1.0,1.0,1.0,1.0,0.7742842064698421,0.9480006224630599,0.7340035428663216,0.9479977405203329,0.7339653980593134,1.0,1.0,0.014294544330681376,0.05002987303848956,1.0,1.0,1.0,1.0
1128,-317.13839847134284,-316.62662030391147,-317.1383462742233,-316.62664418028817,-317.1383835809374,-317.2555954637789,-308.1799526057237,-316.4787854074391,-313.9964668582113,-316.626643302675,-316.47878029536196,1.0,1.0,1.0,0.9999880618829091,1.0,1.0,0.7742336028097168,0.943085345485038,0.730162928560664,0.9430607326369601,0.7301716454352638,1.0,1.0,0.015773619269901624,0.05457075697519889,1.0,1.0,0.9999813468169272,1.0
1129,-317.3309683390335,-316.81921866341173,-317.3309558063057,-316.81921514111946,-317.33095765354676,-317.3262949439696,-308.6086025687246,-316.6856217220917,-314.21610166695916,-316.81921544646013,-316.6856207890454,1.0,1.0,1.0,1.0,1.0,1.0,0.7742430047303204,1.0,0.7760501455916683,1.0,0.7760487788551554,1.0,1.0,0.017623719653711546,0.06058247924275092,1.0,1.0,0.9999990763799078,1.0
1130,-316.3389124610312,-315.8280173613439,-316.33891342808835,-315.82784403824814,-316.3389108156316,-316.2940476253365,-307.7894182959402,-315.6303610529628,-313.1086353892225,-315.8280154489639,-315.630364679879,1.0,0.9999995164715504,1.0,1.0,1.0,1.0,0.7745703990388622,1.0,0.7921415867500654,1.0,0.7920729415085208,1.0,1.0,0.019831744282643456,0.0699756085709856,1.0,1.0,1.0,1.0
1131,-318.5459144175987,-318.034934372326,-318.54587979170356,-318.0347743218079,-318.54586489956523,-318.8509280537817,-311.3041099555818,-317.99683426907046,-315.6228231868756,-318.0348960276005,-317.9968062442889,1.0,1.0,1.0,1.0,1.0,1.0,0.7745560413665145,0.8585530402432568,0.6649809796749842,0.8585381762881612,0.6649277665290472,1.0,1.0,0.035212217915035815,0.11539934329061385,1.0,1.0,1.0,1.0
1132,-317.85709220827846,-317.34545622910616,-317.85705524171175,-317.34544185672684,-317.85705600161003,-319.0105298487757,-310.13610242907066,-317.2444664268126,-314.8092915629925,-317.3454289746905,-317.2444514022143,1.0,1.0,1.0,1.0,1.0,1.0,0.7742969007446473,0.5617385110200264,0.4349445140945438,0.5617281283439087,0.43494138851200337,1.0,1.0,0.02860476407810806,0.09665623474144758,1.0,1.0,0.9999996200509298,1.0
1133,-317.1445517394728,-316.6331242741475,-317.1445348855003,-316.6331157578802,-317.1445204964647,-318.73079227028813,-309.33217740220664,-316.48543090403564,-314.00720818662694,-316.63310748605943,-316.48541934779587,1.0,1.0,1.0,1.0,1.0,1.0,0.7743757088942909,0.45243088610029414,0.35034601517514535,0.45242707348751243,0.3503445233581624,1.0,1.0,0.027969888703501363,0.09656727220576194,1.0,1.0,1.0,1.0
1134,-317.0386260523329,-316.52763207945503,-317.03860801863556,-316.52762298412125,-317.03859874974444,-318.281596983344,-309.0473768174782,-316.394509198088,-313.9335201208367,-316.5276141233682,-316.39449793739755,1.0,1.0,1.0,1.0,1.0,1.0,0.7745420440840554,0.5371459329111427,0.4160364293739558,0.5371410895693828,0.41603453738316265,1.0,1.0,0.025385777815370603,0.08689353444877868,1.0,1.0,1.0,1.0
1135,-315.0816614494996,-314.5704083431963,-315.08165850992265,-314.57032289091245,-315.08165166452784,-315.62782540724106,-304.65712635280823,-314.160907480471,-311.4503910498175,-314.5700355677991,-314.16090459182686,1.0,1.0,1.0,1.0,1.0,1.0,0.774434912561893,0.7610303966590963,0.5893656252235708,0.7610292781062035,0.5893404444421713,1.0,1.0,0.008635354072931575,0.033485848959834315,1.0,1.0,1.0,1.0
1136,-317.384316261289,-316.8727212285771,-317.384286126245,-316.87271256927903,-317.3842656639001,-317.7698598383265,-308.8105557860698,-316.75327443381696,-314.2971705307333,-316.8727076887446,-316.7532652697976,1.0,1.0,1.0,1.0,1.0,1.0,0.7743183247448526,0.8246701518630166,0.6385410559982585,0.8246577262209845,0.6385382913455704,1.0,1.0,0.018847795455817117,0.06435714148358869,1.0,1.0,1.0,1.0
1137,-318.8644093274808,-318.35338025064914,-318.86438827293347,-318.35335860727594,-318.86438255654735,-318.96614774431913,-311.80733815278154,-318.32247229208656,-315.95526317051076,-318.3533524665576,-318.32245154893843,1.0,1.0,1.0,1.0,1.0,1.0,0.774528243568358,0.950402967110282,0.7361040876353637,0.9503929620108108,0.7360961217907236,1.0,1.0,0.03848190802161889,0.12568675877079455,1.0,1.0,1.0,1.0
1138,-316.884420150923,-316.3738636379382,-316.8837469118681,-316.373790175068,-316.8843928123209,-317.04761920616863,-308.6687284098295,-316.21896648005577,-313.80270111361506,-316.3116507289452,-316.2850681694484,1.0,1.0,1.0,1.0,1.0,1.0,0.7747114921035029,0.9216409765534803,0.7139960962351897,0.9213307864144368,0.7139698706155729,1.0,1.0,0.022934360485244845,0.07676654452568703,1.0,1.0,0.9996771019164062,1.0
1139,-317.5695310557697,-317.05778752291076,-317.56950378122883,-317.05765073382105,-317.56952398206585,-317.5602231813681,-308.99581603628434,-316.93641132977666,-314.47850005098223,-317.05778471833486,-316.93641094474293,1.0,1.0,1.0,1.0,1.0,1.0,0.7742439845276976,1.0,0.7778529140029511,1.0,0.7777997149262182,1.0,1.0,0.01886781635513954,0.06448375113218405,1.0,1.0,0.9999898996325022,1.0
1140,-317.4142133838455,-316.9024847878569,-317.4141488315116,-316.90248374906247,-317.4141904028578,-318.0090743032172,-308.7967150007328,-316.7664864992497,-314.29597763352365,-316.90247653382056,-316.766476946116,1.0,1.0,1.0,1.0,1.0,1.0,0.7742559250701935,0.7427242307013064,0.5750520286439282,0.7427002587969131,0.5750517299635817,1.0,1.0,0.01859456864463894,0.06395143470632367,1.0,1.0,0.9999792145429339,1.0
1141,-315.6123821532522,-315.10078703992565,-315.6123772478086,-315.10076920184025,-315.6123477254056,-315.6430757020482,-305.47495847744585,-314.7876137328785,-312.1563829384989,-315.1007831741179,-314.7876131198034,1.0,1.0,1.0,1.0,1.0,1.0,0.7743120333732655,0.9847703872274932,0.7625064350996246,0.984767971862643,0.7624996343025,1.0,1.0,0.009501290687933105,0.035411727424502736,1.0,1.0,1.0,1.0
1142,-318.522779016807,-318.0116876814005,-318.5227559671456,-318.0116680990996,-318.5227561251497,-318.6750229788192,-311.1374899189567,-317.9689742492529,-315.59688181719275,-318.011663872403,-317.96895645410973,1.0,1.0,1.0,1.0,1.0,1.0,0.7745026311750495,0.9267031594809911,0.7177258203224901,0.9266924794455016,0.7177187929954167,1.0,1.0,0.032852016030337786,0.10756112922065604,1.0,1.0,0.9999999209979396,1.0
1143,-316.56999975005266,-316.0583479061907,-316.57000431351753,-316.05835113798264,-316.570008343489,-316.8502661691436,-309.06273776739255,-315.8557042726562,-313.9152711348726,-316.05835730387474,-315.8557118275319,1.0,0.9999977182701681,1.0,0.9999983841053374,1.0,0.9999957032910567,0.7742734148196847,0.8692424362963639,0.6730342012894396,0.8692444196772874,0.6730352888435706,1.0,1.0,0.03349084193391761,0.08836611619841346,1.0,1.0,0.9999979850162909,1.0
1144,-318.36018663696166,-317.84836096534866,-318.36015825470577,-317.8483136178164,-318.3601536932551,-319.2577294144529,-310.9038721510393,-317.7808381615291,-315.37740975141725,-317.84833323351677,-317.7808169667866,1.0,1.0,1.0,1.0,1.0,1.0,0.7742222019629988,0.6384120301873706,0.4942646262498739,0.6384029704648522,0.49425292528321263,1.0,1.0,0.03211336420078909,0.10680304942565726,1.0,1.0,1.0,1.0
1145,-320.5880287631275,-320.0760006900826,-320.9122083588192,-320.40028266191337,-320.9121180669664,-320.9025477256856,-316.415420071284,-320.0658495597683,-316.69050535632493,-320.4001929173855,-320.0659636444789,1.0,0.8503648401807707,1.0,0.8503213127602539,1.0,0.8504032315558653,0.6583235913052204,0.8544823078866409,0.6614813311627835,1.0,0.777919265619168,1.0,1.0,0.1611830272859845,0.8714971863681893,1.0,1.0,1.0,1.0
1146,-319.21204042856556,-318.70016168585977,-319.2120203923507,-318.70014239936665,-319.21202570268997,-319.24315234151817,-312.0402711639878,-318.66422173721924,-316.2916399459499,-318.7001449975479,-318.6642119091765,1.0,1.0,1.0,1.0,1.0,1.0,0.7741946057210571,0.9845644124550894,0.7622388447697928,0.9845545490324527,0.7622314943481183,1.0,1.0,0.03644411503620762,0.11935125738468429,1.0,1.0,0.9999973448339012,1.0
1147,-320.29806330407405,-319.7625037198693,-320.29829567785663,-319.998632222061,-320.5084028950939,-320.5071655175924,-316.8045766674985,-319.7555208481379,-317.71039692203465,-319.7598168859281,-319.7833447684151,1.0,0.9998838198581452,1.0,0.8886389547536708,1.0,0.9001716645025195,0.6886999509777665,0.9007287629025886,0.6891261737261014,0.9008334218573275,0.7754849931343892,1.0,1.0,0.2286707483126941,0.6357752699192802,1.0,1.0,0.9002762587259668,1.0
1148,-316.0116057963266,-315.50018700979496,-317.0255919757858,-316.51421510302487,-317.01210941424387,-316.87517064751586,-310.2299526667493,-315.236293083334,-312.6498210364192,-316.50073490384426,-316.48345966993924,1.0,0.6023039325517189,0.7777853805396449,0.6022913102695205,1.0,0.6063779490865884,0.4695590565362785,0.6493506433966912,0.5028356917230775,1.0,0.8348712378036179,1.0,1.0,0.08182518413121306,0.2982169059789016,1.0,1.0,1.0,1.0
1149,-318.7756946109622,-318.26469204457555,-320.87529214890606,-320.36506333754744,-320.87525397132487,-320.8323758599078,-318.4320665107833,-318.2319415559399,-317.9219125471737,-320.3649793628445,-320.3648026034128,1.0,0.3500081745298232,0.45172379303380183,0.34987279042759634,1.0,0.350014855826342,0.2710963561972736,0.3575998609687137,0.2769711561424931,1.0,0.7916338844298046,1.0,1.0,1.0,1.0,1.0,1.0,1.0,1.0
1150,-315.84502778233025,-315.33387577131253,-315.8448830926857,-315.3338398390078,-315.8450083849576,-315.77186155737957,-306.3431510238649,-315.0658625418957,-312.47801289470885,-315.33387441148227,-315.065863442768,1.0,1.0,1.0,1.0,1.0,1.0,0.774477781697115,1.0,0.8033274273544411,1.0,0.8033129947811273,1.0,1.0,0.012761074973837608,0.04654056712528231,1.0,1.0,0.9999373558262552,1.0
1151,-319.631715417013,-319.11985977778465,-323.08010994281835,-322.3929055147836,-323.08010845302397,-322.85488927167455,-322.13155322089654,-319.09586237447786,-318.8247480432693,-322.3928592173163,-322.3929722737469,1.0,0.17831613531285154,0.25142889605323054,0.19465571041912166,1.0,0.1783162681400896,0.13805207117779794,0.19957065851652384,0.15450717448213025,1.0,0.7937459124597688,0.2865280327850752,1.0,1.0,1.0,1.0,1.0,1.0,1.0
1152,-317.85486042959474,-317.3438977693175,-319.31083651050204,-318.7997890246518,-319.31007572030285,-319.17851677953985,-315.01860787007,-317.27084087665344,-316.45013661574677,-317.3439224563858,-318.79747735335167,1.0,0.48287954751702533,0.6234639729248529,0.4829000282185044,1.0,0.4830632674714661,0.3741535607886849,0.5159073030077459,0.3995926982144985,1.0,0.8274853486521011,1.0,1.0,0.32429019408716514,0.48881832950603943,1.0,1.0,1.0,1.0
1153,-316.5922888991475,-316.0806772987012,-316.59221465352135,-316.6870835890744,-317.1676188208547,-317.0301963750989,-306.3378229016943,-315.86860717716405,-313.32533702117587,-316.6558857564643,-316.6295217110248,1.0,1.0,0.953708371075366,0.7384490687584264,1.0,0.7500128338084252,0.5807291783107698,0.8033588823021023,0.6220346140465172,0.8033290599140362,0.8423527638708517,1.0,1.0,0.008519546751515962,0.0303864935704851,1.0,1.0,0.7499849917389876,1.0
1154,-316.9985596460827,-316.48686130852445,-316.99835360375334,-316.4868520189158,-316.99851539244156,-318.5265430757409,-308.77725866777473,-316.3030334125498,-313.7877655114508,-316.48683324638296,-316.3030241220738,1.0,1.0,1.0,1.0,1.0,1.0,0.7742758744506683,0.4658033568942571,0.360652321303869,0.46575537176170445,0.360650646148294,1.0,1.0,0.02321660850984637,0.08165490222761869,1.0,1.0,0.9999191089277506,1.0
1155,-318.99264249611707,-318.4809022136772,-318.9924119142186,-318.4808637515064,-318.992568163805,-319.4444015455347,-311.7489397454408,-318.4399574163253,-316.0628548613602,-318.4808629993858,-318.43992783816185,1.0,1.0,1.0,1.0,1.0,1.0,0.7742712806039691,0.7978142127756573,0.6177016741864225,0.7977222373198322,0.6176897952269867,1.0,1.0,0.035242278074339585,0.11567652532713782,1.0,1.0,0.999921878258471,1.0
1156,-316.9698480933818,-316.4583737670109,-316.96976382619425,-316.4582568552438,-316.96981552812395,-316.9316706348231,-308.03521263250633,-316.28969289698506,-313.7870179955696,-316.45837269783806,-316.28969516876936,1.0,1.0,1.0,1.0,1.0,1.0,0.7743580770263621,1.0,0.7892687193677429,1.0,0.78922258331586,1.0,1.0,0.016127326748334905,0.05636523667453914,1.0,1.0,0.9999741493692872,1.0
1157,-318.6156056708327,-318.10410427736286,-318.6155197412709,-318.10407801242445,-318.61557361543925,-318.9999618900436,-311.17367355252935,-318.0562135219858,-315.6765167208278,-318.10405125966116,-318.0561897230443,1.0,1.0,1.0,1.0,1.0,1.0,0.7743473998778136,0.825159886500789,0.6389501716137207,0.8251244344486559,0.6389417806753647,1.0,1.0,0.032023989514179785,0.10524949714516285,1.0,1.0,0.9999730632786137,1.0
1158,-315.8585140777736,-315.34697778899783,-315.8585106033356,-315.346976501855,-315.85842042305467,-315.79702440137544,-305.80154035677526,-315.0315592921746,-312.39793286545046,-315.3469531259714,-315.0315594071312,1.0,1.0,1.0,1.0,1.0,1.0,0.774357739040889,1.0,0.7984976086064874,1.0,0.7984970947164199,1.0,1.0,0.00990208965651252,0.036949755290209996,1.0,1.0,1.0,1.0
1159,-317.74649432946524,-317.23491248326746,-317.74641127317864,-317.23490506964,-317.746488717052,-317.7327359964136,-309.46473819909295,-317.13302742043976,-314.6953210837355,-317.23490630728213,-317.1330278315236,1.0,1.0,1.0,1.0,1.0,1.0,0.7743060137769934,1.0,0.7796487692284564,1.0,0.7796458792210402,1.0,1.0,0.02161982392954856,0.07314646761288568,1.0,1.0,0.9999612788130088,1.0
1160,-317.5872383251666,-317.07657383438277,-318.2022165511173,-317.6918289651312,-318.19901596764464,-318.12567623071584,-312.38917551808004,-317.0044963055169,-315.34212744290147,-317.6886298702818,-317.67953593140413,1.0,0.7352908726340719,0.9490485524519884,0.7351890768959923,1.0,0.7364684945593534,0.5705120051858076,0.7639759626774643,0.5918209150843063,1.0,0.8049914419063542,1.0,1.0,0.09949375568531103,0.22844130731440637,1.0,1.0,1.0,1.0
1161,-317.1179965225432,-316.6062486082853,-317.11799358215086,-316.9704354840918,-317.118006663253,-317.3593996304825,-309.7184717126961,-316.44373214186834,-313.94508285091,-316.94707965685774,-316.4437400225904,1.0,1.0,1.0,0.8335234540931543,1.0,0.9999949296579379,0.7742356243588144,0.8862984323743192,0.6862072994633033,0.8862971293427184,0.8232609365622158,1.0,1.0,0.03464401780449918,0.12083786759843974,1.0,1.0,0.9999934594703055,1.0
1162,-316.34515348798493,-315.83347411043906,-316.34513658539197,-315.8334771168327,-316.34516074769834,-316.49495717127985,-308.09754296090017,-315.6074136511895,-313.0514099566482,-315.83347769596537,-315.60742039991953,1.0,1.0,1.0,0.9999984968043165,1.0,0.9999963701498812,0.7742632719194906,0.9278345565703301,0.7183908272211432,0.9278267151985427,0.718391907104757,1.0,1.0,0.023401963610870696,0.0840004185112877,1.0,1.0,0.9999879189197897,1.0
1163,-316.4068238902923,-315.89518597952974,-316.4068155145294,-315.89517106401263,-316.4067607033022,-317.21795492830836,-307.22296217704854,-315.66665423885735,-313.1118930570811,-315.8951401703166,-315.66664811579705,1.0,1.0,1.0,1.0,1.0,1.0,0.7743065983829216,0.666599729427423,0.5161362621698928,0.6665969377926307,0.5161324129646206,1.0,1.0,0.014671535382730184,0.052630186289486965,1.0,1.0,1.0,1.0
1164,-318.79521842344064,-318.28356733970963,-318.79519527807884,-318.28354154579534,-318.7951669062646,-319.1360697288774,-311.34511055986343,-318.237319128577,-315.85410907811206,-318.28352140011344,-318.2372955319174,1.0,1.0,1.0,1.0,1.0,1.0,0.7742969804774408,0.8433057847906638,0.6529523034365753,0.8432960255383821,0.6529438823930032,1.0,1.0,0.03186954955885338,0.10492607135667924,1.0,1.0,1.0,1.0
1165,-317.60657443978715,-317.09477713347513,-317.6065771993628,-317.09477964649903,-317.60657595973316,-317.589990577681,-309.45693934917506,-316.9769305564596,-314.52091982728024,-317.0946915042094,-316.9769356046373,1.0,0.9999986202131337,1.0,0.9999987434888389,1.0,0.9999992400272834,0.774219841226994,1.0,0.7806669019515479,1.0,0.7806678828694559,1.0,1.0,0.023283842738774065,0.07950063745496191,1.0,1.0,1.0,1.0
1166,-316.0956221809794,-315.58397186870644,-316.0949562353429,-315.583935968289,-316.09546450175753,-316.3882059546312,-306.42677170427226,-315.3387846832174,-312.7688501297915,-315.58394602159643,-315.3387803278509,1.0,1.0,1.0,1.0,1.0,1.0,0.7743383807287905,0.863905503744215,0.6689024507841235,0.8636178945796249,0.6688904439532752,1.0,1.0,0.011608630028849416,0.04195996990186913,1.0,1.0,0.9997458990818018,1.0
1167,-320.395742460509,-319.884927622062,-320.39570270578776,-319.88489770045595,-320.3955576224242,-320.3983040575194,-315.47480150960456,-319.88049314356607,-317.53679748702956,-319.88484610035164,-319.88037449596635,1.0,1.0,1.0,1.0,1.0,1.0,0.774672437565439,0.9987200213671313,0.7736093738564485,0.9987001696464144,0.7735978001255727,1.0,1.0,0.11048828110677272,0.3566508493792462,1.0,1.0,1.0,1.0
1168,-316.8342523499357,-316.32353254796186,-316.83415177108037,-316.3877078741126,-316.8342536458207,-316.82409725441903,-308.8544284442252,-316.18707430227516,-313.71781845974846,-316.3235357355752,-316.1870798725342,1.0,1.0,1.0,0.9684216835349816,1.0,0.9999993520577103,0.7746371530091413,1.0,0.7785809171972609,1.0,0.8039689016000195,1.0,1.0,0.025570321177941682,0.08788773586358181,1.0,1.0,0.999949063927124,1.0
1169,-316.92644492057957,-316.4148199519577,-317.54473708735003,-316.41482736595947,-317.54369674122495,-317.50781399943764,-310.772503276985,-316.2624339926152,-313.7741679773699,-317.0319816265242,-317.0020214233434,1.0,0.7340735262474654,1.0,0.9999962930059993,1.0,0.7344554708517781,0.5686794305133442,0.7477515269392441,0.5789743958365984,1.0,0.5789765420991665,1.0,1.0,0.06425052668457658,0.2229445149882953,1.0,1.0,1.0,1.0
1170,-317.7357139652825,-317.22390058422906,-317.735702516832,-317.22385300574336,-317.7357055748078,-317.7111376056147,-309.5036448900711,-317.12350178314716,-314.68486343222446,-317.2238960074727,-317.1235018732593,1.0,1.0,1.0,1.0,1.0,1.0,0.7742174549609656,1.0,0.7837865834369787,1.0,0.7837679379693876,1.0,1.0,0.022149763792617412,0.07497434646604492,1.0,1.0,0.9999984710132744,1.0
1171,-316.09591428904474,-315.5843960930203,-316.09588744807456,-315.5843781662107,-316.09563655905924,-316.2471702515779,-306.17665179621235,-315.30993796109635,-312.7126242405584,-315.58418850165003,-315.30993574955374,1.0,1.0,1.0,1.0,1.0,1.0,0.774436018181828,0.927161063693328,0.7179272204992297,0.927148620825592,0.7179207854557688,1.0,1.0,0.010392788961197233,0.03808304069081022,1.0,1.0,1.0,1.0
1172,-316.7130083546691,-316.2015087006761,-317.4482020678868,-316.9366990219439,-317.42571721462275,-317.2791254813473,-310.3261266778072,-316.00723237846154,-313.4815146978153,-316.9142163111866,-316.89835897972404,1.0,0.6923962604070164,0.8941825467677376,0.6923974346947117,1.0,0.7002243957324016,0.5422087213269039,0.7534756605169995,0.5834430747197148,1.0,0.8426418780378117,1.0,1.0,0.058393374243024855,0.2064506227875031,1.0,1.0,1.0,1.0
1173,-317.9811847817717,-317.4693720013516,-317.98115382989613,-317.46933367511616,-317.9811799838787,-317.96942138102037,-310.0270329721103,-317.3907717112004,-314.9732189244346,-317.46936744028517,-317.39077144665384,1.0,1.0,1.0,1.0,1.0,1.0,0.7742162967525137,1.0,0.7787815548464196,1.0,0.7787666311068044,1.0,1.0,0.025175867818164565,0.08432364422277867,1.0,1.0,0.9999869230942234,1.0
1174,-316.95633298095714,-316.44496177530783,-317.68432008203075,-317.17304223740166,-317.6720627927599,-317.55197308387955,-310.98561558017155,-316.2888921858391,-313.79910485876366,-317.1607872248072,-317.14602363415446,1.0,0.6948956764325483,0.8973093287883421,0.6948632391050007,1.0,0.6991675220329374,0.5414251177939338,0.7424349278083381,0.574930764910478,1.0,0.827401325260783,1.0,1.0,0.07053555974131247,0.24493935264720143,1.0,1.0,1.0,1.0
1175,-318.5577677734985,-312.5659914199114,-318.5577306259824,-318.0463142142575,-318.557723990389,-320.3668128056032,-312.5322223091576,-318.003756758111,-315.63285417257555,-318.0464683161131,-318.0037193914828,1.0,1.0,1.0,0.06455992626267051,1.0,1.0,0.04999329986471898,0.4047350934825795,0.020233599944440246,0.404727576100696,0.3134080398747235,1.0,1.0,0.06484423792773329,0.21218092855306608,1.0,0.06594839946034109,1.0,1.0
1176,-316.58514933954507,-316.0736565943805,-316.58509531265537,-316.07363548767,-316.5851249442413,-316.5693817362705,-307.68076301264625,-315.9162559779393,-313.4258372468971,-316.0736520703523,-315.91625364779054,1.0,1.0,1.0,1.0,1.0,1.0,0.7743477824890053,1.0,0.780467194777175,1.0,0.7804589582730668,1.0,1.0,0.01628116301573284,0.056555257092452245,1.0,1.0,0.9999851843168017,1.0
1177,-316.17074004461887,-315.6593277857803,-316.17070316348975,-315.65920233163274,-316.1707086833842,-316.09520540900445,-306.85989066337726,-315.41117302990654,-312.840005947786,-315.65931957100736,-315.4111747588794,1.0,1.0,1.0,1.0,1.0,1.0,0.7743816424598762,1.0,0.8041746463113882,1.0,0.8041242043710695,1.0,1.0,0.013903131405243857,0.05028453812842887,1.0,1.0,0.9999972400565867,1.0
1178,-317.97563030770294,-317.4641414675109,-317.97563077949206,-317.46414616190566,-317.9756342321079,-317.9730955907896,-310.40345146364353,-317.386090646425,-314.9687902010765,-317.46414721094783,-317.38609744967243,1.0,0.9999997641054671,1.0,0.9999976528053742,1.0,0.99999803779945,0.7743383297982713,1.0,0.7753218374987144,1.0,0.7753236573342361,1.0,1.0,0.030460650027125065,0.10201153654446289,1.0,1.0,0.9999982736935756,1.0
1179,-317.3975719499906,-316.8862957606686,-318.853160464213,-318.3421188571837,-318.8511920537671,-318.72880897833636,-314.092334861877,-316.772084480052,-316.0095036708555,-318.340152433615,-318.337913340602,1.0,0.48297313059688074,0.6235829685953216,0.4829164854467737,1.0,0.4834487092696752,0.37439340606141475,0.5139555405909163,0.3980185730491487,1.0,0.8241975269925169,1.0,1.0,0.2618784513305207,0.3834352912482559,1.0,1.0,1.0,1.0
1180,-318.2929671307965,-317.7811207259089,-318.2929699849094,-317.78112728319354,-318.2929740689983,-318.3110085102233,-310.8850305463545,-317.7103192425038,-315.3001084848374,-317.7811286155954,-317.7103273833721,1.0,0.999998572944572,1.0,0.9999967213630642,1.0,0.9999965309051139,0.7741987375083588,0.9910198746435966,0.7672489974543382,0.9910212888859063,0.7672515129934876,1.0,1.0,0.03295394336109524,0.10997095766888282,1.0,1.0,0.9999979579576279,1.0
1181,-316.57664545844654,-316.0658768497463,-316.57663207580777,-316.06586551257897,-316.57661804301256,-318.61601517318866,-309.4372295501057,-315.941500307315,-313.4839703262118,-316.06585758842675,-315.9414881128982,1.0,1.0,1.0,1.0,1.0,1.0,0.7746293697236466,0.3607085969186086,0.27941164296298654,0.36070618331025694,0.2794100590991998,1.0,1.0,0.03869149855714259,0.13220911729059664,1.0,1.0,1.0,1.0
1182,-317.7556492918845,-317.2441098685217,-320.0398185449164,-319.52801635986214,-320.0395944981221,-319.94606118025945,-316.8481154784308,-317.1496853366508,-317.1736811245983,-319.52779319793615,-319.5273551917836,1.0,0.319153013034091,0.41222600096854844,0.31919494638142415,1.0,0.31918876764146076,0.24715433120057456,0.33447071755500196,0.2589874547099977,1.0,0.8113770523187386,1.0,1.0,0.8600326467567934,0.8497757200462475,0.9880737937690797,1.0,1.0,1.0
1183,-318.00872162250107,-317.4976893382143,-318.0087129163534,-317.4976956835229,-318.0087272286106,-318.01972648617107,-310.77345158856076,-317.4337073181859,-315.0314940504595,-317.4976898569122,-317.4337173757588,1.0,1.0,1.0,0.9999968273507158,1.0,0.9999971969491589,0.7745144630915426,0.9945126788152402,0.7702666125667936,0.9945083496375291,0.770269056360364,1.0,1.0,0.035788528681570224,0.11895366505866953,1.0,1.0,0.9999928438969874,1.0
1184,-316.73067585564695,-316.2191342127094,-318.26193625025564,-317.75038002935014,-318.25114476101464,-318.01609283540313,-312.50648595440714,-316.0157000201176,-315.3901519256434,-317.7395927067351,-317.7402771530849,1.0,0.46504077116935394,0.6005844065731665,0.4650441608564321,1.0,0.46755679421330565,0.36203829909320384,0.5258661901916046,0.4071883959421968,1.0,0.8755908152729248,1.0,1.0,0.17297520250922102,0.2364938712840834,1.0,1.0,1.0,1.0
1185,-318.70760492550227,-318.1957658217364,-318.70757966021336,-318.19569791986856,-318.70757805957794,-318.95704334750565,-311.10394016312506,-318.14467363773815,-315.7577017147889,-318.1957249254621,-318.14465486856966,1.0,1.0,1.0,1.0,1.0,1.0,0.7742146494873792,0.8827447327982545,0.6834247234101196,0.8827335814683354,0.683401520896368,1.0,1.0,0.029588581941026485,0.09759970815019958,1.0,1.0,1.0,1.0
1186,-314.8651279531835,-314.3540187525091,-314.8650975623248,-314.35394119178795,-314.8648317924425,-314.74878234972533,-304.5032233163254,-313.93279847752046,-311.21589441600497,-314.3539519121255,-313.9327949032553,1.0,1.0,1.0,1.0,1.0,1.0,0.7746015429542229,1.0,0.8208771637167935,1.0,0.820845330421659,1.0,1.0,0.008961769518432755,0.03486277807098862,1.0,1.0,1.0,1.0
1187,-316.27648809842924,-315.76491261390004,-316.2764516618247,-315.7645385856241,-316.2764250179519,-316.2477644305152,-307.5712090455027,-315.5820709053773,-313.0682295016591,-315.76491335913556,-315.58207251725764,1.0,1.0,1.0,1.0,1.0,1.0,0.7743307260442611,1.0,0.7855070011761147,1.0,0.7853601139968428,1.0,1.0,0.018216437558737683,0.06402317011599477,1.0,1.0,1.0,1.0
1188,-317.96985841838534,-317.4580686246574,-317.96984335451486,-317.4580563778465,-317.96983480965173,-318.43195886900617,-309.7897049947006,-317.3665049568126,-314.9386588288734,-317.45804579437726,-317.36648894035653,1.0,1.0,1.0,1.0,1.0,1.0,0.7742324770871117,0.7936996012252946,0.6145007544845904,0.7936936231538121,0.6144969916588386,1.0,1.0,0.022631784180622234,0.07619366798238263,1.0,1.0,1.0,1.0
1189,-317.49112529089,-316.9793289379399,-317.4911057283406,-316.9793074650875,-317.4911162977947,-317.5036700708878,-309.28941286392643,-316.8894451705506,-314.46115677160884,-316.97932454115903,-316.88944270954397,1.0,1.0,1.0,1.0,1.0,1.0,0.7742242799981648,0.9937472403747013,0.769379782118629,0.9937375203074854,0.7693715217737291,1.0,1.0,0.0223704104970251,0.0753303663535305,1.0,1.0,0.9999947152869118,1.0
1190,-319.88887281132753,-319.3779237227647,-319.8888575583928,-319.37789936493226,-319.8887814908242,-319.88652718088923,-314.2529285882503,-319.3671089344488,-317.03123943072114,-319.3779129738322,-319.3671111153798,1.0,1.0,1.0,1.0,1.0,1.0,0.7745842199101802,1.0,0.7754577885925449,1.0,0.7754483444146139,1.0,1.0,0.07753001144746155,0.24928575720411955,1.0,1.0,1.0,1.0
1191,-316.59895665812803,-316.08722141224166,-316.59895620543926,-316.087174097103,-316.598939370624,-316.5893687121967,-307.8950802860978,-315.9251808213767,-313.42876867146424,-316.08722334801485,-315.92518360992483,1.0,1.0,1.0,1.0,1.0,1.0,0.7742511466168249,1.0,0.777965072338856,1.0,0.7779466677939257,1.0,1.0,0.01804204759681161,0.06286006631290378,1.0,1.0,1.0,1.0
1192,-316.7329198609209,-316.2211997852828,-316.7329143777512,-316.2211887616336,-316.73283712834854,-316.8862533677904,-307.45621463663144,-316.037657758541,-313.52197637760014,-316.22119274740163,-316.03765382390395,1.0,1.0,1.0,1.0,1.0,1.0,0.774282355496463,0.9261984546372699,0.717109456345177,0.9261959153890856,0.7171055037745198,1.0,1.0,0.013695039925260371,0.04817664733362222,1.0,1.0,1.0,1.0
1193,-321.7511829707137,-321.2390333187344,-321.75147548964406,-321.23930484711997,-321.9621862002985,-321.95920376638213,-318.2607971708118,-321.2358178660784,-319.10810561931567,-321.45026880106667,-321.2361161150393,1.0,0.9998537512302257,1.0,0.9998642450227642,1.0,0.8998730197375078,0.6965773471231567,0.9012159266787015,0.6976168699602822,0.9013477476779383,0.6977115877809985,1.0,1.0,0.2259344541561391,0.6546502049424407,1.0,1.0,0.9000046443095292,1.0
1194,-315.38759768922637,-314.8760429866209,-315.38758345781173,-314.87579440172533,-315.38726572589627,-315.5225944591658,-304.9421207209054,-314.5152283251576,-311.8420330649991,-314.8760320210231,-314.5152273249954,1.0,1.0,1.0,1.0,1.0,1.0,0.7744428823343517,0.934729230230815,0.7237742560354755,0.934722578994854,0.7236843019519652,1.0,1.0,0.00834115317216538,0.031747027754822105,1.0,1.0,1.0,1.0
1195,-314.91941688601685,-314.4083005324967,-314.9194183543459,-314.40830200285484,-314.91941389169085,-314.85754252237376,-305.65859268122006,-313.97479792688864,-311.71107996042485,-314.4083028744494,-313.97480101143594,1.0,0.9999992658357394,1.0,0.9999992648211988,1.0,1.0,0.7744852378052292,1.0,0.7988189178065622,1.0,0.7988195050817284,1.0,1.0,0.01563719945568662,0.04849747037563195,1.0,1.0,1.0,1.0
1196,-316.39796082332145,-315.88633129990467,-316.39795470817813,-315.88632261149473,-316.3979284760131,-317.1718723578915,-307.2728727087144,-315.67685260697806,-313.1372554103051,-315.88630685764304,-315.6768471513766,1.0,1.0,1.0,1.0,1.0,1.0,0.7742979059357792,0.6791211336338188,0.5258335669303502,0.6791190571754611,0.5258312826065187,1.0,1.0,0.01496576605619187,0.05328015461636754,1.0,1.0,1.0,1.0
1197,-316.87866161142205,-316.36777602486484,-316.8786532348764,-316.36776215672165,-316.8786512803938,-316.84136998384236,-308.30529557036994,-316.2214904006642,-313.74662081375715,-316.36777544349377,-316.2214919912848,1.0,1.0,1.0,1.0,1.0,1.0,0.7745774471808489,1.0,0.789151485693425,1.0,0.7891460136794974,1.0,1.0,0.019099418008611188,0.06583111884359755,1.0,1.0,1.0,1.0
1198,-316.1375580975691,-315.6259260673296,-316.1375516776764,-315.62593031227084,-316.13756657239827,-316.3580675981281,-308.058689280442,-315.4003014263469,-313.39860579841945,-315.62593479240957,-315.40030840350784,1.0,1.0,1.0,0.9999978775316336,1.0,0.9999957625944057,0.7742811313558883,0.8956059503665018,0.6934537269435425,0.8956030755240585,0.6934551987802655,1.0,1.0,0.02545594232782389,0.0692551160275945,1.0,1.0,0.9999925526668026,1.0
1199,-321.196186988449,-318.95069182873607,-321.1957760705479,-320.6847504946603,-321.1957647133727,-324.28347006238135,-318.9635605365277,-320.6812836017486,-318.3912047934702,-320.68476661915037,-320.6808713589989,1.0,1.0,1.0,0.42019796523227826,1.0,1.0,0.3254532534245181,0.21360184442899713,0.06950273902038946,0.21355796252631917,0.1654047491209758,1.0,1.0,0.42364411288494597,1.0,1.0,0.42092698758392544,1.0,1.0
1200,-29.842228069088804,-306.90546953813737,-29.842198378205495,-306.9609635837346,-29.84220766843289,-30.59881156394414,-306.6487300412972,-306.94791949265584,-306.9479267504713,-306.9570606444631,-306.94792707041364,6.862487175899534e-61,1.0,6.674691028260226e-61,0.9726343900067523,1.0,1.0,1.0,0.6850306155893382,1.0,0.6850204460827883,1.0,7.802464821492179e-61,7.802348991315443e-61,0.8610568699595256,0.8610537452692603,0.9999963710988502,0.9789986873502293,0.9999953548970903,6.718273027939771e-61
1201,-69.04574499627051,-306.7523452917142,-69.98639285296026,-307.29406841180565,-69.98638985239128,-69.98634071861088,-307.25334023199696,-306.71859306985914,-297.3961472111953,-307.29406832374514,-307.2940658248001,2.413612741683398e-52,0.6247998451194627,1.840915731390591e-52,0.7627220803063102,1.0,0.6248007824976833,1.0,0.6248161320984513,1.0,1.0,1.0,1.878788619497405e-52,3.0070247842941845e-52,1.0,1.0,1.0,1.0,1.0,4.1552640253686317e-50
1202,-72.62198093886587,-308.96115209132034,-72.6221203274921,-308.9692548741068,-72.62014489718516,-73.49974435712473,-308.9518091613371,-308.97691128353097,-308.9754277131396,-308.9744402531918,-308.9739325271984,4.781906227941406e-52,0.9999303081154804,4.762572045821311e-52,0.9959568044209914,1.0,1.0,1.0,0.6447570439910661,1.0,0.6448019814562957,1.0,4.804296993598631e-52,4.804631837445854e-52,0.9875273749754879,0.9882601799209074,1.0,0.9921513665343425,1.0,4.743538744413376e-52
1203,-165.6406643296708,-309.51602097351054,-165.64065857461566,-309.5160133759052,-165.64065688406694,-165.69914651947403,-307.8632814656986,-309.51569821177725,-307.27918898906944,-309.5160091479371,-309.5156926362134,5.726157164902412e-32,1.0,5.726178917484858e-32,1.0,1.0,1.0,1.0,0.9711822891400574,1.0,0.971179494540258,1.0,1.3084317920457049e-31,1.3084280270025463e-31,0.43770576093412117,1.0,1.0,1.0,1.0,1.752199455178098e-31
1204,-26.37383940851275,-305.24337019656826,-27.215817900597955,-305.3899615192195,-27.21581695492094,-27.215814902976945,-305.19611080078914,-305.20895101013605,-305.40867477364384,-305.40853331766687,-305.4096142519889,2.7813190083317153e-61,0.6563971602383135,2.5847521344842035e-61,0.9293260236388922,1.0,0.6563974706082407,1.0,0.6563981440540099,1.0,1.0,1.0,2.8478233809151296e-61,4.338567491488074e-61,0.9936004601655483,0.8991710582888639,0.9049624012241791,1.0,1.0,3.9011124781823984e-61
1205,-81.64706294522486,-306.19387571776304,-81.86026808430688,-306.1938811199819,-81.86020747772955,-81.86008037309162,-306.87892129600573,-306.17244449116754,-306.90724092611475,-306.19388129692186,-306.90788287697825,1.738918156007529e-49,0.8988828454318384,1.7389134590056634e-49,0.9999972988942247,1.0,0.8989100849509034,1.0,0.8989672145866824,1.0,1.0,1.0,1.2345917903572472e-49,1.373473525088942e-49,1.0,0.985939963622286,0.6925338110624525,1.0,1.0,1.3541214024088687e-49
1206,-76.09116393157848,-312.9049221666981,-76.09104565242225,-312.7386732930808,-76.0910406769935,-78.87758104097252,-312.02030240046565,-312.9049193104767,-310.95053591066176,-312.73908542090993,-312.73915626496705,3.771775019581229e-52,1.0,4.098701248783913e-52,1.0,1.0,1.0,1.0,0.24827741361607594,1.0,0.24826273102874508,1.0,5.8700056786805306e-52,5.8696585392861414e-52,0.6425514066870714,1.0,1.0,1.0,1.0,1.0020943158845042e-51
1207,-185.9922974107212,-311.25166158006317,-185.99228624219688,-311.10157242529414,-185.9922833540598,-186.18804138947417,-309.1087179364396,-311.2516489347677,-311.2477740860923,-311.25161092463213,-311.10152999165393,6.3135651636472465e-28,1.0,6.805595194344779e-28,1.0,1.0,1.0,1.0,0.9067649718742163,1.0,0.9067599082750387,1.0,1.8433549393799235e-27,1.8433446456314455e-27,0.342506206880905,0.3431704299751483,1.0,1.0,1.0,6.325804611435221e-28
1208,-72.93450813335701,-308.0492483995481,-72.93448626099297,-308.0513751145962,-72.93448499355208,-72.96670491670241,-307.9637121497057,-308.05335671227164,-297.89021396321266,-308.0586392779274,-308.0551410437828,8.82028958807538e-52,1.0,8.81091545169004e-52,0.99893720764021,1.0,1.0,1.0,0.9840304948855894,1.0,0.9840197334078267,1.0,9.20569972470285e-52,9.20559905004557e-52,0.9561673955770426,1.0,1.0,0.9979479519735499,1.0,1.417372877579018e-49
1209,-137.15772351097934,-311.85636881182205,-139.67634228089838,-312.430009006731,-139.67634326116388,-139.6762239011581,-312.41541155927325,-311.85575564774933,-307.9619385146559,-312.4299408923307,-312.4299458059605,1.160569558532071e-38,0.2838499898966092,8.711777788126357e-39,0.7506467599533952,1.0,0.2838498507724675,1.0,0.28386679143788685,1.0,1.0,1.0,8.775595257123412e-39,3.0916313438376256e-38,1.0,1.0,1.0,1.0,0.9999995098673715,2.8658093732828412e-37
1210,-138.77555052501194,-307.7202868436541,-139.03577988000734,-307.7203201126012,-139.03577345432524,-139.03562999168741,-308.6871451560223,-307.7192253995908,-294.93703433961934,-308.7211638460803,-308.7211045121024,2.06118339501222e-37,0.8779947389074648,2.0611491085967344e-37,0.9999833656647988,1.0,0.877997559769536,1.0,0.8780605419513697,1.0,1.0,1.0,1.2710599075401851e-37,1.4476851069994194e-37,1.0,1.0,1.0,1.0,1.0,1.4011071130601156e-34
1211,-229.89508066626956,-304.07092891392443,-236.2305195474217,-304.0709121503153,-236.23051757527213,-231.55586728372575,-308.48622483341956,-310.0671859261454,-310.059652459477,-310.0671509548738,-310.0671637384885,7.814824111320969e-17,0.042099498916898744,7.814889613923956e-17,1.0,1.0,0.042099540430173374,1.0,0.4358778180535412,1.0,1.0,1.0,8.593100297967423e-18,2.0411407544136211e-16,0.4536267542102731,0.4553386673627202,1.0,0.049880331805847694,1.0,9.294093945468194e-17
1212,-67.25761053470015,-307.973934054311,-67.25760367242157,-308.03257294677724,-67.25825132379346,-67.30044633934293,-308.1920767157237,-308.02721363369426,-298.58630359781927,-308.0325756094719,-308.0272290972055,5.35937931468849e-53,1.0,5.204526473654299e-53,0.9711061986954835,1.0,0.9996796567741965,1.0,0.978809832185659,1.0,0.978806473758547,1.0,4.805575653060267e-53,4.805559164489142e-53,1.0,1.0,1.0,0.973711919432396,0.9996762267399322,5.858031383017864e-51
1213,-195.7807355533111,-307.2867873304732,-195.7807353192704,-307.2867880474352,-195.78073524525007,-195.78027754576215,-307.2320447358369,-307.2863032348325,-306.2850968732319,-307.25842103412015,-299.2656974810523,6.120240763980432e-25,1.0,6.1202385699907585e-25,0.9999996415190612,1.0,1.0,1.0,1.0,1.0,1.0,1.0,6.290073359917198e-25,6.29007262385067e-25,0.9732354432025616,1.0,1.0,1.0,1.0,1.0099102018753127e-24
1214,-52.03830223185051,-304.3933825000757,-52.37260425317106,-304.39338267729346,-52.372576271886714,-52.372515622731115,-304.20164482581583,-304.3345863973014,-304.71442306887366,-304.71516988215734,-304.7151724835782,1.5914411359914971e-55,0.8460718358231295,1.5914409949756808e-55,0.9999999113911183,1.0,0.8460836729942424,1.0,0.8461093305134341,1.0,1.0,1.0,1.7515635000923848e-55,2.070230240424347e-55,0.9356902509527112,0.7738407920867274,0.8270266696685253,1.0,1.0,1.6020061957996552e-55
1215,-182.12990332694645,-310.359279940949,-182.12987197401236,-310.3592089990724,-182.12924325677412,-182.4386279649754,-309.4299770435459,-310.3591525201448,-310.00051492091393,-310.3235226041911,-310.35912257694184,1.430028389442849e-28,1.0,1.4300791147912707e-28,1.0,1.0,1.0,1.0,0.8569614713200885,1.0,0.856948037297125,1.0,2.2758321040103205e-28,2.275796427282994e-28,0.6283941146224432,0.7518120357888682,1.0,1.0,1.0,1.7104333710415222e-28
1216,-26.410416459360107,-304.5731781003641,-26.410415070097613,-304.6120974603008,-26.410414500390345,-26.416967489393997,-304.62734611408393,-304.54384756204337,-304.545731900074,-304.5607049976156,-304.54573080370415,3.960260682978824e-61,1.0,3.883940271287287e-61,0.9807284373931255,1.0,1.0,1.0,0.9967298436299953,1.0,0.9967291512705417,1.0,3.8544404421049474e-61,3.854437764690978e-61,1.0,1.0,0.999058274686565,1.0,1.0,4.014978421023914e-61
1217,-189.38780311190567,-306.30474771086404,-189.85746638569418,-306.3047529798648,-189.85639780821649,-189.850308665243,-305.56402070179576,-306.3033885895153,-306.3033627630438,-306.658414189054,-306.68426758520724,4.0907982344777075e-26,0.7907039637977326,4.090787457282368e-26,0.99999736550308,1.0,0.7911265409003932,1.0,0.7935388525734972,1.0,1.0,1.0,5.924543412676243e-26,7.492745305361594e-26,0.6909526759666942,0.6909615984590903,1.0,1.0,1.0,5.17443389259071e-26
1218,-123.81524068172646,-304.666417998483,-123.81524041477118,-304.66503173486774,-123.81523991653107,-123.81962899754113,-305.2162186749629,-304.61290670121645,-301.50402252596575,-304.6355145430236,-304.61290770875263,5.353845358825364e-40,1.0,5.357557565712368e-40,1.0,1.0,1.0,1.0,0.9978082474975274,1.0,0.9978081143124449,1.0,4.067036994489051e-40,4.067036451630593e-40,1.0,1.0,1.0,1.0,1.0,2.6023823710727554e-39
1219,-206.22955435246394,-309.96754147305234,-206.22955826500342,-296.7530727708005,-206.22955947936433,-206.26093706065387,-309.9420576750905,-309.96747477053617,-309.96739380560274,-309.9270246824509,-309.9674795145072,2.9756532019236974e-23,0.9999980437321717,2.2032700666644662e-20,1.0,1.0,0.9999974365530904,1.0,0.9844311138025859,1.0,0.9844330396172704,1.0,3.013811261228969e-23,3.0138171570625116e-23,0.9873718648669128,0.9874118369246466,1.0,1.0,0.9999993928197308,2.9758805421060524e-23
1220,-110.18233144182368,-311.61259410896133,-110.18228996620722,-311.58990972974107,-110.1822912764857,-110.22970199878603,-311.7717486288116,-311.6031790909544,-301.62717605301344,-311.60417608413286,-311.60104545563775,1.819592833438491e-44,1.0,1.8403484851278662e-44,1.0,1.0,1.0,1.0,0.9765930162347359,1.0,0.9765727640460422,1.0,1.6804061131902895e-44,1.6803712656119064e-44,1.0,1.0,1.0,1.0,0.9999993448609757,2.680843590283258e-42
1221,-165.04096649252068,-309.94721758509,-165.04098600462066,-309.891398167414,-165.04098798390126,-165.12483807468485,-309.2420302864792,-309.9469649471434,-308.38536304532965,-309.92130915970296,-309.9469702772663,3.4198525274796106e-32,0.9999902439975992,3.516644044405465e-32,1.0,1.0,0.9999892543674451,1.0,0.9589313505401686,1.0,0.9589407059679983,1.0,4.8656050645533887e-32,4.865652533871149e-32,0.7029515346287731,1.0,1.0,1.0,0.9999990103601911,7.46731461405019e-32
1222,-89.08857062902791,-306.36441072695436,-91.18661970654955,-306.7434126042661,-91.1866136137271,-91.18597872611498,-306.67057227922044,-306.36696545902754,-299.13406951627843,-306.743485371795,-306.74345033978943,6.59402815710894e-48,0.3502792663628805,5.455713870605334e-48,0.8273719402795647,1.0,0.3502803334591939,1.0,0.35039154543227774,1.0,1.0,1.0,5.658074492239095e-48,1.6153038548326543e-47,1.0,1.0,1.0,0.9987234494481452,1.0,6.9949350750405976e-46
1223,-307.2875246487697,-312.6889202230091,-308.25819830558635,-313.6556021922928,-308.25278467398607,-308.1419547802844,-310.7338669434128,-312.66028449250024,-312.70401772539526,-313.65011611649516,-313.65269672745256,0.06715863395619442,0.6154898473800328,0.041418038861334536,0.6167194956399842,1.0,0.6171581218610078,1.0,0.6523232447481133,1.0,1.0,1.0,0.17849920218548215,0.290011610988066,0.3816662381003501,0.3734110740444295,0.978370724911356,1.0,1.0,0.10800081282761753
1224,-163.6641694528798,-310.21655756762243,-163.66706871456645,-310.208653644872,-163.6670701606366,-164.35128759007546,-310.23300452175204,-310.20894599263175,-310.20869084992626,-310.20870177734025,-310.2156365777929,1.5015965645653534e-32,0.9985514193639335,1.5075425576183815e-32,1.0,1.0,0.9985506973764974,1.0,0.7092415860010856,1.0,0.7102704700503704,1.0,1.489298853929979e-32,1.4914593530683128e-32,1.0,1.0,1.0,1.0,0.9999992769651895,1.5097025296147892e-32
1225,-72.04688766282385,-308.40584494496045,-72.34080533306057,-308.73768093550086,-72.34080496055012,-72.34076081419879,-308.69328958980805,-308.39955222268134,-299.0372926871983,-308.4058640109754,-308.73767610123934,4.734831758893414e-52,0.8633295155421752,4.010950314301775e-52,0.8471156988351332,1.0,0.863329676341826,1.0,0.8633487329797473,1.0,1.0,1.0,4.1009713988577554e-52,4.7501809274786676e-52,1.0,1.0,1.0,1.0,1.0,5.935853266939398e-50
1226,-166.09486305992735,-306.0669203784124,-171.9466102246732,-306.2398604642724,-171.9464752627259,-171.94491502318277,-305.471127302055,-306.0643367598243,-303.3593482140006,-306.2258570380131,-306.23867993244636,4.031381912764787e-31,0.05361783185486683,3.6974344255671677e-31,0.9171630238900852,1.0,0.0536214501604477,1.0,0.053663297634796436,1.0,1.0,1.0,5.430361801038107e-31,1.0127902627128006e-29,0.7433377742514232,1.0,1.0,1.0,1.0,2.9111005954956156e-29
1227,-73.54281018077302,-304.87709852474217,-74.80930369112798,-305.89469742235656,-74.80928486086276,-74.80902737845082,-306.0202021293951,-304.86388483263744,-303.7659872329108,-305.91693578151643,-305.8948979038605,5.839794283033565e-51,0.5308654099206436,3.510983234025846e-51,0.6012169374230105,1.0,0.530870408112405,1.0,0.53093875740855,1.0,1.0,1.0,3.2974312899695647e-51,6.211426151239537e-51,1.0,1.0,1.0,1.0,1.0,1.9172722325894963e-50
1228,-139.2729786295018,-308.9130581028801,-139.5889213033105,-309.3913011710405,-139.58886967801345,-139.58842992151392,-309.34553781146576,-308.91203186251687,-304.4833763786462,-309.4756939482508,-309.4788762805491,1.4558773434508936e-37,0.8538742562972037,1.1462401714318986e-37,0.7873191904442578,1.0,0.8538962973377384,1.0,0.8540840712040165,1.0,1.0,1.0,1.1727704430534019e-37,1.373469728598079e-37,1.0,1.0,1.0,1.0,1.0,1.561754700995979e-36
1229,-100.82382815702542,-307.3099938354977,-100.82383089061497,-307.3100031525423,-100.82383240737192,-100.87241758826225,-307.8699737231828,-307.3022051883625,-301.6113690842399,-307.3100074235416,-307.302215891819,1.4524420983338544e-45,0.9999986332061571,1.452435332115706e-45,0.9999953414885505,1.0,0.9999978748290048,1.0,0.9759980255058095,1.0,0.9759993594957247,1.0,1.0977431623491495e-45,1.0977446627398063e-45,1.0,1.0,1.0,1.0,0.9999992416218111,2.5092295486726513e-44
1230,-175.1490243119531,-309.011105905397,-175.1490258656504,-309.43109916353495,-175.1490268264169,-175.16866245912556,-309.2102053434801,-309.43073459682694,-309.20416028001796,-309.4310950442706,-309.43073815031096,8.554966513701715e-30,0.9999992231516506,6.934544456640818e-30,0.8105869783983815,1.0,0.9999987427688896,1.0,0.9902289761203477,1.0,0.9902297453786909,1.0,7.744340155573859e-30,7.744346171756409e-30,0.8955971050530082,1.0,1.0,0.8107347483791133,0.9999995196168657,7.767792845985368e-30
1231,-63.47807083379345,-307.10794783011806,-63.47902417046319,-307.1079566351311,-63.47902718004893,-63.55978665135977,-307.22118903037926,-307.093755225815,-307.0937707372907,-307.10795271539405,-307.0937674172526,1.2486605671550878e-53,0.9995234452534328,1.2486550699309082e-53,0.9999955975031859,1.0,0.9995219411788109,1.0,0.9599655229267245,1.0,0.96042321716958,1.0,1.179924944845531e-53,1.1804875117725327e-53,1.0,1.0,0.9999922442922352,1.0,0.9999984952082623,1.2581446679835565e-53
1232,-102.66944952825503,-306.56451659974664,-102.66743572027744,-306.5645229906125,-102.66944329993716,-102.82701850450057,-306.75773584091127,-306.55906003108237,-299.79098468460626,-306.56452440236615,-306.559068105732,5.305773933510342e-45,1.0,5.305756979292743e-45,0.9999968045721809,1.0,1.0,1.0,0.9242390874840676,1.0,0.9233089358255737,1.0,4.817167156441151e-45,4.8123191727533206e-45,1.0,1.0,1.0,1.0,0.9989967137986256,1.5689212894155677e-43
1233,-61.86509666922703,-307.92660813932486,-61.865168465504496,-307.925659408851,-61.86487407943552,-61.872153670559456,-307.9269969405939,-307.9256587147395,-297.64619060208497,-307.92724117568594,-307.9676538638047,3.7018744024450794e-54,0.9999641025055969,3.703630859541216e-54,1.0,1.0,1.0,1.0,0.996477717176891,1.0,0.9965134895143036,1.0,3.701154825657735e-54,3.701287692611983e-54,1.0,1.0,1.0,1.0,1.0,6.320299361517344e-52
1234,-91.47200874459155,-309.4099767862781,-91.84487207881122,-309.4394790493632,-91.84487206912945,-91.84486879682544,-309.4035562046603,-309.40752072966575,-294.6710988844777,-309.42461107654293,-309.43735852340774,4.735562154730524e-48,0.8299152705228192,4.6662199498281644e-48,0.9853571334011337,1.0,0.8299152745403436,1.0,0.8299166324089964,1.0,1.0,1.0,4.7507891147984185e-48,5.724426677684291e-48,0.99801970088205,1.0,1.0,1.0,1.0,9.054082645688983e-45
1235,-48.55709636298883,-306.0674705246478,-48.55743328072387,-306.0591549897475,-48.55743006174826,-48.825179451073524,-306.0403868376665,-306.03898634953725,-306.03797115092686,-306.0546002195391,-306.0389921997659,1.2087395552988992e-56,0.999831555320878,1.2137756755310236e-56,1.0,1.0,0.9998331645388667,1.0,0.8745537313513743,1.0,0.8747010700924537,1.0,1.225219449409496e-56,1.225425865876246e-56,1.0,1.0,1.0,1.0,1.0,1.2269049079315825e-56
1236,-107.90102349258497,-308.651822381456,-107.90102261336176,-308.65181989915766,-107.90102187228764,-107.91202776872804,-307.7825912491306,-308.6435789500796,-301.87899827273156,-308.6518216033777,-308.64358003230706,2.555747251669356e-44,1.0,2.555750423734877e-44,1.0,1.0,1.0,1.0,0.9945129709667719,1.0,0.9945125337674257,1.0,3.9470174330868926e-44,3.9470156979326123e-44,0.6501879198109364,1.0,1.0,1.0,1.0,7.554706892819508e-43
1237,-210.49629639235297,-310.2931200858515,-210.82148185795984,-310.29317776737213,-210.82145556544128,-210.82028365415098,-311.32096515220803,-310.2459072246702,-310.5905062361057,-311.29192206213224,-311.2919214819638,2.134986234501966e-22,0.8499372695050788,2.1349246607636337e-22,0.9999711596555828,1.0,0.8499484430742386,1.0,0.8504466211034045,1.0,1.0,1.0,1.277030761884412e-22,1.502500017004817e-22,1.0,1.0,0.8417270333524562,1.0,1.0,2.164840551635129e-22
1238,-167.83310458351997,-307.40667130909804,-167.83309917123916,-307.4066201404215,-167.83309703243629,-167.93126085388076,-307.15102935461636,-307.4059771439084,-306.70234093488546,-307.4066521784215,-307.40597216100986,4.920226273652131e-31,1.0,4.920352155995735e-31,1.0,1.0,1.0,1.0,0.9521067337606753,1.0,0.9521041572296577,1.0,5.591096922070255e-31,5.591081791797485e-31,0.8803163965054092,1.0,1.0,1.0,1.0,6.997241021603131e-31
1239,-112.63163617909316,-308.18570191128936,-112.63358511777271,-308.18570491856156,-112.63358639997502,-112.66745358884172,-307.1404836180597,-308.18340596717746,-304.71386004315923,-308.18570261691053,-308.1834090209024,3.4353751464312393e-43,0.9990260053012866,3.4353699808810114e-43,0.9999984963650312,1.0,0.9990253648247684,1.0,0.9822507029664095,1.0,0.9832083426799105,1.0,5.793492351459436e-43,5.799140683742554e-43,0.5936524840216929,1.0,1.0,1.0,0.9999993588990529,1.9511853977386645e-42
1240,-117.06499655131213,-307.43389234644883,-117.25753059125044,-307.4338958025093,-117.25725253126228,-117.25675550158843,-304.6945749516971,-307.42719873878235,-302.79101043650377,-307.4338984720291,-307.74781339455205,4.591129205938503e-42,0.9082214704188647,4.591121272335284e-42,0.9999982719712515,1.0,0.9083477492225884,1.0,0.90857351516729,1.0,1.0,1.0,1.8061538011174467e-41,1.9886711115565602e-41,0.2550458633955987,1.0,1.0,1.0,1.0,5.150582732082479e-41
1241,-159.5571168183693,-309.1314068626066,-159.55707754140687,-309.1328076460211,-159.55707376409936,-159.94924548291644,-309.2335892386212,-309.12955433807247,-305.76336544896986,-309.1307134092248,-309.1337327176079,3.314023621217369e-33,1.0,3.3117033192104086e-33,0.9992998535097639,1.0,1.0,1.0,0.821959354463202,1.0,0.8219432125883575,1.0,3.1489588005127375e-33,3.148896960351712e-33,1.0,1.0,1.0,1.0,1.0,1.785283334369122e-32
1242,-168.69112561567212,-309.38592954679416,-168.69111653986738,-309.3857565908259,-168.69111144278804,-170.761895046352,-309.05854863355904,-309.3907247794574,-307.3048150339916,-309.38586211774066,-308.9775807527282,2.8087398119435073e-31,1.0,2.8089827166031903e-31,1.0,1.0,1.0,1.0,0.355089746171485,1.0,0.3550881348125401,1.0,3.3082732412026257e-31,3.308258228615707e-31,0.8469716356145698,1.0,1.0,0.9976052556546506,1.0,7.950907612256672e-31
1243,-68.66845093645011,-305.4711418610359,-68.66845185226215,-305.21784822203176,-68.66812870259422,-68.68666367128952,-305.94843011321825,-305.4514216502603,-305.45142928902237,-305.48157121659983,-305.4513402808856,3.792704577355186e-52,0.9999995420940859,4.304780687446946e-52,1.0,1.0,1.0,1.0,0.9909349699711011,1.0,0.9909354237262921,1.0,2.987495011024582e-52,2.9874963790168226e-52,1.0,1.0,0.9999961806262442,1.0,1.0,3.829654317057793e-52
1244,-59.04862888016048,-305.61865678213996,-61.48138402592039,-306.5633985354586,-61.481384913411546,-61.48107841746018,-306.54998370238917,-305.5845574581566,-297.43145320743986,-306.56340666146065,-306.56337873195855,2.870772251311303e-54,0.29630155603025027,1.7899902878027428e-54,0.6235222201918351,1.0,0.29630142454777436,1.0,0.29634683562076664,1.0,1.0,1.0,1.802036853759969e-54,6.081766420342353e-54,1.0,1.0,1.0,1.0,0.9999995562545213,5.808896889223871e-52
1245,-137.2119084018816,-310.91239928111736,-137.2122688533706,-310.91257590031654,-137.2126422127481,-137.3892930518772,-311.0472864398562,-310.9124376269329,-306.2668466197411,-310.91274686319366,-310.9125047656775,1.911690815456364e-38,0.9998197904951831,1.9115220022599204e-38,0.9999116942995876,1.0,0.9996331618683137,1.0,0.9151270919941891,1.0,0.9152920363188168,1.0,1.7870112199097804e-38,1.7873333143612986e-38,1.0,1.0,1.0,0.9999808272760291,0.9998133377348163,1.951398387347072e-37
1246,-110.66354508377941,-308.25486344080537,-110.66406512151336,-308.297694575411,-110.66406016231608,-112.76200575395254,-308.17005564206636,-308.29662205682286,-303.6799225537697,-308.2976086955225,-307.141849365889,1.240481759922907e-43,0.9997400149350012,1.2141985784324265e-43,0.9788121177274564,1.0,0.999742493892058,1.0,0.35020718759390573,1.0,0.35029825990977737,1.0,1.29421420516469e-43,1.2945507690305273e-43,0.9386775956207191,1.0,1.0,0.9793371555883797,1.0,1.2221880182753343e-42
1247,-121.77515962375442,-307.9726374990039,-121.7751343991626,-307.9934523752545,-121.77512971668025,-122.81247131951685,-307.99781374305906,-307.9929677272426,-299.34292204535495,-307.99671737098754,-307.9945166603376,3.6959952741188667e-41,1.0,3.657728904827887e-41,0.9896465318668138,1.0,1.0,1.0,0.5953202113386172,1.0,0.5953127030312986,1.0,3.6497612449174994e-41,3.6497152133389885e-41,1.0,1.0,1.0,0.9898863760377055,1.0,2.7646732722217105e-39
1248,-243.64666976329954,-312.98531423754025,-243.6465668640733,-312.98895993696806,-243.64656251730977,-242.1100956152584,-313.0306176566329,-307.75497564046134,-310.5578093793905,-312.9844044186705,-307.7548798295507,8.776162601579598e-16,1.0,8.76017954787024e-16,0.9981788106676077,1.0,1.0,1.0,1.0,1.0,1.0,1.0,8.579602135218618e-16,8.579160729363184e-16,1.0,1.0,0.24624781564053205,1.0,1.0,2.953978671491378e-15
1249,-104.44747397036997,-309.93110724133635,-104.44746234997046,-309.9310853122368,-104.4474605935631,-104.51183074972602,-309.81892364289723,-309.92887878512255,-301.6737030568804,-309.93110433868196,-309.9288792644523,2.3977062453531525e-45,1.0,2.397732535266742e-45,1.0,1.0,1.0,1.0,0.9683338259112738,1.0,0.9683281997146629,1.0,2.5360413672991586e-45,2.5360266324350438e-45,0.9465063768003065,1.0,1.0,1.0,1.0,1.488900260268588e-43
1250,-75.93805321307462,-305.72890334995805,-76.3306112876761,-306.04847116036285,-76.3305639938888,-76.33042586279855,-305.72972725331834,-305.6838017516301,-306.009400329849,-305.7289085210624,-306.02223025729154,1.2634291618550097e-50,0.821782894601752,1.0768559909098012e-50,0.8523279527035077,1.0,0.8218023274442281,1.0,0.8218590876300234,1.0,1.0,1.0,1.2629087972789235e-50,1.5367912931443554e-50,1.0,0.869500353819173,0.8497617277326025,1.0,1.0,1.3362089755700955e-50
1251,-90.53089094211381,-308.3613894350429,-90.53085553888138,-308.370464357895,-90.53085111990526,-91.29549332895874,-308.2361773724828,-308.3745064820256,-308.375291081713,-308.37253204458057,-308.36867992126054,4.996987431999063e-48,1.0,4.974365156943436e-48,0.9954728172997254,1.0,1.0,1.0,0.6822895211385076,1.0,0.6822774436181527,1.0,5.319829471070187e-48,5.319735302324039e-48,0.9331731093554733,0.9328070974884247,0.9996077770958259,0.9934629366825283,1.0,4.962275882666223e-48
1252,-48.478649038963056,-304.9434803085716,-48.47915415021133,-304.98996241186126,-48.47859577639066,-48.86451020043796,-304.5878522856935,-304.9188983107265,-304.91889290275077,-304.9899469340599,-304.91889660869487,2.0387758880267183e-56,0.9997474762653503,1.9919389701485787e-56,0.9770269414342203,1.0,1.0,1.0,0.8245392110563854,1.0,0.8247474793700187,1.0,2.4355280328561594e-56,2.4361432168394497e-56,0.8474503610151088,0.8474526525136953,1.0,1.0,1.0,2.0639397256139743e-56
1253,-28.408040681941372,-303.13879279563656,-28.565778412395815,-303.1387973272843,-28.56575953769476,-28.56573750407145,-303.61359189999445,-303.06089687436855,-303.0609027392074,-303.138798244668,-303.9984095269988,2.2028005383400625e-60,0.9241611061560117,2.2027955471877106e-60,0.9999977341787006,1.0,0.9241698278294692,1.0,0.9241800092904832,1.0,1.0,1.0,1.7372961548355195e-60,1.8798628759239519e-60,1.0,1.0,0.9999970675848794,1.0,1.0,2.4782036892647898e-60
1254,-65.58032207008056,-307.880676252134,-65.57972786967882,-307.9089074883544,-65.57977449909978,-65.8846537142046,-307.817957613624,-307.9066561528588,-307.90393466123317,-307.89625816679904,-307.89194581361545,2.427429400768178e-53,1.0,2.3934054339581664e-53,0.9859835401189239,1.0,1.0,1.0,0.8588458533422855,1.0,0.8585907279675196,1.0,2.5047580847335554e-53,2.5040140311381568e-53,0.9566197808927255,0.9579223833084171,1.0,0.9870940549079747,0.9999766855613035,2.398707013053184e-53
1255,-40.10384843127619,-308.1139772762989,-40.103949453372906,-308.11810503478017,-40.10394304019778,-41.343839726729,-308.1405811732413,-308.1127777411039,-308.1508556690429,-308.11192202319046,-308.1156880166396,6.343661111333526e-59,0.9999494902273043,6.330582062287547e-59,0.9979382490936625,1.0,0.9999526966580454,1.0,0.5379467788811407,1.0,0.5379739518231635,1.0,6.259836807395976e-59,6.26015300630135e-59,1.0,0.9948759251897136,0.9811411323448538,1.0,1.0,6.2280555431358875e-59
1256,-113.61912799492785,-307.07324586367054,-113.62390790733627,-307.07324447214,-113.62390931071664,-113.66486932881668,-306.33613183758695,-307.0679832922074,-302.27250145513625,-307.073244781599,-307.0679836396643,9.816847716561367e-43,0.9976128974672812,9.816854546785382e-43,1.0,1.0,0.99761219745235,1.0,0.9773888842901197,1.0,0.9797275945123546,1.0,1.4191697030249337e-42,1.4225655127633958e-42,0.6935543114410546,1.0,1.0,1.0,0.9999992983100628,1.0851223445029637e-41
1257,-60.02227491420305,-306.24814561706853,-60.913064715967565,-306.69576888124396,-60.91306427132274,-60.91272809916913,-306.75800272162115,-306.2335302295199,-297.20824464700314,-306.7422186057431,-306.7623480751219,3.4098205669415466e-54,0.6405712639209834,2.7260346337328723e-54,0.7994657138742107,1.0,0.6405714063343483,1.0,0.6406790865184687,1.0,1.0,1.0,2.642515007347553e-54,4.1252475035681314e-54,1.0,1.0,1.0,1.0,1.0,4.888251376658137e-52
1258,-82.65191736210517,-308.1360347576049,-82.65174562395171,-308.1179946370408,-82.65192197995687,-82.65979496800726,-308.37499153253225,-308.1292850612968,-308.1293082792594,-308.13604989443485,-308.125288494478,1.0882934846269666e-49,1.0,1.0981543634657422e-49,1.0,1.0,0.999997691076815,1.0,0.9960689439587745,1.0,0.9959834161103512,1.0,9.657333399232731e-50,9.656504168533342e-50,1.0,1.0,0.9999883910860735,1.0,0.999911825884988,1.0919623591185479e-49
1259,-87.00228306383704,-305.81165106917166,-87.00228090451373,-305.0349100333183,-87.00227909999626,-87.07184251345737,-305.0378300627207,-305.7994254610803,-305.7994222544893,-305.8114421577683,-305.79943029498907,3.0630172545287186e-48,1.0,4.5166518534514506e-48,1.0,1.0,1.0,1.0,0.9658181386018063,1.0,0.9658170958455565,1.0,4.5100622869477284e-48,4.5100574176090606e-48,0.6833161110479794,0.6833172066065145,1.0,1.0,1.0,3.0817970556560204e-48
1260,-100.42603061349708,-304.6154022918157,-101.30005226557634,-304.8966549499108,-101.3000161938565,-101.29964530045194,-304.5874920515269,-304.61225508022403,-300.9706528921407,-304.79279433057457,-304.881000079966,4.579745118398043e-45,0.6459644381361616,3.9789462244983377e-45,0.8688139015671015,1.0,0.6459760887653478,1.0,0.6460958940091585,1.0,1.0,1.0,4.644104035502907e-45,7.189411307072683e-45,0.9876948212254211,1.0,1.0,1.0,1.0,4.386035494288102e-44
1261,-217.67879922153566,-309.4186549949245,-222.0408021438123,-309.41864683506196,-222.04080066869653,-222.08341747233487,-309.6734654205602,-303.5388500049946,-309.01499601808354,-309.4186457000385,-309.4164071498475,1.1993430795468887e-20,0.11292838060763408,1.1993479727942094e-20,1.0,1.0,0.1129284638988821,1.0,0.11054759515230884,1.0,0.9789177402304459,1.0,1.0558738948195043e-20,9.349942761404716e-20,1.0,1.0,0.06469489349075142,1.0,1.0,1.2995513534782592e-19
1262,-160.6024947719507,-305.27904040410755,-160.60249321123607,-305.2790214225309,-160.6024904050495,-160.78126736321175,-305.3841568562054,-305.22634128096126,-302.2228962917441,-305.2790405422785,-305.2263467242233,3.836076731162348e-32,1.0,3.836113138727418e-32,1.0,1.0,1.0,1.0,0.9144922409765812,1.0,0.9144915273461534,1.0,3.639666052721532e-32,3.639663212482643e-32,1.0,1.0,1.0,1.0,1.0,1.7681520107811913e-31
1263,-74.3000533283678,-309.3916849560063,-74.30003527872711,-309.34644602212256,-74.30003072958812,-75.9973051312118,-309.2327441087756,-309.4033231307071,-309.4033159030323,-309.40381476026795,-309.4033180712689,8.922793068688058e-52,1.0,9.126921830119382e-52,1.0,1.0,1.0,1.0,0.42800264589490633,1.0,0.42799878326535035,1.0,9.660828837106855e-52,9.660741650255636e-52,0.9182464035125066,0.9182497219117047,1.0,0.9941978107453393,1.0,8.870953156185751e-52
1264,-19.4716421284066,-305.1793649654354,-19.88759915679951,-305.20406309351404,-19.887600916823203,-19.88759896400154,-304.8209995160175,-305.14981055059025,-305.20307007471376,-305.20401145659235,-305.20396686662946,9.106600134294941e-63,0.8122244878202426,8.994833672012474e-63,0.9877268727478511,1.0,0.8122237730533858,1.0,0.8122245661178624,1.0,1.0,1.0,1.0893673030843329e-62,1.3412145526514235e-62,0.8483979120946035,0.8261034432461145,0.9737216835040926,1.0,0.9999991199885407,1.1079829351148e-62
1265,-145.10907948356038,-311.7060080631003,-145.10908695712894,-310.5946546097909,-145.10908196951536,-147.18346194026202,-311.63195046880577,-310.59369104083146,-307.6505958467101,-310.5946675730596,-310.57548864940685,6.667094454550294e-37,0.9999962632227024,1.1621547029889374e-36,1.0,1.0,0.9999987570232827,1.0,0.35444885099203355,1.0,0.3544501754934024,1.0,6.918596617732557e-37,6.918622471083903e-37,1.0,1.0,1.0,1.0,1.0,5.0647582608538374e-36
1266,-68.6339011307843,-305.57344395189074,-68.99587920847947,-305.5734466900748,-68.99579822016595,-68.99565649961552,-305.72081467791844,-305.54539249031336,-305.5453978955679,-305.57344929921635,-306.06353239229804,3.541865001993116e-52,0.8344445051190643,3.5418601528573274e-52,0.9999986309089188,1.0,0.8344782959298199,1.0,0.8345374293866126,1.0,1.0,1.0,3.2902648469280162e-52,3.9430601157335316e-52,1.0,1.0,0.9999972973763959,1.0,1.0,4.304345087592818e-52
1267,-214.63236811279006,-313.5981507402879,-214.62866496363498,-313.5950085265915,-214.6291517468513,-214.74660569406421,-313.4653386680557,-313.59418520662996,-313.58217914733564,-313.58975404324417,-313.5909640642675,3.2348440902380917e-22,1.0,3.239930370439668e-22,1.0,1.0,1.0,1.0,0.9444818670996658,1.0,0.9427347064838365,1.0,3.4569502447827098e-22,3.450555365718358e-22,0.9376080548364397,0.9432534716359005,1.0,1.0,0.9997566380091689,3.2555406026280113e-22
1268,-169.23583944394582,-309.3995607662737,-169.45374373018606,-309.3998805055048,-169.4534782773236,-169.45205692223448,-308.1540897158486,-309.37256582482564,-308.3737633868607,-309.3720074601287,-309.37723216821604,3.6629807248128585e-31,0.8967733332450086,3.662395172299832e-31,0.9998401431628936,1.0,0.8968923666684204,1.0,0.8975299944803466,1.0,1.0,1.0,6.827869872750477e-31,7.613819032780101e-31,0.5437650305945714,0.8959803155452836,1.0,1.0,1.0,6.820926602167021e-31
1269,-96.6739241914596,-307.17140387545777,-97.7482659373075,-308.40650583299504,-97.74824283650833,-97.74789732133785,-308.3549257692148,-307.1683422790979,-301.6039476620417,-308.4065031359969,-308.4065043782064,1.9545782391770444e-46,0.5843992555810295,1.0540326817152075e-46,0.5392634894773987,1.0,0.5844060056649311,1.0,0.5845069749566238,1.0,1.0,1.0,1.0815697832674602e-46,1.850737784037967e-46,1.0,1.0,1.0,1.0,1.0,5.4112318842005165e-45
1270,-76.27857053592469,-308.77421107691055,-77.01221150736116,-308.8581466906826,-77.01221209300988,-77.01221055786293,-308.8811089236774,-308.7746714685297,-286.22144644119174,-308.8367547646243,-308.8410890203118,3.2674813938858044e-51,0.6929340254339151,3.133190032700193e-51,0.9589006500735118,1.0,0.6929338225259821,1.0,0.6929343544038084,1.0,1.0,1.0,3.097423227242038e-51,4.470011737845307e-51,1.0,1.0,1.0,0.9997698306834581,0.9999997071756825,3.722133791239623e-46
1271,-77.31097857922637,-311.0317835735767,-77.31094198381857,-311.04243215848714,-77.3109370598829,-79.09112000362032,-310.9700475962461,-311.04234522439674,-310.9132052851128,-311.0272827866199,-311.0423670306752,1.7708103125411286e-51,1.0,1.7614070556131115e-51,0.9946898564677218,1.0,1.0,1.0,0.4106267154085279,1.0,0.4106192019512144,1.0,1.8263240561283585e-51,1.826290638897282e-51,0.9644967521105869,1.0,1.0,0.9947330936363643,1.0,1.8789359453243137e-51
1272,-187.984453567094,-309.6501699550889,-188.9372740230344,-310.7365119504397,-188.9364363347594,-188.92683906842487,-309.52830059235515,-309.78047060052927,-309.5670239913861,-310.71277994847395,-310.73639888301994,3.80737249297538e-27,0.6210086748583088,2.211715191276926e-27,0.5809032857587614,1.0,0.6212688351806188,1.0,0.6242572408156366,1.0,1.0,1.0,4.046587762475697e-27,6.516153358725596e-27,0.881539909103277,0.9808245343172912,1.0,0.9369266114342132,1.0,6.3885267261963935e-27
1273,-138.76232431900738,-307.9740682618412,-138.76419301877647,-307.9786061866851,-138.76418810002565,-140.41036103964586,-307.8946151651032,-307.9778018615401,-304.4441929095072,-307.9787693238495,-307.97838111011464,1.8035852137834626e-37,0.9990660864843903,1.7994975857994022e-37,0.997733609727533,1.0,0.999068543565977,1.0,0.4386653925373821,1.0,0.4390754510354764,1.0,1.8766776719382502e-37,1.8784319649384464e-37,0.9592597859698302,1.0,1.0,0.9981349415375971,1.0,1.0544939072306762e-36
1274,-107.86325832778519,-308.5371856236293,-107.86332391855835,-308.5371894673752,-107.86332599476322,-107.95810632272463,-308.1175287323823,-308.52840346537073,-303.4644974639855,-308.53719114590683,-308.52840739568177,2.655891669817192e-44,0.9999672051511822,2.655886565535734e-44,0.9999980781288962,1.0,0.999966167083333,1.0,0.9536829526957649,1.0,0.9537142296097404,1.0,3.275953230351573e-44,3.276060668265922e-44,0.8142910948759794,1.0,1.0,1.0,0.9999989618981063,3.3554076361564392e-43
1275,-102.20102319670443,-311.31422655946056,-102.20037746025686,-311.330727624273,-102.20037549241682,-102.2877690810843,-311.3397226344725,-311.3180772500969,-311.3196146036763,-311.3319838922912,-311.33267905717554,3.9052140508515344e-46,1.0,3.873126507449957e-46,0.9917834098249801,1.0,1.0,1.0,0.957554211103143,1.0,0.9572450971800448,1.0,3.8557462145054855e-46,3.854501517521211e-46,1.0,1.0,0.9992316185666167,0.998076506970171,1.0,3.8934463715395864e-46
1276,-55.35994080764792,-304.54712029488024,-55.35995325974696,-304.5477046723185,-55.35994959627783,-55.7447759427851,-304.66138600253055,-304.5663447315828,-304.566339919658,-304.5550017266831,-304.56199152292373,7.756958962069411e-55,0.9999937739698606,7.75469279725592e-55,0.9997078539638373,1.0,0.9999956056946986,1.0,0.8249623190506081,1.0,0.824967455322849,1.0,7.326204053000897e-55,7.326249666452068e-55,1.0,1.0,1.0,0.9904338313548297,1.0,7.68280682950419e-55
1277,-34.04151114481198,-305.601672204452,-34.0414889054142,-305.57007100764343,-34.0413443399941,-34.884891128882856,-304.808385980968,-305.5789137666642,-305.583272387142,-305.6016796662164,-305.58327192862185,1.075128250042395e-59,1.0,1.0922508370827514e-59,1.0,1.0,1.0,1.0,0.6559373536811831,1.0,0.6559300598958722,1.0,1.5985277806574835e-59,1.5985100056087271e-59,0.680271093839232,0.6787901863437416,0.997823062733516,1.0,1.0,1.0849744768495193e-59
1278,-128.8022510345912,-308.11910682092827,-128.9665850130387,-308.11911428759237,-128.80225763745614,-128.96611768748772,-307.55819862079227,-308.1182413809186,-306.386732348213,-308.119116737511,-308.11824880087033,1.1530270869542788e-39,0.9211181290514064,1.1530227823293317e-39,0.9999962666749183,1.0,0.9999966985729783,1.0,0.9213333852176881,1.0,1.0,1.0,1.5262974476138564e-39,1.657005110935852e-39,0.7557675829243221,1.0,1.0,1.0,1.0,2.7417085141575362e-39
1279,-130.70855595682733,-309.28069775578587,-130.7085505929321,-308.99694922552027,-130.70854511997265,-134.23479964968803,-309.0719989973476,-308.99680694500626,-300.59147909240886,-308.9969504978204,-308.9968171770065,1.673216341726603e-39,1.0,1.928267617708876e-39,1.0,1.0,1.0,1.0,0.17150860367550708,1.0,0.17150814369903483,1.0,1.857250385301174e-39,1.857245404259629e-39,1.0,1.0,1.0,1.0,1.0,1.2894057515971164e-37
1280,-203.33421672335982,-311.28917266265324,-203.33420270179886,-311.7422426274255,-203.33419764163494,-204.64356472201106,-311.15492452467714,-311.74125008290963,-311.59454301556536,-311.74219724476484,-311.7412254337417,3.6130932528955664e-24,1.0,2.8806883609989227e-24,0.7972914506677373,1.0,1.0,1.0,0.5196114286549771,1.0,0.5196077857860861,1.0,3.863943643384272e-24,3.8639165542185725e-24,0.7459007137556135,0.8026718966810512,1.0,0.7976872224933688,1.0,3.101449382260882e-24
1281,-183.84691366308394,-309.784987986123,-183.8469390216007,-309.7352569484223,-183.84694203007868,-184.07801389445257,-310.70645083710025,-309.7567022379497,-309.4678340810851,-310.69612395874475,-309.78479176304995,4.496707410078628e-28,0.9999873208220058,4.609922110815008e-28,1.0,1.0,0.999985816603215,1.0,0.890875924261722,1.0,0.8908872199793568,1.0,2.836622309795702e-28,2.8366582762908927e-28,1.0,1.0,1.0,1.0,0.9999984957621366,5.269505780319144e-28
1282,-61.7440749757113,-311.60887749658946,-61.743454890312236,-311.6088876931088,-61.74350498049769,-63.414853138433216,-311.20203595314183,-311.608865084054,-310.98395424107514,-311.6087216074159,-311.6088805622958,5.527738906387929e-55,1.0,5.5277107246114775e-55,0.9999949017533327,1.0,1.0,1.0,0.43370570179590473,1.0,0.43357125535246355,1.0,6.774730761372195e-55,6.772630631140244e-55,0.8159399107991011,1.0,1.0,1.0,0.9999749552208989,7.553080432721585e-55
1283,-241.66290390150328,-305.1542931321152,-241.66214270569873,-309.25051641007246,-241.66290174296938,-241.6654265090524,-307.3188135147386,-306.0198207296561,-309.2468390261797,-305.15428736239096,-309.25055272590964,1.633127170943817e-14,1.0,2.106378538897333e-15,0.128978231234743,1.0,1.0,1.0,0.9987394913347241,1.0,0.9983594455063094,1.0,5.533505874202438e-15,5.531400234200975e-15,1.0,0.38135950894784054,0.19918740808350918,0.6487137006839272,0.9996205533727602,2.1102528054184945e-15
1284,-35.31553202146199,-304.46224955746703,-35.31554470853811,-304.45052673070643,-35.31554289630398,-35.386123431702046,-304.14601712782144,-304.3664880796922,-304.3664871990936,-304.4505232218505,-304.3664871939489,3.5936259929053166e-59,0.9999936564820592,3.6147515727794053e-59,1.0,1.0,0.9999945625937875,1.0,0.9653199240048933,1.0,0.9653260475679948,1.0,4.209222424928205e-59,4.209249126375607e-59,0.8956232127501379,0.8956236070924881,1.0,1.0,1.0,3.769899469743603e-59
1285,-71.72968520133199,-304.0825013500109,-72.40572545744728,-304.08250351061173,-72.40566428205724,-72.40545187313512,-303.62094394146095,-304.05109589103273,-304.40999299530614,-304.37021387868145,-304.37020969950083,3.5093529240379045e-51,0.7131809328068873,3.509349132884538e-51,0.999998919700162,1.0,0.7132027477013826,1.0,0.7132784970372175,1.0,1.0,1.0,4.4203124013562885e-51,6.198023808571456e-51,0.8064801656917855,0.674000432133375,0.835730946408618,1.0,1.0,4.1773429481038386e-51
1286,-124.04964372526987,-309.92027761840285,-124.0496352645405,-309.92025734318736,-124.04963089523498,-124.76495859300346,-309.7052907944634,-309.9159734480318,-304.2355137456386,-309.920241325576,-309.9159590558574,4.3521582269550254e-41,1.0,4.3522023476516227e-41,1.0,1.0,1.0,1.0,0.6993125947900019,1.0,0.6993096364489524,1.0,4.84605648416529e-41,4.846035983622406e-41,0.9000172701519487,1.0,1.0,1.0,1.0,7.466768395967517e-40
1287,-276.7062077591414,-311.2287834289269,-284.510208669942,-313.6276249671012,-284.5100797172404,-277.0317320250401,-311.33979917875246,-311.37588263109205,-314.0597206066467,-313.6275120464059,-313.62858585400437,3.1879972842449185e-08,0.020201458880007454,9.607626719049674e-09,0.301368723446866,1.0,0.020202761438348822,1.0,0.8497933022019859,1.0,1.0,1.0,3.0158600125962856e-08,1.4928921869008966e-06,0.9821200513952906,0.25667086034047903,0.26134367175970874,0.9290900607757575,1.0,3.831572166318677e-07
1288,-84.03275802631707,-306.8780804247024,-84.5147328475268,-306.9928538664145,-84.51473539701048,-84.5147279665286,-306.9495379502695,-306.8311390596793,-297.7989224414067,-307.03905661365144,-307.037494876228,4.071487278986787e-49,0.7858515197213682,3.844415733979365e-49,0.9442288457637206,1.0,0.7858505179641937,1.0,0.7858534375936369,1.0,1.0,1.0,3.9285861179785854e-49,4.9991455375329655e-49,1.0,1.0,1.0,1.0,0.9999987252589715,4.852072088835565e-47
1289,-96.11751940157254,-307.30506269850935,-96.1175120880442,-307.304690614444,-96.11750738788005,-97.21903789130138,-306.42001376985047,-307.3005230471017,-307.2870792162857,-307.29390931249935,-307.3025044954891,1.3842280633228284e-46,1.0,1.3844856118821114e-46,1.0,1.0,1.0,1.0,0.5765119304500046,1.0,0.5765098222856874,1.0,2.1547335938859507e-46,2.1547257145477446e-46,0.6438724454121849,0.6482150805854241,1.0,1.0,1.0,1.396722420278876e-46
1290,-71.64030987652004,-305.42796086213343,-71.64015804966641,-305.427965698043,-71.64016352757757,-71.68356729654248,-305.9567478893835,-305.4099755689877,-305.2784559302609,-305.42796413893217,-305.4099805867778,1.712602682412679e-51,1.0,1.7125985414218255e-51,0.9999975820481339,1.0,1.0,1.0,0.9786035132937192,1.0,0.9785292269672351,1.0,1.3147160835389014e-51,1.3146162827238778e-51,1.0,1.0,1.0,1.0,0.9999972610481712,1.8453953591797652e-51
1291,-26.250827092076435,-304.8363588536665,-26.25082437379433,-304.83631993638187,-26.250820684100347,-26.644496612835113,-304.6138131617117,-304.7443748946831,-304.7443796738649,-304.8363609365936,-304.74438000807754,3.205681780713741e-61,1.0,3.205744159535867e-61,1.0,1.0,1.0,1.0,0.8213263377529633,1.0,0.821325221455379,1.0,3.582989965809471e-61,3.582985096023984e-61,0.9368043094893641,0.9368020709129955,0.9999976104119654,1.0,1.0,3.3565416656941983e-61
1292,-92.13152935229138,-308.573893081354,-92.13241254765694,-308.5748186833753,-92.13235997913547,-92.44568235970169,-308.4147038901214,-308.56364409193327,-308.5693234033888,-308.5781840263358,-308.574952472204,1.0003175565992595e-47,0.9995584998071256,9.998547157329512e-48,0.9995373060652131,1.0,0.9995847728086353,1.0,0.8546386732915233,1.0,0.8550161630924393,1.0,1.0831918528818511e-47,1.083670293525453e-47,0.9282352270364619,0.9256030974968656,0.9971643722809359,1.0,1.0,1.003022216308552e-47
1293,-92.14437074066436,-305.01518909817275,-94.27041005355976,-305.9229892039017,-94.27041515063766,-94.26956956177577,-305.76199665846764,-304.99254369897056,-292.42907094122467,-305.92287132269405,-305.8656214525587,5.966080576584765e-47,0.34541121076820197,3.789333473443152e-47,0.635146211118104,1.0,0.3454103304753987,1.0,0.3455563989158008,1.0,1.0,1.0,4.106973620183376e-47,1.1890099371845591e-46,1.0,1.0,1.0,1.0,0.9999974514642961,9.341026935314783e-44
1294,-80.54636585571289,-308.2432786288045,-82.57151816349867,-309.10799737174455,-82.57152025883131,-82.56979434067492,-308.97418889140107,-308.22734128855143,-289.07231486666643,-309.10798770753667,-309.1079315850621,3.5995119367870596e-50,0.3632819029744463,2.335997259220664e-50,0.6489761112740693,1.0,0.36328152237643,1.0,0.3635951547706037,1.0,1.0,1.0,2.497632122037906e-50,6.875190042740866e-50,1.0,1.0,1.0,1.0,0.9999989523342253,1.441857021183275e-45
1295,-50.291799965155064,-303.85320226258807,-51.29928404800947,-304.5081529771286,-51.29928007353932,-51.299222454152485,-305.02752222759375,-303.8178929483463,-304.5078432942002,-304.5081708255309,-304.50815286524636,8.70644937892588e-56,0.6042652381513206,6.275095485280196e-56,0.7207410520836621,1.0,0.6042664389695886,1.0,0.6042838479512109,1.0,1.0,1.0,4.8399484819525885e-56,8.009642415903058e-56,1.0,1.0,0.7082379367245201,1.0,1.0,1.0386258115185897e-55
1296,-111.44269151715902,-309.1884407733259,-111.44268671787091,-309.188429034105,-111.44268185480155,-112.88262086099228,-309.0342596174417,-309.1846709146953,-302.50532779698136,-309.18843074554115,-309.1846628430483,1.1483020472605475e-43,1.0,1.1483087873660132e-43,1.0,1.0,1.0,1.0,0.4867694522880063,1.0,0.4867682842159865,1.0,1.2403268686165552e-43,1.2403238922771302e-43,0.9275527167709955,1.0,1.0,1.0,1.0,3.245440001543374e-42
1297,-110.69380708627133,-307.921384829474,-111.22880787547867,-307.7676417125845,-111.22783497353991,-111.22870311257549,-307.928131291942,-307.9144830525543,-301.9790176135035,-307.9213940941569,-308.0254857532552,1.4879065427438353e-43,0.7652900286365156,1.6067952793641138e-43,1.0,1.0,0.7656623952745129,1.0,0.7653301166890281,1.0,1.0,1.0,1.4828959456231033e-43,1.9376914504754545e-43,1.0,1.0,1.0,1.0,1.0,3.7923375082344444e-42
1298,-104.42722827258903,-310.15192575977034,-104.42768345640302,-310.14866174952317,-104.42653136848205,-104.48360634284413,-310.1057351048406,-310.1503993854228,-302.79192368191684,-310.1522245114179,-310.15047262993437,2.1254434036296924e-45,0.9997724339900818,2.128914970190965e-45,1.0,1.0,1.0,1.0,0.972204568615008,1.0,0.9724258596878386,1.0,2.175102453755713e-45,2.17559754580839e-45,0.9779153760071513,1.0,1.0,1.0,1.0,8.423689667147958e-44
1299,-112.79502712802065,-308.3938192080248,-113.76341630070978,-309.8891492446955,-113.76340737124106,-113.76314611419747,-309.820062709673,-308.38920813370646,-303.4645880640328,-309.90002098935923,-309.90001013079564,3.359401922051417e-43,0.6161932874464597,1.590578744740519e-43,0.4734708086876447,1.0,0.6161960385919445,1.0,0.6162765366271568,1.0,1.0,1.0,1.6464825226327731e-43,2.6720228152044134e-43,1.0,1.0,1.0,1.0,1.0,6.41079673829324e-42
1300,-81.87260344865253,-306.1219197143145,-82.10221589082877,-306.1201944476439,-82.10219289887043,-82.10210771838517,-306.83087860239976,-306.11050188946666,-306.78642813593433,-306.12019741707786,-306.11050675249953,2.017807294128326e-49,0.8915388886048804,2.019548672942195e-49,1.0,1.0,0.8915491377762877,1.0,0.8915871098789959,1.0,1.0,1.0,1.4155695795718785e-49,1.5877822018364428e-49,1.0,1.0,0.7132215887190864,1.0,1.0,1.6234474410376134e-49
1301,-93.73467579167148,-303.98328943873884,-95.16699871248403,-304.8866367987628,-95.16693903237866,-95.16615555857528,-304.3534667944832,-303.9758578168608,-304.78982603045483,-304.7901320678079,-304.88619790939754,2.213571897866383e-46,0.48862426435741113,1.4090754416604077e-46,0.6365618586948081,1.0,0.48863884514874656,1.0,0.488830300513608,1.0,1.0,1.0,1.83954595267745e-46,3.764745402270694e-46,1.0,0.8039810192452085,0.6656547696038251,1.0,1.0,3.026693527674445e-46
1302,-137.2985004154942,-309.7641361557893,-137.3002037156585,-309.7589338973021,-137.3002055497475,-137.37293348993188,-310.22656747711983,-309.7623669019749,-306.8900592777328,-309.76415696874915,-309.7623789538233,3.544565777007171e-38,0.9991487124688474,3.553797652150674e-38,1.0,1.0,0.9991477962054478,1.0,0.9634674861898129,1.0,0.9642883728580623,1.0,2.8128550595580216e-38,2.815251648183185e-38,1.0,1.0,1.0,1.0,0.9999990829559321,1.4929015521833171e-37
1303,-213.44536311249192,-306.58260109666554,-213.8474855420036,-308.17094479286993,-213.84511274197857,-213.8326495774483,-306.65764029859645,-307.6837139670014,-306.65787649442336,-298.95771966626944,-308.17091785568067,5.963562043095178e-21,0.8178623647764927,2.695263875853459e-21,0.45195536767729916,1.0,0.8188332525130291,1.0,0.8239518110829835,1.0,1.0,1.0,5.743957081433312e-21,7.023134122332457e-21,0.5986747394930296,0.9998819090598267,1.0,0.57662886451693,1.0,7.013978431524298e-21
1304,-121.8607081397083,-307.4860561529357,-124.8841226923953,-309.23236892280624,-124.88412223005501,-124.84806017195922,-309.08279069185414,-307.4825474759341,-304.63888246305237,-309.23193908549376,-309.2323687617621,4.920030876235581e-41,0.22053314535019694,2.0547587022143139e-41,0.4176312616530652,1.0,0.22053319633088106,1.0,0.22454570290027964,1.0,1.0,1.0,2.214324822931417e-41,1.004078012588622e-40,1.0,1.0,1.0,1.0,1.0,9.26295954848644e-40
1305,-120.40414694620341,-306.9980262310818,-122.34416188466508,-308.3935910156371,-122.34414892406977,-122.32959381425479,-308.2015024355595,-306.9942990510258,-303.007828928544,-308.3884626421507,-308.26729360842467,3.0314746076167665e-41,0.3790802066552555,1.5087277983178026e-41,0.4976877571486281,1.0,0.37908266321579,1.0,0.38185152114911086,1.0,1.0,1.0,1.6608193552227808e-41,4.3811819400351183e-41,1.0,1.0,1.0,1.0,1.0,5.8800408991537045e-40
1306,-168.9107862987592,-308.8225153309131,-168.91078461606367,-308.8225131042437,-168.91078295006503,-168.9643290255323,-307.4635223870727,-301.8474905933999,-308.55937386111435,-308.82246133653723,-308.8970281338429,4.1548377023508405e-31,1.0,4.154842328078458e-31,1.0,1.0,1.0,1.0,0.9735838129852912,1.0,0.9735829938630657,1.0,8.19701315609533e-31,8.197006259559434e-31,1.0,0.5781477980542099,0.03487651378164846,1.0,1.0,4.739077171951173e-31
1307,-186.674917037573,-311.77190918967614,-186.67492838834428,-311.7719195158512,-186.67492992403444,-186.72772264537616,-310.0253583693525,-311.77188043360707,-311.7718768302246,-311.77191912187243,-311.77189128983235,6.847519896307203e-28,0.999994324630468,6.847484542053801e-28,0.9999948369257925,1.0,0.9999935567900406,1.0,0.9739427026660141,1.0,0.9739482301821255,1.0,1.639804200795091e-27,1.6398135073427197e-27,0.4175875600009017,0.4175883123654286,1.0,1.0,0.9999992321552148,6.84767480920419e-28
1308,-232.56154475900777,-309.0576891029632,-232.5615984963772,-309.05766671794197,-255.26553581187414,-260.4570452360035,-310.849449081087,-309.3280008370143,-310.9532359470478,-309.05766708690163,-309.3279892851097,2.449476697587631e-17,0.9999731316762464,2.4495041135349997e-17,1.0,1.0,1.17460267154941e-05,1.0,8.761309783715198e-07,1.0,8.761545191748e-07,1.0,9.999944198747256e-18,1.000021288770475e-17,1.0,0.9494300393815884,0.4436951484246059,0.8735797388004024,1.1746342320022481e-05,8.082943828066137e-13
1309,-182.70208604061492,-306.86005480169325,-182.70208305283327,-306.8749456398939,-182.7020811501124,-182.77006754934865,-306.9062869992826,-306.88344562899346,-306.54625834274935,-306.8688012837998,-306.8914756774443,1.095064351790463e-27,1.0,1.086941415605725e-27,0.9925822293717613,1.0,1.0,1.0,0.966580441244346,1.0,0.9665789972797757,1.0,1.0700410706319861e-27,1.0700394721086513e-27,1.0,1.0,1.0,0.9883727118561538,1.0,1.2810869720997955e-27
1310,-81.11434335855867,-306.847421737019,-81.11434368220281,-306.84742483066026,-81.11434376001388,-81.11698809797608,-306.6836603377718,-306.8232290246668,-306.82323406542884,-306.8474133930096,-306.82323263477883,9.609147030134719e-50,0.9999998381779409,9.609132166519228e-50,0.999998453180555,1.0,0.9999997992724149,1.0,0.9986785042368516,1.0,0.9986786658450897,1.0,1.042906020633857e-49,1.0429061893990873e-49,0.932594918426067,0.9325925679344871,0.9999974796221451,1.0,0.9999999610944678,9.726065991262286e-50
1311,-56.458559309179506,-306.25167718585453,-56.45741634417695,-306.2460641611852,-56.45855302548935,-59.34730699257122,-306.0289714141298,-306.24480528331026,-306.2448097430577,-306.25348526387495,-306.25235062231866,5.7294593748414746e-55,1.0,5.745561758447831e-55,1.0,1.0,1.0,1.0,0.23589373714399545,1.0,0.23575896651425265,1.0,6.404328322686914e-55,6.400669406720778e-55,0.8977021613313872,0.8977001595711528,0.9999977701287569,1.0,0.999431820818757,5.749148494259749e-55
1312,-59.59167936520342,-306.66949233955523,-59.591670622870424,-306.6694491465301,-59.5916665566579,-60.1338601056039,-306.61281865620566,-306.66997613396734,-306.66997085066384,-306.6694491056596,-306.66996868271326,2.2270738178716523e-54,1.0,2.2271219154187003e-54,1.0,1.0,1.0,1.0,0.7625475817135422,1.0,0.7625442484983855,1.0,2.2910847060353037e-54,2.2910746913445012e-54,0.9718257706599372,0.971828337888573,1.0,0.9997581320487178,1.0,2.2265267824977604e-54
1313,-39.08676504045579,-308.58313883849286,-39.08661600805293,-308.5899011624784,-39.086579555485216,-39.151168202926485,-308.42929495165623,-308.58171951288625,-306.33378594722615,-308.5899011438646,-308.58983520230345,3.0172130905513054e-59,1.0,3.007028631680703e-59,0.9966245476985043,1.0,1.0,1.0,0.9683113690022466,1.0,0.9682392168055145,1.0,3.2584627368482865e-59,3.2582199376290108e-59,0.9266194823261616,1.0,1.0,1.0,1.0,9.289802477678627e-59
1314,-92.25833271848882,-308.7800823249049,-92.48102383748642,-308.78013299971104,-92.48102359284297,-92.48101252911636,-309.3422798605911,-308.77929701450535,-289.46425548181696,-308.74867824905806,-309.3648892532956,9.613897044555767e-48,0.894629547770269,9.613653456457318e-48,0.99997466291793,1.0,0.894629657202903,1.0,0.8946346061855671,1.0,1.0,1.0,7.25804778590162e-48,8.11290863798457e-48,1.0,1.0,1.0,1.0,1.0,1.6812592299011336e-43
1315,-97.86279341770671,-307.9261721797469,-99.11511994826236,-309.073168959617,-99.11511923049856,-99.11491948712478,-309.0351062631737,-307.91491558340704,-302.572438580853,-309.0731722111708,-309.0731653983725,2.42838128301367e-46,0.5346391394984132,1.3685154056639164e-46,0.5635504668219052,1.0,0.5346393313707571,1.0,0.5346927293690896,1.0,1.0,1.0,1.3948095114152775e-46,2.608880286474824e-46,1.0,1.0,1.0,1.0,1.0,6.603960267133536e-45
1316,-60.37412677345007,-306.37050230522857,-60.896619829338064,-307.140120955658,-60.89661832232299,-60.89657097179709,-306.98428534070445,-306.3509060223125,-306.350900809506,-307.14012050089605,-307.1401223074091,3.824421659780494e-54,0.7700910472490508,2.6028263975644007e-54,0.6805803933538561,1.0,0.7700916275186764,1.0,0.7701098598562819,1.0,1.0,1.0,2.8137433168240623e-54,3.653780065195411e-54,1.0,1.0,1.0,1.0,1.0,5.0151020897544637e-54
1317,-116.9402260667294,-304.6059103349357,-117.09559166797392,-304.60591538598106,-116.94023104279587,-117.09511006370712,-305.29780685627736,-304.5914745622448,-301.03213507888444,-304.60591466087715,-304.59148291246436,1.7738399831309994e-41,0.925257871221842,1.773835503263545e-41,0.9999974744805004,1.0,0.9999975119698562,1.0,0.9254807021191762,1.0,1.0,1.0,1.2550788734530659e-41,1.3564638707646553e-41,1.0,1.0,1.0,1.0,1.0,1.0591341150607289e-40
1318,-72.84249076014349,-304.93986255801394,-73.64162339118003,-305.3640247994238,-73.64160080625966,-73.6414418790941,-305.67846840783113,-304.92203444123305,-304.9219823362212,-305.41046291191986,-305.33076467199623,3.987457635630022e-51,0.670610816484155,3.225450798811185e-51,0.808899076441616,1.0,0.6706183893728589,1.0,0.6706716812301088,1.0,1.0,1.0,2.7561944859341934e-51,4.109976186164383e-51,1.0,1.0,1.0,1.0,1.0,5.999337087548704e-51
1319,-85.32337518915219,-306.66876918330166,-85.32307071886102,-306.6687761470467,-85.32240460614254,-85.38500640480041,-306.88821787999365,-306.65981880432554,-306.6526002207287,-306.6687773289022,-306.6598360123186,8.619030088707732e-49,1.0,8.619000078396129e-49,0.9999965181335505,1.0,1.0,1.0,0.9696543532687457,1.0,0.9695067490326702,1.0,7.723350027423946e-49,7.722174351599852e-49,1.0,1.0,1.0,1.0,1.0,8.684777230193397e-49
1320,-152.3504301535164,-305.26765590751484,-155.6036947021176,-305.6861108173163,-155.6037045788273,-155.48514726353469,-305.64045075734765,-305.2616009344715,-302.66908284267475,-305.68612436191063,-305.6860975875401,6.229401649689272e-34,0.19659052351240286,5.053357277859575e-34,0.8112107008080981,1.0,0.19658955268103506,1.0,0.20859544869101201,1.0,1.0,1.0,5.170052586206879e-34,2.6298584966536877e-33,1.0,1.0,1.0,1.0,0.9999950616573451,1.1618735643790307e-32
1321,-216.59164344440637,-304.4986981642914,-216.59163104060005,-310.67351654617414,-216.59162765491843,-216.86182292226297,-310.4489844918783,-310.48477724440863,-310.66878252698524,-310.4866728081657,-310.67349504169573,8.151276167291753e-20,1.0,3.7186117085037136e-21,0.04561999412343832,1.0,1.0,1.0,0.8736375088764252,1.0,0.8736320906779983,1.0,4.160421657609944e-21,4.160395855157735e-21,0.9822628128260367,0.8959246033869726,0.9121027404156091,0.05013481810792441,1.0,3.727394696573799e-21
1322,-77.2501190236122,-305.0449812120407,-77.58669593195208,-305.6192522020584,-77.58585486429811,-77.58656474594562,-305.6044265002806,-305.0681680621149,-305.61793917704614,-305.04498610520926,-305.61927255675664,3.427474030046434e-50,0.8451100240117628,2.5720109415782356e-50,0.7504100451326859,1.0,0.8454654961031627,1.0,0.845165459134354,1.0,1.0,1.0,2.5911477165715545e-50,3.0660477842533425e-50,1.0,0.9932664343557749,0.7596590555580864,0.9884735197586876,1.0,3.0441219247746904e-50
1323,-132.22650552262206,-310.00182299645166,-132.22572048334612,-309.9943023321914,-132.22647601533038,-132.9558035842611,-309.4436293136222,-310.00148086434416,-306.3802183333031,-310.0082646946615,-310.00775241767843,2.4921851348846524e-39,1.0,2.5015742206985906e-39,1.0,1.0,1.0,1.0,0.6944403352679824,1.0,0.6941678072887826,1.0,3.294507642906174e-39,3.2932147377208504e-39,0.7565960592003141,1.0,1.0,1.0,0.9996223053524613,1.5240364507408207e-38
1324,-136.9007091497569,-308.7366212946876,-136.90071211236815,-308.7366319876576,-136.9007133090848,-136.92995280120462,-309.3074003308228,-308.73097971152526,-305.3814062655397,-308.7366365366593,-308.7097152937615,4.856303060525053e-38,0.9999985186954661,4.8562770964431e-38,0.9999946535293097,1.0,0.999997920338205,1.0,0.9854845540498931,1.0,0.9854860138547936,1.0,3.650586878285883e-38,3.6505922859247964e-38,1.0,1.0,1.0,1.0,0.9999994016418525,2.5994554026083027e-37
1325,-134.85623877045805,-307.7205135955605,-134.85624395528032,-307.7205058191049,-134.85624460236872,-134.86489884625547,-307.145195828346,-307.7193650482506,-304.3043670851639,-307.7030452171997,-307.71936002031606,2.9040203985225977e-38,0.9999974075922248,2.9040316900373633e-38,1.0,1.0,0.9999970840489164,1.0,0.995679323199214,1.0,0.9956819044127246,1.0,3.871937411234389e-38,3.8719474489010623e-38,0.7504482307618113,1.0,1.0,1.0,0.9999996764558529,1.6025357194330709e-37
1326,-53.40336133103463,-304.55053749147845,-54.38590844917485,-305.9134231052768,-54.385883727626464,-54.38573492327005,-305.6070555607792,-304.49875430161495,-305.9109861975766,-305.91341454668833,-305.9134204769097,2.911277634397924e-55,0.6118466748981879,1.4727762536695396e-55,0.5058865689304559,1.0,0.6118542378435188,1.0,0.611899762825117,1.0,1.0,1.0,1.716578387280739e-55,2.8055695286182484e-55,1.0,0.8590180723467972,0.4935574823425334,1.0,1.0,2.410005138595122e-55
1327,-155.63137926044152,-309.64866796227517,-156.22095942166195,-309.79108643240045,-156.22095877756607,-156.22085341670405,-309.50595511990156,-309.60342803198944,-305.8974414700023,-309.7910054423145,-309.7910284438527,3.5939389834525255e-34,0.7446878954878959,3.346916840095151e-34,0.9312670180282049,1.0,0.7446881353131362,1.0,0.7447273668384311,1.0,1.0,1.0,3.859760874967596e-34,5.183058430725314e-34,0.9524321043502847,1.0,1.0,1.0,1.0,3.148942627211627e-33
1328,-136.60185264996684,-306.36761153445815,-136.60185422351407,-306.3676138031507,-136.60185617856848,-136.68526875678273,-306.86230327810574,-306.36159237646456,-303.7899000541548,-306.3676190825386,-306.3615976632972,1.367205668033011e-37,0.9999992132266979,1.3672041171492455e-37,0.9999988656543802,1.0,0.9999982357007372,1.0,0.9591497602047088,1.0,0.9591505148387265,1.0,1.0676106634150193e-37,1.0676115033832473e-37,1.0,1.0,1.0,1.0,0.9999990224732701,4.961095101632516e-37
1329,-143.48770079637166,-310.5742155001363,-143.48763943719402,-310.5759729455958,-143.48738074214708,-144.29534349106777,-310.6060832697069,-310.5738962108391,-310.5783286935317,-310.57565614758397,-310.5742168901745,5.219445075653135e-37,1.0,5.214860645144967e-37,0.999121663233992,1.0,1.0,1.0,0.6677634083169044,1.0,0.6677429219243682,1.0,5.136938113017294e-37,5.136780516285781e-37,1.0,1.0,0.997786212703292,1.0,1.0,5.207888342620152e-37
1330,-98.11132639698423,-306.73286414668047,-99.25120029637534,-307.16765117561806,-99.2511908890318,-99.25095582228751,-307.04894033114124,-306.70671768170143,-300.149866377993,-307.166819763834,-307.1668167339578,4.993541626872965e-46,0.5655610963747176,4.017869907368144e-46,0.8046132800307049,1.0,0.5655637565947376,1.0,0.565630233116743,1.0,1.0,1.0,4.263572017295183e-46,7.538658589894137e-46,1.0,1.0,1.0,1.0,1.0,2.3735965755217564e-44
1331,-91.51643584146316,-308.67947162465725,-91.516383278104,-308.6793945098897,-91.51642394727922,-91.52665860510912,-308.8727429491838,-308.67504581682874,-299.70289523336606,-308.67939451058777,-308.6750612134064,6.976634046133353e-48,1.0,6.976903052075948e-48,1.0,1.0,1.0,1.0,0.9949016590606528,1.0,0.9948755117176341,1.0,6.33399342364821e-48,6.333826957850059e-48,1.0,1.0,1.0,1.0,0.9999796656191361,6.207005879590848e-46
1332,-133.74013208413302,-309.66913842799397,-134.12643381179024,-309.66920310170644,-134.12657272144665,-134.1265354433574,-310.481840542278,-309.6342451707101,-310.45402106403264,-310.4950363752283,-310.49502013909904,6.273381069492559e-39,0.8243575990139625,6.273178211350674e-39,0.9999676636665942,1.0,0.8243003453868353,1.0,0.8243157097009458,1.0,0.9999491855075191,1.0,4.178550423249591e-39,5.068856559638261e-39,1.0,1.0,0.6637246185291212,1.0,0.9999305475837238,5.1402126770794525e-39
1333,-58.2983179068881,-303.99770945593167,-58.29705595049042,-303.9977159233578,-58.29831701871257,-58.301403912013484,-304.23795299881255,-303.9466098836507,-303.41178285403765,-303.99771495249286,-303.9466175004613,4.4366484915340495e-54,1.0,4.4366341447089945e-54,0.9999967662921552,1.0,1.0,1.0,0.998458187253721,1.0,0.9978283806231308,1.0,3.9344750818018496e-54,3.931993296859833e-54,1.0,1.0,1.0,1.0,0.999369664633784,5.946852595271218e-54
1334,-182.86925615149647,-306.37686430453016,-182.86925956728618,-306.37809244540085,-182.8692077752874,-183.2381706134143,-306.56212209292437,-306.3419191008807,-304.63946641541105,-306.37814638395133,-306.3419251580996,1.5158759160853337e-27,0.9999982921066054,1.5149453472482601e-27,0.9993861180673161,1.0,1.0,1.0,0.8315555039703938,1.0,0.8315569241809719,1.0,1.3817689693386866e-27,1.3817713292568187e-27,1.0,1.0,1.0,1.0,1.0,3.613468776013347e-27
1335,-65.01886651338415,-309.1559631538455,-65.01861748933034,-309.1494057974896,-65.0185988194788,-65.16505799840581,-309.13999585421817,-309.15752588992274,-296.25545128129335,-309.1423637554284,-309.14877469335045,9.689537561067108e-54,1.0,9.721358573346773e-54,1.0,1.0,1.0,1.0,0.9295118319687731,1.0,0.9293961037714658,1.0,9.76720505832626e-54,9.765988999535674e-54,0.9912732829326496,1.0,1.0,0.9992189371498962,1.0,6.131341156776578e-51
1336,-98.95395007016903,-310.8100290061251,-100.65712815961966,-310.8342240087682,-100.65712799246289,-100.65619204904615,-310.806759158929,-310.81528230533075,-297.61527248171933,-310.8382279718184,-310.8379686164129,9.909163179439468e-47,0.42673628984472156,9.790009250361268e-47,0.9879753792605308,1.0,0.426736325510653,1.0,0.42693607277231305,1.0,1.0,1.0,9.925377154852148e-47,2.3258807350234827e-46,0.9957474944168637,1.0,1.0,0.9973767970228836,1.0,1.7024812642169487e-43
1337,-62.48246237867808,-303.3224578364925,-63.15738265819243,-303.56222729348394,-63.15736769138833,-63.15730721507728,-303.86008735735663,-303.20474212676396,-292.8757205049958,-303.32246224944214,-303.5627612325634,5.038015224087064e-53,0.7135804176283485,4.46883376223647e-53,0.8870226792627877,1.0,0.71358575765749,1.0,0.7136073355008457,1.0,1.0,1.0,3.850478550264104e-53,5.395998061524097e-53,1.0,1.0,1.0,1.0,1.0,1.310066950158756e-50
1338,-119.23119805033207,-307.35825149687366,-119.23389603282337,-307.3804736635328,-119.23389634518561,-119.23575671533804,-307.822985528619,-307.36954871869773,-302.7571219248466,-307.3851970582881,-307.36955916897085,1.4084109590654527e-41,0.9986519182340352,1.392848604949064e-41,0.9889504167684776,1.0,0.9986517622634691,1.0,0.9977232632028096,1.0,0.9990700913759143,1.0,1.1163842040926706e-41,1.1178912128530541e-41,1.0,1.0,1.0,0.9943673124947675,0.9999998438188891,1.407466007736686e-40
1339,-114.36654727770278,-305.0517901616346,-114.36654567037093,-305.03735088031266,-114.36654391379426,-114.4322070463084,-305.2911911171569,-305.0401674380081,-301.49537899569816,-305.12074021774976,-305.0401689841142,3.9194544130990775e-42,1.0,3.947853859090396e-42,1.0,1.0,1.0,1.0,0.9677031670864138,1.0,0.9677023893766638,1.0,3.4772855881589105e-42,3.4772827935841224e-42,1.0,1.0,1.0,1.0,1.0,2.320009479830994e-41
1340,-70.2990869870905,-306.3256213722434,-72.59672407357355,-306.8082415442643,-72.59672379379302,-72.59656399574403,-306.7706098735671,-306.3268643626095,-282.8612224777139,-306.7641257945583,-306.81655727368155,5.590997098659873e-52,0.31701108310441783,4.3922760585957404e-52,0.7855979856703084,1.0,0.31701112745118654,1.0,0.31703645734292607,1.0,1.0,1.0,4.475702812429188e-52,1.4118442701118544e-51,1.0,1.0,1.0,0.9993786979050737,1.0,2.196060197837009e-46
1341,-117.90311331880068,-310.5248838117634,-117.90287264029638,-310.5045870434224,-117.9031617514645,-118.05591434553776,-310.64722654877596,-310.5321388218914,-302.16641785909997,-310.5375130303011,-310.52574832580103,1.488380564269615e-42,1.0,1.5035621258923788e-42,1.0,1.0,0.9999757839613044,1.0,0.9264450786042904,1.0,0.9263335976042787,1.0,1.4000630772184218e-42,1.3998946048118656e-42,1.0,1.0,1.0,0.9963790663841032,0.9998554548635974,9.721702514412678e-41
1342,-157.90151216366473,-309.547714226187,-157.9008770431719,-309.54476504027724,-157.89932323496225,-158.0510619872111,-309.5170284422831,-309.5493103541928,-309.5504907709324,-309.54827886068983,-309.54871105272065,1.176103713738631e-33,1.0,1.177839267292164e-33,1.0,1.0,1.0,1.0,0.9279523339685158,1.0,0.9276576999811759,1.0,1.1942876865941028e-33,1.1939084885143532e-33,0.9839886112253372,0.9834080242617002,0.9994099657688984,0.9992022543654705,1.0,1.173187379600322e-33
1343,-138.57666389671277,-307.827986408966,-138.7648678840119,-307.8258144431002,-138.76462976280894,-138.76391501640163,-308.6301667006991,-307.82311165540875,-305.0672172053853,-307.8279966517752,-307.822825749489,1.768244390623218e-37,0.9101899239142555,1.77016571692757e-37,1.0,1.0,0.9102982981254767,1.0,0.9106236724811352,1.0,1.0,1.0,1.183998226753807e-37,1.3008254603193548e-37,1.0,1.0,1.0,1.0,1.0,7.724172671372598e-37
1344,-158.39742517575925,-304.66105534338527,-158.39742452659686,-304.6608336465085,-158.39742283663702,-158.45377241924706,-304.5986751345117,-304.6612879219743,-303.7668076551425,-304.6379809478062,-304.6612869953901,1.7348273389587552e-32,1.0,1.7350196525188087e-32,1.0,1.0,1.0,1.0,0.9722195536924888,1.0,0.9722192381283565,1.0,1.7897894664612842e-32,1.7897888855293737e-32,0.9691785773389412,1.0,1.0,0.9998837174668276,1.0,2.7129336215152963e-32
1345,-62.01161029113598,-308.70021495614947,-62.01201417280781,-308.7002152315559,-62.011723866980915,-62.9812252258985,-308.5687229252053,-308.6942553313178,-308.6942595514304,-308.70021759342745,-308.69425972843476,2.7055161006707054e-54,0.9997980795527636,2.7055157281124543e-54,0.9999998622967988,1.0,0.999943213689936,1.0,0.6158157499702428,1.0,0.6159401208749209,1.0,2.88937063382093e-54,2.889954174660413e-54,0.9391630214674431,0.9391610397826833,0.9999978899459259,1.0,1.0,2.713738431968831e-54
1346,-87.38381138218892,-306.5639495829067,-87.38366623734882,-306.56648123662035,-87.3842322597375,-87.41275642953649,-307.0053562124889,-306.5591201608429,-291.0432392024196,-306.5597673226204,-306.5717596998284,2.5447066123951095e-48,1.0,2.5414874922765743e-48,0.9987349739640426,1.0,0.9997895833663968,1.0,0.9856316998984531,1.0,0.9855601728161896,1.0,2.0407391049033626e-48,2.0405910089017334e-48,1.0,1.0,1.0,1.0,0.9997170288495493,5.970470370868438e-45
1347,-96.40099689406708,-308.05426054652963,-96.40099823464567,-308.054263965652,-96.40099962212653,-96.44095718526594,-307.5482957652169,-308.0415157200401,-301.7949417925861,-308.05426228643154,-308.04152110115024,1.0966745357011642e-46,0.9999993297109285,1.0966726608705462e-46,0.9999982904402718,1.0,0.999998635971202,1.0,0.9802181347570472,1.0,0.9802187917869909,1.0,1.4123639236392745e-46,1.4123648703320055e-46,0.7814454154669326,1.0,1.0,1.0,0.9999993062598084,2.5076801920347756e-45
1348,-109.79059904114976,-308.3641318113063,-110.1010346874039,-308.36828409548457,-110.10103463700716,-110.10101926119526,-308.70088929307184,-308.360371324192,-300.25780381101663,-308.362548538957,-308.34511803979535,7.591109095790032e-44,0.85622865076724,7.575365223606106e-44,0.9979260116031489,1.0,0.8562286723428048,1.0,0.856235254973612,1.0,1.0,1.0,6.414743197995856e-44,7.491857685733637e-44,1.0,1.0,1.0,1.0,1.0,5.1048410691652625e-42
1349,-86.37053913210524,-305.7027735665403,-86.94379077739887,-305.70278727654147,-86.94378852410647,-86.94374100155905,-306.3273632822086,-305.6947190499912,-297.8251622532934,-306.39493195629274,-306.3949010873301,2.3583618496127288e-48,0.7507926058749318,2.3583456830962818e-48,0.9999931450229176,1.0,0.7507934517530476,1.0,0.7508112917737039,1.0,1.0,1.0,1.725768379440775e-48,2.298595332368322e-48,1.0,1.0,1.0,1.0,1.0,1.613212307336187e-46
1350,-123.78934754682454,-306.6473555880458,-123.7893437488225,-306.67638655813533,-123.78933945554533,-124.43134932897908,-306.4566352343208,-306.6587030324345,-302.4958320039665,-306.6763797635115,-306.65870875550735,1.9628543191170695e-40,1.0,1.9345683257114985e-40,0.9855893567189044,1.0,1.0,1.0,0.7254226045822602,1.0,0.7254212270053018,1.0,2.159247704363157e-40,2.1592436039534355e-40,0.9039023909279558,1.0,1.0,0.994342342969957,1.0,1.5645094940881777e-39
1351,-56.89309211067663,-308.9513884923362,-56.89303259956377,-308.9532942613939,-56.89298001789166,-57.71302740121838,-308.933188238959,-308.9535764634569,-308.9537921789669,-308.953273932027,-308.95311517572645,1.8460199143161938e-55,1.0,1.8442617083165517e-55,0.9990475693214385,1.0,1.0,1.0,0.6636717227077642,1.0,0.6636519750801684,1.0,1.8628955983782303e-55,1.862840167707803e-55,0.9898576716004939,0.9897509135317002,0.9998921480614268,0.998906612623703,1.0,1.8436992847195298e-55
1352,-91.34048549404744,-303.4101190990902,-91.34048502072346,-303.4101179022105,-91.3404821682831,-91.53312445592735,-302.40919785279164,-303.4028679948778,-300.7709653029368,-303.4098744720505,-303.40286682175025,8.905620267826854e-47,1.0,8.905625597306477e-47,1.0,1.0,1.0,1.0,0.9081738254885862,1.0,0.9081736105583872,1.0,1.4689650399233665e-46,1.4689646922752245e-46,0.6084533271087659,1.0,1.0,1.0,1.0,3.3323331703232926e-46
1353,-153.56383602904546,-310.5501728288964,-153.65759071441516,-310.54791445419653,-153.5638463451917,-153.65721586228656,-309.7584897516218,-310.52917117509935,-308.294560170383,-310.5501792124629,-310.5325283440907,8.144231252635288e-35,0.9542044305663052,8.153432809703835e-35,1.0,1.0,0.9999948419401804,1.0,0.954383290108211,1.0,1.0,1.0,1.2099345902578818e-34,1.2680035341481328e-34,0.6802188381755808,1.0,1.0,1.0,1.0,2.515662653092948e-34
1354,-103.14383198753374,-307.9868825041962,-103.14563192982298,-307.4561886390807,-103.14562709056321,-104.51998141681985,-307.84604998615634,-307.45258501483426,-301.9960639363124,-307.4561763154716,-307.45256861427805,3.3029100935377826e-45,0.9991004337079502,4.3066091699161776e-45,1.0,1.0,0.9991028511641441,1.0,0.5025426763260477,1.0,0.5029951538114807,1.0,3.543872959367649e-45,3.5470637783783305e-45,1.0,1.0,1.0,1.0,1.0,6.609616730260884e-44
1355,-56.25828920947289,-305.19286209473967,-58.337924049618806,-305.9417349224859,-58.33786364298477,-58.33692965181086,-306.2114456799909,-305.1562446790911,-306.35226639947075,-306.35752010793516,-306.35749891398973,8.801249253547663e-55,0.35351922158046556,6.052414347659155e-55,0.6876767346657695,1.0,0.3535298991948355,1.0,0.3536950346533799,1.0,1.0,1.0,5.2888555452593e-55,1.496058834259319e-54,1.0,0.9320112815150504,0.5499043856231636,1.0,1.0,1.394301598170761e-54
1356,-105.33362999507341,-307.9873174014765,-105.33363128665418,-307.9873157659922,-105.33363198827212,-105.34358556488712,-307.4246288004174,-307.9743663606952,-301.7807613709849,-307.98731693414186,-307.9743668753326,9.869858150219437e-45,0.999999354209822,9.869866221221703e-45,1.0,1.0,0.9999990034011425,1.0,0.9950345837331132,1.0,0.9950352263170891,1.0,1.307667072705997e-44,1.3076679171850969e-44,0.7596718007131509,1.0,1.0,1.0,0.9999996491910939,2.198102102562056e-43
1357,-207.15359792559065,-309.0923256333233,-207.1535906906965,-309.09233674037637,-211.0735574921129,-207.98566298998523,-309.1942176434376,-309.088481994011,-307.9162803533092,-309.09233627493904,-309.0866923165698,7.316216223683849e-23,1.0,7.316175592995709e-23,0.9999944464888861,1.0,0.14086126864774376,1.0,0.6596588099847607,1.0,0.6596564237082421,1.0,6.952819633333696e-23,6.95279448192212e-23,1.0,1.0,1.0,1.0,0.14086075909048074,9.351255527211074e-22
1358,-208.52666888720267,-307.89873955603787,-208.5268020817627,-308.71304699242705,-208.5258119863497,-208.80375275561926,-309.0042102016736,-307.8859326696236,-307.7768871814637,-307.8837573204597,-307.89898555269707,2.6401525813431224e-22,0.9999334049375389,1.7571321033450812e-22,0.6655418765422917,1.0,1.0,1.0,0.8706267414604965,1.0,0.8706847247641261,1.0,1.519074683501154e-22,1.5191758531119814e-22,1.0,1.0,1.0,1.0,1.0,2.804806207385996e-22
1359,-81.63604215367585,-308.67446502450815,-81.98613665732427,-308.674489353722,-81.98613602838873,-81.98611593659729,-309.13696432379277,-308.6718933512686,-300.47118160828165,-309.19197399592696,-309.19596725198664,5.003027425420791e-50,0.8394173558307574,5.002966565928949e-50,0.9999878354670738,1.0,0.8394176198005022,1.0,0.8394260525447339,1.0,1.0,1.0,3.9701090571784504e-50,4.72960087089132e-50,1.0,1.0,1.0,1.0,1.0,3.6022608915520074e-48
1360,-255.1515987956983,-309.6047775557951,-219.3324086457178,-307.3777771162252,-255.15158770368134,-255.1190637009645,-309.2820369706195,-308.0350835324608,-309.55131917553877,-307.37777750851103,-308.03507742713697,1.498450742275778e-12,1.0,4.562779401256174e-12,1.0,1.0,1.0,1.0,1.0,1.0,1.6944415479836197e-08,1.0,1.7608594759648328e-12,2.935529064259194e-20,1.0,0.8740295424570151,0.4685474875822849,1.0,1.667109377461786e-08,1.5390346665856547e-12
1361,-93.03070925203372,-305.2335297476402,-93.27341722988959,-305.2335342069677,-93.27321872084755,-93.27298175002981,-306.10328937007887,-305.18666527983623,-306.4500996151057,-305.23868271911306,-306.4522461518038,8.331880016049323e-47,0.8857203688884977,8.331861438779303e-47,0.999997770338736,1.0,0.8858082850024314,1.0,0.8859132465773444,1.0,1.0,1.0,5.393579753541882e-47,6.089483705009914e-47,1.0,0.8407969200761773,0.5316780363717372,1.0,1.0,5.119510984197595e-47
1362,-63.13406726402951,-306.92816884322843,-63.13406198916235,-306.9281746762342,-63.134057753497515,-63.76636963234435,-306.63338490737635,-306.91121213910105,-306.91122044062035,-306.9281719134214,-306.91122098573896,1.1502267985775057e-53,1.0,1.1502234439426093e-53,0.9999970835013596,1.0,1.0,1.0,0.7289492362604496,1.0,0.7289473137077898,1.0,1.3328921190963221e-53,1.3328886036865194e-53,0.8703032056030584,0.8702995931911259,0.9999958492489638,1.0,1.0,1.1600099528481937e-53
1363,-60.409965342805165,-306.3235345301327,-60.40997370803838,-306.3194410863059,-60.40997316468814,-60.415906575425936,-306.43773851353046,-306.33993118310104,-306.33992748183096,-306.3156273123961,-306.3399295131742,3.986088514992029e-54,0.9999958173921403,3.994255284406403e-54,1.0,1.0,0.9999960890661607,1.0,0.997033791604425,1.0,0.9970379618232406,1.0,3.764851568041793e-54,3.764867315005415e-54,1.0,1.0,1.0,0.9918351881439014,1.0,3.9535656309307763e-54
1364,-117.07338640567134,-310.4908540604797,-117.07339455179928,-310.49090108434467,-117.07336973123118,-117.08095089970254,-310.80159627311,-310.4904915514977,-304.67046085972845,-310.4909018053134,-310.4356709526372,9.998400911325104e-43,0.9999959269443253,9.998165832361605e-43,0.9999764883439206,1.0,1.0,1.0,0.9962248966714091,1.0,0.996228954367405,1.0,8.559605178001189e-43,8.559640041891663e-43,1.0,1.0,1.0,1.0,1.0,1.8357318833620837e-41
1365,-111.60634159030934,-309.40894696865314,-111.60779453004434,-309.4215677098414,-111.60751663859872,-112.08872292132081,-309.50653291555307,-309.42130737405927,-300.78066945510375,-309.4114940146094,-309.4060060717849,1.1161176835085482e-43,0.9992737939478441,1.109096742965581e-43,0.9937094979797398,1.0,0.999412648413823,1.0,0.7856918077802979,1.0,0.7862627965817606,1.0,1.0629662362145412e-43,1.0637387297179815e-43,1.0,1.0,1.0,0.9938388554683292,1.0,8.347795545645692e-42
1366,-101.48034997741917,-309.22766338256224,-104.15007165735615,-309.3044696088473,-104.15006786431144,-104.08386811260627,-309.31293185738247,-309.2326595366776,-298.0872327988774,-309.28339369690514,-309.31043518544556,7.7311496335323e-46,0.26319479910423166,7.439878082961719e-46,0.9623249368622665,1.0,0.2631952982595254,1.0,0.272052812591671,1.0,1.0,1.0,7.408465536314518e-46,2.814822162720825e-45,1.0,1.0,1.0,0.9975050405402724,1.0,7.710449844481929e-43
1367,-189.39897594447262,-307.95859054090306,-193.08130890819655,-307.94321635723287,-189.39900622041972,-189.6088606676414,-308.2739512815979,-307.9748228766982,-306.2934651808502,-307.9518520860464,-307.9785499102791,1.7993133495125845e-26,0.15863227646784558,1.8131981349080934e-26,1.0,1.0,0.9999848621410301,1.0,0.9003764173608324,1.0,1.0,1.0,1.5368344505402843e-26,9.688031242820848e-26,1.0,1.0,1.0,0.991916679268645,1.0,4.137049851773675e-26
1368,-136.38112618730526,-308.87122419420155,-136.6097856901885,-308.87122900163354,-136.60976659183333,-136.60954412557408,-308.38413148950934,-308.8688981644018,-299.4680881736343,-308.92570643627727,-308.86890500739634,3.5014757774496596e-38,0.8919637810401174,3.5014673609064327e-38,0.9999975962868929,1.0,0.8919722986013223,1.0,0.8920715209899449,1.0,1.0,1.0,4.4670618250555844e-38,5.008120195022469e-38,0.7847552937952715,1.0,1.0,1.0,1.0,4.322796612820684e-36
1369,-131.43011561733877,-305.4474693661533,-131.4301116723778,-305.4474783354313,-131.43010869002265,-131.6509176169181,-305.59800578153806,-305.42972829839755,-299.17547647670943,-305.4474739881448,-305.4297378183746,1.6315927082412093e-38,1.0,1.6315853911533537e-38,0.9999955153710633,1.0,1.0,1.0,0.8954749780125135,1.0,0.8954732117073321,1.0,1.513293575999516e-38,1.5132905910604144e-38,1.0,1.0,1.0,1.0,1.0,3.7545353933821452e-37
1370,-97.7236642058196,-305.83470773790924,-97.72366326261708,-305.83471653456263,-97.72358596898682,-97.72579577173948,-306.08313850075467,-305.8225132078579,-305.8225236029127,-305.8347189651145,-305.82252438070304,6.445566381129969e-46,1.0,6.445538031485639e-46,0.9999956016829777,1.0,1.0,1.0,0.9989347847850023,1.0,0.9989343136862091,1.0,5.692657179511198e-46,5.692654494847524e-46,1.0,1.0,0.9999948024861066,1.0,1.0,6.484699381788768e-46
1371,-98.11190121009321,-305.676256783896,-98.26584323486728,-305.6762569261175,-98.11190932324098,-98.26574231369293,-305.10546022995703,-305.67104768076024,-300.6051161766498,-305.6715481787231,-305.67104847201756,8.471744848599149e-46,0.9259166933322288,8.471744246167051e-46,0.999999928889255,1.0,0.9999959434343422,1.0,0.9259634168110871,1.0,1.0,1.0,1.1269892256413053e-45,1.2171605002448427e-45,0.7536752358832799,1.0,1.0,1.0,1.0,1.0694459012383562e-44
1372,-150.2833925291338,-311.845920873086,-150.28514302765336,-311.845886794632,-150.28514038129444,-150.44964166839569,-311.3631018343261,-311.8452195961866,-308.3855301640063,-311.84587954017866,-311.8451851989679,8.263094678744107e-36,0.9991251336591308,8.263235476689657e-36,1.0,1.0,0.9991264556818614,1.0,0.9202365065579015,1.0,0.9210422954607169,1.0,1.0519268757912449e-35,1.0528479770484156e-35,0.7857953566645559,1.0,1.0,1.0,1.0,4.665912232602252e-35
1373,-204.7374541394838,-310.5806331458796,-208.61902180066124,-310.668236515095,-208.61901681947123,-208.63961486938356,-310.51377394430864,-310.6679296297739,-308.2923867439809,-310.58067041436436,-310.66794250231146,1.0385937510088252e-23,0.14359135435977724,9.940835227516034e-24,0.9571437549917982,1.0,0.14359171198813306,1.0,0.14212044666672544,1.0,0.9897562934787398,1.0,1.0739003807712802e-23,7.478865183488356e-23,0.9258177826153228,1.0,1.0,0.9572906329444741,1.0,2.270924650584525e-22
1374,-76.82083637965371,-308.49075972291337,-76.82075988678247,-308.4907366883035,-76.82081866993113,-76.91104843647602,-308.37160449683614,-308.48325310097994,-297.35035286417195,-308.4907530599339,-308.48325472570787,4.9375935212795235e-51,1.0,4.937650389377206e-51,1.0,1.0,1.0,1.0,0.9558961243125165,1.0,0.9558595653920652,1.0,5.240703180623484e-51,5.2405027462396784e-51,0.9457052797526507,1.0,1.0,1.0,0.9999706088575981,1.2960450609715053e-48
1375,-133.51379468982117,-304.9118606762786,-137.43222051941711,-304.5839434562065,-137.4322164314639,-138.16802524396866,-304.80256916902323,-290.9320416220828,-299.1939383896241,-304.9235153201177,-304.88811148871446,6.044812949305139e-38,0.14096933214229745,7.121790372182001e-38,1.0,1.0,0.14096962028060922,1.0,0.0975768235807705,1.0,0.6921847617343776,1.0,6.384328363261348e-38,4.5288774985589155e-37,1.0,1.0,0.016067633311767845,1.0,1.0,7.479772437320873e-36
1376,-92.81911023732698,-307.2709404717132,-92.81911208593056,-307.2709391446249,-92.81911398345093,-92.89693229108016,-306.7461948605017,-307.2679331290482,-301.169218863182,-307.2709400350302,-307.26793524569763,2.7063050477372553e-47,0.9999990756986401,2.7063068434906964e-47,1.0,1.0,0.9999981269397784,1.0,0.9618362829177273,1.0,0.9618371719451333,1.0,3.5182266115899275e-47,3.518229863494572e-47,0.7703817295835783,1.0,1.0,1.0,0.9999990512402614,5.719388178445081e-46
1377,-220.94938491041486,-305.95056554538394,-221.49547531410423,-307.4596399326642,-221.45719923517822,-221.40827561171903,-307.1114889080813,-305.11141945490203,-307.3554182145225,-301.6209886188286,-307.2416009427377,3.485203548030688e-19,0.7610583856084832,1.638840952602273e-19,0.47022818897573604,1.0,0.7757638187688074,1.0,0.7949744122839868,1.0,1.0,1.0,1.950459075212079e-19,2.5628244982185595e-19,1.0,0.8851796561997001,0.3256280891097062,1.0,1.0,2.225557124290625e-19
1378,-74.73871573930418,-307.97212514627654,-74.73728603367653,-307.97213256186103,-74.7386534946357,-75.19153465772597,-307.93474028394144,-307.9600120099831,-307.9600230383038,-307.97213521930917,-307.96002390172913,2.2594807702477092e-51,1.0,2.2594723925779764e-51,0.9999962922146282,1.0,1.0,1.0,0.7973915355035762,1.0,0.7968217216114956,1.0,2.3021131692812518e-51,2.3004680852709728e-51,0.987443634304931,0.9874381893973933,0.9999944858548391,1.0,0.9993165032108343,2.273123713646089e-51
1379,-140.59700192696582,-310.1684691377784,-140.97411433988145,-310.16862172299903,-140.97408299886865,-140.9737027990769,-310.8179950560431,-310.166563254794,-310.16657877238447,-310.7890572636097,-310.78808203005406,1.506689463003161e-37,0.8281539545301675,1.5065745181158618e-37,0.9999237102998908,1.0,0.8281669322236954,1.0,0.8283243816363622,1.0,1.0,1.0,1.0888824295110633e-37,1.3148309243162665e-37,1.0,1.0,0.9999922412348788,1.0,1.0,1.8210268659143359e-37
1380,-64.28167694527447,-306.5703264886545,-64.28155212335353,-306.55327953470095,-64.28142753519735,-64.82778386844475,-306.5376799432715,-306.552241535958,-306.5522378651139,-306.5532858095274,-306.5522408545544,2.441677143293315e-53,1.0,2.4625776682459915e-53,1.0,1.0,1.0,1.0,0.761052099489703,1.0,0.7610046029793751,1.0,2.4818603738139693e-53,2.4817054833578348e-53,0.9927456444455289,0.9927474665544372,1.0,1.0,1.0,2.463553361772114e-53
1381,-129.22317045714072,-310.67200112405345,-129.22393165526438,-310.6720021203042,-129.2239174256996,-129.519902587202,-310.75181119424104,-310.6699542589549,-304.81957323301964,-310.6720188841856,-310.6699748221226,3.970882595770429e-40,0.9996194733568077,3.970880617773494e-40,0.999999501874736,1.0,0.9996265854571356,1.0,0.8621154668469161,1.0,0.8624436496338537,1.0,3.815544387740537e-40,3.8169968567414884e-40,1.0,1.0,1.0,1.0,1.0,7.411187798146155e-39
1382,-44.1853031451012,-306.3174180326482,-44.18521547933737,-306.26433907974194,-44.18475730377304,-44.42071298960627,-306.25579438525403,-306.3047673589886,-306.30900823665434,-306.31741850682454,-306.28671152100316,1.1987661948282191e-57,1.0,1.2310067534543173e-57,1.0,1.0,1.0,1.0,0.8889583257375816,1.0,0.8889193609862378,1.0,1.2362772925343784e-57,1.2362231041254262e-57,0.9758108750911697,0.973743920018463,0.9978818077093949,1.0,1.0,1.2034889952210002e-57
1383,-60.03171482651132,-304.669568392374,-60.11483215721985,-304.6695721377816,-60.03039210396631,-60.11475239671,-305.0556976690151,-304.6517615911564,-304.65176797711945,-304.6695719401351,-304.6517654638485,7.543364017939219e-54,0.959293056423677,7.543349891466043e-54,0.9999981272979623,1.0,1.0,1.0,0.9593313140381708,1.0,1.0,1.0,6.218965660672537e-54,6.482863207472025e-54,1.0,1.0,0.999996807023574,1.0,1.0,7.60576935607898e-54
1384,-88.55668224613513,-307.1577743968589,-88.64037937604401,-307.1577856852953,-88.55681243465126,-88.64032192103359,-307.7916387835137,-307.1486510444612,-307.14866673481686,-307.15778977185676,-307.14866211876597,3.399194148397306e-48,0.9590149980566202,3.3991749626579074e-48,0.9999943557977087,1.0,0.9999349078605161,1.0,0.9590425485607003,1.0,1.0,1.0,2.4759055181442428e-48,2.581717202714768e-48,1.0,1.0,0.9999921548529397,1.0,1.0,3.414931088073789e-48
1385,-45.655330564009574,-304.168527594235,-49.24993850171589,-305.09872666129934,-49.24993818658821,-48.89234276650693,-305.0528662296121,-304.0969820947026,-305.09768756334427,-305.09868782142127,-305.09863953845246,7.32103554268739e-57,0.16574514045743227,4.59814173863696e-57,0.6280725877952829,1.0,0.16574516657287497,1.0,0.1981945606416465,1.0,1.0,1.0,4.7047962535492044e-57,2.838572666785046e-56,1.0,0.977838586677093,0.6063167532606014,1.0,1.0,2.775665447324786e-56
1386,-130.0063486801478,-310.25691851009435,-130.00572359430623,-310.2670531256457,-130.00632429200058,-130.08704774537324,-310.53631259821327,-310.2864455856548,-310.2864921340905,-310.28726147051964,-310.2864776435758,7.229130779362041e-40,1.0,7.192591205573015e-40,0.9949455093697587,1.0,1.0,1.0,0.9604536705938291,1.0,0.9601535345034949,1.0,6.2866086547806735e-40,6.284644126765562e-40,1.0,1.0,0.9999767260529899,0.9853449089021603,0.9996996962530234,7.122934566432768e-40
1387,-87.1116552603583,-305.7863469391646,-87.22160751765432,-305.7863525850686,-87.11177985787278,-87.22142083067565,-306.5392926654493,-305.74517697374694,-305.745183459428,-305.75027739723765,-305.74518203340074,3.2763782632934103e-48,0.9465077421032815,3.2763690142479487e-48,0.9999971770520003,1.0,0.9999377031832917,1.0,0.9465960965622023,1.0,1.0,1.0,2.248505472720923e-48,2.3755806452511502e-48,1.0,1.0,0.9999967571647232,1.0,1.0,3.344718929306523e-48
1388,-31.22937740302649,-306.10922385801183,-31.229267104823705,-306.22704593495644,-31.22938165196578,-31.25268431926297,-306.08132280677233,-306.1310712814422,-306.24165568069833,-306.21775683269664,-306.2425966404387,2.0445594780842488e-60,1.0,1.9275915337945386e-60,0.942790637521928,1.0,0.9999978755326111,1.0,0.9884141804288705,1.0,0.9883596717780819,1.0,2.0732820390519087e-60,2.0731677025633317e-60,0.9754325773153362,0.9229627184904847,0.9462086257470883,0.9891357353658111,0.9999427280690618,1.9135660922695876e-60
1389,-136.93518318608983,-309.2159322270463,-136.93518711706437,-309.19832927704704,-136.93518736532465,-136.93657224342962,-309.5605788949229,-309.18812502576316,-290.4236268667913,-309.2159838680927,-309.18397359169455,3.8878605271007826e-38,0.99999803451466,3.9222304655343707e-38,1.0,1.0,0.9999979103847726,1.0,0.9993057124593132,1.0,0.9993076765839017,1.0,3.2724393302295236e-38,3.272445762173709e-38,1.0,1.0,1.0,1.0,0.9999998758698686,4.68175673894267e-34
1390,-101.38386602217781,-306.2668158024511,-101.38386060481655,-306.52602598175986,-101.38385823794025,-101.51045469671031,-306.01383308407094,-306.5166102393848,-306.5165773278327,-306.52601584215586,-306.5166040131507,3.237671163281538e-45,1.0,2.844107200912445e-45,0.878442268371018,1.0,1.0,1.0,0.9386671483023491,1.0,0.9386646057562674,1.0,3.674237594212843e-45,3.6742276418901467e-45,0.7777201081789716,0.7777329062722123,1.0,0.8825876116307655,1.0,2.857564360480216e-45
1391,-61.48770740785088,-309.9848885816955,-61.48769079230348,-309.9842729902417,-61.48768581210405,-63.94320859754072,-309.85055066269325,-309.98471276136155,-309.984708880305,-309.98488937680446,-309.9847169075118,1.0952738625201993e-54,1.0,1.0956110350223224e-54,1.0,1.0,1.0,1.0,0.2929508021410913,1.0,0.29294836838223254,1.0,1.1713692858070574e-54,1.171359554376545e-54,0.9351194074599718,0.9351212220873865,1.0,1.0,1.0,1.0953604504321735e-54
1392,-151.22895499013183,-310.20645295607517,-151.5278441569507,-310.20647565673073,-151.52781927362517,-151.52744278895148,-311.0864493259311,-310.136588889088,-308.11208532103217,-310.19982042678475,-310.20587241832123,3.0093655379848525e-35,0.8611861606982436,3.00933138089344e-35,0.999988649736633,1.0,0.8611968753526837,1.0,0.861359004324275,1.0,1.0,1.0,1.9381445286834671e-35,2.2505523394756378e-35,1.0,1.0,1.0,1.0,1.0,9.957691136190733e-35
1393,-103.16196730384743,-309.9566894999607,-103.16102505584966,-309.95663964421345,-103.16014522142592,-103.25507989953626,-309.924462586729,-309.95291482132836,-301.87875603542125,-309.9566926754895,-309.95292191192675,1.2447915506168579e-45,1.0,1.2448225810100813e-45,1.0,1.0,1.0,1.0,0.9545108221555516,1.0,0.9540612351139768,1.0,1.265011917762531e-45,1.264416080656819e-45,0.9858745957561479,1.0,1.0,1.0,1.0,7.0599550507836e-44
1394,-23.016578136463465,-303.39358644629993,-23.016576281180477,-303.81538933525485,-23.016182157993455,-23.171619700494304,-303.85820325353404,-303.8001276558852,-303.800127189839,-303.81539557370616,-303.8001305251704,1.3088992511824642e-61,1.0,1.0600171351626395e-61,0.8098538785204537,1.0,1.0,1.0,0.9254077923577874,1.0,0.9254069339115182,1.0,1.0375665483996954e-61,1.0375655859103915e-61,1.0,1.0,1.0,0.816057382505445,1.0,1.0679256870615232e-61
1395,-56.88629121195791,-306.5763955134568,-56.886286212444105,-306.5934875753923,-56.88628289506886,-57.175635085151484,-306.65379089134655,-306.5871843580122,-306.58719275018535,-306.597666528461,-306.5871919881947,6.032297585307748e-55,1.0,5.98096504051654e-55,0.9914903825507172,1.0,1.0,1.0,0.8653061218224356,1.0,0.8653039587701882,1.0,5.80332062327078e-55,5.803306116398129e-55,1.0,1.0,0.9999958039222391,0.9946201014906362,1.0,5.9997943108430154e-55
1396,-99.94263880070318,-306.91216910438897,-99.94250674416497,-306.91217841200233,-99.94261798598802,-99.96010989187599,-307.1332753410235,-306.89634817075716,-299.96510404965403,-306.91217464039823,-306.8963596103079,1.1406109419980753e-45,1.0,1.1406056338275986e-45,0.9999953462041449,1.0,1.0,1.0,0.9913024984329246,1.0,0.9912370466056549,1.0,1.0212331978998713e-45,1.0211657698655697e-45,1.0,1.0,1.0,1.0,0.9999443806352897,3.678485284244698e-44
1397,-71.38993913953789,-308.687012968856,-71.3899295509776,-308.68700919158834,-71.38945878435294,-72.56332791363204,-308.54865931064825,-308.68349571499476,-308.68131791681805,-308.68493770587224,-308.68349569824267,2.9620687345576007e-52,1.0,2.9620743288260517e-52,1.0,1.0,1.0,1.0,0.556162708115419,1.0,0.5561600417219821,1.0,3.17422894262682e-52,3.174213724520485e-52,0.9348041824393326,0.935822644261827,1.0,1.0,1.0,2.9698019570334864e-52
1398,-42.52739231965079,-306.423857950816,-42.83855830032492,-306.5260500977518,-42.83844281081677,-42.83855373464398,-306.41217727635325,-306.4075538228321,-294.2402791316246,-306.526049329962,-306.5260314464472,4.961472531723033e-58,0.8559160412205697,4.714328577676046e-58,0.950187378350523,1.0,0.8559654673089125,1.0,0.8559179951425775,1.0,1.0,1.0,4.990533986213849e-58,5.830634952345417e-58,1.0,1.0,1.0,1.0,1.0,2.5632140370871833e-55
1399,-82.66308414689986,-306.64040315395386,-83.20449385110103,-306.6404071790267,-83.20444943945142,-83.20425888095129,-307.07021246062413,-306.6189104078373,-306.6189180147287,-307.1646106520879,-307.1695172679573,2.311762112921213e-49,0.7628416142819379,2.3117574604204546e-49,0.9999979874656121,1.0,0.7628585539972585,1.0,0.7629312420509684,1.0,1.0,1.0,1.864709729280718e-49,2.4444258078867144e-49,1.0,1.0,0.9999961965615254,1.0,1.0,3.0631238739584716e-49
1400,-106.39692150632355,-307.23186264509366,-106.39961171575423,-307.2437382136312,-106.39838484043207,-107.00910569362912,-306.72979653397607,-307.24254416823936,-301.7143148706158,-307.24909009609,-307.2488448206896,2.450454511755173e-44,0.9986557995325251,2.435947354313078e-44,0.9940798095322747,1.0,0.999268600548809,1.0,0.7363188060450916,1.0,0.7373098983551345,1.0,3.149698008460734e-44,3.1539375327666704e-44,0.7738526353442569,1.0,1.0,0.994673474938356,1.0,3.869765781570217e-43
1401,-67.27397107694568,-303.08521202398964,-67.27359015968115,-303.08520707752695,-67.27396623191879,-67.69451774557282,-302.90914787843747,-302.9829483199799,-302.98294173833403,-303.08519775177547,-302.9829520106567,6.2264376418483384e-52,1.0,6.226453041288097e-52,1.0,1.0,1.0,1.0,0.8103627157590079,1.0,0.8102083898813377,1.0,6.799414020033937e-52,6.798119136254157e-52,0.9637722950079113,0.9637754666171127,1.0,1.0,0.9998119815588616,6.5530925449071024e-52
1402,-7.799675857525358,-301.9809848801809,-7.799225894985483,-301.98098534060756,-7.799634640336635,-7.809836042030838,-302.1835745784766,-302.0765842561085,-302.07658459481564,-301.9809840870418,-302.07658507784765,1.316256128244032e-64,1.0,1.316255825224397e-64,0.9999997697867097,1.0,1.0,1.0,0.9949327895930217,1.0,0.9947089735286718,1.0,1.1894566320754795e-64,1.189189056712718e-64,1.0,1.0,0.9999998306464449,0.9533247303706577,0.9997956482070968,1.2547934462532408e-64
1403,-203.7315128626933,-305.8475836750319,-203.73151232094835,-306.16179389770116,-203.73150988003226,-203.80111398254905,-302.6397374216437,-306.16175486406723,-306.15542730686445,-305.84733921724626,-303.4264615040646,6.695406757377269e-23,1.0,5.72198985336496e-23,0.8546142244547367,1.0,1.0,1.0,0.9657980158768331,1.0,0.9657977542687682,1.0,3.3292923250032884e-22,3.329291423189748e-22,0.1718714060195277,0.17241603017692633,1.0,0.854630903966894,1.0,5.740225099176478e-23
1404,-36.36823654359179,-308.4426125359669,-36.367912958575516,-308.442618340002,-36.36834953041509,-37.7551451548715,-308.28371748672566,-308.4412029965904,-308.44121313231466,-308.44261777066697,-308.4412130788855,8.313806640430942e-60,1.0,8.313782513652835e-60,0.9999970979866406,1.0,0.9999435081840745,1.0,0.4998464610390856,1.0,0.4997655961683116,1.0,9.001264865530523e-60,8.999808646117334e-60,0.9242776597347535,0.9242729756348701,0.9999949321507081,1.0,0.9997817379028521,8.32009587906625e-60
1405,-74.5598277895896,-304.63560283456746,-74.55981776138823,-304.6256008349652,-74.55981537884546,-74.68876160479839,-304.65441316138,-304.5749575443831,-304.56814699842124,-304.57408638356463,-304.58296521487415,1.095671182136756e-50,1.0,1.1011643577370732e-50,1.0,1.0,1.0,1.0,0.9375671400913972,1.0,0.937562439047142,1.0,1.0854145240081608e-50,1.0854090816440937e-50,1.0,1.0,1.0,1.0,1.0,1.133249126350234e-50
1406,-0.426703819426848,-303.16990604294625,-0.42669386006299703,-303.1607829756622,-0.42672930096689754,-1.9778000253396328,-303.1232188852528,-303.1917400325568,-303.16571304806234,-303.16265731512453,-303.19173632092145,1.8203249440650725e-66,1.0,1.828647384652431e-66,1.0,1.0,0.9999872593111385,1.0,0.46045133708352715,1.0,0.46044904418803534,1.0,1.8633176929425698e-66,1.8633084142362115e-66,0.9663196743822082,0.9789770476599357,1.0,0.989142379323732,0.999982279705056,1.8241684950526819e-66
1407,-115.42914848662286,-305.21659096149784,-115.42914642163011,-305.21658520155864,-115.4291416653644,-116.57234697805535,-304.7777485014056,-305.2142662469572,-301.7424401889849,-305.2165381408548,-305.2142591051135,6.14017146897597e-42,1.0,6.14018915250858e-42,1.0,1.0,1.0,1.0,0.5646217473691209,1.0,0.5646211643995127,1.0,7.646697829385387e-42,7.646689934201538e-42,0.8039173024233335,1.0,1.0,1.0,1.0,3.488038524820047e-41
1408,-44.43009871680799,-304.0788965501823,-44.43009817580642,-304.0788962170814,-44.43009743122076,-44.441248059866325,-303.7150936886686,-304.0133341355945,-295.71307163379254,-304.07884567799914,-304.0133333247242,4.149348707494572e-57,1.0,4.149349398570546e-57,1.0,1.0,1.0,1.0,0.9944408381183809,1.0,0.9944405691213904,1.0,4.977126989047808e-57,4.977125642731107e-57,0.8614655403025725,1.0,1.0,1.0,1.0,2.7201662870568972e-55
1409,-38.58027238873203,-305.7155279944609,-38.73805376656611,-305.9107483764905,-38.73805283991999,-38.738045906651124,-305.87873444632527,-305.6801290890453,-306.0029015378247,-305.9930548932784,-306.00420141345705,9.824631825132973e-59,0.9241409377707618,8.910964571171763e-59,0.9070023925350934,1.0,0.9241413659466697,1.0,0.9241445696125019,1.0,1.0,1.0,9.054749782265813e-59,9.798018259106799e-59,1.0,0.9398043668507169,0.8509633448316687,1.0,1.0,9.208216080011565e-59
1410,-130.7301183064556,-305.108626949682,-130.72176557392706,-305.10861879554875,-130.7299779655043,-130.7645238506895,-304.4864175025495,-305.1072926283506,-300.35534190465455,-305.10860865464383,-305.1067486978343,1.3620340564638403e-38,1.0,1.3620396095787462e-38,1.0,1.0,1.0,1.0,0.9829443507190775,1.0,0.97884777544684,1.0,1.8590840788710395e-38,1.8513360533994553e-38,0.7331260972498381,1.0,1.0,1.0,0.9959022231061524,1.4666288549451637e-37
1411,-111.32846801686034,-308.46066496489647,-111.57024830761372,-308.5391085825763,-111.57024774016071,-111.57015951523258,-308.54875058436266,-308.47654977188677,-300.0144239159421,-308.5484688864752,-308.54470705310547,1.560584646932318e-43,0.886131299866287,1.5005605163668422e-43,0.961537407994188,1.0,0.8861315512852613,1.0,0.8861706415936549,1.0,1.0,1.0,1.4933437228389441e-43,1.6852397867723177e-43,1.0,1.0,1.0,0.9920890540535486,1.0,1.2018964987364958e-41
1412,-23.394184831979658,-301.9246147314064,-23.819131414008936,-301.02850730499426,-23.81912691510051,-23.81910986227456,-301.9570827627031,-301.9280557464807,-301.9498346057761,-301.8562077750274,-301.9818192974648,3.295229191593342e-61,0.8085819124355084,5.157899567859382e-61,1.0,1.0,0.808583731305543,1.0,0.8085906256537541,1.0,1.0,1.0,3.242166266866745e-61,4.0096942771093964e-61,1.0,1.0,0.989169645565085,0.9982809716874742,1.0,4.0242430348131285e-61
1413,-82.41627060728754,-304.2548839260843,-84.06021692384097,-306.0966304090715,-84.06014256364895,-84.05925584530357,-303.11856026872204,-304.2423661380601,-306.092635274698,-306.09662046089846,-306.09662855947585,6.735303670804971e-49,0.4395634699560289,2.6818038750773596e-49,0.39817118962311526,1.0,0.4395798132718648,1.0,0.43977474822411566,1.0,1.0,1.0,1.188794338966413e-48,2.704488475999476e-48,0.5701231238820522,0.22604131131439936,0.39647806209867575,1.0,1.0,6.113033928082339e-49
1414,-63.78907769273397,-307.9869740734493,-63.78904415742804,-307.9862930852761,-63.78906558941989,-63.79658493807324,-308.0910595632347,-307.98720445286705,-297.4228620592619,-307.9831904641632,-307.98520505861325,9.399409153791464e-54,1.0,9.402610141953754e-54,1.0,1.0,1.0,1.0,0.9962534133656448,1.0,0.9962367086741932,1.0,8.922749030859977e-54,8.922599418555047e-54,1.0,1.0,1.0,0.9998848169252009,0.999989284061489,1.8495484121930476e-51
1415,-140.87213053346107,-304.5366980956209,-140.87212981092938,-304.5357329785369,-140.8721249434449,-142.01223779912263,-303.998803272517,-294.5967293081094,-302.02229539163403,-304.53667829703414,-304.4072262927906,2.888621985278321e-36,1.0,2.890016250872307e-36,1.0,1.0,1.0,1.0,0.5654951087827298,1.0,0.565494904488697,1.0,3.7800112214236165e-36,3.780009855834907e-36,1.0,1.0,0.024409496007415876,1.0,1.0,1.0155121136251893e-35
1416,-141.52397561893196,-307.85915729622053,-142.6105804497004,-308.7030560467147,-142.6105399426319,-142.60946044105037,-307.91943774868764,-307.8579238796571,-306.4251952127832,-308.636525417473,-308.7028779867852,7.599311128029612e-37,0.5808269497959542,4.98337925854824e-37,0.6557672366074505,1.0,0.5808387137136026,1.0,0.581152306491998,1.0,1.0,1.0,7.373683485879975e-37,1.269514695981373e-36,1.0,1.0,1.0,1.0,1.0,2.679782709551037e-36
1417,-165.0440067995686,-310.858978416873,-165.04285681747075,-310.86999195300183,-165.043928319522,-166.1774039731295,-310.87035510309966,-310.8665870332084,-310.8716031841818,-310.8685720615165,-310.86944564465955,2.1711069813986396e-32,1.0,2.159184057327528e-32,0.9945083663894642,1.0,1.0,1.0,0.5673955571771993,1.0,0.5670694035873077,1.0,2.158792038968158e-32,2.157551109665068e-32,1.0,0.9993761541317182,0.9974950671067853,0.996202919044863,0.9994643924633316,2.1573606289318573e-32
1418,-114.48841005493999,-306.0574204071461,-114.59453099578735,-306.0620818483908,-114.48841816745242,-114.59440107769736,-305.35235430207575,-306.05410309604287,-302.48650639557883,-306.06089097960944,-306.0541039903518,2.5195208124367724e-42,0.9483226652750554,2.513655351351564e-42,0.9976719933980057,1.0,0.9999959437520104,1.0,0.9483842694105931,1.0,1.0,1.0,3.5844383036555024e-42,3.779766565650762e-42,0.7040721818919302,1.0,1.0,1.0,1.0,1.502221028578069e-41
1419,-104.69672609111684,-303.72686693425464,-104.69672476738845,-303.73552494880977,-104.69672011591223,-105.6859024759874,-303.61955250197684,-303.7294223486255,-298.2177431307082,-303.73537057727424,-303.72942435778873,6.041628955283901e-44,1.0,6.015531228948388e-44,0.9956803493679113,1.0,1.0,1.0,0.6098219849014472,1.0,0.6098215812822411,1.0,6.374660828827716e-44,6.374656609669414e-44,0.9465467440646885,1.0,1.0,0.9987231087348492,1.0,9.493881052477998e-43
1420,-44.53558209681704,-306.9513685465921,-44.53581838387845,-306.9513752878232,-44.535829222443795,-45.39206365896122,-306.73322028550956,-306.9392606975854,-306.9392719607705,-306.95379406077325,-306.93927159723705,1.0402458461778686e-57,0.999881863447966,1.0402423399149405e-57,0.9999966293901215,1.0,0.9998764448201916,1.0,0.6516544898405134,1.0,0.6517314831507848,1.0,1.1601290005598234e-57,1.1602660703928149e-57,0.9021087452538504,0.9021036649592596,0.9999943684232998,1.0,0.9999945807320119,1.046685946700874e-57
1421,-98.38186613928386,-306.7414162792527,-99.84278768312959,-306.89264739741714,-99.84280028118073,-99.83997121159159,-306.91256809934583,-306.75542852729166,-297.29669978697564,-307.0994985660259,-306.88518328420923,5.692441303716495e-46,0.48168699110756985,5.2778754965008986e-46,0.9271725811305368,1.0,0.4816839569584517,1.0,0.48236579780566513,1.0,1.0,1.0,5.225566942442173e-46,1.084847014536704e-45,1.0,1.0,1.0,0.9930183616508202,0.9999937009942674,1.3287109289098836e-43
1422,-34.62748304722889,-304.22352189108113,-34.6272565926043,-304.2290646183446,-34.62757166071259,-36.00864860691725,-304.2622335628762,-304.25862883450935,-304.2586196208488,-304.23431299937073,-304.25862114561494,2.8705425815913118e-59,1.0,2.8625982776395643e-59,0.9972324730513669,1.0,0.9999556942396804,1.0,0.5012838458018669,1.0,0.501227089992523,1.0,2.8155150998837554e-59,2.8151963247236112e-59,1.0,1.0,1.0,0.9825996929704456,0.9998424783536911,2.8207322280452367e-59
1423,-90.62096556594022,-305.53423100454586,-90.62096115500282,-306.0266108288007,-90.62095737213713,-91.23792983874714,-305.3190855924471,-306.0232014270977,-301.3225210452048,-306.0266076026943,-306.02312491668465,2.1487078284068898e-47,1.0,1.6798033605785114e-47,0.7817737425120165,1.0,1.0,1.0,0.7345610739846318,1.0,0.7345594539349585,1.0,2.3927404897297604e-47,2.3927352126213065e-47,0.7032393910522561,1.0,1.0,0.7831075694414921,1.0,1.7649677904682906e-46
1424,-24.66342881610177,-303.5634967885468,-24.662739925906266,-303.5634966949518,-24.663370026631966,-24.73027227039509,-303.26531187725755,-303.4044431861527,-303.4044411339729,-303.56349362000583,-303.40444448326843,2.7391747431831447e-61,1.0,2.7391748713695797e-61,1.0,1.0,1.0,1.0,0.9671306083411173,1.0,0.9667975423089618,1.0,3.1795800936743766e-61,3.178485091493135e-61,0.9327988889783289,0.9327998461143429,1.0,1.0,0.9996849992603037,2.965824641177314e-61
1425,-76.67925805817215,-306.1932620683122,-76.67925583777813,-306.167928694184,-76.67925088823304,-78.6107679295093,-306.40676753249124,-306.18010328120465,-298.0859577397406,-306.16669136675813,-306.1800889971292,1.4509995222296023e-50,1.0,1.4694957749283447e-50,1.0,1.0,1.0,1.0,0.3806956904718835,1.0,0.3806952678249001,1.0,1.3040827401707754e-50,1.3040812923828144e-50,1.0,1.0,1.0,1.0,1.0,8.358810488885098e-49
1426,-45.75005522129699,-305.54971774590626,-46.32602016372371,-306.2796364730779,-46.32592563194517,-46.32597431832626,-306.05851052962976,-305.49622462560694,-305.4962248501919,-306.27963489007277,-306.2796199205721,3.8478672676552697e-57,0.7497747347652075,2.671285119472255e-57,0.6942248611137801,1.0,0.7498101743723355,1.0,0.749791921822551,1.0,1.0,1.0,2.98357619513009e-57,3.979296789807673e-57,1.0,1.0,0.9999998877075377,1.0,1.0,5.270897710196377e-57
1427,-151.14611538616072,-314.94079095920256,-151.1457683553341,-314.94426820072806,-151.14599834688886,-153.2536896229688,-314.93953998060573,-314.9443231031179,-309.51734982007,-314.94435957319786,-314.90099224237997,2.706687496601851e-36,1.0,2.701985682042568e-36,0.9982628897627902,1.0,1.0,1.0,0.3486149997064685,1.0,0.34855451487838546,1.0,2.708381030253501e-36,2.707911125168712e-36,0.9976112962481257,1.0,1.0,0.9982354866297578,0.9998850108343804,4.074721978380461e-35
1428,-101.33038072126655,-307.3066942426586,-101.81456035313168,-308.04752248420095,-101.81455798517993,-101.81449728043663,-308.0026644733314,-307.3023345586179,-300.2482067250124,-308.0475229688811,-308.0474834016175,1.8741822370321783e-45,0.7849856701655167,1.2940260189604559e-45,0.6904483424245826,1.0,0.784986599570163,1.0,0.7850104261367701,1.0,1.0,1.0,1.3233776692742017e-45,1.6858622005101826e-45,1.0,1.0,1.0,1.0,1.0,8.14105453861364e-44
1429,-60.547144302236774,-304.43910543263934,-60.54714238246919,-304.3391010737164,-60.547138474220546,-61.01846788727332,-304.6033766486607,-304.4326543489944,-304.43265132590557,-304.30301510410754,-304.43265263741023,1.0953011666436141e-53,1.0,1.1514609678814522e-53,1.0,1.0,1.0,1.0,0.7900478288399988,1.0,0.790047070486257,1.0,1.0089334224245118e-53,1.0089324539661416e-53,1.0,1.0,1.0,1.0,1.0,1.0988382692365088e-53
1430,-47.460468065545356,-309.5226151466015,-47.46046151968308,-309.5226108796351,-47.46045652422984,-50.72555501651067,-309.1732208595475,-309.52249062182517,-296.03272017331903,-309.52261269943523,-309.52248930812266,1.2414459141958043e-57,1.0,1.2414485628026021e-57,1.0,1.0,1.0,1.0,0.19543186528222992,1.0,0.19543122564823928,1.0,1.478419931559847e-57,1.478415092801138e-57,0.8397635783221876,1.0,1.0,1.0,1.0,1.0549181670410792e-54
1431,-30.613974950795694,-301.43904706422245,-30.613974785355012,-301.43904724191094,-30.613974370843437,-30.617351912726974,-301.7798370214354,-301.40613994252317,-301.4061443082037,-301.43903534847135,-301.40614267612415,1.5526830429477163e-59,1.0,1.5526829050007915e-59,0.9999999111557583,1.0,1.0,1.0,0.998312943716383,1.0,0.9983128611355995,1.0,1.3094267569510187e-59,1.309426648634794e-59,1.0,1.0,0.9999978171621201,1.0,1.0,1.5784376330438542e-59
1432,-102.65005771419402,-304.3526337680527,-102.65254423303065,-304.3512892585934,-102.65253953830182,-103.70215242890643,-303.9112738217392,-304.3093568065251,-299.3224852318558,-304.3512899366948,-303.67248786571304,1.5879693550458324e-44,0.9987575131084904,1.5890372338583891e-44,1.0,1.0,0.9987598575590872,1.0,0.5909361188466253,1.0,0.5916712626345317,1.0,1.98007760417353e-44,1.98254088523534e-44,0.8195158889521752,1.0,1.0,1.0,1.0,1.966363999748416e-43
1433,-205.47896447331144,-307.8217113282616,-205.47895752146357,-307.82151305870536,-205.47895312005588,-206.11221669733555,-306.04392840218753,-304.08121521728805,-307.81924784527314,-307.82167001558946,-307.8216228537701,5.977985936928354e-23,1.0,5.978578592613649e-23,1.0,1.0,1.0,1.0,0.7286031201601254,1.0,0.728600587595504,1.0,1.4541042589104982e-22,1.4540992045634878e-22,1.0,0.411617927002526,0.15427534569710144,1.0,1.0,5.985319830453601e-23
1434,-149.60751388103068,-309.131754573542,-149.60750973271485,-308.5318906498056,-149.6075046995919,-152.65362605794377,-309.13063179472795,-308.5314618029003,-307.71811881463896,-308.53188350858215,-308.5314545713035,2.2895559913708275e-35,1.0,3.090367050436596e-35,1.0,1.0,1.0,1.0,0.2180445043886938,1.0,0.21804405213042732,1.0,2.2908416847047398e-35,2.2908369331422581e-35,1.0,1.0,1.0,1.0,1.0,4.6421201802240076e-35
1435,-37.397608489604664,-302.78389165875507,-37.39760815589318,-302.78386488124505,-37.39760448962072,-37.78246327804604,-302.05531384859324,-302.2041491994899,-302.6576775712027,-302.78386651135804,-302.65771039323903,2.3555960826196997e-58,1.0,2.355627621329668e-58,1.0,1.0,1.0,1.0,0.8249542124727365,1.0,0.824954074824401,1.0,3.3908570758103055e-58,3.390856510026323e-58,0.9282838914686129,0.739943193475098,0.7971087296413749,1.0,1.0,2.50903659523461e-58
1436,-96.19871306773689,-306.39771650568457,-96.19871004930368,-306.6153306247097,-96.19870522124845,-97.53440746819318,-306.30744977207644,-306.61011170812344,-300.8609824797781,-306.3977043042445,-306.6101068651346,2.2691664439584003e-46,1.0,2.0352232117430744e-46,0.8969034497940106,1.0,1.0,1.0,0.5128113705161139,1.0,0.5128105965732636,1.0,2.3739279012165054e-46,2.3739243184478048e-46,0.8595631636544596,1.0,1.0,0.899246938227094,1.0,3.615356817589899e-45
1437,-28.68000499222309,-302.428688346308,-28.679488346116372,-302.4286691645423,-28.679837130118997,-29.101878031638932,-302.0145460330088,-302.3245834564569,-302.3245772944392,-302.4286801539113,-302.32458112547306,3.5993882576796676e-60,1.0,3.599422779156253e-60,1.0,1.0,1.0,1.0,0.8098254732071867,1.0,0.8096163036360843,1.0,4.427499860865957e-60,4.426356283295731e-60,0.8563991526290757,0.8564017912064898,1.0,1.0,0.9998256232040885,3.791400581818043e-60
1438,-168.0196231427946,-306.11334843804235,-168.01962744483876,-306.11335497856464,-168.0196307124665,-168.30449090520233,-306.5507216534636,-306.11300571789553,-305.50098078943796,-306.1133576460312,-298.6673059566628,1.031165939567278e-30,0.9999978489802259,1.0311625673908806e-30,0.999996729744201,1.0,0.9999962151712085,1.0,0.8672448935849443,1.0,0.8672467590498719,1.0,8.286176359656551e-31,8.28619418342415e-31,1.0,1.0,1.0,1.0,0.9999983661874683,1.4005678357252783e-30
1439,-201.58280828961446,-308.786072061897,-201.58280223410554,-308.7864470950187,-201.58279716468093,-200.77479162058404,-308.8168803025449,-308.7868693499473,-305.9128121025502,-308.7864485834029,-308.7868724471425,5.2614694229715086e-24,1.0,5.260482902817732e-24,0.9998125010193032,1.0,1.0,1.0,1.0,1.0,1.0,1.0,5.1810421608658535e-24,5.181026473966098e-24,1.0,1.0,1.0,0.9996014354228181,1.0,2.2132226586065868e-23
1440,-29.50075974583477,-304.27426856988416,-29.500758770171004,-304.27426965592457,-29.500756566872653,-29.608743637778673,-304.2406925212355,-304.1715939781658,-304.1715858595336,-304.2742644699206,-304.17159768475415,2.15620809545772e-60,1.0,2.1562069245934724e-60,0.9999994569799409,1.0,1.0,1.0,0.947439737177287,1.0,0.9474392749860885,1.0,2.192712127353081e-60,2.1927110576784441e-60,1.0,1.0,1.0,1.0,1.0,2.2697982100985378e-60
1441,-200.99050063799038,-310.500405510604,-200.99051544268048,-310.4548186603424,-200.99051646557598,-201.0124072111089,-309.5693437616908,-310.5003910552182,-310.2699645849826,-310.44901889434,-310.5003957003129,1.6604519021813816e-24,0.9999925976823493,1.6987339200447147e-24,1.0,1.0,0.9999920862385142,1.0,0.989106482263246,1.0,0.989113803997816,1.0,2.6448667077812585e-24,2.6448862860697044e-24,0.6278062703787983,0.7044693802756781,1.0,1.0,0.9999994885523791,1.863242355798037e-24
1442,-51.46690591254756,-304.646471632915,-51.466654691328046,-304.59599386907536,-51.46683882236454,-52.981792291586544,-304.27400348009303,-304.5754510897523,-304.6306798282971,-304.5960028871043,-304.6306834004836,1.0537942838836783e-55,1.0,1.0807293490566376e-55,1.0,1.0,1.0,1.0,0.46886369136866257,1.0,0.4688048008132135,1.0,1.2695104210346248e-55,1.2693509670713105e-55,0.8600852172400661,0.8366594390879422,0.9727634219463797,1.0,0.9999079387196543,1.0621122475289952e-55
1443,-94.7044876137372,-304.5435954831595,-94.70489404387814,-304.5413283291685,-94.7051665226364,-95.15426546897254,-304.7333884093659,-304.5909332779241,-298.22136551603325,-304.54689618989585,-304.5491105754352,2.7165436164891163e-46,0.9997968055763131,2.719624773874692e-46,1.0,1.0,0.9996606031585412,1.0,0.7986049167839833,1.0,0.7987672218292828,1.0,2.4706070258804704e-46,2.4711091414783684e-46,1.0,1.0,1.0,0.9766090140325316,0.9998637699010317,6.41237481342638e-45
1444,-157.994341848042,-307.8582141136002,-162.55635087318316,-307.85818072272207,-162.55634586056684,-162.18488751787584,-307.52927239434706,-307.8541398555511,-303.2038324861463,-307.85821729087957,-307.8541478852999,2.8673031987673904e-33,0.102181512531555,2.867351070052816e-33,1.0,1.0,0.10218176863023494,1.0,0.12303667037445573,1.0,1.0,1.0,3.379888753038253e-33,3.307730204125239e-32,0.8500724221464808,1.0,1.0,1.0,1.0,2.875983118409481e-31
1445,-34.366079509986065,-308.5964111645179,-34.36607301825917,-308.1059064333663,-34.366058986185806,-38.14253607271439,-307.24249012318205,-308.59828631311115,-307.6764506882335,-308.598447991148,-308.598289611532,2.829046565885641e-60,1.0,3.615362466536579e-60,1.0,1.0,1.0,1.0,0.15133970282174258,1.0,0.15133921159453043,1.0,5.567244752096208e-60,5.567226681609206e-60,0.5076829730755407,0.8049458406474354,1.0,0.999062865088837,1.0,4.481284520335925e-60
1446,-133.0323204225407,-306.43325751841724,-133.02970750050775,-306.40038157525504,-133.0323145527687,-133.07822193336582,-306.74548998978344,-306.43129477182896,-301.7597800382438,-306.4332703858159,-306.431310731551,2.2205723674639666e-38,1.0,2.257375730545779e-38,1.0,1.0,1.0,1.0,0.9773106098460697,1.0,0.976034625326832,1.0,1.899610281535953e-38,1.897130135216661e-38,1.0,1.0,1.0,1.0,0.9986973230906816,2.2977162572974555e-37
1447,-80.09276672503364,-305.33972498342365,-80.09402356052108,-305.1029955189384,-80.09401873524476,-81.50620912376706,-305.0980189604987,-305.0966751199835,-305.0966278263805,-305.10301890825156,-305.0966707643172,1.225305777964755e-49,0.9993717796693561,1.3792710841841293e-49,1.0,1.0,0.9993741907947566,1.0,0.4932588463763681,1.0,0.49356891640422706,1.0,1.3827073692067938e-49,1.383576560130851e-49,1.0,1.0,1.0,1.0,1.0,1.3845359247957414e-49
1448,-60.759009504114175,-308.83383147803454,-60.75887186357838,-308.8406145232574,-60.75890861092394,-60.904524731073195,-308.6999629936787,-308.83159204368536,-296.40811922079916,-308.8342246313184,-308.84282509759805,1.3528101678400102e-54,1.0,1.3482298530777405e-54,0.9966142221051083,1.0,1.0,1.0,0.9298261800462276,1.0,0.9297621913613021,1.0,1.4464586762002778e-54,1.446359133951999e-54,0.9363045092634559,1.0,1.0,1.0,0.9999816264960143,6.75187018364384e-52
1449,-78.26743675434365,-307.5062782949425,-78.26743249626838,-307.50624629168055,-78.26742885504731,-78.6452031838881,-307.4989678956329,-307.4840336088868,-307.48404251679835,-307.5062817984838,-307.48404207300354,1.6650145787546167e-50,1.0,1.6650412219166253e-50,1.0,1.0,1.0,1.0,0.8278831855756894,1.0,0.8278814229831083,1.0,1.6711116757331403e-50,1.6711081178772947e-50,1.0,1.0,0.9999955460541511,1.0,1.0,1.6836226629448033e-50
1450,-108.26482972184533,-305.57832802823685,-108.26349878992272,-305.57832452314136,-108.26483109854654,-108.27194486728001,-304.0803700085378,-305.5753851119499,-302.0221612923029,-305.57832035405113,-305.57538522505945,1.425339235727168e-43,1.0,1.4253417337044218e-43,1.0,1.0,0.9999993116496337,1.0,0.9964487479468496,1.0,0.9957858658101182,1.0,3.0143639781286834e-43,3.0123586888061595e-43,0.47354537041028655,1.0,1.0,1.0,0.999334067519615,8.4358788535767e-43
1451,-91.34555086909081,-306.9458131247692,-91.4089725254584,-306.94581188280847,-91.3455538735793,-91.40879068569947,-306.2639930015117,-306.9291516602567,-306.92913418550614,-306.9458065978589,-306.9291533820756,1.5240453939555867e-47,0.9687866873838764,1.5240463403581283e-47,1.0,1.0,0.9999984977568829,1.0,0.9688747733570398,1.0,1.0,1.0,2.143153418614517e-47,2.212203621833334e-47,0.7170717817531274,0.7170780471057598,1.0,1.0,1.0,1.536810576731245e-47
1452,-32.32996113800992,-304.1012295367818,-33.55186753338327,-304.6817490802524,-33.55086758897008,-33.548335811885735,-304.5658159909894,-304.0878088009873,-304.0878183504062,-304.6817618151781,-304.68171495216063,9.674285443862234e-60,0.5428331950450842,7.237035118622796e-60,0.7480692150978708,1.0,0.5431046644133397,1.0,0.5437926097243959,1.0,1.0,1.0,7.668938068245855e-60,1.4127614409447988e-59,1.0,1.0,0.9999952253019462,1.0,1.0,1.7932777774894403e-59
1453,-228.9724333572515,-308.42224422771505,-228.97216589702973,-308.42224322653243,-228.97243097960109,-228.98043061149465,-308.51949575946963,-308.422071116428,-308.38295247067356,-308.4222269560674,-308.4220744831699,5.5936176289407286e-18,1.0,5.593620429057824e-18,1.0,1.0,1.0,1.0,0.9960093567428095,1.0,0.9958761692068763,1.0,5.328130748303576e-18,5.327418264429105e-18,1.0,1.0,1.0,1.0,0.9998674674975281,5.704588941277305e-18
1454,-22.801171097949705,-306.2137482623531,-22.804477635329192,-306.2829158179988,-22.804478411281934,-22.817516838642277,-305.99906492441175,-306.1806337518034,-306.2813734299748,-306.28304878473807,-306.28300806538834,2.8690678424095573e-62,0.9983480972061022,2.771540784941821e-62,0.9660074062989611,1.0,0.9983477098707055,1.0,0.9918604367585806,1.0,0.9935016048353502,1.0,3.19417504432306e-62,3.1994602416351973e-62,0.9132145662321087,0.868355355137471,0.9508776877270746,1.0,0.9999996120237042,2.7782695122760774e-62
1455,-70.169504408749,-304.0054452565194,-70.16944328447198,-304.0054419638923,-70.16950802621477,-70.23345048542697,-303.3958831450464,-303.9778946852633,-303.977894779845,-304.00544196442985,-303.9778954542601,1.6717472196466265e-51,1.0,1.6717499718690208e-51,1.0,1.0,0.9999981912687532,1.0,0.9685326949773788,1.0,0.9685030949993227,1.0,2.2674375800771838e-51,2.2673682833947456e-51,0.7475113647840006,0.747511329433572,0.9999999527091756,1.0,0.999967629652536,1.6949383455790978e-51
1456,-32.04346265553691,-304.78892261921294,-32.04341583660292,-304.7757181070414,-32.04345093677196,-32.4237070638174,-304.9160287560068,-304.79831197464534,-304.79831189236086,-304.7756107053709,-304.7999670661117,5.943960118207729e-60,1.0,5.983333498618867e-60,1.0,1.0,1.0,1.0,0.8268580822879722,1.0,0.8268387262075418,1.0,5.577956716017427e-60,5.577826140552278e-60,1.0,1.0,1.0,0.9953163250583333,0.9999824500694802,5.91608611983713e-60
1457,-53.34508378712958,-306.4690420305767,-53.34507987849909,-306.4690327737241,-53.345076093113846,-53.77099811669349,-306.3994216344897,-306.4619224312721,-306.46192481315836,-306.4690367013157,-306.4619252185572,1.0835048226201144e-55,1.0,1.0835098375539405e-55,1.0,1.0,1.0,1.0,0.8081907555022764,1.0,0.8081891760443056,1.0,1.1218859925193357e-55,1.1218838000025946e-55,0.9692328483424356,0.969231694041927,0.9999988090575855,1.0,1.0,1.0873632779482975e-55
1458,-70.85549675018903,-305.55346255532635,-70.85549685514997,-305.55345957500447,-70.85549705172527,-70.85622333914577,-305.0693963254076,-305.65593099254795,-305.6559305631806,-305.67694055159416,-305.51831788303934,1.0863862704953185e-51,0.9999999475195351,1.0863878893869178e-51,1.0,1.0,0.9999998492318951,1.0,0.9996367715050793,1.0,0.9996368239664846,1.0,1.383878348828722e-51,1.383878421455298e-51,0.7458227305906072,0.7458228907065829,1.0,0.9500561236456693,0.9999999017123549,1.0321283061217093e-51
1459,-186.72534482805884,-307.4170147679933,-186.72534378426562,-307.41701061133074,-186.7253406301357,-186.92106586152417,-304.1464738040892,-307.416924444997,-307.32141181616424,-307.41695828977953,-306.1542492022083,6.1963632097397596e-27,1.0,6.196376087848633e-27,1.0,1.0,1.0,1.0,0.9067753749254421,1.0,0.9067749016825719,1.0,3.1792582975712433e-26,3.179256638327558e-26,0.19490844949082234,0.2044423999443542,1.0,1.0,1.0,6.499738321269388e-27
1460,4.772395392705633,-302.9432761302175,4.699205187712252,-303.12464637145445,4.699205701039915,4.699406398911108,-302.6796890929493,-302.76454714882107,-303.12367473912786,-303.1246669718504,-303.12465964012364,1.5149242976113724e-67,0.9640664044144086,1.3835883092383692e-67,0.9133052466185551,1.0,0.9640666518554176,1.0,0.9641633997719695,1.0,1.0,1.0,1.7283358130790418e-67,1.7927559815019828e-67,0.9584584868842826,0.8009211124533383,0.8356346398026478,1.0,1.0,1.4358557465296736e-67
1461,-33.458321063731475,-302.73231213845276,-34.23569557545967,-303.1025636048625,-34.23569625052987,-34.23567870216857,-303.1464913589717,-302.73862179618254,-303.1020469268427,-303.10255936872807,-303.10258425362355,3.372063762251416e-59,0.6779462605802926,2.8021842884678913e-59,0.830999793016057,1.0,0.6779460317496733,1.0,0.6779519801967229,1.0,1.0,1.0,2.7413084393542346e-59,4.043548285092276e-59,1.0,1.0,0.8338409807806809,0.9968501423785084,0.9999996624649584,4.134412127561635e-59
1462,-84.70831715452329,-310.85204654145514,-84.81384360192308,-310.8751072583676,-84.81384385908076,-84.8138434057956,-310.86263320678967,-310.85372473848696,-291.3632262020358,-310.8743941853491,-310.8758792860557,7.825518187171323e-50,0.9486045929793645,7.735805361819448e-50,0.9885358613696831,1.0,0.9486044710088941,1.0,0.9486046860030869,1.0,1.0,1.0,7.784204555974757e-50,8.20595284229674e-50,1.0,1.0,1.0,0.999161253428803,0.9999998714211682,1.4072507991669993e-45
1463,-133.87069021341406,-302.45064711352813,-138.02032435050162,-302.4506435516798,-138.0203207121667,-138.37596536945475,-302.0914085305363,-302.07459410782036,-297.05193547201105,-302.4506110891125,-302.2369739573835,2.473588649446653e-37,0.12557939781424945,2.4735930547244063e-37,1.0,1.0,0.12557962626441205,1.0,0.10512159218328185,1.0,0.8370926602050784,1.0,2.9602960558971273e-37,2.357310281321676e-36,1.0,1.0,1.0,1.0,1.0,2.929028724913649e-35
1464,-67.09038052676462,-307.48403551911554,-67.0904412867643,-307.5185187125594,-67.09044135987145,-67.09053990039101,-307.7497240391497,-307.500232415922,-307.50024471861684,-307.5185208418338,-307.50024247911483,6.297687059085274e-53,0.9999696204616255,6.190035586972646e-53,0.9829061890337494,1.0,0.999969583909164,1.0,0.9999203163617155,1.0,0.9999506944022087,1.0,5.514263905750129e-53,5.514431431631424e-53,1.0,1.0,0.999993848671513,0.9919342556863489,0.999999963446428,6.247043109448164e-53
1465,-21.82319639178627,-303.6563075496179,-22.216305731863088,-303.94615835770657,-22.21630402081591,-22.216293880271706,-304.20362088521256,-303.9277965153191,-304.33548838997564,-304.33625051510455,-304.3362461131248,6.320006184478443e-62,0.8215564155466986,5.467354069462143e-62,0.865086822682165,1.0,0.8215571184078915,1.0,0.8215612839365899,1.0,1.0,1.0,4.806953516562924e-62,5.851032778271453e-62,1.0,0.9361928827862116,0.8155880131770051,0.8730656872460064,1.0,5.477690557671183e-62
1466,-114.19350585524074,-308.9011633142675,-114.19349035729843,-308.89551152161886,-114.19348640471281,-114.68150336839095,-308.14817290816575,-308.9001723160822,-302.8071071328757,-308.9011764016684,-308.8924952928991,5.245288626561482e-43,1.0,5.260132231777856e-43,1.0,1.0,1.0,1.0,0.7834886084714996,1.0,0.7834825372643934,1.0,7.64326961938185e-43,7.643210392135462e-43,0.6866025363053019,1.0,1.0,1.0,1.0,1.1042633363064834e-41
1467,-43.679902215355554,-308.1983193285131,-43.67990178170639,-307.905724418175,-43.67969350814792,-48.859999011476106,-304.47285686522235,-308.198317652112,-293.18132653837984,-307.9057356054039,-307.9057362181056,3.635427959529156e-58,1.0,4.2081549279863715e-58,1.0,1.0,1.0,1.0,0.07501640934876602,1.0,0.07501639308336623,1.0,2.3416901986041708e-57,2.3416896908682836e-57,0.15524816258423196,1.0,1.0,1.0,1.0,6.628401006078902e-55
1468,6.717061466963429,-299.7558303156111,4.892505965042005,-300.56545254619823,4.8925089097486705,4.893926550340666,-299.73172455676365,-299.4473207046368,-300.5627914886535,-300.5652057861723,-300.56533515772594,2.8200520417861126e-67,0.40160841748120596,1.8812646258447308e-67,0.667102804476349,1.0,0.4016090087911331,1.0,0.4018937783209082,1.0,1.0,1.0,2.8542474516218217e-67,7.107040906968387e-67,1.0,0.6599881055982342,0.5725040942743833,1.0,1.0,4.690555558438913e-67
1469,-64.88596117566624,-303.7348866288118,-64.88566439233104,-303.8000166713431,-64.88595028016954,-65.48353799278009,-303.8809608286447,-303.8395374482394,-303.836197052268,-303.80036348448346,-303.8361978796388,1.3633734537302418e-52,1.0,1.3196902999916204e-52,0.9679595098326915,1.0,1.0,1.0,0.7417163336619061,1.0,0.7416062773041925,1.0,1.2673460749170903e-52,1.2671580252724367e-52,1.0,1.0,1.0,0.9490199962654947,0.9998570662967446,1.2960244320478255e-52
1470,5.062132851102277,-301.52399191379584,4.800698934635022,-301.75510280394167,4.800733983230657,4.800705723340727,-301.6157480331209,-301.48082606602986,-301.7553424990581,-301.7550997748488,-301.75511311168884,2.664826222439659e-67,0.8774660988008328,2.374016871820645e-67,0.8908711764503788,1.0,0.8774814759128089,1.0,0.8774690772354429,1.0,1.0,1.0,2.5453312240014067e-67,2.9007744316047336e-67,1.0,0.9325828978016433,0.8717450980870481,1.0,1.0,2.7051652187585183e-67
1471,-70.83344218058616,-304.292591410641,-73.76982906034709,-305.60558050940296,-73.76981991162616,-73.7524552208027,-305.29892072507204,-304.20889985474884,-305.5976741972861,-305.6055509990013,-305.6053309998398,2.0183192844338975e-51,0.2303412348240119,1.04683421690683e-51,0.5186663106181718,1.0,0.23034228849026037,1.0,0.232350906943488,1.0,1.0,1.0,1.2203045642938641e-51,5.2978120275608316e-51,1.0,0.8612445918382898,0.4993803888810644,1.0,1.0,4.562691085871113e-51
1472,-43.05669228999896,-303.12429571884877,-43.05669098534037,-303.1213935618545,-43.05668598544736,-46.870880514225874,-302.7384321512961,-303.1239631537625,-303.10346154874316,-303.1231211396379,-303.12393848613505,3.3654059213440693e-57,1.0,3.3702929343728767e-57,1.0,1.0,1.0,1.0,0.14851131741218698,1.0,0.14851122053393512,1.0,4.081564496792074e-57,4.0815618342687917e-57,0.8246753368160638,0.8331723972675993,1.0,1.0,1.0,3.4006361566345785e-57
1473,-23.32444117254846,-302.4920796254029,-23.58738036135543,-302.49208270585086,-23.587372187160938,-23.587354967992482,-302.75993854157923,-302.3338755249653,-303.1965700850535,-303.198338830235,-303.19833180076074,2.3961695612309677e-61,0.8768059345399658,2.3961658705959996e-61,0.9999984597771951,1.0,0.8768095181384089,1.0,0.8768170671363039,1.0,1.0,1.0,2.095813928864484e-61,2.390282554330655e-61,1.0,0.8038715616651413,0.6496332669266318,1.0,1.0,1.92147231651052e-61
1474,-134.7793476029444,-304.9505442674646,-134.9933624671336,-304.95055275282795,-134.99320310914254,-134.9926232833351,-305.9370622521003,-304.9410547352243,-300.4565145665305,-304.9505566228093,-306.06910788513227,1.1163340069018742e-37,0.8985189950873144,1.1163292706620781e-37,0.9999957573273168,1.0,0.8985905910306189,1.0,0.8988511418048151,1.0,1.0,1.0,6.816704944914235e-38,7.586600819999177e-38,1.0,1.0,1.0,1.0,1.0,1.1751638904360393e-36
1475,-47.13953497264853,-301.2908486538567,-47.13963597697443,-301.2911756695464,-47.139631894139754,-47.68881990516597,-299.5203964499476,-300.885431367656,-300.88541518799656,-301.29114005553015,-301.3676835647369,6.482513798870267e-56,0.9999494991122634,6.481453943659436e-56,0.999836505521819,1.0,0.9999515404285928,1.0,0.7598437444419396,1.0,0.7598821191635323,1.0,1.5710581543897898e-55,1.5711374982281996e-55,0.5053432089538659,0.5053472971109125,1.0,1.0,1.0,7.9396846729658165e-56
1476,-85.32026226696169,-302.3569927893185,-85.32370481832479,-302.36805718318385,-85.32370080215284,-85.71826773931971,-302.14521128392545,-302.0999179493187,-296.4349939569812,-302.3680785623417,-302.0999207618781,7.431436683361929e-48,0.9982802048638417,7.390438023032637e-48,0.9944830774887575,1.0,0.9982822094983292,1.0,0.8195476509007767,1.0,0.8209595331128068,1.0,8.261531279117699e-48,8.275763897616847e-48,1.0,1.0,1.0,1.0,1.0,1.4380207663267289e-46
1477,-86.82421420833293,-311.83568110324944,-86.82438286871432,-311.7837356126971,-86.82353174772157,-88.62116975551737,-311.76497920432035,-311.7836438983734,-311.4709258722699,-311.78373504810844,-311.78379795020146,1.3784175099517733e-49,0.9999156733649952,1.4146877771061987e-49,1.0,1.0,1.0,1.0,0.4071890220985299,1.0,0.40722336187433206,1.0,1.4280174142764895e-49,1.4281378443352414e-49,0.9907110641762371,1.0,1.0,1.0,1.0,1.6536293765453787e-49
1478,-70.26663924272907,-305.1372944456957,-70.26663613987759,-305.13729883667565,-70.26663464416787,-70.30989961558276,-305.13636616822254,-305.0963174281263,-305.0963246967044,-305.13729902706166,-305.09632525256427,9.965182167269021e-52,1.0,9.965160288835612e-52,0.9999978045124407,1.0,1.0,1.0,0.9786020684692669,1.0,0.9786005502420064,1.0,9.969808467869588e-52,9.969793000464144e-52,1.0,1.0,0.9999963657175601,1.0,1.0,1.0171399481789618e-51
1479,-69.02726394733193,-305.14240686518286,-69.0272632638482,-305.14240672234934,-69.0272625302037,-69.03860769952277,-304.3867023576781,-305.13303633190077,-305.13303371559317,-305.1423800601587,-305.1330367853097,5.34869912301768e-52,1.0,5.3486995050044226e-52,1.0,1.0,1.0,1.0,0.9943441786259963,1.0,0.9943438388170185,1.0,7.804540116021165e-52,7.804537448883533e-52,0.6885502442271139,0.6885511449573206,1.0,1.0,1.0,5.373821225053495e-52
1480,-24.293313569649058,-304.8506621467675,-24.29583883236583,-304.850596265468,-24.295735682618414,-25.063689970996307,-304.5608377139631,-304.7866398194303,-304.7866473713112,-304.8506597628252,-304.7866457329895,1.1960403400250649e-61,0.9987381654252038,1.196079739019894e-61,1.0,1.0,0.998789676548282,1.0,0.6803225869863381,1.0,0.681182126144841,1.0,1.3825485902893099e-61,1.3842953420135496e-61,0.8932390393046803,0.8932356664936478,0.999996224066701,1.0,1.0,1.2364382016589512e-61
1481,-31.697386857760833,-305.7750709634864,-31.697383377284524,-305.77503592493525,-31.697180810838304,-32.35761931397447,-305.5948007630562,-305.74127194568774,-305.7412762016026,-305.7750722310828,-305.74127407672,3.053423825587631e-60,1.0,3.053477319829661e-60,1.0,1.0,1.0,1.0,0.7188401791432157,1.0,0.7188389281911975,1.0,3.3414292245251375e-60,3.3414234096476656e-60,0.929381849939014,0.9293798722561054,0.9999978720448343,1.0,1.0,3.105137147386161e-60
1482,-93.54409942102251,-302.96403672734124,-93.7870946756438,-302.96403956217944,-93.78750383800175,-93.78735649560205,-303.59927271616755,-303.00434284496976,-302.98956151228066,-302.9640213435721,-303.622791636899,3.3499506841076792e-46,0.8855931545838246,3.3499459358269635e-46,0.9999985825819051,1.0,0.8854119974234704,1.0,0.8854772291905039,1.0,0.9998690985892102,1.0,2.4383647498748587e-46,2.75336901290835e-46,1.0,1.0,1.0,0.9800486567410526,0.9997954397463253,3.735514053548689e-46
1483,-55.4639928614296,-306.4725788751936,-55.4639726919506,-306.47257986247376,-55.46397956359036,-57.76974019684465,-306.0372411044787,-306.4704242712026,-294.18971978293445,-306.4725815445392,-306.4704316291241,3.1201688151905532e-55,1.0,3.1201672749505696e-55,0.999999506360049,1.0,1.0,1.0,0.31572816665629294,1.0,0.31572498263603427,1.0,3.878917008480841e-55,3.878877890810491e-55,0.8052587832389035,1.0,1.0,1.0,0.9999965641860249,1.449987195956008e-52
1484,-53.51311342583857,-303.76965701971784,-53.51204345013669,-303.7694960082035,-53.51273555136635,-53.67398072440791,-303.7361728394474,-303.6428299970343,-303.6428302490589,-303.78973239585997,-303.64283561750983,4.5444573144217805e-55,1.0,4.5448231841260075e-55,1.0,1.0,1.0,1.0,0.9227161244276116,1.0,0.9222226145338452,1.0,4.621181497867624e-55,4.618709883110125e-55,1.0,1.0,0.9999998739877265,1.0,0.9996540092537779,4.841055453336956e-55
1485,-168.20996331448464,-311.8770251670035,-168.20628397979118,-311.88922643242887,-168.2089036183158,-169.7650449166852,-311.8774399054438,-311.88932095368034,-309.5923210614501,-311.8897870601775,-311.88941615165936,6.354683178791795e-32,1.0,6.31603360401337e-32,0.9939179383627792,1.0,1.0,1.0,0.4595347101424847,1.0,0.45869009628402213,1.0,6.353365549719401e-32,6.341688215074749e-32,0.9940770859069445,1.0,1.0,0.9938709662890568,0.9986910381765425,1.990586186116865e-31
1486,-73.89290833279674,-310.7688504575915,-73.89276803299566,-310.620390449152,-73.89275947750117,-75.83002931508153,-310.77744905959406,-310.6199270903412,-310.63845408207794,-310.61979615152313,-310.61994101581547,3.656307554562713e-52,1.0,3.938042519980423e-52,1.0,1.0,1.0,1.0,0.37962912444828134,1.0,0.3796024944370175,1.0,3.64062173103216e-52,3.6403663507373665e-52,1.0,1.0,0.9907792781286728,1.0,1.0,3.9023445274756786e-52
1487,-44.32887268639418,-305.2469026687477,-44.329315594929426,-305.2224686000914,-44.32938796150903,-44.49898558947497,-304.8566313102506,-305.2495821244947,-305.24957643899626,-305.24688917900204,-305.24958008224587,2.1997315044484623e-57,0.9997785702515621,2.226770531803235e-57,1.0,1.0,0.9997423956282805,1.0,0.9184604344316494,1.0,0.9186638539377258,1.0,2.6737206084778506e-57,2.674312780884156e-57,0.8216215370849751,0.8216238727522713,1.0,0.9986611691612487,0.9999638173648066,2.197358730210282e-57
1488,-13.898995586312424,-303.4674539325863,-13.900125789513083,-303.4674539632412,-13.900270660424567,-14.637054329847814,-303.2416373353752,-303.42105244695244,-303.42104997243405,-303.43860183953944,-303.4210538536443,1.3213205926869214e-63,0.9994350580395072,1.3213205724344436e-63,0.9999999846725417,1.0,0.9993626661274958,1.0,0.6914051023620179,1.0,0.691795926909227,1.0,1.479257073078646e-63,1.4800932398552908e-63,0.9141984982411067,0.9141996293423074,1.0,1.0,0.9999275671676423,1.3531987072828695e-63
1489,-63.844546171439305,-303.90741430480057,-63.84454544791589,-303.9072708923842,-63.8445406036391,-65.21656167704103,-303.40775264573585,-303.79549998703465,-296.5411069895602,-303.9074004910175,-303.7954992234181,7.430371533615613e-53,1.0,7.430904356486833e-53,1.0,1.0,1.0,1.0,0.5035824871164971,1.0,0.5035823049396699,1.0,9.539172021896803e-53,9.539168570990258e-53,0.8237619630094415,1.0,1.0,1.0,1.0,2.95517109613673e-51
1490,-143.1305652751152,-304.1058866348276,-143.13056466391862,-304.1057572957525,-143.13056092249556,-143.50562724811437,-303.36556370161924,-304.0169631381879,-302.890855604459,-304.1058827758273,-304.0169588069057,1.1082892109026823e-35,1.0,1.108360885770985e-35,1.0,1.0,1.0,1.0,0.8290034298679745,1.0,0.8290031765259813,1.0,1.604767749162454e-35,1.60476725874825e-35,0.7220219648772924,1.0,1.0,1.0,1.0,2.0346644458207645e-35
1491,-91.18324813922177,-307.67100199650594,-91.25805322114154,-307.67100791156975,-91.1834186076695,-91.25797654723277,-307.8225838871578,-307.6572065271962,-307.65721527268875,-307.67101090444686,-307.657212756657,9.778709624161969e-48,0.9632882942987067,9.778680703359029e-48,0.9999970424724688,1.0,0.999914769408473,1.0,0.9633252245459946,1.0,1.0,1.0,9.064961433396418e-48,9.410434536626317e-48,1.0,1.0,0.9999956272632852,1.0,1.0,9.847189959707556e-48
1492,-102.05197797280832,-306.94747296129947,-102.05197405732625,-306.94746368671696,-102.0519705147797,-102.41356658947413,-307.04802813121034,-306.96007121477703,-301.0205466816598,-306.9474716015402,-306.96019745342244,3.217426094868447e-45,1.0,3.217441015044941e-45,1.0,1.0,1.0,1.0,0.8346070127491005,1.0,0.8346053788063036,1.0,3.0596609388603513e-45,3.059654948842455e-45,1.0,1.0,1.0,0.9937206711683999,1.0,6.230496398131313e-44
1493,-16.266398701494523,-303.36265229797687,-16.266403748546452,-303.3626500672252,-16.266400154094782,-16.636900403823205,-303.077938288586,-303.2446593086058,-303.2446627801654,-303.3626533496015,-303.24466414608185,4.5482114163989035e-63,0.9999974764772199,4.548216489366691e-63,1.0,1.0,0.9999992737001344,1.0,0.8308958265218079,1.0,0.8308979233116454,1.0,5.244034081798556e-63,5.244047315271491e-63,0.9200194112195995,0.9200178142698588,0.9999982642216879,1.0,1.0,4.824608278005292e-63
1494,-175.25012217551958,-305.75899888563185,-175.25012050314552,-305.7589700302293,-175.250117925702,-175.396032159109,-303.95881043926136,-305.75862925191535,-305.6893354040544,-305.7589033765756,-305.75862679269164,4.5746461056132153e-29,1.0,4.574712107716769e-29,1.0,1.0,1.0,1.0,0.9296426706323602,1.0,0.9296418932775441,1.0,1.1252874025492196e-28,1.1252864615988846e-28,0.40660649404785887,0.42094104851005176,1.0,1.0,1.0,4.7367865257921936e-29
1495,-39.82477567408594,-302.1664175757217,-40.09320627630649,-302.17126951482044,-40.09320405936285,-40.093190733700084,-302.2613755286826,-302.2866659784866,-302.286663651442,-302.171264983176,-302.2866659774152,1.0795338740216305e-57,0.8744017846605582,1.076918131854027e-57,0.9975769707366012,1.0,0.8744027539108339,1.0,0.8744085799283519,1.0,1.0,1.0,1.0294764513592312e-57,1.1773494398331972e-57,0.9874343900182236,0.9874355389208376,1.0,0.9416475723907561,1.0,1.1625553899592303e-57
1496,-64.0722543285287,-307.1341509529196,-64.07291849142791,-307.13415034092486,-64.07291378129263,-65.89737761604296,-307.1422122965084,-307.1364300249649,-307.1364285548845,-307.1340661827496,-307.13564359742077,1.658745537677706e-53,0.9996679736833352,1.6587460452495478e-53,1.0,1.0,0.9996703279718061,1.0,0.4014944199268103,1.0,0.4016277709162578,1.0,1.6520731349910563e-53,1.652621848936419e-53,1.0,1.0,1.0,0.9988611130019581,1.0,1.6574040315569663e-53
1497,-34.07921631176505,-302.9309171286419,-34.07921496564927,-302.9364650801996,-34.079210845914005,-37.0215753021435,-302.2911411444615,-302.9188039787039,-297.4313658861474,-302.93524730460246,-302.91133390414984,4.164807592237854e-59,1.0,4.153270526022649e-59,0.9972298681368429,1.0,1.0,1.0,0.22965444905739335,1.0,0.22965429448670638,1.0,5.734829786115205e-59,5.7348259262440885e-59,0.7306421915415319,1.0,1.0,1.0,1.0,6.51337577169049e-58
1498,-74.86791215511303,-304.7206222323853,-74.86791026167643,-304.7060845921438,-74.86790538809251,-76.37062097291282,-304.4714353885616,-304.71445369128975,-295.3373925411134,-304.736805018818,-304.7144617315817,1.224949490701411e-50,1.0,1.2338858673167758e-50,1.0,1.0,1.0,1.0,0.4717272083425781,1.0,0.47172676175000783,1.0,1.3874853846231068e-50,1.3874840710659158e-50,0.8855829490197951,1.0,1.0,1.0,1.0,1.3355469217949723e-48
1499,-21.62501893968907,-306.5751718038169,-21.624894244218368,-306.57517163798826,-21.625012140950943,-24.74426132417308,-306.2321248002681,-306.5741181438203,-306.57402465113375,-306.5751661340041,-306.57412212129987,1.330027120749748e-62,1.0,1.3300272310280657e-62,1.0,1.0,1.0,1.0,0.2102156874534451,1.0,0.210202581389968,1.0,1.5788912107549091e-62,1.5787927735322433e-62,0.8428243785751965,0.842863778453797,1.0,1.0,0.9999410533711329,1.3307856878250012e-62
1500,-139.2899340966072,-304.9526407176321,-139.28993419618604,-304.95263522333227,-139.2899343026669,-139.28910739939158,-302.42953419962,-304.79037811452906,-303.95070782987796,-304.8155931933653,-304.94874057806817,1.0636538800291254e-36,0.9999999502105806,1.0636568020498157e-36,1.0,1.0,0.9999998969701576,1.0,1.0,1.0,1.0,1.0,3.755657224051197e-36,3.7556574110432204e-36,0.3071491073981059,0.4673920737804056,1.0,1.0,0.9999999467595743,1.755364599212587e-36
1501,-177.261919228902,-306.218645173062,-178.28003628281874,-306.9451706617517,-178.27967787389267,-178.27402220624515,-305.7345367591623,-306.2186399929683,-305.7359137130624,-306.9211398805462,-306.9452267867272,9.9403747856092e-29,0.6010611954259537,6.912573366581465e-29,0.6954036961049876,1.0,0.6011689179266211,1.0,0.6028713296608033,1.0,1.0,1.0,1.2662678062876374e-28,2.1067202739485915e-28,0.7850156564290723,0.9993117599958291,1.0,1.0,1.0,2.104893104739341e-28
1502,-219.16852553866153,-305.99475240867855,-219.16843644782514,-312.08358081911604,-219.1684328808738,-219.44607430513528,-310.98325353458404,-306.2159863151686,-312.0824883743944,-312.0835309027264,-306.215906564653,1.3993436872461048e-19,1.0,6.6642626186415525e-21,0.04762420182676328,1.0,1.0,1.0,0.8704243886394514,1.0,0.8703856160846316,1.0,1.1552743658096282e-20,1.1552229047760615e-20,1.0,0.5771705821223871,0.05322372466921566,0.8952816179759525,1.0,6.667594872803334e-21
1503,-45.640855538017064,-304.3795960722866,-45.64085342869697,-304.3795905881607,-45.64085038953705,-45.871442131753724,-304.3757474049218,-304.34792129159536,-304.3479227605139,-304.37959281264983,-304.3479253357784,6.540280363100481e-57,1.0,6.540298296985287e-57,1.0,1.0,1.0,1.0,0.8911047473435585,1.0,0.8911038075314799,1.0,6.552878162192423e-57,6.552871251137203e-57,1.0,1.0,0.9999992655410065,1.0,1.0,6.644663924380239e-57
1504,-121.54954857804024,-304.4092862100533,-121.54954784783575,-304.40929023600506,-121.54954397597467,-121.98051408882111,-304.3065663978149,-304.2896653645357,-300.30412280570283,-304.4092260118648,-304.28966835969663,1.9611575855084617e-40,1.0,1.9611536377495596e-40,0.9999979870261565,1.0,1.0,1.0,0.8061521719177094,1.0,0.8061518775897951,1.0,2.0645139220656364e-40,2.0645131683071247e-40,1.0,1.0,1.0,1.0,1.0,1.5273423698895957e-39
1505,-104.19592960237222,-305.03676238356155,-104.19592508886949,-304.96206108546374,-104.19592167113078,-104.50348917643137,-305.26032578711914,-305.00144041451284,-298.7396164490395,-304.9620596349446,-305.0014431316684,2.4432465328023535e-44,1.0,2.5362290456762046e-44,1.0,1.0,1.0,1.0,0.8574608242173588,1.0,0.8574588891436564,1.0,2.1848474285621494e-44,2.1848424979103183e-44,1.0,1.0,1.0,1.0,1.0,5.693422776856501e-43
1506,-123.762611750379,-306.05306197308624,-123.76058552645912,-306.05306516188386,-123.76261126777675,-123.76313017197481,-306.171515959291,-306.0491155962268,-302.09115950200857,-306.0530579730636,-306.04911996936227,2.606943880905994e-40,1.0,2.606939724401089e-40,0.9999984056024608,1.0,1.0,1.0,0.9997408227943094,1.0,0.9987284863015935,1.0,2.457025852116983e-40,2.4545378703551597e-40,1.0,1.0,1.0,1.0,0.9989876421215325,1.8899389172838796e-39
1507,-51.06551550222548,-308.33481978758266,-51.139180597967254,-308.36706029009036,-51.13918532354785,-51.13918502453551,-308.2833231928091,-308.3412270816726,-295.635811153068,-308.3652351094669,-308.3690927249682,1.3635792784914367e-56,0.9638375184812906,1.3417742612857188e-56,0.9840089846262327,1.0,0.9638352411380439,1.0,0.963835385237371,1.0,0.9999977867183226,1.0,1.3991450372188935e-56,1.451639939710503e-56,0.9714631475584912,1.0,1.0,0.9968014791565692,0.9999976372124938,8.095287537796868e-54
1508,-149.95133279535003,-305.86750539795656,-149.95132818994858,-305.8674591974623,-149.95131252714384,-150.03320104821597,-306.1655652611549,-305.8610639006433,-301.3860389334563,-305.85008636912795,-305.86107788642494,1.390699503508873e-34,1.0,1.390731629382127e-34,1.0,1.0,1.0,1.0,0.9598923593988773,1.0,0.9598901490565934,1.0,1.198147877309848e-34,1.1981451183370381e-34,1.0,1.0,1.0,1.0,1.0,1.3072750622635995e-33
1509,-113.7605941331132,-302.33658304558935,-113.76059546823438,-302.33658199037836,-113.76059697650349,-113.80817328461751,-302.0375145001553,-302.4148332921773,-298.7534111319803,-302.33654413802554,-301.8054515325066,1.1252377610901574e-41,0.9999993324396311,1.1252383547719383e-41,1.0,1.0,0.999998578305865,1.0,0.9764911655597509,1.0,0.9764918174269888,1.0,1.3067310400103945e-41,1.3067319123328094e-41,0.8280685021025926,1.0,1.0,0.9616303792578388,0.9999992458657304,6.750264808592324e-41
1510,-136.84944194095277,-303.9159065739318,-136.8494408509856,-303.9159064743543,-136.84944084672492,-136.85895782841766,-304.3230976838394,-303.873560596961,-299.6036648336869,-303.9159125552608,-303.8735646433635,5.272033356523849e-37,1.0,5.272033619011839e-37,1.0,1.0,1.0,1.0,0.9952533573514263,1.0,0.995252814954824,1.0,4.300883941380901e-37,4.300881597470406e-37,1.0,1.0,1.0,1.0,1.0,4.55375129765513e-36
1511,-52.29293560155929,-306.44181735350946,-52.292926950528226,-306.4418206381076,-52.29292722799906,-52.35272617793089,-306.58931370027994,-306.4362830664912,-306.43629764404295,-306.4034082041379,-306.4362964918193,6.490401100724941e-56,1.0,6.490390441554056e-56,0.9999983577022945,1.0,1.0,1.0,0.9705471559813516,1.0,0.970542957873632,1.0,6.028969847834313e-56,6.028943769488057e-56,1.0,1.0,0.9999927112507011,1.0,0.9999998612645936,6.50831115679133e-56
1512,-74.51718497715632,-306.71154915246257,-74.5168856984096,-306.71154291404935,-74.51717233981381,-76.97077235442885,-306.48390281587643,-306.71101483115,-306.711014277687,-306.7115447724018,-306.71101447933586,3.798695259625653e-51,1.0,3.798707108559518e-51,1.0,1.0,1.0,1.0,0.29323126274833894,1.0,0.2931873870887762,1.0,4.256643008008542e-51,4.256006094271039e-51,0.8926541995589091,0.8926544465844772,1.0,1.0,0.9998566895678132,3.799687299570764e-51
1513,-70.1578244279684,-305.2004357136136,-75.00494643567505,-306.3433554677342,-75.00494641527436,-73.57630103561814,-306.28349414296116,-305.1591432271693,-284.2619480261538,-306.2956113777925,-306.29557842977977,9.144194461803019e-52,0.08860553036466864,5.163730667362144e-52,0.5647004434269187,1.0,0.08860553126847567,1.0,0.1810036098803473,1.0,1.0,1.0,5.320620746363201e-52,6.004840470414613e-51,1.0,1.0,1.0,1.0,1.0,3.6342889228881384e-46
1514,-58.3275109189326,-302.7120490937496,-59.47961586702655,-303.5082493693612,-59.479611074884915,-59.47952429707573,-303.38231259511264,-302.70805411877444,-303.50601606502164,-303.5082349276263,-303.50824466208707,8.561932587762543e-54,0.56211294808167,5.750149166450571e-54,0.6715947722677913,1.0,0.5621142949457154,1.0,0.5621386849983545,1.0,1.0,1.0,6.123869595664874e-54,1.089437561714921e-53,1.0,0.9400222489010717,0.6710034683320438,1.0,1.0,1.0240930929980504e-53
1515,-65.72828955562935,-305.8262575213164,-66.68540397399677,-305.82626125286413,-66.68539956066893,-66.6853234384815,-306.3330862364169,-305.8224980260623,-305.8225038371464,-306.4154789363528,-306.4154786938944,7.301106746999806e-53,0.6196768111547437,7.301093124798344e-53,0.9999981342278728,1.0,0.619678178574715,1.0,0.6197017646527936,1.0,1.0,1.0,5.666726353428771e-53,9.144648067222378e-53,1.0,1.0,0.9999970944621599,1.0,1.0,1.18042282132463e-52
1516,-109.64838706491153,-305.58974392865355,-109.83606822211831,-305.5897451363496,-109.64839566443004,-109.83589768195276,-305.10956874455064,-305.5824765485843,-300.4155608281583,-305.58974526056204,-305.5824777286743,2.8305769690735035e-43,0.9104278923581479,2.830575259835639e-43,0.9999993961521458,1.0,0.9999957002499895,1.0,0.9105055279298414,1.0,1.0,1.0,3.598683769143078e-43,3.9527389256736225e-43,0.7894222722378391,1.0,1.0,1.0,1.0,3.7621527139917486e-42
1517,-29.972455996000377,-307.0565590099635,-29.971337363142396,-307.0852915320978,-29.971677397027292,-30.451024820629655,-306.81623567736074,-307.0429534575754,-307.04296443891906,-307.0547917165972,-307.04057024225386,6.791278161821144e-61,1.0,6.69441036681998e-61,0.9857364412570064,1.0,1.0,1.0,0.7871909637275307,1.0,0.7867507979962024,1.0,7.658382747992271e-61,7.65410048638326e-61,0.8928301746927165,0.8928252724686776,0.9999945093432347,1.0,0.9998299975096132,6.834936308451764e-61
1518,-123.39761307296516,-311.9236200965959,-123.39754999363686,-311.923628484218,-123.39755617621786,-123.6486807831526,-311.91427074372166,-311.9232994916186,-303.8963085821475,-311.9236215164879,-311.923311456395,1.1537128430476312e-41,1.0,1.153708004604127e-41,0.9999958061977569,1.0,1.0,1.0,0.882025902851947,1.0,0.881998084489893,1.0,1.1591187027684428e-41,1.1590821451303505e-41,0.9954958005213942,1.0,1.0,1.0,0.9999969087142763,6.385485452843843e-40
1519,-102.27816355474856,-305.1107227735511,-102.27815396671596,-305.11070163885955,-102.27815096057924,-102.50208245769517,-304.36016463639623,-305.10802992922856,-299.87278369403793,-305.1105487097227,-305.10802067824216,9.025460928554303e-45,1.0,9.025556304224786e-45,1.0,1.0,1.0,1.0,0.8940805104127962,1.0,0.8940762241865312,1.0,1.3135633395094657e-44,1.3135570422804972e-44,0.6880232511001274,1.0,1.0,1.0,1.0,1.2384277505778523e-43
1520,-70.2044024045926,-304.3597108601752,-70.20440138529872,-304.35644721479224,-70.20439637433542,-72.0491335747864,-304.45623972779407,-304.3898366694863,-304.3898187373271,-304.3564514928016,-304.3898311808402,1.4250195243215407e-51,1.0,1.4273468018528558e-51,1.0,1.0,1.0,1.0,0.3975774245562142,1.0,0.3975772219321489,1.0,1.357875140300837e-51,1.357874448264112e-51,1.0,1.0,1.0,0.9850499734248379,1.0,1.4037237980294774e-51
1521,-132.2603933209186,-306.83602853671476,-132.26038899050423,-306.83602785588255,-132.26038673950734,-132.37212730260367,-307.06028022036713,-306.8302779077961,-302.3746649509074,-306.836037147636,-306.8330071028469,1.2341912853085599e-38,1.0,1.2341917054472242e-38,1.0,1.0,1.0,1.0,0.9456649096185579,1.0,0.9456628620603108,1.0,1.1032827834305988e-38,1.1032803945973542e-38,1.0,1.0,1.0,1.0,1.0,1.1485604034229925e-37
1522,-106.24103919088456,-310.3421070007543,-106.24101152581107,-310.3465005213003,-106.24100662773976,-107.92059225641692,-310.3681426317539,-310.34621412931483,-301.35535012282946,-310.3465267928732,-310.34502160958124,4.7864800134984614e-45,1.0,4.7759768050965756e-45,0.9978056508389859,1.0,1.0,1.0,0.4318070073656589,1.0,0.43180103442067364,1.0,4.724574312513464e-45,4.724508960117633e-45,1.0,1.0,1.0,0.9979485428402507,1.0,4.280146556580271e-43
1523,-14.17015240856989,-304.6161033639367,-14.173664107053611,-304.6179049123164,-14.170186161527667,-14.173664079190004,-304.35939635449745,-304.6032922630635,-304.6175340198314,-304.6194809511426,-304.6208130577761,8.52046122644717e-64,0.9982456913596001,8.512789670577017e-64,0.9990996313854256,1.0,0.9999831236635188,1.0,0.9982457052669628,1.0,1.0,1.0,9.687379720511114e-64,9.704404240720315e-64,0.8851944378829373,0.8789134655055476,0.9929044149978942,1.0,1.0,8.514512175595049e-64
1524,-39.620188692002685,-304.6043963698146,-42.09718932501394,-305.28367139585487,-42.0977862003587,-42.09773133438247,-305.0430986428524,-304.51505802720857,-305.28240354511195,-305.28333376526876,-305.28364485353995,2.8801188329819594e-58,0.289818528256834,2.0507263382299234e-58,0.7120283770050904,1.0,0.2897320483949154,1.0,0.2897399967197774,1.0,0.9997290320341873,1.0,2.3128497407907182e-58,7.98033774687152e-58,1.0,0.887228738484775,0.6813543578158526,1.0,0.9997016068557151,7.082498360794466e-58
1525,-46.042678573569034,-302.46866438228926,-46.04267751691175,-302.4685949579332,-46.04250680859279,-46.258404022924296,-302.4781611048911,-302.3531788390545,-302.3531778047915,-302.46864261055714,-302.3531838172387,2.0787615407977426e-56,1.0,2.078833700390822e-56,1.0,1.0,1.0,1.0,0.8977508270061675,1.0,0.8977503526988182,1.0,2.0689142277458876e-56,2.0689131346794896e-56,1.0,1.0,1.0,1.0,1.0,2.2021402085928726e-56
1526,-134.67637543449405,-307.46869343828996,-137.57231515252835,-308.4166097885026,-137.57231807896943,-137.56171917040265,-308.3332064387068,-307.4637495844948,-304.5975971096269,-308.4166385369766,-308.41616534040236,3.0104047310841824e-38,0.2350469825637822,1.8740771597027694e-38,0.6225332894118228,1.0,0.23504663863846068,1.0,0.23629556394274345,1.0,1.0,1.0,1.9538817436819868e-38,8.312728469729649e-38,1.0,1.0,1.0,1.0,0.9999985367805284,5.381724842307074e-37
1527,-76.49454396529828,-304.6825382796393,-76.61489890651967,-304.68254037836476,-76.494548944489,-76.61495412379728,-305.1758386437112,-304.6864784880793,-304.68648361911363,-304.6825429845687,-304.68648147118284,2.815831197788056e-50,0.9415974128872858,2.815828242961267e-50,0.9999989506378134,1.0,0.999997510407739,1.0,0.9415714170232727,1.0,0.9999723917423122,1.0,2.2003299150242066e-50,2.336805395712799e-50,1.0,1.0,0.9999974344861127,0.9980318351615225,1.0,2.8102889644712564e-50
1528,-90.26298290027331,-305.7539588549615,-90.55138696603791,-306.7933217893207,-90.55181307861835,-90.55206636188258,-306.69047546468346,-305.74616328209214,-299.0256156673306,-306.7933208222485,-306.7933119647535,1.6096413551032004e-47,0.8657128279321221,9.57269733740974e-48,0.5947099524412969,1.0,0.8655284020158545,1.0,0.8654187970268057,1.0,0.9996603597684712,1.0,1.007783221530133e-47,1.164107991719818e-47,1.0,1.0,1.0,1.0,0.9997869664046587,5.376367624250651e-46
1529,-51.4893578192104,-311.8060592614347,-51.485662165235695,-311.4619954129081,-51.48882057078946,-55.7181481182657,-309.3996194367954,-311.8071590002037,-296.4996607265908,-311.2755285745471,-311.27552848437756,2.9713000358439646e-57,1.0,3.529059849237126e-57,1.0,1.0,1.0,1.0,0.12070627672626326,1.0,0.12048343835736779,1.0,9.896879365742629e-57,9.878608530829629e-57,0.300060912969681,1.0,1.0,0.9994502817659787,0.9984220435076925,6.259967189333922e-54
1530,-9.771877432713012,-302.80562860237217,-9.771875506556967,-302.8056281242742,-9.77187175878403,-10.18363717233943,-302.37822490466766,-302.6684942984195,-302.668496292512,-302.80562764209145,-302.66849550560397,2.3363044048912595e-64,1.0,2.3363049633824877e-64,1.0,1.0,1.0,1.0,0.8139308480749452,1.0,0.813930064196411,1.0,2.892936903338511e-64,2.8929341172160137e-64,0.8649057851570682,0.8649049228064346,0.9999990029542541,1.0,1.0,2.5021082706635522e-64
1531,-47.027655957130264,-304.4241809018193,-47.02764489513041,-304.05568700623456,-47.0276408629157,-47.69840052744219,-304.8176949304354,-304.50918689942154,-304.0268413262939,-304.0192897228796,-304.50919204622227,1.2795426831741328e-56,1.0,1.5384104116525607e-56,1.0,1.0,1.0,1.0,0.7150718261669489,1.0,0.7150678711156674,1.0,1.0510038142111815e-56,1.0509980011252612e-56,1.0,1.0,1.0,0.958387591502849,1.0,1.5607476604651935e-56
1532,-130.68654167666307,-307.820845115877,-131.1296744281903,-308.104821583307,-131.12931235942912,-131.129074206045,-307.1383741148086,-307.82058707374347,-307.8205601444648,-308.0896710509027,-308.10482507260605,3.4337978967976485e-39,0.801262735956862,2.979271100484829e-39,0.8676314652249394,1.0,0.8014078051908179,1.0,0.8015032398631599,1.0,1.0,1.0,4.8302701979048754e-39,6.028322522869655e-39,0.7109831990633504,0.7109927722601406,1.0,1.0,1.0,4.285317882518285e-39
1533,-136.012531656509,-306.57942482414563,-136.01252994557245,-305.5166557023575,-136.0125250888417,-137.2228253067395,-304.51968086478314,-306.57871054296015,-306.26036682447,-306.5793355648853,-306.57870714648595,9.159457480894076e-38,1.0,1.5582858731177262e-37,1.0,1.0,1.0,1.0,0.5459942550848229,1.0,0.5459937880042607,1.0,2.565295910388485e-37,2.565293715860173e-37,0.3571802084146899,0.4188078819497759,1.0,1.0,1.0,1.0743626187703179e-37
1534,-104.07042533921936,-304.8749306120641,-104.07042516052785,-304.8749260099867,-104.07041723775657,-104.081247198254,-303.15123961565627,-304.61360659230724,-304.6135250903241,-304.8743996064968,-304.8743762782183,2.488030553919117e-44,1.0,2.488036278980267e-44,1.0,1.0,1.0,1.0,0.9946036831937993,1.0,0.9946035943301874,1.0,5.890476849293839e-44,5.890476323004747e-44,0.481338993785001,0.48135860922594564,1.0,1.0,1.0,2.8354202583045663e-44
1535,-34.036754785850775,-302.054884739256,-34.036754264641246,-302.0548790137108,-34.036474602414344,-34.2624054138211,-301.76237090946756,-301.646225665901,-301.6460810831113,-302.0548517226521,-301.6462262131899,6.3183336470125685e-59,1.0,6.318351734991231e-59,1.0,1.0,1.0,1.0,0.8933066946736117,1.0,0.8933064618736613,1.0,7.313430298986117e-59,7.313428393071354e-59,1.0,1.0,1.0,1.0,1.0,7.7501891250534435e-59
1536,-115.53771047505364,-305.94226051266537,-115.53770863387496,-305.9565055427643,-115.53770642721977,-115.64547034449711,-306.1411691159138,-305.93702380992664,-300.92960958473645,-305.95650842265957,-305.9370296346508,4.5100078177736756e-42,1.0,4.477999344949325e-42,0.9929027899467933,1.0,1.0,1.0,0.9475458670305108,1.0,0.9475449947302848,1.0,4.0830513358098885e-42,4.0830475769981084e-42,1.0,1.0,1.0,1.0,1.0,5.529167346794657e-41
1537,-116.56804193475917,-303.86415003783645,-116.5680406923707,-303.864121163678,-116.56803627756469,-117.2991368765166,-303.6752174906795,-303.68860566562415,-303.6885875319467,-303.5006047220947,-303.6886026041757,2.1338647264802152e-41,1.0,2.1338955334766958e-41,1.0,1.0,1.0,1.0,0.6938167024423623,1.0,0.6938162714475626,1.0,2.345271174822616e-41,2.345269717954166e-41,0.9933282680201817,0.9933372744082081,1.0,1.0,1.0,2.3296386869275864e-41
1538,-35.61435610368102,-305.91233268078764,-35.61435352394567,-305.9743847484351,-35.61417567046888,-35.62040739711402,-305.86946105608183,-305.8936444821994,-305.89365255099403,-305.91233825161515,-305.8936516865238,2.020878257967868e-59,1.0,1.9591411026622563e-59,0.9694503342483736,1.0,1.0,1.0,0.9969789259396149,1.0,0.9969776399695542,1.0,2.064665051200635e-59,2.0646623880576327e-59,0.9879810979381854,0.987977112037945,0.9999959656108313,1.0,1.0,2.039657795306317e-59
1539,-95.65160732532678,-305.39969762560355,-95.65160232079275,-309.7137810332706,-95.65159732459274,-99.78560153438065,-309.43650403157113,-309.7137282239097,-298.5700463762467,-310.02245746670155,-308.2470013681557,2.843026425577124e-46,1.0,3.2884374631538266e-47,0.11566679203434835,1.0,1.0,1.0,0.12656527392024491,1.0,0.12656495722053088,1.0,3.7774569459368174e-47,3.777447493742686e-47,0.8705656587238915,1.0,1.0,0.11566984621935346,1.0,8.646068067283085e-45
1540,-79.16073049601097,-307.1685395687131,-79.1605108109636,-306.3974443844833,-79.160903171554,-80.99073407651804,-307.01265830198327,-306.4055096204636,-306.40549224236327,-306.3978097598923,-306.4054927268809,3.0812954627690625e-50,1.0,4.530796289827602e-50,1.0,1.0,0.9999136659554847,1.0,0.4005159090651554,1.0,0.4004719178030276,1.0,3.331060583128696e-50,3.330694711122286e-50,1.0,1.0,1.0,1.0,0.9998038389468976,4.512990944461503e-50
1541,-38.13427768055773,-310.39262812920094,-38.1338137747417,-310.39266836374554,-38.133736384960784,-39.731187285677635,-309.4396519002828,-310.39163923117803,-309.4537081399913,-310.3924464518058,-310.3926245593385,7.583162699577915e-60,1.0,7.583010148563309e-60,0.9999798829300514,1.0,1.0,1.0,0.45002380277552123,1.0,0.44991943055097916,1.0,1.2211992610613529e-59,1.2209160331905237e-59,0.6212674176859978,0.9929965196232302,1.0,1.0,1.0,1.2123184602727643e-59
1542,-142.07447407769104,-304.9777935407091,-142.07447302305144,-304.9777858308804,-142.0744714885059,-142.12216963829812,-303.92858967028167,-304.9755641422399,-303.9481084169955,-304.977783287518,-304.97556275797336,4.226624213967819e-36,1.0,4.2266405072735906e-36,1.0,1.0,1.0,1.0,0.976434330983558,1.0,0.9764338160905391,1.0,7.142090720531904e-36,7.142086954366962e-36,0.5924509252537538,0.9902880947819634,1.0,1.0,1.0,7.072718256101066e-36
1543,-56.4003558351601,-303.6692932038634,-56.400481068454624,-303.6692935621294,-56.40054678074296,-56.4153886994731,-303.0021521939852,-303.5812491361504,-303.58123672087834,-303.66929085986527,-303.58124929357854,2.0241023884545406e-54,0.9999373853131185,2.024102025871027e-54,0.9999998208670197,1.0,0.9999045317659528,1.0,0.9925117455768097,1.0,0.9925738952804694,1.0,2.8255324995912923e-54,2.825709430502508e-54,0.7486015065060131,0.7486061535661234,1.0,1.0,0.999967144395591,2.1154129710357633e-54
1544,-140.43421149930901,-305.94451860419207,-140.43420548814188,-305.9646321643156,-144.30012541938373,-144.95253043799636,-305.6185200465523,-305.9517640515197,-299.2664888740163,-305.93207554851455,-305.91621179056176,1.147872002205028e-36,1.0,1.136385959051591e-36,0.9899936202543664,1.0,0.14471963499603221,1.0,0.10443823140791403,1.0,0.10443791751055385,1.0,1.3510864872844154e-36,1.3510824264871871e-36,0.8465195331495786,1.0,1.0,0.9963838304825391,0.14471920002972938,2.236051158450509e-34
1545,-44.842378684551775,-306.32910797923716,-48.27491275955657,-306.71495301809716,-48.27460206804275,-47.90892329899722,-306.5332777009776,-306.2774476558863,-255.9251836579682,-306.71510001555436,-306.72357106497185,1.655305614843263e-57,0.17973584432434858,1.364875388355874e-57,0.8245458579472651,1.0,0.17976376769396116,1.0,0.2158282541557164,1.0,1.0,1.0,1.4946630434584004e-57,8.315887401742548e-57,1.0,1.0,1.0,1.0,1.0,8.114263855172583e-46
1546,-34.065498943132226,-304.37185657004636,-34.066213578509746,-304.37184223255946,-34.06585788348994,-34.231026931943475,-304.138773064736,-304.28381512678686,-304.2838160152163,-304.3718552272581,-304.23906405177013,2.012427436356332e-59,0.9996427461416026,2.0124418629840546e-59,1.0,1.0,0.9998205459249523,1.0,0.920568380872829,1.0,0.9208973750132404,1.0,2.2611723683677563e-59,2.261980469618125e-59,0.930046186629579,0.9300457734894643,0.9999995557853786,1.0,1.0,2.103371262876045e-59
1547,-28.696385549761885,-305.16709815130804,-28.87516116958973,-305.285599130239,-28.875277379516035,-28.875273895125574,-305.0869943449187,-305.12866924779024,-305.2980218746239,-305.2953528613546,-305.2998910540485,9.228849306244479e-61,0.9144908561772186,8.697919702372495e-61,0.9424706606149715,1.0,0.9144377212634337,1.0,0.9144393143938582,1.0,0.9999436388204297,1.0,9.605984359674849e-61,1.0504188527187493e-60,0.9793781481434001,0.8998620862925661,0.9188096426272406,1.0,0.9999418967249086,9.452870245605812e-61
1548,-138.73308223355787,-304.8080911279082,-139.0765161365556,-304.9159744317037,-139.0764385292658,-139.07588280259222,-304.24857343973684,-304.8101418858022,-302.3861102910536,-304.8963779163031,-304.9174839429417,8.655058897270679e-37,0.842217527842827,8.200559156043242e-37,0.9474873889800132,1.0,0.8422502095867859,1.0,0.8424842725576877,1.0,1.0,1.0,1.1449005126273979e-36,1.3593881328495272e-36,0.7551912707828978,1.0,1.0,0.9989751465743663,1.0,3.449493700831392e-36
1549,-64.40677506593188,-306.10957603856934,-64.45299776384309,-306.10958000637487,-64.40634090403319,-64.45292575547536,-306.11567963649526,-306.0676790011657,-306.0676841040105,-306.10958087013995,-306.0676822849166,3.27268072410249e-53,0.9771536726744732,3.2726742314286045e-53,0.999998016099205,1.0,1.0,1.0,0.9771888549283158,1.0,1.0,1.0,3.262708384989446e-53,3.3389920912433343e-53,1.0,1.0,0.999997448580857,1.0,1.0,3.3412277481001453e-53
1550,-147.36985117826342,-305.67135209264717,-147.36985172653473,-305.6713538894278,-147.36985296095122,-147.40205912565884,-306.27165947857253,-305.62348477756467,-304.40020720077996,-305.6712668449239,-305.7210902185916,4.2195470898145535e-35,0.9999997258643794,4.219543299016074e-35,0.9999991016100921,1.0,0.9999991086564954,1.0,0.9840250020180858,1.0,0.9840252717744644,1.0,3.125436972575482e-35,3.1254378293693106e-35,1.0,1.0,1.0,1.0,0.9999993827919469,7.966945222912559e-35
1551,-20.16534545337602,-304.65095100534984,-20.81802557240445,-304.9664324757316,-20.81721908832577,-20.818016899934136,-304.6400654901125,-304.52979230520856,-304.9653604741012,-304.9664492160092,-304.9663168316793,1.6777825144183245e-62,0.7215597724405356,1.4329456983636965e-62,0.8540711838688375,1.0,0.7218507943468704,1.0,0.721562901300173,1.0,1.0,1.0,1.6869391741164097e-62,2.337906350309249e-62,1.0,0.849890728902133,0.8042990836018464,1.0,1.0,1.9861638659005556e-62
1552,-146.37202882861564,-306.26956978673314,-146.37204199410732,-306.2695804279704,-146.37204424915998,-146.48559767357474,-306.5326860566514,-306.2751351870416,-303.35212776276546,-306.26957673459,-306.27515626654275,1.899722410444717e-35,0.9999934172758262,1.8997123027731268e-35,0.9999946793955137,1.0,0.9999922897575523,1.0,0.9447977245647797,1.0,0.9448039439485411,1.0,1.6655404090545888e-35,1.6655513729198616e-35,1.0,1.0,1.0,0.9972211679670739,0.9999988724743037,8.169735207376544e-35
1553,-163.76952491770982,-303.6162119854556,-170.1455700140477,-303.61620453355107,-170.14556935536507,-170.1527168679108,-302.5308433453169,-303.61696492136275,-301.39280499763385,-303.61617403837903,-303.6169630488831,4.292178225455413e-31,0.04125336688123793,4.292194217936408e-31,1.0,1.0,0.04125338046767844,1.0,0.041106214065512195,1.0,0.9964329501601797,1.0,7.385204958959812e-31,1.7902065982203818e-29,0.5809673104360029,1.0,1.0,0.9996236029015961,1.0,3.16245895620062e-29
1554,-56.158690690210335,-307.01420132756044,-56.15868880040014,-306.9871403529665,-56.15868867354183,-56.15901435699445,-307.1429640448325,-307.00835524732787,-296.3864916718516,-307.0061862832134,-307.0081299258297,3.368356015126314e-55,1.0,3.414241238083061e-55,1.0,1.0,1.0,1.0,0.9998381797022609,1.0,0.9998372349505157,1.0,3.158330096236122e-55,3.158327111915318e-55,1.0,1.0,1.0,1.0,1.0,6.842193925377073e-53
1555,-156.09284505709212,-312.48847835873215,-156.09476085771166,-312.4176653972124,-156.09476052207935,-156.09664461856104,-311.7029268974637,-312.4884486790236,-311.5320431658493,-312.48846233826345,-312.4427878761767,1.0942580032519436e-34,0.999042558330275,1.1336958865992224e-34,1.0,1.0,0.9990427259857687,1.0,0.9981020227067293,1.0,0.9990585630054464,1.0,1.6206904167154786e-34,1.6222436203560615e-34,0.6751901724818179,1.0,1.0,1.0,1.0,1.7669445993665587e-34
1556,-18.39838597563775,-302.8265690828682,-21.983662012616918,-303.195439039955,-21.98374990450222,-21.528343236980277,-303.2973572833495,-302.8253723221262,-303.1329162648777,-303.1320830828872,-303.13209729375427,1.726651894081835e-62,0.16652030609164684,1.4358388364915892e-62,0.8315740082948895,1.0,0.1665129883606187,1.0,0.20909248129151164,1.0,1.0,1.0,1.3645027980583888e-62,8.194212646399011e-62,1.0,1.0,0.8574675258605354,1.0,0.9999560550229586,8.896808219940534e-62
1557,-184.79685929016847,-310.6458350946467,-184.79682118087518,-309.084374561398,-184.79681612517112,-187.50899631393563,-310.53175078105835,-309.0843482760182,-309.0843091361859,-309.0844339211192,-309.0843126695874,4.70156156588344e-28,1.0,1.0263818748650983e-27,1.0,1.0,1.0,1.0,0.2576718219014233,1.0,0.2576669121026845,1.0,4.977545302584572e-28,4.97745045812129e-28,1.0,1.0,1.0,1.0,1.0,1.0263932986691736e-27
1558,-142.2418435814898,-302.48782407478245,-142.24184193808395,-302.487784136299,-142.241837141619,-143.05175540109033,-302.3940804127305,-302.7696813869305,-301.21905434145947,-302.7700975593266,-302.7696787597613,1.595980064676284e-35,1.0,1.5960119355061972e-35,1.0,1.0,1.0,1.0,0.6670062186475769,1.0,0.6670056705668403,1.0,1.6725674468474815e-35,1.6725660724944938e-35,0.8287800430486758,1.0,1.0,0.8685512753451835,1.0,3.0097880315567355e-35
1559,-39.036879637639245,-304.68089337166714,-39.036876745915706,-304.6808606427045,-39.03671776746283,-39.46742802508348,-304.2426236013774,-304.5724347309645,-304.57243457594666,-304.6808913322968,-304.5724275089295,2.0707865824917623e-58,1.0,2.0708204701173963e-58,1.0,1.0,1.0,1.0,0.8063203218938115,1.0,0.8063191560669265,1.0,2.578127632897748e-58,2.578123905284313e-58,0.8479737788857716,0.8479738446113136,1.0,1.0,1.0,2.1860078688674325e-58
1560,-54.912704946494415,-307.6536317261073,-54.912711610145536,-307.6157847921695,-54.91265261332336,-55.09872757088709,-307.65586864063204,-307.62459787048545,-307.6488381510947,-307.6487544507354,-307.5994722717462,1.3122152307116924e-55,0.9999966681799902,1.3372833319142307e-55,1.0,1.0,1.0,1.0,0.9111831927546632,1.0,0.9111862286631726,1.0,1.3107483945068116e-55,1.3107527616991111e-55,1.0,1.0,0.9879530127558259,1.0,1.0,1.3153296857277166e-55
1561,-22.120242297892943,-301.7784326457536,-23.85507024125843,-302.090698407404,-23.85506988752394,-23.85283776844645,-302.13562899777526,-301.8070428535191,-301.9766312545997,-301.9750251915772,-301.9761602187495,1.8749753238200702e-61,0.42003637190403964,1.6039392230843526e-61,0.855445510512901,1.0,0.4200364461947226,1.0,0.4205054935708311,1.0,1.0,1.0,1.5683079866467406e-61,3.733743293556988e-61,1.0,1.0,0.9187013331857155,0.9857967279657828,1.0,4.0426886946797654e-61
1562,-65.45811517174059,-305.5337811177677,-65.45811774646957,-305.5098710731718,-65.45811838088625,-65.46626574178941,-305.35731885458137,-305.48296273734616,-305.50913017944885,-305.5337796484407,-305.5091304944399,7.382977080204769e-53,0.9999987126363381,7.471770441586344e-53,1.0,1.0,0.9999983954284571,1.0,0.9959330076807316,1.0,0.9959342898103459,1.0,8.06398690355059e-53,8.063997284847686e-53,0.9391106755514915,0.9269036442689444,0.9870014987579836,1.0,0.9999996827917107,7.474550841689683e-53
1563,-59.296367571623506,-305.15940179276276,-59.296883119885635,-305.15940096685983,-59.29675528120168,-59.35010165011984,-305.52426245433367,-305.09141107254953,-305.0914202779836,-305.16678428846967,-305.0914172794978,4.0880901749465633e-54,0.9997422590898323,4.088091863129716e-54,1.0,1.0,0.9998061639995368,1.0,0.9734906689710099,1.0,0.9737416420280944,1.0,3.406371267703679e-54,3.4072494552794856e-54,1.0,1.0,0.9999953972935512,1.0,1.0,4.230256050619331e-54
1564,-146.42892256662634,-304.48415240160176,-150.24637007415475,-304.48416288917326,-150.25365006446373,-150.60299779844615,-304.5541310697217,-304.4664242873382,-299.6646635627285,-304.48415684918615,-304.46642978949495,4.772466882239457e-35,0.14826949427976654,4.7724418565112216e-35,0.9999947562279982,1.0,0.14773077510144553,1.0,0.12405408787886832,1.0,0.8366797801629595,1.0,4.6083690227257887e-35,3.108103285245185e-34,1.0,1.0,1.0,1.0,0.9963666215971265,3.595925214987698e-33
1565,-22.11663758211388,-305.61090730214886,-22.11661932766971,-305.70002765411687,-22.116643185476292,-22.120830584959563,-305.5363685353663,-305.5965967031914,-305.6880036099835,-305.68651375663006,-305.7001398349449,2.7542382459197196e-62,1.0,2.6342031585302453e-62,0.9564180449649459,1.0,0.9999971983227195,1.0,0.9979056947012732,1.0,0.9978965866359428,1.0,2.8588238214531526e-62,2.858797728452286e-62,0.9703348276401389,0.9269853313678705,0.9553252186385037,1.0,0.9999880711678582,2.650095172163547e-62
1566,-133.86310078594224,-306.74736313572913,-133.8617500650075,-306.74735047964657,-133.86310001368963,-133.8650812216371,-306.73583310744135,-306.73786765011,-303.60673460216856,-306.74736735971544,-306.73787230268624,2.8751428468626613e-38,1.0,2.875161040942842e-38,1.0,1.0,1.0,1.0,0.9990102722564789,1.0,0.998335807990988,1.0,2.89176595623124e-38,2.8898136311593213e-38,0.9989832459107566,1.0,1.0,1.0,0.9993252534028707,1.3824138620475867e-37
1567,-92.50919796153737,-309.68193196039795,-94.5051412568532,-310.22215229079126,-94.5051413087017,-94.5047696471419,-310.16284038305946,-309.6764269527235,-295.3921276292057,-310.2200635465894,-310.22024505138097,6.942885486662582e-48,0.36862638757670196,5.299472562450726e-48,0.7632954011168951,1.0,0.3686263780203392,1.0,0.36869488651295385,1.0,1.0,1.0,5.458987063023442e-48,1.4808996987193637e-47,1.0,1.0,1.0,1.0,0.9999999740757491,2.387509879765877e-44
1568,-52.39444862389725,-302.9559054569753,-52.39459936390239,-303.261945450308,-52.39459547356893,-52.85885880754631,-302.40060458380367,-303.2287865910175,-296.83572181226026,-303.2620027881836,-303.228780076193,3.901853505798868e-55,0.9999246328376775,3.3482295093821796e-55,0.8581125622492218,1.0,0.9999265778596974,1.0,0.792783513215069,1.0,0.7928432675623116,1.0,5.150542941842799e-55,5.15093115290711e-55,0.6609408005321733,1.0,1.0,0.8724581715068582,1.0,8.323075619532972e-54
1569,-6.249073844353006,-303.9058547160453,-6.249071065538317,-303.903495201724,-6.2490664013558614,-7.2747467623836,-303.5099488488545,-303.8415464839851,-303.8405701724091,-303.9035881694056,-303.84057381537355,2.3155346443722107e-65,1.0,2.3182680249953072e-65,1.0,1.0,1.0,1.0,0.5987947110752718,1.0,0.5987938791060803,1.0,2.8224168089433018e-65,2.822412887459311e-65,0.8472166621560765,0.84763033683402,1.0,1.0,1.0,2.3923572072801023e-65
1570,-78.62051023891014,-304.86527875977913,-78.62050939490669,-304.86527012658127,-78.62050490146488,-79.44615609173647,-303.388586214626,-304.8398270660764,-300.1504043855182,-304.8652532310557,-304.8398250480473,7.439996580746265e-50,1.0,7.440028696296902e-50,1.0,1.0,1.0,1.0,0.6617794561153842,1.0,0.6617791768433705,1.0,1.5567986555491977e-49,1.5567979985776187e-49,0.4840241747292262,1.0,1.0,1.0,1.0,7.859475034301893e-49
1571,-56.41982556333264,-307.17262964451794,-56.420726980715685,-307.19086391751216,-56.42072665247325,-56.42707462243601,-307.2330443528946,-307.1994181634308,-297.19589362657354,-307.21594642504897,-307.2163437674865,3.5458505975005726e-55,0.9995493928623806,3.513669516173526e-55,0.990924298573166,1.0,0.9995495569096579,1.0,0.9963820311266981,1.0,0.9968312103850993,1.0,3.440341431804451e-55,3.4418923730747e-55,1.0,1.0,1.0,0.9866950444721287,1.0,5.203994176644101e-53
1572,-75.36165357583747,-304.4348572363551,-75.36165305247717,-304.5015300545471,-75.36164988940794,-75.37910889739469,-304.1261256523682,-304.5024765037156,-304.5024701219648,-304.4348517013074,-304.5583648143224,1.8087804242988973e-50,1.0,1.7494761676368218e-50,0.9672131255594136,1.0,1.0,1.0,0.9913103146934047,1.0,0.9913100552872072,1.0,2.1106978162972516e-50,2.1106972639695757e-50,0.8284693596886403,0.8284720032353724,1.0,0.9667555248126863,1.0,1.7486508249503087e-50
1573,-40.621433778699966,-303.0170258082184,-40.6214318663217,-303.0170271068825,-40.6205869075977,-42.16535255872748,-302.3411956656738,-302.7552847678524,-302.75525862007714,-303.01701106077115,-302.942340052544,1.0508026344346949e-57,1.0,1.0508019521150979e-57,0.9999993506681738,1.0,1.0,1.0,0.4621067333507437,1.0,0.4621062914895181,1.0,1.4732478084506141e-57,1.473246399747748e-57,0.812983429883373,0.8129940588068603,1.0,1.0,1.0,1.1972346563582062e-57
1574,-133.91127472658175,-303.5526001003343,-133.91127351332656,-303.5525951991867,-133.91126960311345,-134.34521784378325,-302.2033412321206,-303.5509477396722,-302.20607326370504,-303.5523299904052,-303.55094512744165,1.4549706868176202e-37,1.0,1.4549742523350178e-37,1.0,1.0,1.0,1.0,0.8049528629651915,1.0,0.8049523746587208,1.0,2.8565516712042314e-37,2.8565499383416858e-37,0.5097661163842224,0.9986349167826578,1.0,1.0,1.0,2.8526449327310818e-37
1575,-102.57374954722266,-306.1543026823575,-103.6025374835018,-307.59885105317096,-103.60247555677904,-103.60187419045084,-307.6402509712077,-306.1304712548659,-307.3929254642267,-307.5988493229129,-307.59883785372745,6.20932762517407e-45,0.59786280876077,3.0155385318498464e-45,0.4856465488508185,1.0,0.5978813208895721,1.0,0.5980611207669362,1.0,1.0,1.0,2.953758634475325e-45,4.940529150153633e-45,1.0,1.0,0.5319386559357733,1.0,1.0,5.590698479706836e-45
1576,1.228210509991925,-302.3266089939303,1.1812842590504573,-302.331536447362,1.1812840312686745,1.181284160783548,-302.046428797297,-302.33885989148195,-302.33396322063805,-302.33204663214025,-302.3357358203714,1.2131331409510526e-66,0.9768099934134422,1.210147991228328e-66,0.9975393057678906,1.0,0.9768098821636877,1.0,0.9768099454193939,1.0,0.9999999508665466,1.0,1.3955609985938898e-66,1.4286923843982643e-66,0.8639714565774543,0.8660893400848044,1.0,0.9938932735384881,0.999999886109115,1.2373753853134575e-66
1577,-46.21830876612698,-307.5863892986318,-46.21830704072184,-307.6456141664582,-46.21829119691387,-46.22128033326976,-307.5858144152555,-307.5891982341265,-307.6479707379958,-307.64329606777295,-307.64689135188604,1.7564768875708115e-57,1.0,1.7052259100050387e-57,0.9708217182198992,1.0,1.0,1.0,0.9985153196585661,1.0,0.9985144582372045,1.0,1.7569818448219465e-57,1.75698032906981e-57,0.998309521036419,0.9693998004981935,0.9710413254316035,0.9985965180558996,1.0,1.7032028878163645e-57
1578,-84.7674163548191,-305.63108101798684,-84.94560196586559,-305.6311311241816,-84.94556463578161,-84.9454624739093,-305.35540354775935,-305.6122398931873,-305.65910237596194,-305.6311281318753,-305.62864081480666,1.096641285730232e-48,0.9147606747919083,1.0966138118134642e-48,0.9999749472164517,1.0,0.9147777489976607,1.0,0.9148244778949192,1.0,1.0,1.0,1.2587143806399625e-48,1.3760040361663965e-48,0.879485525387759,0.8591176420031048,0.9768411386012588,1.0,1.0,1.1821272782768244e-48
1579,-26.590714990675707,-306.2392791278916,-26.994612449529527,-306.27892116450937,-26.99461047884526,-26.99460923512251,-306.08635747697605,-306.2370320813126,-306.2778558418761,-306.27586201374237,-306.27408896909344,1.8840215302389228e-61,0.8171368219414169,1.847045962248632e-61,0.9803741266239399,1.0,0.8171376271011528,1.0,0.817138135247639,1.0,1.0,1.0,2.0337256967015582e-61,2.488843535247507e-61,0.9274306092090525,0.9086919033653327,0.9797950319326845,1.0,1.0,2.2615897407817915e-61
1580,-103.61586127829395,-308.1466720948453,-104.76327791639423,-309.28385101917905,-104.76364879607658,-104.76345991038694,-309.2979740271712,-308.1564142382888,-302.53974896244074,-309.3504442825283,-309.35044203435274,3.860990575983351e-45,0.5634321735881298,2.1865704554535277e-45,0.5663236965805392,1.0,0.5633277005023825,1.0,0.5633809052853493,1.0,0.9999090071437452,1.0,2.171184367839543e-45,3.853497314526239e-45,1.0,1.0,1.0,0.9951407727086277,0.9998145773517294,1.131007598567487e-43
1581,-128.33649583532338,-307.88371804136955,-128.33648905206888,-307.88368688483797,-128.33648425346829,-129.8984621064419,-308.0842412190251,-307.88914978206304,-304.8561797641355,-307.8836904499533,-307.88863968432037,1.027581028100994e-39,1.0,1.0275970361560642e-39,1.0,1.0,1.0,1.0,0.4579555575197767,1.0,0.4579540043078646,1.0,9.29550572438289e-40,9.295474197545903e-40,1.0,1.0,1.0,0.9972878142926999,1.0,4.669121187547149e-39
1582,-157.71492065076404,-307.467792867371,-157.71491710764926,-307.4678651628976,-157.7149122752212,-158.98582583412698,-307.3680787530467,-307.4613922497733,-303.2346549726486,-307.46785164571116,-307.46139939524784,3.030937448153731e-33,1.0,3.0308278885243922e-33,0.9999638528899977,1.0,1.0,1.0,0.5296956981914411,1.0,0.529694759805942,1.0,3.185881502675125e-33,3.1858758587081544e-33,0.9544149458636557,1.0,1.0,1.0,1.0,2.5164561626031994e-32
1583,-42.731994179165824,-304.3009701430976,-42.73225771611257,-304.32282147971773,-42.73225346779667,-43.37196300282764,-304.4411613389837,-304.37735265824847,-304.3773494245994,-304.32281634949976,-304.34358581570837,1.5886146048260396e-57,0.9998682402077105,1.571352400854358e-57,0.9891338000297689,1.0,0.9998703640880394,1.0,0.7261603564958906,1.0,0.7262560478419031,1.0,1.481072845466614e-57,1.4812680170328297e-57,1.0,1.0,1.0,0.9625288323549093,1.0,1.5292880835684775e-57
1584,-78.86965040520238,-307.85461934020844,-78.86963884678275,-307.27371277684597,-78.86963492239929,-79.38637718393933,-307.23363081447684,-307.875690318262,-307.87570023464235,-307.8774924836613,-307.87570355970735,1.890365472742862e-50,1.0,2.5274817817647756e-50,1.0,1.0,1.0,1.0,0.7723145302185749,1.0,0.7723100668637591,1.0,2.578645974450909e-50,2.5786310719578427e-50,0.7254016685965619,0.7253980719260522,0.999995041822117,0.9895198148495485,1.0,1.8705303374640808e-50
1585,-75.51346822036705,-304.68061706226626,-75.51346707925046,-304.68061464470514,-75.51300634890217,-76.73869846905296,-303.8954326098719,-304.66471189844924,-298.753673204685,-304.6805851158389,-304.6647094831697,1.7257819096734697e-50,1.0,1.7257839957663663e-50,1.0,1.0,1.0,1.0,0.5419317953259064,1.0,0.5419314861223149,1.0,2.555562752922289e-50,2.5555612948251917e-50,0.6806958846633009,1.0,1.0,1.0,1.0,3.3412203978115984e-49
1586,-207.93634578079218,-308.51430833838396,-207.93633922261566,-308.51430678470007,-207.9363343807315,-209.0121105633954,-308.4703815906864,-302.5462466053455,-307.27351221831566,-308.5143097507581,-308.5123928812387,1.4446842232685685e-22,1.0,1.4446853455603102e-22,1.0,1.0,1.0,1.0,0.5839835926642287,1.0,0.5839816777336249,1.0,1.4767653785362147e-22,1.4767605361001376e-22,1.0,1.0,0.09407783508857132,1.0,1.0,2.6866179288972584e-22
1587,-148.5041788675686,-305.3588089769549,-148.84520065545775,-306.45500625259604,-148.50418492753047,-148.8426845964591,-306.25209439187756,-305.354418277955,-304.05024123091846,-305.35727832198023,-306.45500029269385,8.698609628721321e-35,0.8432339034351759,5.028212545845101e-35,0.578047844478826,1.0,0.9999969700236594,1.0,0.8442953841075332,1.0,1.0,1.0,5.565130823054713e-35,6.599747472656596e-35,1.0,1.0,1.0,1.0,1.0,1.6734125927575456e-34
1588,-71.61436311234831,-304.30629878062945,-71.61436230290764,-304.30629104098875,-71.61436110118461,-71.64406463883797,-303.17615684913335,-304.29354375973054,-304.3011295407339,-304.3062908382702,-304.3011480230803,2.962021304884103e-51,1.0,2.9620327673966074e-51,1.0,1.0,1.0,1.0,0.985258965482968,1.0,0.9852585667287062,1.0,5.2118916699206374e-51,5.211889560562506e-51,0.5719558617807858,0.5697906047125312,0.9962142934220255,1.0,1.0,2.969683920038517e-51
1589,-68.80989232374205,-305.84551942883394,-68.81036499441471,-305.8596820673544,-68.81036006432984,-70.5874383622781,-305.41452790744466,-305.8191227699238,-305.8374313767364,-305.84525071761817,-305.83743285615924,3.375728939724937e-52,0.9997636925886635,3.3519087640398124e-52,0.9929436942033962,1.0,0.9997661570516283,1.0,0.41115992869227524,1.0,0.4112571117957573,1.0,4.187513176776264e-52,4.188502951066024e-52,0.8168519345236793,0.8094083464904498,0.9908874696641687,1.0,1.0,3.390200890893347e-52
1590,-88.04917513701363,-306.86135953872497,-88.78299699607939,-307.2797404389855,-88.78299369431392,-88.78291014391408,-307.2462758307484,-306.9489615767576,-300.8407773448179,-307.27440001163814,-307.28752662641006,3.058706954770423e-48,0.6928713566714033,2.481347632346589e-48,0.8112407200293017,1.0,0.6928725005217093,1.0,0.6929014460135341,1.0,1.0,1.0,2.5232155924658092e-48,3.641679755081078e-48,1.0,1.0,1.0,0.9571443920586491,1.0,8.958542492150482e-47
1591,-34.08937109667039,-304.09118350591456,-34.089369212281355,-304.0911528195615,-34.08827908466726,-34.702896493271254,-303.8648540345212,-304.03605741322855,-304.0360606822053,-304.09118347141356,-304.036060241241,2.3434267518791108e-59,1.0,2.3434627077653124e-59,1.0,1.0,1.0,1.0,0.7358251927597894,1.0,0.7358244994696532,1.0,2.6242076890059543e-59,2.624205216493073e-59,0.917959791569917,0.9179582911765394,0.9999983655129654,1.0,1.0,2.4075982838348825e-59
1592,-89.1920715238876,-306.46884512274255,-89.19354849364242,-306.43660362077253,-89.19363153453452,-89.4635259986362,-305.8716558530058,-306.48081888840835,-306.4876989519957,-306.4922630499605,-306.49259251850816,6.590951109567808e-48,0.9992617877354366,6.698063235444736e-48,1.0,1.0,0.999220298801618,1.0,0.8730807438094405,1.0,0.8737257388657359,1.0,8.884358859751698e-48,8.890922247598162e-48,0.7374319120300508,0.7348994811257716,0.9965658783367434,0.9940310028391858,0.9999584804159152,6.534205443981817e-48
1593,-183.6097851053108,-308.5100396694103,-183.60975004811817,-308.5093301120828,-183.60974143943835,-185.63422189291967,-308.50393016164765,-308.4997949113055,-304.85995656339037,-308.5100469642621,-308.5085663317451,7.555345468272937e-28,1.0,7.558026419186163e-28,1.0,1.0,1.0,1.0,0.36341189399160106,1.0,0.3634055239470436,1.0,7.578460476522555e-28,7.5783276379123895e-28,1.0,1.0,1.0,1.0,1.0,4.6865183413979686e-27
1594,-66.8028751067504,-303.9321015493221,-66.80287252234565,-303.9526719948554,-66.80286796686369,-67.6898286589189,-304.0407511429045,-303.9714702054244,-303.9707036999505,-303.9502130550594,-303.9744031857807,3.221385718695954e-52,1.0,3.1884228547443393e-52,0.989767489263926,1.0,1.0,1.0,0.6418011386967761,1.0,0.6418003093603547,1.0,3.05105312410466e-52,3.051049181529091e-52,1.0,1.0,1.0,0.9805081433751663,1.0,3.159794421979549e-52
1595,-106.76800223408824,-306.1012569384891,-106.76730722534931,-306.10086090718863,-106.76749992923827,-107.02491738474558,-306.35463474220245,-306.10029257184124,-305.8310347863507,-306.09968908041094,-306.1026497931148,5.191988370638109e-44,1.0,5.19301656738747e-44,1.0,1.0,1.0,1.0,0.8794508720411855,1.0,0.8791453121152011,1.0,4.5741817838875915e-44,4.57259251188648e-44,1.0,1.0,1.0,1.0,0.9999036526972214,5.941589339643436e-44
1596,-118.53796090988803,-309.8298883716926,-118.53792297732855,-309.8298925414419,-118.53715079797564,-118.62752902979354,-309.51672232871124,-309.8248298573375,-304.5515491463453,-309.82989459127003,-309.8248356525469,2.8939147632265894e-42,1.0,2.893908729783385e-42,0.999997915127536,1.0,1.0,1.0,0.9562039422652296,1.0,0.9561858068057542,1.0,3.3844560402733234e-42,3.384391850342e-42,0.8572259316090854,1.0,1.0,1.0,1.0,4.050294678402946e-41
1597,-44.94782364426261,-302.87884943561374,-44.947824495003076,-302.85078125353976,-44.94769372874863,-44.98283655098619,-302.35932011465,-302.80732583277666,-294.9691579675653,-302.8788411578421,-302.80732639449565,9.794660644278388e-57,0.999999574629859,9.93308888871687e-57,1.0,1.0,1.0,1.0,0.9826458942751444,1.0,0.9826463122635448,1.0,1.2700000914429829e-56,1.2700006316633564e-56,0.7993128490800512,1.0,1.0,1.0,1.0,5.11127045816386e-55
1598,-26.384864858923635,-301.98524678723095,-26.384864945209827,-301.9852458493685,-26.384865311930852,-26.3875417088789,-301.4389343860928,-301.81152606779557,-301.8115070550761,-301.9852383630873,-301.8115259831497,1.426058885742469e-60,0.9999999568569047,1.4260595544662066e-60,1.0,1.0,0.9999997734964169,1.0,0.9986624703136069,1.0,0.9986625133989988,1.0,1.8739918148392295e-60,1.8739918956890304e-60,0.8300280024646507,0.8300358930469346,1.0,1.0,0.9999998166395042,1.5554808219147457e-60
1599,-32.325182624467374,-302.7083495042497,-33.531002774797116,-303.47671557151136,-33.53084918227654,-33.53095119607687,-303.2091328834918,-302.60280715311626,-303.4755127948159,-303.4766966461067,-303.47661086862837,1.9366061749793984e-59,0.5472168745450671,1.3188419133318082e-59,0.6810067686300669,1.0,0.5472589003682907,1.0,0.547230987100086,1.0,1.0,1.0,1.5076397630607314e-59,2.7551046636018145e-59,1.0,0.8752988083513588,0.646389625961437,1.0,1.0,2.411354638804588e-59
1600,-142.6099213653977,-304.17461185663734,-143.72301307570527,-304.59065793924447,-143.72284825793696,-143.720583843787,-303.9477072550387,-304.1764933645205,-302.40989458313163,-304.5463388949752,-304.6121837782863,8.254166491754748e-36,0.5731855142006128,6.703937637553353e-36,0.8121883226186501,1.0,0.5732327517256205,1.0,0.5738821374529182,1.0,1.0,1.0,9.245809325398186e-36,1.6130570463373828e-35,0.8919073185770836,1.0,1.0,0.9990596884286661,1.0,3.479731348829724e-35
1601,-60.25982547679028,-305.14893083415325,-60.259931596745574,-305.9290507367702,-60.25992664671578,-62.292223742606296,-305.1008223456984,-305.1486806467932,-305.91715808317844,-305.92909595616777,-305.1487681203557,6.652830099433775e-54,0.9999469414300104,4.5040743204466874e-54,0.6770162852693289,1.0,0.9999494163166476,1.0,0.36196812160162434,1.0,0.3619873281316094,1.0,6.814799110908267e-54,6.815160713589844e-54,0.9763548815163996,0.6648672590248812,0.6809688481223759,1.0,1.0,4.531166008741268e-54
1602,-69.75662013191015,-304.077359824592,-70.80687615477629,-304.38974398647406,-70.8068773910304,-70.806848645859,-304.2732890932342,-304.05676674888656,-294.93596757972415,-304.3897426954246,-304.38970618763153,1.3118913785502235e-51,0.5914796433635638,1.1221851546037695e-51,0.8553948695385845,1.0,0.5914792777541076,1.0,0.5914877789018058,1.0,1.0,1.0,1.1894669457690093e-51,2.0110023381445144e-51,1.0,1.0,1.0,1.0,0.9999993818731375,2.1428237366485554e-49
1603,-119.0681168877806,-306.9901498715866,-119.06811289015066,-306.9901440506934,-119.06810858159506,-119.73052751678217,-306.8997222740138,-306.97390765964343,-302.6382132180637,-306.99015007249,-306.97391124541,1.5604470033927254e-41,1.0,1.5604515449970038e-41,1.0,1.0,1.0,1.0,0.7180577262414178,1.0,0.7180562909783172,1.0,1.6326200543353075e-41,1.6326167910331547e-41,0.9635868136353077,1.0,1.0,1.0,1.0,1.3748593040111472e-40
1604,-59.4657009555317,-300.81783686063534,-59.46570074155406,-300.81783160925966,-59.46569978385726,-59.48426125088841,-300.5601832543641,-300.7951651053288,-296.0706058248997,-300.8178001325061,-300.79504432400756,3.89986515201964e-53,1.0,3.899875391861575e-53,1.0,1.0,1.0,1.0,0.9907627799977576,1.0,0.9907626739972212,1.0,4.436069689131864e-53,4.436069214522016e-53,0.8891485803043303,1.0,1.0,1.0,1.0,4.186946943225421e-52
1605,-41.39605710764556,-303.74737578462407,-43.07305199686388,-304.76145586679473,-43.07304881911851,-43.06953477150422,-304.38228504611817,-303.7100773480033,-304.76006642452074,-304.7615083332131,-304.761388571172,1.0743232862215948e-57,0.43235967997804436,6.470387600629777e-58,0.6022756542293836,1.0,0.4323603669430758,1.0,0.43312070216900245,1.0,1.0,1.0,7.821070395564778e-58,1.8089268629215993e-57,1.0,0.8278769976446732,0.5915585952979971,1.0,1.0,1.497566560789859e-57
1606,-112.33808424357045,-308.2352818681059,-112.33965326161182,-308.2352955522856,-112.33964929302851,-112.83718301476901,-308.26894963246156,-308.2295908444562,-301.71474745181484,-308.23529226581803,-308.22960520741094,2.893770104756265e-43,0.9992157986260631,2.8937503053889595e-43,0.9999931579335612,1.0,0.9992177813635962,1.0,0.7791518010004757,1.0,0.7797632924457573,1.0,2.8454644463750664e-43,2.8476976147571065e-43,1.0,1.0,1.0,1.0,1.0,7.546054367727085e-42
1607,-109.97956390534142,-303.15976486745393,-110.7919878402281,-303.5466315341477,-110.79154520313864,-110.7902067291621,-302.93208251316895,-303.14954794103227,-300.2466466803895,-303.52147112047356,-303.5429744313612,1.1257769558369768e-42,0.6661689463298914,9.277806815599741e-43,0.8241247760043263,1.0,0.6663163981879521,1.0,0.6667624710150812,1.0,1.0,1.0,1.2615165418264091e-42,1.893688603734002e-42,0.8969701330807814,1.0,1.0,1.0,1.0,7.250157314076477e-42
1608,-17.599760514620044,-303.4787733093873,-17.59975962126616,-303.47877478467564,-17.598764861094722,-17.652864328134058,-303.54031139715454,-303.4256466382886,-303.42565029532267,-303.4787670993236,-303.42564957987946,8.359130890628803e-63,1.0,8.359124724567103e-63,0.9999992623561005,1.0,1.0,1.0,0.9737974958536644,1.0,0.9737970608808734,1.0,8.105845088942539e-63,8.105841468249124e-63,1.0,1.0,0.9999981714846291,1.0,1.0,8.579864677401776e-63
1609,-42.06809783798582,-305.1844321682613,-42.34864470892006,-305.26460625517433,-42.3486444207107,-42.34862746033373,-305.2241863239943,-305.143926984702,-295.10231828215007,-305.2716816859796,-305.30565964366593,7.328480740959539e-58,0.8691205545202847,7.040514043594925e-58,0.9607058123581972,1.0,0.8691206797646349,1.0,0.8691280501030654,1.0,1.0,1.0,7.184250148724353e-58,8.266114650446552e-58,1.0,1.0,1.0,1.0,1.0,1.3038783691375817e-55
1610,-41.54404115379779,-301.4632895302922,-41.544040751571586,-301.4632571491462,-41.5440379767507,-41.7198636974408,-301.24018891360294,-301.13042580388606,-301.3696332579886,-301.4632651162922,-301.36963513809087,3.624535392163507e-57,1.0,3.624594075943326e-57,1.0,1.0,1.0,1.0,0.9158421341227123,1.0,0.9158419499348773,1.0,4.052266769654861e-57,4.0522659546909985e-57,1.0,0.9373278429445908,0.8872719689406592,1.0,1.0,3.7982964365485544e-57
1611,-70.73566913166151,-305.8647041709727,-71.0866520028394,-306.3191177004079,-71.08664298614009,-71.08658195276773,-306.49222926050777,-305.8339705038717,-305.8329857490931,-306.31911832592425,-306.3613928023981,8.757472325864494e-52,0.8390445830653949,6.97756883260131e-52,0.7967560242232986,1.0,0.8390483657802779,1.0,0.8390739711466404,1.0,1.0,1.0,6.399019472889931e-52,7.626554776757646e-52,1.0,1.0,1.0,1.0,1.0,1.06042350486113e-51
1612,-98.24317456515824,-303.66126080761705,-99.03856653232805,-303.9806320734839,-99.03835672861997,-99.0376173048703,-303.5402002163429,-303.655010724946,-300.89708884017955,-304.08553883854563,-303.9790843277877,2.4775893805975754e-45,0.671866254986473,2.111926217988482e-45,0.8524117170211272,1.0,0.6719367386991573,1.0,0.67218520761872,1.0,1.0,1.0,2.6321904207089457e-45,3.917729758226851e-45,0.944211346112048,1.0,1.0,1.0,1.0,1.4687005583712693e-44
1613,-32.033665600641086,-301.9170147746265,-32.52147193172303,-299.10681269251165,-32.5213608546201,-32.521276527474214,-302.7118334718671,-301.876622113223,-301.8766245157022,-302.88432109874464,-299.11028329898534,2.486424910035647e-59,0.7835635065375486,1.0134515161400963e-58,1.0,1.0,0.7836070257281673,1.0,0.7836400660966999,1.0,1.0,1.0,1.6710238978477506e-59,2.132595359413547e-59,1.0,1.0,0.9999987987611231,1.0,1.0,3.2377824164702705e-59
1614,-76.75788203259923,-304.2225894181304,-76.7549004734033,-304.2225860990987,-76.75787490383833,-77.45641101247679,-303.8549664868282,-304.3983641020809,-304.3983579927126,-304.4153923655677,-304.3983610857251,4.042652180624568e-50,1.0,4.0426588894755147e-50,1.0,1.0,1.0,1.0,0.7052065855547992,1.0,0.7041560612093931,1.0,4.858415823769411e-50,4.851178392628572e-50,0.7620837603430768,0.7620860882718216,1.0,0.9158640503463898,0.9985138901390002,3.702517913128363e-50
1615,-93.35297525778286,-306.5207846947498,-93.35235012606249,-306.52078127283966,-93.3529702323118,-93.4940024435319,-306.42578955172934,-306.5316137501844,-299.40202117763766,-306.5207817342416,-306.5316137723768,5.142784437955619e-47,1.0,5.142793237036243e-47,1.0,1.0,1.0,1.0,0.9319150720350698,1.0,0.9316238327170654,1.0,5.392948267312238e-47,5.391262879209255e-47,0.9484633794819383,1.0,1.0,0.9946001044172834,0.9996899949368453,1.8072452273678285e-45
1616,-126.80090770201036,-305.54763848559674,-127.66892745585965,-306.871779962088,-127.66847751738345,-127.6664526874988,-304.46654624812777,-305.5436145409415,-303.9389838588069,-306.87179128721874,-306.87178177631694,1.5333474709582473e-39,0.6479058561364321,7.908732982318496e-40,0.5157821780197014,1.0,0.6480516314201084,1.0,0.6487080608085465,1.0,1.0,1.0,2.632672141336198e-39,4.063355989765642e-39,0.5836031023830284,1.0,1.0,1.0,1.0,5.288662910891456e-39
1617,-92.35297967627464,-308.8141441139209,-92.35283430911014,-308.82976415884457,-92.35282950160256,-93.64813141917595,-308.79016574140235,-308.82747583134454,-308.8313909254834,-308.83089645605884,-308.8305108615539,9.909582763585735e-48,1.0,9.83249013904373e-48,0.9922203965211083,1.0,1.0,1.0,0.5233128179474138,1.0,0.5232747830794382,1.0,1.0029105656515389e-47,1.0028376731680366e-47,0.9815178833819945,0.9795983952828999,0.9980443676762356,0.9933563088417616,1.0,9.823758139722323e-48
1618,-66.34710215498112,-304.1708366962545,-66.34709898385961,-303.7501414376092,-66.34709411490556,-67.83689334180322,-303.0306379793453,-303.6038644944054,-303.71369252149566,-303.6276819950562,-303.7090586598818,2.276314220733499e-52,1.0,2.809215307579254e-52,1.0,1.0,1.0,1.0,0.4747838679163927,1.0,0.4747831151183224,1.0,4.025531385941089e-52,4.0255250032215754e-52,0.7508020397309519,0.7106840862364293,0.9465665363550438,1.0,1.0,2.8608695938066367e-52
1619,-22.799969444940956,-305.43819665955607,-22.799902984673082,-305.4382008002025,-22.799965986497142,-23.721973077339797,-305.51667073517496,-305.4436833211483,-305.44368206707503,-305.4408439054802,-305.44448636533446,4.225603785136001e-62,1.0,4.225595036779412e-62,0.9999979296789377,1.0,1.0,1.0,0.630651532008067,1.0,0.6306305757213828,1.0,4.06301423477886e-62,4.0628792225150335e-62,1.0,1.0,1.0,0.9972604286971906,0.9999684995841186,4.21402279763276e-62
1620,-14.77004801498262,-302.5129860711313,-14.770872792084702,-302.5128103841078,-14.770792048996071,-14.979744578187152,-302.38211844826844,-302.3138760510499,-302.3138648635436,-302.5129833513611,-302.31387409417766,3.2916594527614973e-63,0.99958769646943,3.291948616387639e-63,1.0,1.0,0.9996280521830211,1.0,0.900461128742845,1.0,0.9008325451816758,1.0,3.514248280661449e-63,3.5156978152829975e-63,1.0,1.0,1.0,1.0,1.0,3.637601192487237e-63
1621,-33.856435007793124,-304.6980092847018,-33.85643239428116,-304.6980060225421,-33.85628024554619,-34.054792571724334,-304.5503666479866,-304.64721948976694,-304.64722246477794,-304.69801029182395,-304.64722117061785,1.5399244367778676e-59,1.0,1.5399269485196305e-59,1.0,1.0,1.0,1.0,0.9055807920361358,1.0,0.9055796086637906,1.0,1.6579048498431854e-59,1.6579026833675447e-59,0.9527274375636896,0.9527260203774401,0.9999985124956062,1.0,1.0,1.5794068687489035e-59
1622,-46.903770250542635,-306.8318071373207,-46.903806262525535,-307.00810520765526,-46.90380473727218,-46.952971052395924,-306.9325050373421,-306.89029829966466,-307.00466155001163,-306.88541396784245,-306.8811183238153,3.6086432016221533e-57,0.999981994170657,3.3041617890971526e-57,0.9156244063175752,1.0,0.9999827567838926,1.0,0.9756997228442472,1.0,0.9757172914432839,1.0,3.4314499824579713e-57,3.4315117696732036e-57,1.0,0.9645648072230558,0.9444225228838536,0.9711779321635029,1.0,3.3099129643696364e-57
1623,-189.42701335035085,-303.17690619364646,-193.12831256249385,-306.79413072980157,-193.12824623829033,-192.72809846755493,-307.5444931892624,-301.186812327591,-306.9222153563036,-307.24173252155555,-306.96969287641,1.9930794464949875e-25,0.15713505726464475,3.2662865504145625e-26,0.1638814025280643,1.0,0.1571402682798071,1.0,0.19194573855254946,1.0,1.0,1.0,2.2444769247497718e-26,1.4283743957719552e-25,1.0,1.0,0.05682939813466132,1.0,1.0,1.9496361508236835e-25
1624,-34.199235343659566,-304.271420265129,-34.19829750121801,-304.26633781428774,-34.19918734681026,-35.955210631374,-304.0725478819712,-304.2631684944862,-304.266616253281,-304.2687583742652,-304.2602320158495,2.2624041383719525e-59,1.0,2.268160728578905e-59,1.0,1.0,1.0,1.0,0.4156184430331865,1.0,0.41542359641292903,1.0,2.4989339414075977e-59,2.497762412951891e-59,0.909090794133495,0.9075249812671711,0.9982776056292414,1.0,0.9995551761673422,2.2677905543100677e-59
1625,-140.12270359556308,-306.36182068302713,-140.53947661665146,-306.6156321867658,-140.53939269940125,-140.53873102993074,-305.7331343170705,-306.3587914140431,-304.0143837305749,-306.5934039735633,-306.6143373639169,7.973231726870549e-37,0.8118931707883386,7.0229555305149265e-37,0.8808166840111785,1.0,0.8119272374242059,1.0,0.8121958955951196,1.0,1.0,1.0,1.0918221382888436e-36,1.3447854687935025e-36,0.7313752972216763,1.0,1.0,1.0,1.0,3.175826242026383e-36
1626,-105.93225766322539,-308.2780837269879,-107.56077664751288,-308.8756993675145,-107.56200180220931,-107.55559356661935,-308.88856344323256,-308.2813901130592,-298.7391572264008,-308.8757012421159,-308.8757152507059,1.1512301425701138e-44,0.4429672266517649,8.538696253208523e-45,0.7417019358219616,1.0,0.4426959580576979,1.0,0.4441166829241152,1.0,1.0,1.0,8.483951285232711e-45,1.915254848391378e-44,1.0,1.0,1.0,0.9983481727352246,0.9993876102389839,3.064842537420196e-42
1627,-50.388247438092804,-305.24342987932823,-50.38824535582175,-305.0994266023421,-50.38803431628233,-53.102102914812164,-305.31731171560574,-305.1022256473964,-305.1022246173099,-305.0981084314388,-305.10222316200276,4.559322268031948e-56,1.0,4.899708068780819e-56,1.0,1.0,1.0,1.0,0.2574505185383697,1.0,0.2574502504976281,1.0,4.393969659304856e-56,4.393965084589306e-56,1.0,1.0,1.0,1.0,1.0,4.892336773583324e-56
1628,-76.95912013876745,-304.48510097713887,-76.95912104110192,-304.5703269893273,-76.95884067537983,-76.98549140338045,-304.4877725377854,-304.5731069008239,-304.5731053558802,-304.5703215711525,-304.57310834573445,3.92067655909717e-50,0.9999995488328631,3.757114431811908e-50,0.9582821676769661,1.0,1.0,1.0,0.9869009173216801,1.0,0.9869013625791423,1.0,3.9154428927880134e-50,3.915444659308014e-50,0.9582302537394849,0.9582309939456677,1.0,0.9569511231303205,1.0,3.7513745123546487e-50
1629,-100.42140084102078,-306.06434780746673,-100.42141115168036,-306.02489854028806,-100.42141338737255,-100.53308547880272,-306.58488649376545,-306.0572248815931,-298.5422866905845,-306.06436550175727,-306.0572416914772,2.214121479363506e-45,0.9999948446835007,2.2582277745271485e-45,1.0,1.0,0.9999937268437918,1.0,0.9456882413052221,1.0,0.9456931166525496,1.0,1.7067421166141356e-45,1.706750915455305e-45,1.0,1.0,1.0,1.0,0.9999988821545283,9.51916790581656e-44
1630,-71.92587804567765,-304.59584442379554,-72.70687684195524,-306.18434102343,-72.70676221033399,-72.70643836558003,-306.0328220751998,-304.53415995137476,-306.2964694954934,-306.2992923016649,-306.29930407321274,2.994737416111156e-51,0.6767188379696152,1.3533841774987066e-51,0.4519208162350913,1.0,0.6767576257699432,1.0,0.676867216845733,1.0,1.0,1.0,1.4598996900799856e-51,2.1573208963122285e-51,1.0,0.8764954987230699,0.41430420841426363,1.0,1.0,1.8907736805869024e-51
1631,-149.84808705462873,-301.05709577315486,-151.55061750538545,-301.7146179953369,-154.53610435638777,-154.7741942445849,-301.5007464341437,-301.07296628030787,-298.75519996188274,-301.05708870959273,-301.86335630412157,1.4634603139168006e-33,0.42687449768740193,1.0534206156424204e-33,0.7198149520181039,1.0,0.09594226728362393,1.0,0.08517446514160676,1.0,0.19953046059917026,1.0,1.172312599889943e-33,2.7462699370446407e-33,1.0,1.0,1.0,0.9920961474349319,0.22475520979442984,4.821934388953411e-32
1632,-129.355950057412,-308.4620922072461,-129.35594684913667,-309.0854934990314,-129.35594181207406,-134.30617006916572,-307.8860352401406,-309.22538933354355,-300.2656148057012,-309.2254267400364,-309.085524863871,1.2811364708361073e-39,1.0,9.380489985858295e-40,0.7322006827060574,1.0,1.0,1.0,0.08415373234299002,1.0,0.08415359734892655,1.0,1.7087737968119443e-39,1.708771055705718e-39,0.5118738624477962,1.0,1.0,0.6827349492695858,1.0,7.71677890714065e-38
1633,-75.14476300990745,-303.97712337683953,-75.85544435700567,-305.06250362974185,-75.85528335594728,-75.85491935859022,-305.12535468770244,-303.96203008731885,-305.0611106247839,-304.98634994114667,-305.0625064672862,2.040254318946614e-50,0.7009346126470717,1.1857604986882687e-50,0.5811826926069138,1.0,0.7009910405255266,1.0,0.7011186315789113,1.0,1.0,1.0,1.1490767694814895e-50,1.6393494467936382e-50,1.0,1.0,0.5772151132274148,1.0,1.0,1.692727300206022e-50
1634,-121.78854108602751,-308.3780920639421,-121.78855849112416,-308.9957847302134,-121.78856028581707,-121.85752925797581,-308.86297897883344,-308.3051747637842,-303.52529092969934,-308.2600882151219,-308.3009106289221,3.0380422881150257e-41,0.9999912974895389,2.2308150024696985e-41,0.7342935979517957,1.0,0.9999904001512975,1.0,0.9660940531747981,1.0,0.9661024606915688,1.0,2.3839764394015616e-41,2.3839971861619797e-41,1.0,1.0,1.0,1.0,0.9999991026539494,3.43851054948183e-40
1635,-93.56000192221737,-310.73723957872994,-93.55998445816198,-310.73723150755734,-93.55997958034384,-95.07370872309582,-310.66191221856775,-310.73673798360284,-310.7367305024466,-310.7372305451765,-310.7367312073071,6.927268886542144e-48,1.0,6.927296842190003e-48,1.0,1.0,1.0,1.0,0.46914030361738845,1.0,0.46913620708915005,1.0,7.193150944198399e-48,7.193088133679375e-48,0.9632783324487768,0.9632819356733587,1.0,1.0,1.0,6.928954961768089e-48
1636,-142.79003836537265,-304.97008079624504,-142.9140829425956,-304.94013535380566,-142.79004099188387,-142.90779072323247,-304.41836585711724,-304.924055676727,-304.0669944347758,-304.9704802190908,-304.9240574367977,6.068079314516e-36,0.9398619383400517,6.159618560116341e-36,1.0,1.0,0.9999986867452532,1.0,0.9428235033449676,1.0,1.0,1.0,7.99566565645075e-36,8.507276792772736e-36,0.7765883137176972,1.0,1.0,1.0,1.0,9.531352485621657e-36
1637,-31.44915990162208,-304.2358748165442,-33.287835704298075,-304.61256878100073,-33.28784707985287,-33.28755419874342,-304.1685148317955,-304.0930235604464,-304.6112702685553,-304.6125475239721,-304.61234688171834,5.822607131523097e-60,0.3987829873780007,4.8230241095937284e-60,0.8283272425306452,1.0,0.3987807191955898,1.0,0.39883912114142356,1.0,1.0,1.0,6.022052298264822e-60,1.5101076246657079e-59,1.0,0.8014139143483089,0.7717278214163656,1.0,0.9999943122387797,1.2102281460592857e-59
1638,-29.94430942928065,-303.18113797540644,-30.013783272704345,-303.1382464530184,-30.013782451396693,-30.013769894395807,-303.2464179637576,-303.2166997748193,-303.2179013074201,-303.1810964659053,-303.2312859782106,4.6491820764035e-60,0.9658594794953024,4.7499641363402954e-60,1.0,1.0,0.965859876129274,1.0,0.9658659402999712,1.0,1.0,1.0,4.499882621856823e-60,4.658941302940082e-60,1.0,1.0,0.9993994141235327,0.9823762477048419,1.0,4.7258439163437644e-60
1639,-51.453872744703034,-302.98224284372077,-52.21192508840342,-304.11171832483586,-52.2118649656518,-52.211710242296334,-304.0820025683888,-302.91556456290436,-304.11153590963283,-304.11172421320776,-300.0472452507685,2.4060708519956465e-55,0.6845276970754968,1.3678734732466608e-55,0.5685092241203602,1.0,0.6845482752291533,1.0,0.6846012350807187,1.0,1.0,1.0,1.388348904799238e-55,2.0281851424429646e-55,1.0,0.9853418219772941,0.5499182361434356,1.0,1.0,1.998395568138865e-55
1640,-83.30917426753608,-305.6744980903826,-83.30901398363602,-305.67449471926045,-83.30916526269769,-83.58428496950515,-303.6793313077953,-305.67422359055,-305.6534454055633,-305.67449952791674,-305.65791364641416,5.175871057541255e-49,1.0,5.175879781795412e-49,1.0,1.0,1.0,1.0,0.8714861110478788,1.0,0.8714162712501022,1.0,1.4035516873161247e-48,1.4034392084541188e-48,0.36882015396681694,0.3726718337449032,1.0,1.0,0.9999243633297629,5.230618260189431e-49
1641,-65.5027876416429,-305.5050737135039,-65.5027450776298,-305.50507558162735,-65.50266930628446,-65.5435621885511,-305.6411089853738,-305.5271441760901,-305.5271473610134,-305.5050763495923,-305.5271465111673,7.658888683573711e-53,1.0,7.658881529702409e-53,0.9999990659387193,1.0,1.0,1.0,0.9798191418768021,1.0,0.979798289581297,1.0,7.155270777588096e-53,7.155118500688975e-53,1.0,1.0,0.9999984075395961,0.9890254335166402,1.0,7.574375466424977e-53
1642,-19.599177077803546,-301.93299204835955,-20.007725242106503,-302.6362710249648,-20.007728864930044,-20.007697350166737,-299.5267622381575,-301.84401504237144,-301.8440194254035,-302.6362612382459,-302.63626954926366,4.920293978037726e-62,0.8152388981325348,3.4615926687601296e-62,0.7035337083945342,1.0,0.8152374214005362,1.0,0.8152502675089339,1.0,1.0,1.0,1.638691557258723e-61,2.010075281015753e-61,0.31391708071396196,0.3139163927604052,0.9999978084863839,1.0,0.9999981885898698,6.309967243871701e-62
1643,-79.61651384672653,-303.7318579983321,-79.61728056553785,-303.73184955573845,-79.61727649740791,-80.15436763204652,-303.32750620132214,-303.58870967674386,-297.5277246632052,-303.7317589971701,-303.5887124336034,2.1576021318438106e-49,0.9996167140671677,2.1576112397420387e-49,1.0,1.0,0.9996187473545769,1.0,0.7641991221711069,1.0,0.7644921412546106,1.0,2.641041585765504e-49,2.642054247992499e-49,0.8775672067281879,1.0,1.0,1.0,1.0,4.801173565368859e-48
1644,-55.790063731145935,-308.70038168370456,-55.79023710968164,-308.7022730545682,-55.79022691809628,-55.804950872521374,-308.6177607447672,-308.70156498597646,-308.6831620665795,-308.70260249533123,-308.7021860526142,1.2056527703428976e-55,0.999913314489553,1.2045131410325027e-55,0.9990547615877277,1.0,0.9999184098534842,1.0,0.9925840640749579,1.0,0.992670114190512,1.0,1.2565019222710179e-55,1.2566108522241762e-55,0.9589636387601733,0.9678282250566801,1.0,0.9994085238550717,1.0,1.216177253292134e-55
1645,-82.05723906995598,-304.4859809251295,-82.98664578187251,-304.808046499417,-82.9866418382498,-82.9865484525429,-304.8401250724636,-304.4624333004821,-297.6277296376499,-304.8606596538487,-304.8606580500865,5.014324062210097e-49,0.6283214653659521,4.26851436143298e-49,0.8512641601292149,1.0,0.6283227042985752,1.0,0.6283520431634755,1.0,1.0,1.0,4.200596569057866e-49,6.685425853804492e-49,1.0,1.0,1.0,1.0,1.0,2.4619543137246844e-47
1646,-137.94494320124676,-305.4246824252308,-137.94246509558806,-305.42465606806263,-137.94494094155556,-138.0026356108877,-302.3122130964329,-305.4243275649171,-305.3743653720105,-305.4246125988923,-305.42432689754656,4.2878216444315716e-37,1.0,4.287878152221966e-37,1.0,1.0,1.0,1.0,0.971565875125183,1.0,0.970362799169963,1.0,2.0328289618509435e-36,2.0303117391821693e-36,0.21096622398034923,0.21630277043882612,1.0,1.0,0.9987628429268304,4.397060394764303e-37
1647,-148.69262994068907,-306.36885607424335,-148.6926280952406,-306.36885160030084,-148.6926240527201,-149.11536118269566,-305.96767823484123,-306.32677150738414,-304.44843039227516,-306.36883737048186,-306.32676949423325,5.768229501933168e-35,1.0,5.768242405311225e-35,1.0,1.0,1.0,1.0,0.8094780505926842,1.0,0.8094773036680096,1.0,7.049481779831161e-35,7.049475275106418e-35,0.8356489784817993,1.0,1.0,1.0,1.0,1.506802704986093e-34
1648,-82.56848973389565,-303.56633187528377,-82.568490288933,-303.5663350393914,-82.56849166282583,-82.60766992000038,-303.97500365005016,-303.48479332870505,-303.48479896040493,-303.5884660765689,-303.42330924777633,1.0254826635458693e-48,0.9999997224813585,1.0254810411784059e-48,0.999998417947439,1.0,0.9999990355353706,1.0,0.980600545912566,1.0,0.9806008180475729,1.0,8.359616882806304e-49,8.359619202756381e-49,1.0,1.0,0.9999971841540255,1.0,0.9999993130538215,1.0681528143765795e-48
1649,-25.62278490739999,-303.9985132312803,-29.136977870818953,-304.4010415795191,-29.137134208689545,-28.721292018346816,-304.00829379996065,-303.8671237385362,-303.86709027000074,-304.3971218824741,-304.40516160219545,3.560234846110179e-61,0.17254512513944056,2.9111911769272527e-61,0.8176963887952269,1.0,0.17253163799786245,1.0,0.21240646430990304,1.0,1.0,1.0,3.5428667873806517e-61,2.0532986860785027e-60,1.0,1.0,1.0,1.0,0.9999218341198154,2.2036774851623732e-60
1650,-161.05809968456197,-304.22198140466804,-168.43227029141377,-305.4680883233534,-168.43168933488215,-168.4287512833727,-305.3258815081617,-304.2236090402664,-303.67763662558485,-305.4680718490123,-305.4680892442161,8.17255930102092e-32,0.025044894028484154,4.3829791149542214e-32,0.5363043513684547,1.0,0.02505217008258558,1.0,0.025088999410641244,1.0,1.0,1.0,4.7059706991442965e-32,1.879014019301528e-30,1.0,1.0,1.0,0.9991865132607077,1.0,4.282680696421793e-30
1651,-58.31701372624896,-301.4379517981266,-59.293220233025664,-302.57778966867687,-59.29318881059345,-59.29301457928756,-303.39995795604153,-301.39606976820966,-299.885139178313,-302.92568031678326,-302.50317331252114,1.610493884872994e-53,0.6137894939258359,9.108490955043136e-54,0.565571284721857,1.0,0.6137991373809746,1.0,0.6138526112227756,1.0,1.0,1.0,6.038302363424474e-54,9.837741478439376e-54,1.0,1.0,1.0,1.0,1.0,5.703241770408895e-53
1652,-63.57328026239989,-305.1598404780019,-63.574662398287856,-305.1598422610124,-63.574664306097205,-63.65332947431389,-301.2417057921772,-305.11622829899454,-305.1162280672437,-305.15984494236136,-305.11623053225446,3.468526350433985e-53,0.9993091707884724,3.4685232582259587e-53,0.9999991084951597,1.0,0.9993082175432378,1.0,0.9607657982995507,1.0,0.9614299822161041,1.0,2.4601247764737048e-52,2.4618254774271717e-52,0.14409805791513344,0.1440980746125578,1.0,1.0,0.9999990460957806,3.5474464972181533e-53
1653,-30.6325780438044,-303.2098783541044,-32.4652907835506,-304.1260407149547,-32.46529016594252,-32.46400231220211,-303.8687739790095,-303.15546040162184,-304.12448604542215,-304.12617214129176,-304.1260200592715,6.465338854198743e-60,0.39997374566207267,4.0893017903157257e-60,0.632496127818585,1.0,0.39997386917560035,1.0,0.400231506038089,1.0,1.0,1.0,4.650652870678273e-60,1.16273953506123e-59,1.0,0.8799800579331041,0.6159972240321083,1.0,1.0,1.0231872874598872e-59
1654,-16.957915533971843,-302.0095768200393,-16.95791507302043,-302.0095275244606,-16.957912525727636,-17.107995780443247,-301.9002851607239,-301.768375774997,-291.2367511972064,-302.0095734013232,-301.76837686659496,1.264207094130107e-62,1.0,1.2642382544242432e-62,1.0,1.0,1.0,1.0,0.927706263004745,1.0,0.9277060491910136,1.0,1.3352131636538969e-62,1.335212855919744e-62,1.0,1.0,1.0,1.0,1.0,2.761257643567976e-60
1655,-61.62956862399267,-305.5689822459065,-62.0294361911498,-305.56898681185635,-62.029431743517065,-62.029261989247516,-305.8321778707247,-305.5558843802565,-297.9992986423126,-305.8353570248338,-305.8274570346884,1.0696196497185637e-53,0.8187849682935182,1.069617207806519e-53,0.9999977170276876,1.0,0.818786789122956,1.0,0.8188562883490141,1.0,1.0,1.0,9.377286151725503e-54,1.1452684788863856e-53,1.0,1.0,1.0,1.0,1.0,5.7516765504009596e-52
1656,-71.57906237687227,-309.0898190299942,-71.57901277797215,-309.1730366010955,-71.57876175963224,-71.5936756116121,-309.1401024043533,-309.10249249781907,-298.4874457844065,-309.1718706268355,-309.1753818853458,2.6619169180311142e-52,1.0,2.5534304346019792e-52,0.9592449776721809,1.0,1.0,1.0,0.9927200110647179,1.0,0.9926953924596453,1.0,2.595826133811028e-52,2.595761759548637e-52,1.0,1.0,1.0,0.9936833008452577,1.0,5.338328757968092e-50
1657,-53.18408984019541,-303.637679003872,-53.18704536800567,-303.63768228456473,-53.18440097144888,-53.609651619768215,-303.57892079759824,-303.5809201013892,-303.580925862746,-303.6376833700735,-303.580928490663,4.1180738126349725e-55,0.998523327450296,4.118067057573116e-55,0.9999983596549764,1.0,0.9998444464729704,1.0,0.8083332318812513,1.0,0.809528640603029,1.0,4.240853880892199e-55,4.247125494525083e-55,0.9990008475900214,0.9989979697939945,0.9999971193257404,1.0,1.0,4.2372635384926856e-55
1658,-115.8533989995938,-307.80064501016864,-115.8533804538257,-307.80561829293987,-115.85337555861341,-117.39914796171067,-307.76576574617377,-307.80865731892345,-299.7570429295228,-307.80800483601314,-307.8074230827293,2.0853795988174807e-42,1.0,2.0802004496144567e-42,0.997516447746023,1.0,1.0,1.0,0.46168405704051585,1.0,0.4616797759176363,1.0,2.1220668276452728e-42,2.122047150056874e-42,0.9787825393804978,1.0,1.0,0.996001859553787,1.0,1.1636597950634494e-40
1659,-53.40252891725312,-305.31758031940325,-53.40252125585144,-305.3175856370119,-53.402518565287096,-53.56428525331637,-305.12741393294175,-305.28305704010336,-305.283057720479,-305.31758097942867,-305.28306375801344,1.983086389412259e-55,1.0,1.9830811167806007e-55,0.9999973411992006,1.0,1.0,1.0,0.9223060509616119,1.0,0.922302517889814,1.0,2.180899937162051e-55,2.1808915828028456e-55,0.925129497861094,0.9251291831433561,0.9999996598122333,1.0,1.0,2.017603734274466e-55
1660,-87.50204270299287,-305.93245828934505,-89.76178350416822,-306.86593586966256,-89.76178382151468,-89.76120582798899,-306.9094561052655,-305.9102768471444,-299.9962648401042,-306.864018978199,-306.8659123575598,3.702012795566017e-48,0.32307512405539773,2.3213243895817264e-48,0.6270438590493306,1.0,0.323075072792028,1.0,0.32316845393499577,1.0,1.0,1.0,2.2713577094298267e-48,7.030432058397482e-48,1.0,1.0,1.0,1.0,0.9999998413267815,2.229269087808596e-46
1661,-159.20845008544026,-303.07308730595173,-159.2084506004276,-303.07309003327845,-159.2084519487405,-159.24472232414394,-303.65640665948746,-303.0428382581423,-300.03746842265895,-303.07309050105187,-303.0428418635419,5.756930109638586e-32,0.9999997425063659,5.756922259129314e-32,0.9999986363375716,1.0,0.9999990683503134,1.0,0.9820273503337382,1.0,0.9820276031995946,1.0,4.3005576003214295e-32,4.3005587076879415e-32,1.0,1.0,1.0,1.0,0.9999993258437739,2.626440863558727e-31
1662,-167.64419332121668,-307.905201101275,-168.05021435732536,-307.9052050819105,-168.04882319140182,-168.04473342715661,-305.3881656514037,-307.90515050938245,-308.2490480255674,-307.9052063904958,-308.33373430060306,3.4890657005178754e-31,0.8162696558118608,3.48905875617542e-31,0.9999980096842389,1.0,0.816837636592628,1.0,0.818509682258267,1.0,1.0,1.0,1.2282208081130653e-30,1.5046753231215937e-30,0.28408197758944526,0.23920336552553392,0.8420223188928594,1.0,1.0,3.5967313178011524e-31
1663,-66.39643207930276,-303.5200259317289,-66.52983677947665,-302.8890423117901,-66.52976526094031,-66.52967978413544,-302.7992349167747,-303.50129511411893,-303.5013016272826,-303.5200303449755,-303.3029023249268,3.2304708786637164e-52,0.9354736035382802,4.428760373248168e-52,1.0,1.0,0.9355070559878513,1.0,0.935547038919288,1.0,1.0,1.0,4.632160625183935e-52,4.951674325885271e-52,0.7039625651983181,0.7039602726903491,0.9999967434234682,1.0,1.0,3.485657361939023e-52
1664,-129.28133758170074,-305.8398024324716,-129.28133798448897,-305.8398063180596,-129.28133874973412,-129.29345338922,-305.91027914520953,-305.8124465704889,-303.19852758680906,-305.8398073480365,-305.8124507708684,4.579483420048542e-39,0.9999997986059047,4.5794745230642583e-39,0.9999980572078869,1.0,0.9999994159834813,1.0,0.9939604083430433,1.0,0.9939606085208409,1.0,4.4209201140001246e-39,4.42092100434753e-39,1.0,1.0,1.0,1.0,0.9999996173774995,1.715387693184881e-38
1665,-85.56776727409911,-305.6557840053556,-85.56784265883392,-305.64332148473164,-85.56783822807607,-86.33449135526436,-305.29772087523804,-305.60523011802377,-299.02103190469654,-305.6557676928035,-305.60522391557805,1.6161973870410394e-48,0.9999623083429415,1.6262997762953963e-48,1.0,1.0,0.9999645236408216,1.0,0.6815661000250615,1.0,0.6815917903490771,1.0,1.9330666179694562e-48,1.9331394811997916e-48,0.8574824030364788,1.0,1.0,1.0,1.0,4.458901933241647e-47
1666,-88.58458580091838,-304.37552465607246,-88.76667956694337,-304.56630778056046,-88.76653480664642,-88.76633278084606,-305.5140008045784,-304.52387188085936,-298.66033474236156,-304.5663098213838,-305.7506369969778,1.385456853184528e-47,0.9129749068819155,1.2594037326487488e-47,0.9090169280652566,1.0,0.913040990532772,1.0,0.9131332241095221,1.0,1.0,1.0,7.841082994565279e-48,8.588497816818415e-48,1.0,1.0,1.0,0.9285104789206478,1.0,2.6432634521626634e-46
1667,-37.01600745678371,-304.24488846808646,-37.01600457238959,-304.32477444503996,-37.016019499322525,-37.02504720115199,-304.04357533668014,-304.22058519172055,-304.20938609990424,-304.227883061777,-304.22796138565593,9.37531321592757e-59,1.0,9.008215484055307e-59,0.9608442167832323,1.0,0.9999939787487212,1.0,0.9954903270659187,1.0,0.9954888913737305,1.0,1.0368128637513018e-58,1.0368113684638977e-58,0.9152986005725378,0.9204382334819379,1.0,1.0,0.9999925365613845,9.543279470109583e-59
1668,-111.3768276698588,-306.00588948605815,-111.54176108994776,-306.0058915881089,-111.54163980453916,-111.5413562908181,-305.3189365789897,-305.99140390033824,-301.52797682404696,-306.00589008319804,-306.0918255633194,5.455520821126144e-43,0.9208420921388516,5.45551508723832e-43,0.9999989489751736,1.0,0.9208979361868004,1.0,0.9210284890402647,1.0,1.0,1.0,7.691413249328733e-43,8.352586523780404e-43,0.7144561460060258,1.0,1.0,1.0,1.0,5.5589286230354565e-42
1669,-12.814861693779022,-304.8464236469032,-12.815029019968733,-304.8460176970519,-12.815667866669827,-14.61543548323067,-304.3093670898624,-304.83600516239403,-304.83601900296924,-304.83977095141694,-304.8360171950395,3.8561334133855846e-64,0.9999163404048036,3.856916191218084e-64,1.0,1.0,0.9995969947830246,1.0,0.40645303378002606,1.0,0.40648704032127203,1.0,5.04396890622952e-64,5.0443909179317236e-64,0.7684966798855742,0.7684913616859289,0.9999930797363418,1.0,0.9996806276596603,3.877809310432401e-64
1670,-58.60168978072613,-303.4211350854803,-58.60168727450011,-303.4944608892139,-58.60135697093641,-59.47648775718466,-302.56578035944415,-303.3884610250763,-303.2146336550352,-303.52010521051784,-303.38845427068645,6.888630984687384e-54,1.0,6.640647457767422e-54,0.9640010435351789,1.0,1.0,1.0,0.6457137478228299,1.0,0.6457129386710372,1.0,1.0565032553471584e-53,1.0565019314300082e-53,0.6627613337826186,0.7229417350749827,1.0,1.0,1.0,7.636632086633731e-54
1671,-104.10760720491533,-304.4758553394763,-107.59014639860771,-305.4010148968157,-107.59014449350761,-107.34002710484796,-305.2143892283244,-304.471944828226,-298.06224596165623,-305.3107949360857,-305.40529303871153,3.094480449816046e-44,0.17529770186865856,1.9484618097571285e-44,0.6296571722962194,1.0,0.17529786884857335,1.0,0.19865016820799375,1.0,1.0,1.0,2.1390313364366352e-44,1.220227825941105e-43,1.0,1.0,1.0,1.0,1.0,4.36022286410765e-42
1672,-86.59848838254868,-304.65655798677045,-88.34796944562987,-305.6323314924304,-88.3479736012352,-88.34399230742173,-305.5584496757789,-304.62379164316445,-298.50353794197815,-305.6323399642587,-305.6323115940348,4.4595580161498094e-48,0.416970196258137,2.737822533813147e-48,0.6139223940799544,1.0,0.4169693298772532,1.0,0.4178001952894367,1.0,1.0,1.0,2.840851460002313e-48,6.81308037240056e-48,1.0,1.0,1.0,1.0,0.9999979221994962,2.318990837837479e-46
1673,-32.50331057292371,-299.4646933863038,-32.50331090644727,-300.8478347990776,-32.50331239318025,-32.549597661269246,-299.185008226053,-299.4381721444023,-300.75273138827686,-300.75579803700293,-300.6250002319971,1.0716976575104919e-58,0.9999998332382344,5.366942468092056e-59,0.500788858730854,1.0,0.9999990898721427,1.0,0.9771222135061969,1.0,0.9771223764528496,1.0,1.2325516923254067e-58,1.232551897867923e-58,0.8811019321969792,0.456639252746579,0.5182592797271188,1.0,0.9999992566337844,5.628319960040618e-59
1674,-53.130897662794084,-306.07603959683166,-53.34789936834392,-306.1097142221808,-53.347900325359944,-53.347872086134615,-306.014179885684,-306.0726379606029,-263.1840655840597,-306.1097632145829,-306.1096970550688,1.1848416626632617e-55,0.8971781297256398,1.1650591228753114e-55,0.9833036426626975,1.0,0.8971777004188178,1.0,0.897190368309872,1.0,1.0,1.0,1.2220612756445668e-55,1.3621166579464854e-55,0.9711939991849211,1.0,1.0,1.0,0.9999995214921008,2.7205434234233606e-46
1675,-15.759978193967342,-302.28187981624563,-15.759977876685795,-302.28188121400086,-15.75997650811486,-15.798743431509607,-302.2165090153091,-302.11139075099015,-302.11139302370657,-302.28188055187275,-302.1113924731479,6.061213620779474e-63,1.0,6.061209384734475e-63,0.9999993011226307,1.0,1.0,1.0,0.9808040164127235,1.0,0.9808038608172281,1.0,6.262600085212931e-63,6.262599091709378e-63,1.0,1.0,0.9999988636424382,1.0,1.0,6.600547504565779e-63
1676,-76.52801918623668,-305.65033470474214,-76.52822269258012,-305.6503258655241,-76.52817849719384,-76.66082506352097,-304.520271753826,-305.6425211171993,-305.64250673939705,-305.6502926103309,-305.64251849486993,1.7649050456677915e-50,0.9998982520049589,1.764912845875267e-50,1.0,1.0,0.9999203476938341,1.0,0.935753736976974,1.0,0.9358489577320847,1.0,3.105356010279328e-50,3.1056720061792428e-50,0.5705669966037797,0.5705710983682455,1.0,1.0,1.0,1.7719675309098064e-50
1677,-117.7995003594145,-303.2593457822949,-117.79572008156006,-303.25937665253844,-117.79989161331798,-117.8021529142141,-303.96586902278136,-303.21214544380376,-298.4919170503712,-303.1178506975959,-303.14635289408534,5.344489880646749e-41,1.0,5.344407388431216e-41,0.9999845649973392,1.0,0.9998043921819608,1.0,0.9986746017173715,1.0,0.9967887507986131,1.0,3.7539344666490783e-41,3.7468457104609163e-41,1.0,1.0,1.0,1.0,0.9979164078191537,5.797292517493528e-40
1678,-147.26072844081216,-301.1177916821369,-153.36894670082995,-302.13791232238856,-153.36890035108863,-153.3666661760352,-302.99912197731663,-300.48931691765426,-298.4677050002434,-302.5038877271368,-302.1196560851907,3.893706536575775e-34,0.047164719693173665,2.338012526942817e-34,0.6004593579358259,1.0,0.047165812742117966,1.0,0.047218530522924795,1.0,1.0,1.0,1.519978809352148e-34,3.222702942454125e-33,1.0,1.0,1.0,1.0,1.0,3.105953182079155e-32
1679,-37.600938204509944,-301.497463541296,-37.60093862006441,-301.49044329146665,-37.60086208917889,-37.653601640840364,-301.9041182358106,-301.3191005396112,-301.31910214213866,-301.4974670024414,-301.3191022942647,4.961324420034881e-58,0.9999997922227879,4.978769888465999e-58,1.0,1.0,1.0,1.0,0.9740119385610243,1.0,0.9740121409385514,1.0,4.048495691832699e-58,4.0484965330180376e-58,1.0,1.0,0.9999991987365972,1.0,1.0,5.4239013737914805e-58
1680,-41.477004643307865,-303.75978895251455,-41.477003640056466,-303.77630727009773,-41.47474016908217,-41.75294346915334,-303.69882080105896,-303.70227166693826,-294.28748630371445,-303.7597858344094,-303.7022720450792,1.1117753433511653e-57,1.0,1.102630829228665e-57,0.9917748543559748,1.0,1.0,1.0,0.871125336516278,1.0,0.8711248995375316,1.0,1.1461886511283033e-57,1.1461880761707665e-57,0.9982760547639965,1.0,1.0,1.0,1.0,1.2659300220552157e-55
1681,-187.2309473782044,-310.47503658480593,-187.23075682782022,-310.485525983672,-187.2309254174133,-190.27501175733482,-310.4395849734841,-310.48550296789927,-305.85883090513676,-310.4855267549262,-310.4855147947873,1.7293626107662826e-27,1.0,1.7203163668134904e-27,0.9947690299903165,1.0,1.0,1.0,0.2182678742495606,1.0,0.21824707972653018,1.0,1.7602902552343025e-27,1.7601225512312356e-27,0.97730255508555,1.0,1.0,0.9947804777451477,0.9999157087561699,1.738912075967864e-26
1682,-42.103205635067724,-302.9649136417628,-42.103204321093756,-303.1286129074583,-42.10320272871789,-42.15667825034025,-303.2894676039347,-303.0981091585096,-303.0981166142015,-303.12861486356655,-303.0981145616487,2.2625586011404968e-57,1.0,2.0847452477768398e-57,0.9214104981528438,1.0,1.0,1.0,0.9736179432945453,1.0,0.9736173036404394,1.0,1.9236401763554466e-57,1.9236389125493162e-57,1.0,1.0,0.9999962721609983,0.9355714514424005,1.0,2.1167742673624306e-57
1683,-90.27119336473852,-303.94887179628665,-92.74121359460345,-304.526751053629,-92.74120680840107,-92.74093832838653,-304.37279683391375,-303.9309284341805,-290.48542723113434,-304.52689787433076,-304.5267638700789,3.9854895582437604e-47,0.29083182060874974,2.985360548372499e-47,0.7490574256297954,1.0,0.2908328074322201,1.0,0.2908718514509804,1.0,1.0,1.0,3.2242412012599687e-47,1.1086273828328694e-46,1.0,1.0,1.0,1.0,1.0,1.1491801641222747e-43
1684,-131.57879696926102,-301.7004442349995,-131.57879141872115,-302.65537667046925,-135.44235277724385,-137.33743930234758,-303.06577184032136,-302.13474505823297,-295.9106401851418,-302.0497766425467,-302.9600814327255,1.1443362881236814e-37,1.0,7.098927264816323e-38,0.6203532421798965,1.0,0.1448903681888633,1.0,0.056172881926024334,1.0,0.05617272603133034,1.0,5.781979500819244e-38,5.781963454287668e-38,1.0,1.0,1.0,0.8048089075917374,0.14488996607953875,1.428085235472927e-35
1685,-177.28278829633746,-304.89431563105126,-177.6310700338248,-304.89432356842235,-177.63028806028603,-177.6268033845208,-306.12401290499423,-304.8891049084553,-304.8890672818347,-304.89432826822303,-295.9893073560827,1.9476410775568625e-28,0.8401785344271778,1.9476333479972076e-28,0.999996031322328,1.0,0.8405070973457551,1.0,0.8419728212243929,1.0,1.0,1.0,1.0531338093709203e-28,1.2534643129021765e-28,1.0,1.0,1.0,1.0,1.0,2.3233102324394424e-28
1686,-27.02425885827975,-302.82348304819044,-27.07956535830843,-302.82344415708917,-27.024261620865502,-27.07954837056947,-303.17156859132774,-302.750108379308,-302.7502487463829,-302.8217584715795,-302.75024641583923,1.2910986010795554e-60,0.9727256009180758,1.2911237074468396e-60,1.0,1.0,0.9999986187080784,1.0,0.9727338631574588,1.0,1.0,1.0,1.0848597469127813e-60,1.1152782921400034e-60,1.0,1.0,0.9999298189253611,1.0,1.0,1.339253028188443e-60
1687,-3.097950450854867,-300.94578398471054,-3.0977989441960716,-301.36294611936853,-3.097950834777123,-3.0994844963675803,-301.4306564328379,-301.1358204911466,-301.1358265091076,-301.36294723575713,-301.1358240622479,2.1045765388087707e-65,1.0,1.7083589141077904e-65,0.8117352268284572,1.0,0.9999998080388905,1.0,0.9992332713304026,1.0,0.9991575789502654,1.0,1.6514902359855483e-65,1.6513651348401819e-65,1.0,1.0,0.9999969910240417,0.9093563356372801,0.9999240575932449,1.9138046181671134e-65
1688,-171.32576177620632,-304.55740625368185,-171.32575488138966,-304.5573942953274,-171.32428866749842,-171.97348413677258,-304.18675900376707,-304.55533732095347,-302.28698474651975,-304.5573745813126,-304.55533033517156,1.1725084851215583e-29,1.0,1.172515495778542e-29,1.0,1.0,1.0,1.0,0.7233506507428835,1.0,0.7233481570621216,1.0,1.4112404692473491e-29,1.411235604133576e-29,0.8316952772168467,1.0,1.0,1.0,1.0,3.6459598251668004e-29
1689,-146.5457445118795,-303.65967676490027,-147.5162589159945,-304.9567046879985,-147.51618293477674,-147.51476757969195,-305.08077930585193,-303.64575048637136,-303.6457601993747,-304.9567079411239,-304.95670258370853,7.640875021890277e-35,0.6155388585418048,3.9948185812371666e-35,0.5228221335635587,1.0,0.61556224368204,1.0,0.6159980174333017,1.0,1.0,1.0,3.7545215405578096e-35,6.099568676219971e-35,1.0,1.0,0.9999951435101173,1.0,1.0,1.2499512236821217e-34
1690,9.56326393602913,-300.9826887388966,9.448999986142198,-301.32477745109884,9.44900085204479,9.449003298103975,-300.8754917554061,-300.7800722024081,-301.3234207320498,-301.32487596433435,-301.3248276591247,3.6796218403724572e-68,0.9444694148434377,3.1011271123248343e-68,0.8427841900217907,1.0,0.9444698237527835,1.0,0.9444709788680334,1.0,1.0,1.0,3.882225135861496e-68,4.110482642262064e-68,1.0,0.7993435198951594,0.7621024642461295,1.0,1.0,3.2856862411913206e-68
1691,-150.11877247908228,-302.4163618458826,-150.11877144246944,-302.4163350432163,-150.1187684390718,-150.32871977653576,-302.38602334933506,-302.35518286595465,-299.89831665151706,-302.4106313829016,-302.35552981481317,8.491778655137607e-34,1.0,8.491892457054963e-34,1.0,1.0,1.0,1.0,0.9003482475963729,1.0,0.9003477809402152,1.0,8.621574517783863e-34,8.621570049167586e-34,1.0,1.0,1.0,1.0,1.0,2.9907792213015078e-33
1692,-40.48465361304619,-304.9147624046961,-40.484651176283734,-304.9104541592126,-40.48440381049389,-42.181932621934195,-304.81872189332086,-304.9029463204798,-304.9029462597971,-304.9039124500036,-304.9029453768554,3.7995437655602805e-58,1.0,3.807737270933797e-58,1.0,1.0,1.0,1.0,0.4279968238050983,1.0,0.42799630234211994,1.0,3.9864505699265275e-58,3.986445712913001e-58,0.9587621883989099,0.9587622174890672,1.0,1.0,1.0,3.821580838199469e-58
1693,-58.57744299522281,-306.265885275385,-58.90150621240731,-306.4058149045719,-58.901678961899364,-58.901674353256396,-306.5006456438778,-306.29031710102896,-293.54147636541734,-306.40718667260217,-306.41282097453166,1.6411117058339548e-54,0.8504143237158,1.5302162526286524e-54,0.9324266271387331,1.0,0.85034087256678,1.0,0.8503428320277789,1.0,0.9999159331092772,1.0,1.459353745052338e-54,1.7160502879065192e-54,1.0,1.0,1.0,0.987858398539573,0.9999136289841651,1.1184469161192516e-51
1694,-40.907421178727574,-301.8275987961163,-40.90742116203509,-301.8275991059272,-40.90742107289289,-40.907536843011485,-301.6947435441982,-301.80330202229015,-301.8032984470269,-301.82758833859236,-301.8033026208843,2.1973706620087873e-57,1.0,2.1973703216241125e-57,0.9999998450945617,1.0,1.0,1.0,0.9999421695302908,1.0,0.9999421611845324,1.0,2.3482940254807248e-57,2.3482940058813088e-57,0.9471675833985675,0.9471692765868004,1.0,1.0,1.0,2.224231835627214e-57
1695,-59.84530000296705,-301.81939611875094,-60.40489421932125,-303.76901504228664,-60.40458128065595,-60.4043124197549,-303.28245326470955,-301.7387977448198,-303.7658701907621,-303.76899777128057,-300.0175397756158,2.857542160167929e-53,0.7559370993537535,1.0780484426761907e-53,0.37726422997477105,1.0,0.7560553895813711,1.0,0.7561570332798634,1.0,1.0,1.0,1.374971904492191e-53,1.8188972411429855e-53,1.0,0.7852850838197395,0.3629332946235376,1.0,1.0,1.4281293965337276e-53
1696,-58.576299705053515,-304.71612265127783,-58.57630018348985,-304.7161234520643,-58.576300844113874,-58.58504889544133,-304.2832662853659,-304.6340570778389,-304.63405730259984,-304.7161232854452,-304.63405805611654,3.559725903732775e-54,0.9999997607818616,3.5597244784428313e-54,0.9999995996068327,1.0,0.9999994304699827,1.0,0.9956349594100607,1.0,0.9956351975840593,1.0,4.419876398340582e-54,4.419877455655426e-54,0.8391251682334403,0.8391250739321713,0.9999998876195441,1.0,0.9999996696880421,3.708831221819296e-54
1697,-48.99044395171832,-304.66126831499656,-48.97410056850478,-304.6612648982771,-48.990438348904775,-51.48304419839633,-304.3984532398252,-304.6587810004553,-294.2773975441636,-304.6612543132408,-304.65878124916327,3.032395878447847e-56,1.0,3.0324010588752803e-56,1.0,1.0,1.0,1.0,0.2875667926866634,1.0,0.2852264607989606,1.0,3.4582426783403047e-56,3.4300981365456404e-56,0.87795154015545,1.0,1.0,1.0,0.9918643845160735,5.452724674648239e-54
1698,-57.48269251992036,-304.00246740665995,-57.48268297134754,-304.02902518181276,-57.48267842746614,-58.35857273430881,-303.55240838366603,-304.01289636633715,-304.0129001666991,-304.0290247286355,-304.01290097182107,2.943818588778937e-54,1.0,2.9049863477765485e-54,0.9868088879014489,1.0,1.0,1.0,0.6453644343865331,1.0,0.6453613532392397,1.0,3.686719690087265e-54,3.6867020886735386e-54,0.7943397668365886,0.7943382574486979,0.999998099820815,0.994799091961188,1.0,2.9284818595047226e-54
1699,-74.97419089172782,-301.640109798369,-74.97419102764005,-302.5562745719182,-74.97180712538602,-74.97427085744215,-301.73203047208483,-301.4394435925892,-302.0268726184357,-301.2572032607122,-302.6472106441985,6.027276174802863e-50,0.9999999320438869,3.8122242429786105e-50,0.6324953648076879,1.0,1.0,1.0,0.9999600179421364,1.0,0.9999600858955371,1.0,5.756529982187706e-50,5.756530373379178e-50,1.0,0.8629305440013264,0.7454892886241931,1.0,1.0,4.96156841362918e-50
1700,-128.43356863909887,-305.086832365639,-128.43356893589913,-305.08692807800776,-128.43356938980412,-128.43765020964918,-304.87190539664977,-305.0921882762449,-303.3239070972772,-305.0869100260423,-305.082864093916,4.367482532094848e-39,0.9999998515998779,4.367273526046621e-39,0.9999521449607083,1.0,0.9999996246474433,1.0,0.9979612957112574,1.0,0.9979614438088574,1.0,4.862974306751134e-39,4.862975028417195e-39,0.895707437658041,1.0,1.0,0.9973256272206998,0.9999997730475316,1.0544978478736817e-38
1701,-92.60039981226029,-303.1659126484956,-92.83333053933745,-303.165833710054,-92.83339937436372,-92.83331139160893,-303.08727664375414,-303.0838401912271,-303.0835983933039,-303.1659072871701,-303.083839729803,1.8892083135725438e-46,0.8900609250036775,1.8892828806241295e-46,1.0,1.0,0.8900302918472622,1.0,0.8900694463669491,1.0,1.0,1.0,1.964967806996604e-46,2.207677869903663e-46,1.0,1.0,1.0,1.0,0.9999655830791412,2.21181792582006e-46
1702,-49.9161916415117,-304.02250771148636,-50.984700529324755,-305.492917545696,-50.98468643717257,-50.98457388556838,-305.2165740850168,-303.9970951458779,-303.99705566212043,-305.4929186799111,-305.4929128653115,6.630015703050753e-56,0.5861061022665575,3.1784773315912453e-56,0.47940721017126786,1.0,0.5861102320293015,1.0,0.5861432167808377,1.0,1.0,1.0,3.6494409296873095e-56,6.226587499386874e-56,1.0,1.0,1.0,1.0,1.0,1.145676740556804e-55
1703,-46.36662049536319,-304.88582439575106,-46.45594464466839,-304.8805190141575,-46.36659212327896,-46.455940230891414,-304.7531564123507,-304.86579138179457,-304.8657505119223,-304.88582518264514,-304.86579361711233,7.299080274822788e-57,0.9563205922047799,7.318468181584572e-57,1.0,1.0,1.0,1.0,0.9563227027000154,1.0,1.0,1.0,7.799677152757847e-57,8.155923041221965e-57,0.9452389893092488,0.9452583054049997,1.0,1.0,1.0,7.37260501929491e-57
1704,-62.72795573937313,-301.5190497116807,-63.06004768305529,-301.92921720875944,-63.06003498078147,-63.0599823345819,-301.17576990379587,-301.4690196677603,-302.0465774470059,-302.0940170427661,-301.8665704506305,1.4033719122132328e-52,0.8470072948095991,1.1431574204383657e-52,0.8145790937453694,1.0,0.8470126742859756,1.0,0.8470349705785696,1.0,1.0,1.0,1.6661536285003615e-52,1.9671065865789213e-52,0.8636178752880674,0.6470033727397002,0.7491778380847969,1.0,1.0,1.2727165128325442e-52
1705,-66.35316840296001,-306.1897775861022,-66.35211183345167,-306.1897829433581,-66.3519531925253,-66.4279141295307,-306.6534044447115,-306.1773321623171,-306.1773438899495,-306.1897888438886,-306.17139604126334,8.320358452292864e-53,1.0,8.320336165177867e-53,0.9999973213756228,1.0,1.0,1.0,0.9633168828794054,1.0,0.9628081116566204,1.0,6.598827012170874e-53,6.5953418731187805e-53,1.0,1.0,0.9999941362009933,1.0,1.0,8.36716050284603e-53
1706,-6.856057498223933,-305.0591761394913,-6.856188999883443,-305.06987001800076,-6.856121500937334,-7.472089841464637,-304.9504743544636,-305.064105844661,-305.0726443247308,-305.07325157369326,-305.0721506090373,1.7620391106059413e-65,0.9999342513317834,1.7526427378209864e-65,0.994667330181031,1.0,0.9999679991553374,1.0,0.7349034333336525,1.0,0.7349517554327756,1.0,1.8604578558519796e-65,1.8605801865213066e-65,0.9447681314889473,0.9407432871847318,0.9957398602153605,0.9975381826699371,1.0,1.7502692490771906e-65
1707,-87.11807740524227,-304.6455850575196,-88.67259646094841,-305.33501477427217,-88.67258680631377,-88.67251775090844,-305.20705394678043,-304.62669005664657,-290.4192962365269,-305.33507159275854,-305.33500301807356,5.814359522356904e-48,0.45966398314228163,4.119022093326158e-48,0.7084223253632691,1.0,0.4596662020915443,1.0,0.45968207358349755,1.0,1.0,1.0,4.391172136570041e-48,9.553004580763068e-48,1.0,1.0,1.0,1.0,1.0,1.5533119241391657e-44
1708,-68.62282320377986,-303.52972491082215,-68.62254762934869,-303.5297275714795,-68.62282355458206,-68.62383701768321,-304.0808330521246,-303.4959989765637,-303.495999691679,-303.52972838697406,-303.49600350259794,9.786207360709189e-52,1.0,9.786194341845622e-52,0.9999986696722127,1.0,0.9999998245989173,1.0,0.999493221503945,1.0,0.9993555136033692,1.0,7.429212853916071e-52,7.428189273882588e-52,1.0,1.0,0.9999996424424253,1.0,0.9998620468997204,9.952629296251197e-52
1709,-42.1740679930042,-303.1439158534027,-42.174099403084924,-303.20000106980456,-42.174095358063724,-42.70549169433971,-302.43817673281933,-302.46762853159703,-302.46762885373323,-302.4083972317661,-302.4676284814923,2.1434707701589108e-57,0.9999842950829619,2.084197235694516e-57,0.9723469359649811,1.0,0.9999863175638437,1.0,0.7666600082456052,1.0,0.7666720487665266,1.0,3.0504707737365385e-57,3.0505186818793956e-57,0.9853819963974345,0.9853818376838402,0.9999998389319119,1.0,1.0,3.005919625128719e-57
1710,-7.4353987167094715,-299.38520273180234,-8.479503704766586,-299.6337131004003,-8.479477623133661,-8.479415635365626,-299.018805826082,-299.25192272599554,-299.8617753030556,-299.153549016309,-299.15311034580253,4.017034500937364e-64,0.5933015495170968,3.547661875129909e-64,0.883154444977286,1.0,0.5933092867041603,1.0,0.5933276759483543,1.0,1.0,1.0,4.8246702811000687e-64,8.13190237751285e-64,0.8899780762762912,0.6560720009686483,0.7371777108416911,1.0,1.0,5.335043890714722e-64
1711,-15.063563689100874,-302.68781056947034,-15.063404285907666,-302.68780856222645,-15.063558994116036,-15.592490872121061,-302.3970912477299,-302.5473304272681,-302.5472839435416,-302.68779862279945,-302.54733244417264,3.4929177499541715e-63,1.0,3.492921255524867e-63,1.0,1.0,1.0,1.0,0.7676175961563122,1.0,0.767556418246338,1.0,4.0394036888553394e-63,4.0390817547614737e-63,0.9276325443331462,0.927654104492446,1.0,1.0,0.9999226488875664,3.747160615227097e-63
1712,-58.82441557999036,-302.28511626584896,-58.90387962460757,-302.2851170494895,-58.82448694383477,-58.90383204813405,-302.34639341333263,-302.31137359487604,-302.31137542675816,-302.28511694705634,-302.3113744676033,1.3588783077953443e-53,0.9610469437893515,1.3588777753593937e-53,0.9999996081798116,1.0,0.999964318714386,1.0,0.9610698056735087,1.0,1.0,1.0,1.3178755549550412e-53,1.3712915518556689e-53,1.0,1.0,0.9999990840593613,0.9869571404902474,1.0,1.3412012763036684e-53
1713,-61.62873033151679,-306.41792353364724,-61.62871447210064,-306.41790389719336,-61.628705784332936,-61.661647752310074,-306.2908438230436,-306.4173089711504,-306.40849012615405,-306.4179157471774,-306.4103405519029,6.993620809392246e-54,1.0,6.993689474685591e-54,1.0,1.0,1.0,1.0,0.9836759941438149,1.0,0.9836681939112668,1.0,7.452416005916798e-54,7.452356910667707e-54,0.938725125191611,0.9428735001257202,1.0,1.0,1.0,7.026599321749786e-54
1714,-37.185507450298104,-305.71470994258675,-37.18547153122867,-305.7321866425448,-37.185484508507514,-37.53172688186652,-305.32975878857326,-305.68616168573243,-305.686170349391,-305.71471167821284,-305.6861701375816,4.893556014358699e-59,1.0,4.850980699181827e-59,0.991299718435424,1.0,1.0,1.0,0.8410453338340187,1.0,0.8410302291867843,1.0,5.932198091980162e-59,5.932091553419309e-59,0.8367738396074231,0.83677021485386,0.9999956681801084,1.0,0.9999935113816298,4.963829732084069e-59
1715,-57.57483063906243,-305.2232839174084,-60.77997303755593,-306.26811981268855,-60.7799711780314,-60.665182193631495,-306.05421626672563,-305.17701211680134,-306.26639536634076,-306.2679118508733,-306.26829618484135,1.674255154517138e-54,0.2013780686236068,9.929752247628396e-55,0.593084764937879,1.0,0.20137825585742314,1.0,0.2132743791366579,1.0,1.0,1.0,1.1050628463163725e-54,5.487503449950198e-54,1.0,0.8993441083779817,0.5800206197562578,1.0,1.0,4.935149308898913e-54
1716,-79.72518243704643,-304.8333195421561,-82.56824058502,-305.4372089401127,-82.56823604849347,-82.55558157026715,-305.2781917649969,-304.8158463982667,-286.48538217247756,-305.33978826307776,-305.19889152965857,1.3133761086552333e-49,0.24134470070940162,9.710826510232094e-50,0.7393789521704431,1.0,0.2413452481433416,1.0,0.24287713844465358,1.0,1.0,1.0,1.0514444576328521e-49,4.356608844288942e-49,1.0,1.0,1.0,1.0,1.0,5.247522826818261e-45
1717,-143.87474143221982,-305.4078374138537,-143.87473864649803,-304.66545533094984,-143.87473363047934,-146.1827997875593,-304.8933392293719,-304.6633572349004,-303.46795302017836,-304.6654384044679,-304.66335304909774,8.385595034912287e-36,1.0,1.215458419249409e-35,1.0,1.0,1.0,1.0,0.3153635503138469,1.0,0.3153631110565957,1.0,1.0845654026694331e-35,1.0845638920217479e-35,1.0,1.0,1.0,1.0,1.0,2.211936906435639e-35
1718,-241.68682976061802,-308.7318467815393,-243.1699039104398,-307.4879462592871,-243.16911820793234,-243.12873776956673,-310.30660755175455,-307.08913402553185,-310.3280169948957,-307.48645648678445,-307.52323245968313,2.7628641701385856e-15,0.4763811190176839,5.1459919296198474e-15,1.0,1.0,0.47656830270281125,1.0,0.48628811356204993,1.0,1.0,1.0,1.2572005951600621e-15,2.6390647004492057e-15,1.0,0.989352370063111,0.19800925941042616,1.0,1.0,2.609939396750034e-15
1719,-37.09959420924494,-302.47746230668326,-37.585413886183176,-303.14299984354017,-37.585225564679206,-37.58526566014805,-303.0172564667142,-301.85758469908774,-303.14300845443813,-303.14862688524016,-303.14299306766526,2.3655282178545533e-58,0.784342228079673,1.69593222773103e-58,0.7169359532177585,1.0,0.7844160858108777,1.0,0.7844003602031436,1.0,1.0,1.0,1.805981596818702e-58,2.302542859690698e-58,1.0,0.9390599156627356,0.525864408666664,1.0,1.0,2.162022116417889e-58
1720,-80.6225411141504,-305.95243020294714,-80.62327350016895,-305.95243295508806,-80.62327499856235,-80.67032192626931,-305.43499784761616,-305.9284106197788,-305.928272184449,-305.95243387601965,-305.9284134234014,1.1755369386834824e-49,0.999633874031199,1.1755353210629448e-49,0.9999986239304892,1.0,0.9996331251090788,1.0,0.9763927106191527,1.0,0.9767503242779056,1.0,1.5226331779454836e-49,1.5231908576739114e-49,0.7813700809854759,0.7814241674697537,1.0,1.0,0.9999992508035795,1.1902590395931915e-49
1721,-121.26315174383573,-307.2863764167807,-121.62150024929394,-307.2863787655158,-121.62075345351802,-121.61965284705964,-306.74706978794694,-307.2802739358696,-304.6990225916398,-306.6604487940083,-307.75794970212866,4.032459454489707e-41,0.835960218355273,4.032454718902941e-41,0.9999988256331352,1.0,0.8362724224197691,1.0,0.8367327524832524,1.0,1.0,1.0,5.280547527332433e-41,6.316744997413495e-41,0.7659778133459563,1.0,1.0,1.0,1.0,1.758162361324971e-40
1722,-56.272046615628426,-304.86848720888446,-56.2720455221673,-304.8684839301729,-56.27204403219281,-56.318538856771625,-304.75357101650013,-304.8498408413226,-304.8498363344031,-304.8684733840845,-304.8498420914162,1.0422425867852705e-54,1.0,1.0422442953930837e-54,1.0,1.0,1.0,1.0,0.9770219889687417,1.0,0.9770214548011074,1.0,1.1038817385546278e-54,1.1038811350288974e-54,0.9530052061738417,0.9530073537351261,1.0,1.0,1.0,1.052006055600639e-54
1723,-142.13429972814703,-306.98508823321947,-142.13079932162807,-306.98123404804915,-142.13430127607825,-142.14652854049112,-305.5915124804488,-306.97933201592275,-304.76366584896215,-306.9851890155077,-306.9811856550013,1.596269102254183e-36,1.0,1.599348226530935e-36,1.0,1.0,0.9999992260346897,1.0,0.9939042487687126,1.0,0.9921662356946424,1.0,3.204182448735915e-36,3.1985793828525074e-36,0.4996188517593326,1.0,1.0,1.0,0.9982505548412004,4.847102294496187e-36
1724,-39.29739207561738,-303.0931877673108,-39.29739114685313,-303.09255380607294,-39.29705464019203,-39.92679906000673,-302.7206151862654,-302.8732975102817,-302.87329789949536,-303.0929538888349,-302.85961353751486,5.2176001135090486e-58,1.0,5.219254253773651e-58,1.0,1.0,1.0,1.0,0.7300052944500683,1.0,0.7300049554487367,1.0,6.285993085122642e-58,6.285990166020438e-58,0.9265000660117931,0.9264998857085729,0.9999998053931923,1.0,1.0,5.822989350604562e-58
1725,-53.87360306553779,-303.8113168487839,-54.62034328059397,-304.5569620467158,-54.62031581483849,-54.6202026439435,-304.3545125212421,-303.80471506013737,-304.5555195784511,-304.5558739496104,-304.5598689171382,5.32985068145774e-55,0.6884103998176667,3.671134065785102e-55,0.6887874136055603,1.0,0.6884198537384367,1.0,0.6884588093860765,1.0,1.0,1.0,4.062202794977837e-55,5.9008446067255006e-55,1.0,0.904381921201031,0.6870128659836875,1.0,1.0,5.336543895531004e-55
1726,-50.00083225407606,-302.3804620645856,-50.19587756486209,-302.10747486786073,-50.19596521800074,-50.1959115881365,-301.9556213904054,-302.30216169444253,-302.3021628497789,-302.38046123021917,-302.37160781242505,1.5720259624400601e-55,0.9070817910285407,1.8019308920916254e-55,1.0,1.0,0.9070420376166771,1.0,0.9070663602134488,1.0,0.9999829885074923,1.0,1.9440735632647153e-55,2.1432174942684575e-55,0.8409104105113107,0.8409099247442692,0.9999994223319922,1.0,0.9999561743910452,1.8023318501067547e-55
1727,-120.28478990893414,-305.18931158539584,-120.28479019831917,-305.1893119651677,-120.28479240241097,-120.3928033714063,-302.8868036759757,-305.18614355946204,-303.7591604774909,-299.49395509030165,-305.1861445382151,7.054939251210425e-41,0.9999998553074965,7.054937911576892e-41,0.9999998101140941,1.0,0.9999987532623633,1.0,0.9474257291340844,1.0,0.9474258662195049,1.0,2.2308815834266748e-40,2.2308819062185585e-40,0.31674129520806477,0.646502379132541,1.0,1.0,0.9999988979547074,1.4422720493831638e-40
1728,-91.1176022932478,-303.02156035072295,-91.11760024155681,-303.02156155523136,-91.11133311027237,-92.57261618153481,-303.24463653488067,-303.14216488641966,-295.39982799070845,-302.9144949525105,-302.9621991034048,9.674759125169032e-47,1.0,9.674753298506383e-47,0.9999993977459776,1.0,1.0,1.0,0.4831119149766627,1.0,0.4831114193787367,1.0,8.653659109220359e-47,8.653650231907856e-47,1.0,1.0,1.0,0.9414799114632485,1.0,4.358298568054384e-45
1729,-25.34631861822477,-304.8621291591456,-26.21143451041266,-305.07372748088295,-26.211440221609223,-26.211434030636084,-304.84550612758017,-304.80815334922767,-305.07246724604477,-305.07371895438826,-305.07368939463856,2.013320606887722e-61,0.6488472538811705,1.811193900397555e-61,0.8996053058818982,1.0,0.6488454010367122,1.0,0.6488474095320453,1.0,1.0,1.0,2.0301240873502938e-61,3.128816643989606e-61,1.0,0.8927215514347888,0.8762034655476513,1.0,0.9999971444057949,2.7931700247374675e-61
1730,-25.14743238951246,-302.4419118100392,-29.006164533746883,-303.4987484092659,-29.00607668222564,-28.42216720214398,-302.8750947094918,-302.28540229054335,-303.4820440733886,-303.4991007222072,-303.4984902881501,6.1132036355326693e-61,0.1452402411449013,3.603957916388089e-61,0.5895367030537508,1.0,0.14524662107308706,1.0,0.1944913857094983,1.0,1.0,1.0,4.92271157909032e-61,3.389357894399919e-60,1.0,0.73824857991084,0.549733924514066,1.0,1.0,2.502078744224503e-60
1731,-79.12060142927234,-304.70303821849564,-79.11962223375764,-304.7030296638415,-79.12059316610404,-79.75243997902636,-304.36010721539856,-304.6680391953282,-304.66803784895376,-304.7175173218935,-304.6893146413837,1.0360870465733286e-49,1.0,1.0360914782659733e-49,1.0,1.0,1.0,1.0,0.7291183059569434,1.0,0.7287614186422466,1.0,1.2298800737876355e-49,1.2292780746424281e-49,0.8573011773588425,0.857301754483242,1.0,1.0,0.9995146516464335,1.0543739888182593e-49
1732,-110.92123066314221,-305.372298386294,-110.92122971075833,-305.2846739929763,-110.92089558424104,-110.98047326330352,-304.6823956473316,-305.37874926007066,-302.0728568310828,-305.21252840569656,-305.23405691364997,5.963306667248038e-43,1.0,6.2303800479932005e-43,1.0,1.0,1.0,1.0,0.9708131107901337,1.0,0.9708126484968624,1.0,8.41971943676072e-43,8.419715427359029e-43,0.7059740444713958,1.0,1.0,0.9967797592451302,1.0,3.1036948297474533e-42
1733,-84.6710718822198,-301.11609679815354,-85.00802836509631,-302.47935875917926,-85.00784504041945,-85.00757524127792,-302.1320117124179,-301.0539489099304,-302.4771160818909,-302.4793539864596,-302.479345684513,9.989874257529117e-48,0.8449496481080165,5.052792320534396e-48,0.5057913833826534,1.0,0.8450271017183505,1.0,0.8451411032008618,1.0,1.0,1.0,6.011140806667893e-48,7.114200023786011e-48,1.0,0.8415143734600852,0.4908662527363411,1.0,1.0,5.986152845769327e-48
1734,-25.802193495298013,-304.4271863168003,-26.497534530696058,-304.45456152410986,-26.49750733049906,-26.497533633355886,-304.3822543363705,-304.43984051015536,-304.4599953730832,-304.4614618272433,-304.46963227887744,3.143051872720673e-61,0.7063315616275951,3.100324111835341e-61,0.9864056456540953,1.0,0.7063411678717282,1.0,0.7063318785375086,1.0,1.0,1.0,3.214462800416997e-61,4.5509261868603434e-61,0.9716174840620988,0.9618752462714466,0.9899731757091049,0.9936928772507996,1.0,4.377363713766969e-61
1735,-71.70290819800539,-303.7769244704013,-71.70290750147419,-303.77740098711394,-71.7029028174509,-72.73439380268123,-302.40201250091064,-303.75452739880745,-303.76580370954247,-303.77696748371324,-303.7545264345075,4.0342951663403405e-51,1.0,4.033334076303527e-51,0.9997617700249491,1.0,1.0,1.0,0.5970569345759053,1.0,0.5970567266415492,1.0,8.022800827262662e-51,8.022798033197517e-51,0.508516584766643,0.5056575566508842,0.9943777092008302,1.0,1.0,4.056778949935529e-51
1736,-133.4259743697983,-304.08809507272014,-133.4259719326148,-304.08802188639714,-133.42597018600932,-133.48825130677926,-303.2250421191083,-304.0798311910874,-300.64521545159965,-304.08807882396343,-304.0798278405462,8.733560928833411e-38,1.0,8.733880523286393e-38,1.0,1.0,1.0,1.0,0.9693413405505648,1.0,0.9693401593199255,1.0,1.3446241963913624e-37,1.3446225578444218e-37,0.6522061826487968,1.0,1.0,1.0,1.0,4.884299162640947e-37
1737,-179.0235268025175,-307.50320511088904,-179.02353363409068,-307.50320689621594,-179.02353573871306,-179.11430580576166,-306.0450621899198,-307.5031976519823,-307.5031977994462,-307.5032086782038,-307.50320070450374,1.2618052701621472e-28,0.9999965842192398,1.2618041437952045e-28,0.9999991073369477,1.0,0.9999955319121968,1.0,0.9556251917717171,1.0,0.955628455989011,1.0,2.6159175359210323e-28,2.615926471352337e-28,0.482358468372198,0.48235843280697366,0.999999926268063,1.0,0.9999989476893626,1.2618155208816877e-28
1738,-92.1276921120447,-302.2607350560371,-92.12769147640424,-302.6793915485712,-92.1276896272264,-92.20060055135548,-302.87215375811485,-302.5887573615074,-301.9982655570738,-302.6793642086829,-302.5887617921811,2.3452518755111924e-46,1.0,1.9023016722573413e-46,0.8111289418935775,1.0,1.0,1.0,0.9642022343964971,1.0,0.9642019279535694,1.0,1.7275141276069229e-46,1.7275135785680629e-46,1.0,1.0,1.0,0.8487325561380051,1.0,2.6741359338989657e-46
1739,-22.380720959869222,-299.41393631377014,-23.926298127888543,-300.91548719935145,-23.926227083690762,-23.909208224496425,-300.7341085795999,-299.6341300235125,-300.5624065335214,-300.4497353230455,-300.3661798361742,6.966291350283078e-61,0.4617237160417541,3.288092314203192e-61,0.4720004014861683,1.0,0.46174011772856494,1.0,0.4656860276635806,1.0,1.0,1.0,3.600226869462126e-61,7.797361808325402e-61,1.0,1.0,0.62867663076803,0.895747373598463,1.0,8.496046585580784e-61
1740,-9.903530257691813,-302.7208785672721,-9.903595502084642,-302.7318281558174,-9.903594275407698,-9.934623169016874,-302.55791856086995,-302.5311338886514,-302.49882433197865,-302.7208815171577,-302.4988225698525,2.603278980583971e-64,0.9999673783356836,2.5890655071545826e-64,0.9945401651012241,1.0,0.9999679916543351,1.0,0.9845737666626577,1.0,0.9846058861453595,1.0,2.824275298064203e-64,2.824367433630579e-64,1.0,1.0,1.0,1.0,1.0,2.9090626716486145e-64
1741,-107.90446307106892,-306.0892804625228,-107.90446263551347,-306.08928038983515,-107.9044617727991,-107.91945915038413,-304.3142275520013,-306.08663422241295,-303.7740839941034,-306.08926885203493,-306.08663373007744,9.219634512084665e-44,1.0,9.219634847161535e-44,1.0,1.0,1.0,1.0,0.9925300005158695,1.0,0.9925297843649677,1.0,2.239554043398402e-43,2.23955355567348e-43,0.41221783847286086,1.0,1.0,1.0,1.0,2.933944865878586e-43
1742,-122.31010616124053,-302.32447331435566,-122.31010604288284,-302.32443063749696,-122.31010528188992,-122.31915085088718,-302.19027366927963,-301.9143755620072,-300.9351723066749,-302.32438664760247,-302.3196797572797,8.135361222627585e-40,1.0,8.135534820310458e-40,1.0,1.0,1.0,1.0,0.9954878655805673,1.0,0.995487806668747,1.0,8.69997337875178e-40,8.699972863897506e-40,1.0,1.0,1.0,1.0,1.0,1.6295193831478497e-39
1743,-74.16440112706917,-306.83131738822846,-74.16451927412481,-306.6582739656693,-74.16304096941664,-74.896647220901,-306.50146274677013,-306.6525247895948,-306.6525137857293,-306.65826276667246,-306.6525149391614,2.9993080501571136e-51,0.9999409282169842,3.270370637856171e-51,1.0,1.0,1.0,1.0,0.6934174730786768,1.0,0.6934584369049922,1.0,3.5371061916098656e-51,3.537315147122694e-51,0.9272509654533005,0.9272560671397873,1.0,1.0,1.0,3.2775734098878436e-51
1744,-239.36345149470344,-308.7056677058351,-262.79589984876776,-308.7056671682614,-262.79588868409155,-262.8348985552596,-306.5660646100195,-309.39251823472216,-308.9551049436936,-308.7056666688111,-309.3925187752808,8.760503516412015e-16,8.160344456831805e-06,8.760505871120347e-16,1.0,1.0,8.160390010760757e-06,1.0,8.002764365548179e-06,1.0,0.9806895294534161,1.0,2.553512435950871e-15,3.1291723645477813e-10,0.24335674827456613,0.3028492364307525,1.0,0.709336491820941,1.0,9.476621710780939e-11
1745,-7.041406437429799,-300.21916315776997,-7.041632839300377,-300.2191648217281,-7.0416324183973416,-7.045729485140853,-297.8350179070254,-299.93402800796207,-299.93403208657026,-300.2191573518187,-299.93403013368714,2.1739973971796264e-64,0.9998868054716955,2.1739955884601044e-64,0.9999991680212809,1.0,0.9998870158994132,1.0,0.9978408105548978,1.0,0.9979537734615544,1.0,7.160932549400185e-64,7.161743219545669e-64,0.3501109935062723,0.3501102795242182,0.9999979606979866,1.0,1.0,2.5073993927897462e-64
1746,-18.82015259979019,-300.34667440022855,-18.81960042231067,-300.3466681197591,-18.81977743915101,-18.939328024021933,-299.49044958635216,-300.2538346324398,-300.2537993215668,-300.3466459387744,-300.2538336291029,7.367031661304857e-62,1.0,7.367054795549601e-62,1.0,1.0,1.0,1.0,0.9421528917433288,1.0,0.9418928098432803,1.0,1.1303667972118255e-61,1.1300547587444621e-61,0.682704936972512,0.6827169905325761,1.0,1.0,0.9999114954965849,7.715758719664487e-62
1747,-43.770185991593706,-304.2146921892483,-44.30238258146056,-304.15798228070594,-44.3023521632979,-44.302353631492494,-304.5142384438699,-304.1428663726967,-304.69903994745835,-304.7004761347499,-304.7004766271718,2.7873663845211216e-57,0.76636379412051,2.8675332232857875e-57,1.0,1.0,0.7663754498984221,1.0,0.7663748873044811,1.0,1.0,1.0,2.399652834316294e-57,3.131218949441815e-57,1.0,0.9117396950030565,0.7572311005586022,1.0,1.0,2.854813190535653e-57
1748,-28.77972482941685,-303.02592043509486,-28.77958838155537,-303.04002645048064,-28.779786452453337,-29.223034067709037,-302.6949860667431,-302.88636200776637,-302.88637043820574,-303.0071018476308,-302.8863681935864,2.80669539927117e-60,1.0,2.786969400610953e-60,0.9929718063936159,1.0,0.9999691889564265,1.0,0.8011920329423696,1.0,0.8011373743371388,1.0,3.3117440732888014e-60,3.3115181407975676e-60,0.9087475278605717,0.9087436972981726,0.9999957847891943,1.0,0.9999009694548653,3.009619283176595e-60
1749,-49.708595390244696,-304.1079683590478,-51.4594890767509,-305.45617436635905,-51.4594844722225,-51.455284829496605,-305.2572614927666,-304.0785299085165,-305.4506665664668,-305.45617379898795,-305.4560938070626,5.726352254823707e-56,0.41667578930853166,2.9182254811378956e-56,0.5096133369510545,1.0,0.41667674860738835,1.0,0.417552614604798,1.0,1.0,1.0,3.2233853441977e-56,7.73595545243206e-56,1.0,0.9078260107577875,0.5035519829399099,1.0,1.0,7.022885409225063e-56
1750,-96.47789790955963,-305.9684972958893,-96.47788900838523,-305.97475056275607,-96.47788513198091,-96.937720135246,-305.17234491504814,-305.9716840586561,-305.9580410068922,-305.97711074871427,-305.951144018902,3.2336598767829652e-46,1.0,3.223565197105142e-46,0.9968782493946535,1.0,1.0,1.0,0.7946042294751248,1.0,0.794600693027583,1.0,4.814782028592224e-46,4.8147606000326506e-46,0.6705415752769526,0.6751313287506967,1.0,0.998407887374754,1.0,3.2505894212110027e-46
1751,-124.57617273233718,-304.97307351239095,-124.5761700598161,-304.9730760320974,-124.57616654962689,-124.91191746933714,-305.00679270731615,-292.2039968006476,-300.50352920082867,-304.9725243343909,-304.9433206141203,6.71909403841758e-40,1.0,6.719085573350605e-40,0.9999987401475585,1.0,1.0,1.0,0.8454617353482441,1.0,0.845460605591845,1.0,6.606762411428835e-40,6.606753583078826e-40,1.0,1.0,0.015768102634895333,1.0,1.0,6.278538943898419e-39
1752,-28.635786670554594,-303.5579913932045,-29.75382852258757,-303.61945554200935,-29.75376562163406,-29.753825070616145,-303.1679076740429,-302.81678551818214,-302.7100170276962,-303.7209693523974,-303.35402942140564,2.0017128085254967e-60,0.5717685936482144,1.9411316813795753e-60,0.9697353551978515,1.0,0.5717865763258583,1.0,0.571769580513489,1.0,1.0,1.0,2.4328054020811153e-60,4.254877636000314e-60,1.0,1.0,1.0,1.0,1.0,5.349375775434309e-60
1753,-40.435621097731044,-305.15368650690556,-41.460014846415504,-305.75284540557016,-41.46001365238193,-41.45998536985795,-305.5211901972588,-305.09201578352014,-305.09202213705834,-305.75285448255596,-305.7528493928453,3.290049759290738e-58,0.5991778134949475,2.4383540444566586e-58,0.7411298377998715,1.0,0.5991781712142669,1.0,0.5991866444096767,1.0,1.0,1.0,2.737789502505032e-58,4.5692437884770115e-58,1.0,1.0,0.9999968232359475,1.0,1.0,5.662871814829157e-58
1754,-96.22470764576407,-304.30652424077414,-97.7522571389016,-306.70627362788656,-97.7522295963982,-97.75162451178579,-306.6007951714573,-304.3031729543478,-301.4810917020867,-306.7062511567932,-306.70624604523994,6.540450063963133e-46,0.465904432402955,1.9701925649233345e-46,0.3012319558525167,1.0,0.4659108485343415,1.0,0.46605182760193176,1.0,1.0,1.0,2.0768877826914604e-46,4.457754934804315e-46,1.0,1.0,1.0,1.0,1.0,5.765536044051272e-45
1755,-40.80277023221771,-302.06531889049603,-40.80276929143598,-302.0653207556597,-40.8000775923617,-41.39726523940925,-301.7620053701671,-301.9104898832673,-301.91047036484434,-302.0653110809789,-301.91048958489455,1.8516478484553583e-57,1.0,1.8516461216430242e-57,0.999999067418608,1.0,1.0,1.0,0.7428601290538936,1.0,0.7428597796193565,1.0,2.1548750311441945e-57,2.1548740175108947e-57,0.9284467442894194,0.9284558052417585,1.0,1.0,1.0,1.9980144539697163e-57
1756,-140.6697824091317,-304.0618549868228,-140.66978319454944,-304.061853918355,-140.66978444703554,-140.7023742012822,-303.6229196052509,-304.0602463168661,-304.09332205390695,-304.0618500356156,-304.06024758146674,3.310261068509208e-36,0.9999996072912073,3.3102628369634485e-36,1.0,1.0,0.999998981048599,1.0,0.9838361637218679,1.0,0.9838365500831318,1.0,4.122644183967686e-36,4.122645802966959e-36,0.8035921972697352,0.7904117835452842,0.9835981312794819,1.0,0.9999993737571458,3.258589862717212e-36
1757,-95.4566496319007,-309.0970550902351,-95.45655311279546,-309.09511542868773,-95.4565127617649,-95.54036475685852,-308.6114353578681,-309.0982691081593,-309.0983919571572,-309.0978094161964,-309.0973713172985,4.0604615180630217e-47,1.0,4.064401388793674e-47,1.0,1.0,1.0,1.0,0.9590063693345289,1.0,0.9589600892329219,1.0,5.176382782137143e-47,5.176132978247643e-47,0.7839446386078749,0.7838964866801001,0.9999385773874796,0.9993931752305631,1.0,4.0574705938515207e-47
1758,-105.11474042455261,-303.2770185973799,-105.51190323936028,-304.4376081606759,-105.51059810900118,-105.50959424357663,-302.18793490079787,-303.23545633731527,-300.060508825606,-303.27702436794476,-304.437604533743,9.324123862245434e-44,0.8198930226611497,5.219023021138587e-44,0.5597333431263251,1.0,0.8204282309088347,1.0,0.8208401340411824,1.0,1.0,1.0,1.6073096567330304e-43,1.9603894804667357e-43,0.5922889225776071,1.0,1.0,1.0,1.0,5.675755262648394e-43
1759,-124.4235452524044,-305.68167260154405,-126.37591346579076,-306.44528478762487,-126.37591156645095,-126.37429046472768,-306.36112072091044,-305.67843154762255,-302.43302040666765,-306.44531736820943,-306.4452412648406,4.368152038527308e-40,0.3767459819006775,2.981820297597426e-40,0.6826274065777976,1.0,0.37674633968516763,1.0,0.37705183554865973,1.0,1.0,1.0,3.1099790365485644e-40,8.254843278908417e-40,1.0,1.0,1.0,1.0,1.0,5.884161246876053e-39
1760,-132.51828031698005,-306.1222466950175,-132.5182787109711,-306.1222421405495,-132.5182737257613,-134.17696404685077,-305.8585205305408,-306.1056232355085,-302.0791459790112,-306.1221376910685,-306.1056221386092,2.0062159679866383e-38,1.0,2.00622053661509e-38,1.0,1.0,1.0,1.0,0.4363363601030745,1.0,0.4363360097231622,1.0,2.2889963056095195e-38,2.288994467535959e-38,0.8837762559728337,1.0,1.0,1.0,1.0,1.51469229717013e-37
1761,-168.31098784207535,-309.0336122260556,-168.3109883749622,-309.03361170897637,-168.31098912942673,-168.3241166306576,-305.72015729763905,-309.0325228432604,-308.56437252706564,-309.0336024735358,-309.0325239704719,2.769940087282075e-31,0.9999997335566135,2.769940803421407e-31,1.0,1.0,0.9999993563245166,1.0,0.9934571042776563,1.0,0.9934573689778021,1.0,1.452037963961105e-30,1.4520383508471038e-30,0.19086617082922036,0.241205113353293,1.0,1.0,0.9999996227678026,3.502392071309102e-31
1762,-95.23536240436316,-303.01758159176154,-95.23536146174055,-303.0175362302976,-95.2353596213918,-95.30773796036013,-303.00539210332187,-302.95202690567737,-297.9378011231983,-303.0175822824339,-302.9520280099166,7.597389367667532e-46,1.0,7.597561683973594e-46,1.0,1.0,1.0,1.0,0.9644591722653767,1.0,0.9644587177049748,1.0,7.643834905667397e-46,7.643831303042421e-46,1.0,1.0,1.0,1.0,1.0,9.632168997449349e-45
1763,-5.928615496778491,-304.76582894497676,-5.92863790708752,-304.7993784189458,-5.928627141183597,-6.042600121617596,-304.3973706694868,-304.73552476883987,-304.7882816539871,-304.80279313203704,-304.80352132136244,1.2832864423222354e-65,0.9999887949082631,1.261939197560524e-65,0.9833651754918632,1.0,0.999994177814396,1.0,0.944601331037334,1.0,0.944611915500503,1.0,1.542884101719348e-65,1.5429013900709777e-65,0.8444438367549145,0.8224599485912285,0.9739664294926147,1.0,1.0,1.268967767148182e-65
1764,-66.96749793471264,-305.4576640471204,-66.96749345348067,-305.448547561793,-66.96748989494722,-67.32033061817185,-305.42588796868415,-305.4329329259085,-305.4329294353162,-305.43326234362405,-305.4329314011321,1.6312421494612898e-52,1.0,1.6386947194290829e-52,1.0,1.0,1.0,1.0,0.8382689043485301,1.0,0.838267026111928,1.0,1.6573663704882898e-52,1.6573626569708592e-52,0.9964837180376129,0.996485457198323,1.0,1.0,1.0,1.6515348464514338e-52
1765,-29.167919917515263,-304.02441975667534,-31.481257045302257,-304.39703434602865,-31.481256717277333,-31.481225572847663,-304.14728350072403,-303.9698370051342,-285.0802611617007,-304.397005979468,-304.39682231297485,2.0685660961331048e-60,0.31453228160583807,1.7169481190030006e-60,0.83001849552339,1.0,0.3145323331930564,1.0,0.3145372311962578,1.0,1.0,1.0,1.9453147477968054e-60,6.184785669264203e-60,1.0,1.0,1.0,1.0,1.0,8.544287965309888e-56
1766,-173.5266678418777,-307.15943721539014,-173.52971795051906,-307.3333866959553,-173.52972006171868,-173.6275674755861,-306.76735437150023,-307.1591720254883,-306.931524027303,-307.15944387005527,-307.15917775050326,9.594289743033842e-30,0.9984761079837259,8.795087814934173e-30,0.9167002509299955,1.0,0.9984750539930921,1.0,0.9508016416925369,1.0,0.9522527720893987,1.0,1.1672195084982682e-29,1.1690009396972915e-29,0.8220871834211553,0.9211938124440275,1.0,1.0,0.9999989444007469,1.07687756914156e-29
1767,-154.06929952314218,-307.3802360849821,-154.94207121725344,-307.5084725638514,-154.94207013789895,-154.94189835762455,-307.19225112742873,-307.37986268607494,-304.40235732487093,-307.5078213959943,-307.50834098121317,5.116266024391923e-34,0.6463682785171385,4.798515702480652e-34,0.937894096906535,1.0,0.6463686273474845,1.0,0.6464241464218055,1.0,1.0,1.0,5.62048163074411e-34,8.695478750346966e-34,0.91045957514482,1.0,1.0,1.0,1.0,3.508415374622847e-33
1768,-133.63427568081465,-306.9603546021577,-134.07589456948028,-307.1349163238898,-134.0758896348916,-134.07564083736298,-306.4749749899542,-306.9598147717114,-304.0206963495481,-307.13037866641184,-307.13472541949113,2.3052613941068865e-38,0.8018694665037783,2.1125868931095062e-38,0.9164196730618316,1.0,0.8018714449542128,1.0,0.801971202975862,1.0,1.0,1.0,2.9384548418709493e-38,3.6645052151479145e-38,0.7847266088199749,1.0,1.0,1.0,1.0,1.25012692161476e-37
1769,-72.40715999642542,-302.41509755537385,-72.40715942467588,-302.38296206575717,-72.40382124019534,-72.42950894355418,-301.88640377329006,-302.28546757275376,-302.2854205529472,-302.4150967485889,-302.09050498949915,1.1334724327794185e-50,1.0,1.1518318810511887e-50,1.0,1.0,1.0,1.0,0.9888877289562717,1.0,0.9888874462582609,1.0,1.4764384889154203e-50,1.4764380668389506e-50,0.819114090876302,0.8191333483957294,1.0,1.0,1.0,1.207382741482753e-50
1770,-163.04216396869242,-310.5786060214628,-165.19296586387708,-312.8758682851741,-165.1929695847589,-165.18982243670493,-312.8207041197641,-310.92228719201785,-312.4892891541753,-312.87587694790216,-312.87329961609976,9.18054932730986e-33,0.34116094021741067,2.9108813669388523e-33,0.31707050015838656,1.0,0.3411603055082284,1.0,0.3416975691051762,1.0,1.0,1.0,2.9922870457694356e-33,8.770895765097101e-33,1.0,1.0,0.45680394656878964,0.8421134077439223,0.9999981395608128,1.0351674396798905e-32
1771,-27.89605377175849,-304.57777389777084,-27.89587417737029,-304.57777102712186,-27.895943584040353,-28.567385741419784,-303.716787369503,-303.85213878427317,-303.8521306011941,-303.85832059995977,-303.85213076115366,8.30477465988246e-61,1.0,8.304786579937378e-61,1.0,1.0,1.0,1.0,0.7148618406420766,1.0,0.7147976509366887,1.0,1.277287617535595e-60,1.2771729258410811e-60,0.9345634964805841,0.9345673202918895,1.0,1.0,0.9999652972671215,1.1936455016136459e-60
1772,-129.74556552554287,-303.85076750736744,-129.74556552924838,-303.8507665908973,-129.74556550515695,-129.74436478584835,-302.1730305484789,-303.8477281954286,-301.3181280605824,-303.85075256267714,-303.8477277301614,1.5614775850164713e-38,0.9999999981472456,1.5614783005404193e-38,1.0,1.0,1.0,1.0,1.0,1.0,1.0,1.0,3.612864768447479e-38,3.6128647751412423e-38,0.43285658276597905,1.0,1.0,1.0,1.0,5.539765969315385e-38
1773,-40.276153465701384,-302.637782014989,-40.42336548400759,-303.2564575828252,-40.423342450327425,-40.42331191886704,-303.94955370714666,-303.18406010255524,-303.1840608739607,-303.25646118242724,-304.246290893309,1.0687994679691811e-57,0.9290376540761904,7.844270048143252e-58,0.7339328174487274,1.0,0.929048353715896,1.0,0.9290625364256527,1.0,1.0,1.0,5.546878144059905e-58,5.970563324018961e-58,1.0,1.0,0.9999996142973548,0.760986969765267,1.0,8.754572907374976e-58
1774,-88.57600048658554,-305.47892485382596,-89.17530455635564,-305.70077483346216,-89.17528693208436,-89.17513773608937,-305.6443026382242,-305.4947983419483,-298.67254742353066,-305.6798569209874,-305.71266425224604,7.945631494531968e-48,0.7410760444332691,7.111386915587938e-48,0.8950058809651374,1.0,0.7410825749246657,1.0,0.7411378602627969,1.0,1.0,1.0,7.315046475435312e-48,9.870844605467357e-48,1.0,1.0,1.0,0.9920946687319412,1.0,3.222907917529214e-46
1775,-92.52113030576878,-306.02279590422216,-92.52486054096428,-306.0229794950868,-92.52485815080566,-92.65435893191679,-306.1836134187708,-305.9995918302249,-299.19646510707406,-306.02718402914843,-305.9995977906283,4.352135183661638e-47,0.9981366206532255,4.351735695866775e-47,0.9999082087807462,1.0,0.9981378135063659,1.0,0.9355559634653312,1.0,0.9373025136108735,1.0,4.0158852718669544e-47,4.023382359459726e-47,1.0,1.0,1.0,1.0,1.0,1.3238255732766308e-45
1776,-59.06396383738506,-302.41379236831915,-61.71210398764691,-302.90042960904805,-61.71210509599746,-61.71187811990902,-303.1871625702984,-302.3596487825989,-302.957282657026,-302.98568035818414,-302.81484739048824,1.4363363399437998e-53,0.2660502508344081,1.1261188140586066e-53,0.7840216687009895,1.0,0.2660501033959787,1.0,0.2660802986152436,1.0,1.0,1.0,9.757104196495827e-54,3.667391466798011e-53,1.0,1.0,0.7416951737931562,1.0,0.9999994458248808,4.114104319771294e-53
1777,-58.74510688209793,-305.99733986015,-58.74510364102393,-306.2836408231115,-58.74510137059764,-58.88648871382945,-306.30818623982,-306.2602191863519,-306.26022604675643,-306.28362722789944,-306.260224843334,2.0410788837755984e-54,1.0,1.7688472286704927e-54,0.8666236482729498,1.0,1.0,1.0,0.9317498367173568,1.0,0.9317483267834963,1.0,1.747271350551071e-54,1.7472685190355222e-54,1.0,1.0,0.9999965698036134,0.8768321788764312,1.0,1.7896725740560315e-54
1778,-81.65805481131333,-304.96023738377374,-81.65805523841023,-304.96023655961835,-81.65760616731717,-81.66294863573131,-304.7482853585078,-304.95028285850634,-304.9502843748978,-304.96023017988176,-304.95028469678584,3.2400160078226422e-49,0.9999997864515763,3.2400173429612207e-49,1.0,1.0,1.0,1.0,0.9975560790404187,1.0,0.9975562920669924,1.0,3.6022342685766355e-49,3.602235037828249e-49,0.9039341628035273,0.9039334774447565,0.9999992418045484,1.0,1.0,3.2554497980479764e-49
1779,-83.64085364290152,-302.97547570670935,-83.64085387784812,-302.9754777075814,-83.64085524924378,-83.68084182928234,-303.4470354071642,-302.911449725069,-302.89998394320304,-302.97548093359205,-302.90139073687885,2.3555480824932816e-48,0.9999998825267082,2.355545725919314e-48,0.9999989995644856,1.0,0.9999991968291894,1.0,0.9802044631707764,1.0,0.9802045783186348,1.0,1.860775956387448e-48,1.8607761749789584e-48,1.0,1.0,1.0,1.0,0.9999993143024006,2.4461616357229338e-48
1780,-22.6961024901085,-305.66511621166165,-23.443179281618328,-305.6909800185157,-23.44317883825289,-23.443178836353994,-305.43353184253874,-305.648342026294,-305.6940200196313,-305.6948156046754,-305.6937962058065,3.581454149149311e-62,0.6882945581998177,3.5354373138959914e-62,0.9871513543558058,1.0,0.6882947107828434,1.0,0.6882947114363438,1.0,1.0,1.0,4.021122487559336e-62,5.842153536817598e-62,0.8981617612521492,0.8778811240393268,0.9774198389557928,1.0,1.0,5.128715176764078e-62
1781,-91.47305929302775,-307.1742971667213,-92.92592140880495,-307.74720993819136,-92.92592071744733,-92.92583666042398,-307.649016096586,-307.1578678557844,-292.6990341885219,-307.7291457043972,-307.74711762810193,1.4490098105381556e-47,0.48363196815443377,1.0880901986172624e-47,0.7509198286332825,1.0,0.48363213533578786,1.0,0.48365246210178126,1.0,1.0,1.0,1.1428452301380783e-47,2.363047328114441e-47,1.0,1.0,1.0,1.0,1.0,4.166962512838217e-44
1782,-150.02805705206185,-309.4169650441116,-151.10511068210496,-309.41697398548115,-151.10505561876016,-151.10359969258278,-310.13061341154634,-309.414744449897,-306.7146774059802,-310.32156805836894,-310.322392683949,2.4498437787955965e-35,0.5836073810179296,2.449832826340744e-35,0.9999955293252075,1.0,0.5836234489263421,1.0,0.5840484599322495,1.0,1.0,1.0,1.7146347343531358e-35,2.9379935726009064e-35,1.0,1.0,1.0,1.0,1.0,1.6210632614629107e-34
1783,-53.90326298634345,-306.39092838043337,-53.90325823642971,-306.3909273955397,-53.903256263874056,-53.991624774864704,-306.2296676772186,-306.36823945861744,-306.3682425976944,-306.39092648905,-306.3682441172392,1.4893613704293534e-55,1.0,1.4893621038608524e-55,1.0,1.0,1.0,1.0,0.956780865650586,1.0,0.9567785933399932,1.0,1.6144232452958458e-55,1.6144194111148054e-55,0.9330598887992246,0.9330584243269713,0.9999984304627485,1.0,1.0,1.5063461462611257e-55
1784,-49.50965301889261,-301.85571372970156,-49.718161840048765,-303.16797611732994,-49.718171545345626,-49.718116240899064,-302.7860291310152,-301.8042612446367,-303.16648128839927,-301.8557251803259,-303.1662818818625,1.598634391144849e-55,0.9009960453356226,8.294591355277492e-56,0.5188548051526296,1.0,0.9009916731291856,1.0,0.901016587896578,1.0,1.0,1.0,1.004000037491042e-55,1.1143223576714487e-55,1.0,0.8267721972359933,0.5060549484168788,1.0,0.9999951473633434,9.212952147921514e-56
1785,-37.89098486778934,-302.85582057388683,-37.89098325867256,-302.84640358257656,-37.89097951861493,-38.30928092786213,-302.3969678323748,-302.82815163801854,-302.8281432343008,-302.8581547031431,-302.82814777876195,2.908151164486761e-58,1.0,2.9218764690201175e-58,1.0,1.0,1.0,1.0,0.8112751336667173,1.0,0.8112744809487648,1.0,3.658100089345838e-58,3.658097146191887e-58,0.8060641872805324,0.8060675742556045,1.0,1.0,1.0,2.948667978922954e-58
1786,-75.95945906032351,-303.5826482555944,-75.95945928315015,-303.58264779359666,-75.9594599646023,-75.96872358417673,-302.68848155294035,-303.5700228613824,-303.5699632849761,-303.58264888039594,-303.5700229285793,3.734672206440363e-50,0.999999888586685,3.7346730691455367e-50,1.0,1.0,0.9999995478607061,1.0,0.9953784504514389,1.0,0.9953785613498641,1.0,5.840073622737886e-50,5.840074273399844e-50,0.6435402828967786,0.6435594530909916,1.0,1.0,0.9999996592739832,3.758436285997039e-50
1787,-64.4862251878032,-305.3762560189525,-64.48622558845618,-305.3762565380848,-64.48622579498189,-64.48707151783307,-305.08653128955575,-305.33727140029185,-305.33727183208237,-305.39266265312597,-305.3372720997519,4.913539280098075e-53,0.9999997996735305,4.91353800470978e-53,0.9999997404338837,1.0,0.9999996964107004,1.0,0.9995769245067505,1.0,0.999577124748507,1.0,5.679464089309803e-53,5.679465227057028e-53,0.8821703902860455,0.8821701998296643,0.9999997841047679,1.0,0.9999998967371493,5.010255491651792e-53
1788,-45.67927781607288,-303.4157692863141,-45.679414474684364,-303.41576369382875,-45.67952648775402,-45.87248964217996,-302.8883496968532,-303.4037699989728,-303.4037549156541,-303.4157464839182,-303.40376533629586,1.0795232111978321e-56,0.9999316730286532,1.0795262298109402e-56,1.0,1.0,0.9998756718888129,1.0,0.9079137325915079,1.0,0.907975771826053,1.0,1.4052697359984796e-56,1.405365760384481e-56,0.7728192004730889,0.7728250288342214,1.0,1.0,0.99994399503351,1.08616266479541e-56
1789,-156.3156323641678,-303.94666843790964,-156.3156303711757,-303.94663995035137,-156.31562896777666,-156.35411137606178,-302.4315967866123,-303.9394977134918,-302.43439269663315,-303.9466579915795,-303.9394922197299,8.756445273814965e-33,1.0,8.756569999575755e-33,1.0,1.0,1.0,1.0,0.9809443920899881,1.0,0.9809434145832577,1.0,1.8677617046906888e-32,1.8677598434744607e-32,0.47050416700968545,0.9986030216735143,1.0,1.0,1.0,1.8651493146792064e-32
1790,-123.3772393141892,-305.4594270128041,-123.37723950958474,-305.4594269149382,-123.37724015835258,-123.38539235757361,-303.51373406868373,-305.44853141045473,-302.37035017593604,-305.4594271786446,-305.44853499665714,2.893045838387008e-40,0.9999999023022331,2.8930459799522663e-40,1.0,1.0,0.9999995779183986,1.0,0.9959317760432194,1.0,0.9959318733435393,1.0,7.65344859134473e-40,7.653449339069648e-40,0.380070441571118,1.0,1.0,1.0,0.9999996756161338,1.3556263764712105e-39
1791,-223.49115838285803,-307.554296471401,-223.49115406182673,-304.9891913165465,-223.49114996419178,-223.90641510643124,-306.5134884189164,-307.27637409400677,-308.5777862228086,-304.98224814847276,-307.2763748598203,5.570850429441654e-19,1.0,2.008755160443189e-18,1.0,1.0,1.0,1.0,0.8125089399798912,1.0,0.8125071845435077,1.0,9.374111076532311e-19,9.37409082364046e-19,0.6828754197777738,0.35624061131641177,0.5216773089187219,1.0,1.0,3.3394250036699352e-19
1792,-92.40476774140312,-304.2857513085093,-92.40476752424986,-304.2859010361792,-92.40476723795499,-92.40667338211964,-302.77151616886675,-304.2779989288953,-300.3193397232252,-304.2857904897831,-304.2780026393746,9.786536231712162e-47,1.0,9.785803601503079e-47,0.9999251389672735,1.0,1.0,1.0,0.999047633430922,1.0,0.999047524957704,1.0,2.086608590430027e-46,2.0866083638730878e-46,0.47083791202867664,1.0,1.0,1.0,1.0,7.110894432225957e-46
1793,-20.31394719365136,-303.8715041567904,-20.313945775472007,-303.8714961609141,-20.313941546051197,-20.942758588462425,-303.37160464118404,-303.7104151655677,-303.7103710225745,-303.87150211366156,-303.71041802369945,2.6684486779520496e-62,1.0,2.668459346266177e-62,1.0,1.0,1.0,1.0,0.7302227185950828,1.0,0.7302222008018756,1.0,3.4261837822928905e-62,3.4261813528222807e-62,0.8441667251974405,0.844185357426067,1.0,1.0,1.0,2.8923260135003657e-62
1794,-133.18763486742193,-309.325263642644,-133.18858684525995,-309.3579979923793,-133.1885075847468,-133.2288521836794,-309.2007730164563,-309.3336679775107,-292.7605837789067,-309.357952212825,-309.3438664021985,5.6519704646155e-39,0.999524124345747,5.560216599726869e-39,0.9837660395674201,1.0,0.9995637365281683,1.0,0.9796022489441514,1.0,0.980068639749305,1.0,6.014959115125004e-39,6.017822850511172e-39,0.9357120576698411,1.0,1.0,0.9958066493180894,1.0,2.2354446519848032e-35
1795,-79.2430151176532,-306.67477896507245,-79.24224119080691,-306.67477955442786,-79.2430163569862,-79.24636509732728,-306.4383561500573,-306.6510232342948,-306.651024547512,-306.6747792057747,-306.65102397257766,4.1097932618611647e-50,1.0,4.1097920507968945e-50,0.999999705322339,1.0,0.9999993803336907,1.0,0.9983264121755402,1.0,0.9979401711050704,1.0,4.625498428583822e-50,4.623708876146112e-50,0.8991247020982276,0.8991241117254172,0.9999993433916241,1.0,0.9996124920109752,4.1588997430177636e-50
1796,-124.93310445841038,-306.21710779395613,-125.28977542104002,-306.45148232117714,-125.28955837978928,-125.2888615640678,-304.82803388224596,-306.21634754494244,-305.4162241681499,-306.2171125735432,-306.4575814196781,4.312000941664413e-40,0.8366616920368205,3.8351739348439225e-40,0.889418621825151,1.0,0.8367524920136076,1.0,0.83704407395109,1.0,1.0,1.0,8.635995640474709e-40,1.0321968512088489e-39,0.49949542936878444,0.7452055870109483,1.0,1.0,1.0,7.69115391003743e-40
1797,-169.37057707859293,-307.15543349175,-169.37054985336806,-307.1661492367549,-169.3705531018199,-172.31997232231726,-306.7014290165117,-307.1585346284563,-302.15488446101904,-307.1661525806065,-307.158544348625,1.2033683503207625e-30,1.0,1.1969380977456371e-30,0.994656455296158,1.0,1.0,1.0,0.2288479151906473,1.0,0.2288447999938744,1.0,1.5100259269756516e-30,1.510005371717842e-30,0.7956842792130869,1.0,1.0,0.9984506331568538,0.9999983757754026,1.4663876818289396e-29
1798,-109.08058839449347,-305.1520558099015,-109.08058835684446,-305.1520385144623,-109.08058830493252,-109.08050060158344,-304.5902833800873,-305.01940104409357,-300.7957618750496,-305.0317023110377,-305.01939986926703,2.6522949684383956e-43,1.0,2.6523179048408297e-43,1.0,1.0,1.0,1.0,1.0,1.0,1.0,1.0,3.5124419433759944e-43,3.5124418772560126e-43,0.8068973389486918,1.0,1.0,1.0,1.0,2.3419575060036235e-42
1799,-102.56342907718214,-307.61184648272,-102.85379302536764,-307.61186064838023,-102.8537876689847,-102.85371806949853,-308.21152053943524,-307.6023728851916,-300.34354376239946,-308.2834837357559,-308.283472423057,2.9805876586443035e-45,0.8648648957852956,2.980566547723059e-45,0.9999929171949741,1.0,0.864867212062185,1.0,0.864897309742659,1.0,1.0,1.0,2.208433528575866e-45,2.5535011761236814e-45,1.0,1.0,1.0,1.0,1.0,1.3051016781576971e-43
1800,-82.51641781374369,-305.573298876563,-82.5174380933344,-305.57329990156074,-82.51743830415357,-82.51728905519445,-305.5900514690647,-305.5536790972186,-299.9365428228495,-305.57327665346054,-305.1260090408846,3.662804186755464e-49,0.999489990303822,3.662802309572953e-49,0.9999994875012596,1.0,0.9994898849480042,1.0,0.9995644741435485,1.0,1.0,1.0,3.632251591210726e-49,3.634105020007895e-49,1.0,1.0,1.0,1.0,0.9999998945904223,6.13820408065202e-48
1801,-41.56978874231706,-306.8551612433734,-41.92145221726811,-307.0084355909661,-41.92145191298988,-41.92144735422801,-306.8066895457618,-306.8240560811157,-293.7253716715264,-307.008435225916,-307.0084076033875,2.477497908754165e-58,0.8387591031882775,2.29472261051644e-58,0.9262258516578472,1.0,0.8387592307963553,1.0,0.8387611426503351,1.0,1.0,1.0,2.5382756992338304e-58,3.0262273036267223e-58,0.9913543230098005,1.0,1.0,1.0,1.0,2.0963971645336873e-55
1802,-62.159865678106314,-303.4892814667826,-62.15986499870152,-303.4892736020093,-62.15986387844316,-62.185669046724925,-303.42396415663194,-303.3768590658748,-303.37686728910126,-303.48928182155987,-303.37686292323195,3.944420443366399e-53,1.0,3.944435954383179e-53,1.0,1.0,1.0,1.0,0.9871811856495173,1.0,0.9871808503017603,1.0,4.075366533103065e-53,4.0753651486914744e-53,1.0,1.0,0.9999958883952161,1.0,1.0,4.172470153386118e-53
1803,-99.18238888772727,-304.21893163239463,-100.02264098257764,-304.8833071223813,-100.02254515006041,-100.02199199977845,-304.7566944479548,-304.2120239312595,-301.6194101907494,-305.1902091479455,-304.8684880090803,2.9983370322714607e-45,0.6569640059745381,2.1508649582630893e-45,0.7173526308460575,1.0,0.6569954859859459,1.0,0.6571772197354658,1.0,1.0,1.0,2.2914307511171568e-45,3.4879091248204187e-45,1.0,1.0,1.0,1.0,1.0,1.6741600409218806e-44
1804,-54.39421486201289,-303.9303659379107,-54.393774562531405,-303.93033232455656,-54.394946386750505,-54.623466209397534,-303.5846267193782,-303.8281907246211,-303.8281917756811,-303.9303534745178,-303.82819031296407,6.514982840468922e-55,1.0,6.5150923366018266e-55,1.0,1.0,0.9996343045140921,1.0,0.8916998681612551,1.0,0.8915035822733968,1.0,7.744432406176453e-55,7.742727659046747e-55,0.8853413495605119,0.8853408842871964,0.9999994744701399,1.0,0.999414259503432,6.858970929493632e-55
1805,-141.00969260158013,-310.91189183468936,-141.00927778215626,-310.9017262458617,-141.00943010777752,-141.04552995172554,-310.840827982866,-310.92150145773076,-307.14962872164597,-310.9218153757174,-310.9197541664306,1.277045011435324e-37,1.0,1.2835524927705813e-37,1.0,1.0,1.0,1.0,0.9822409097808161,1.0,0.9820372046026158,1.0,1.32323665956463e-37,1.3229622358902893e-37,0.960465959850387,1.0,1.0,0.9952067131208767,0.9999238400896843,8.377496592168918e-37
1806,-111.56539145513301,-304.15953820118125,-111.56539004863241,-304.15955307719577,-111.56538701063974,-111.7945542150583,-303.2928576323682,-304.323445763379,-301.228724632084,-304.3335402760481,-304.3234443394637,1.5090805117343432e-42,1.0,1.509069287224283e-42,0.9999925620204029,1.0,1.0,1.0,0.891739365748912,1.0,0.8917387386331554,1.0,2.327607269878756e-42,2.327605632988847e-42,0.5973249161356606,1.0,1.0,0.9213145398579237,1.0,6.533253741219766e-42
1807,-76.78988375700271,-306.1071052206864,-76.7900319927467,-306.1071082572755,-76.79003196721092,-76.7899942257769,-305.7969550213665,-306.0748442356225,-306.074847863217,-306.1071052263885,-306.0748478261891,1.601024789829153e-50,0.9999258848746653,1.601022359003761e-50,0.9999984817065852,1.0,0.9999258976416108,1.0,0.9999447671382999,1.0,1.0,1.0,1.8695897420524644e-50,1.869728317201049e-50,0.8702762342231616,0.8702746557199611,0.9999981862044045,1.0,1.0,1.6271771467663634e-50
1808,-55.83160142277775,-304.29833663720126,-58.260708566203164,-305.41923058701025,-58.26070837984281,-58.260377223688366,-305.0884658786204,-304.2286696576832,-305.40133807184463,-305.41912882671795,-305.41902182243433,1.1120747496380625e-54,0.296842503608838,6.3494330950951726e-55,0.5709538047835029,1.0,0.29684253126867627,1.0,0.2968916859535983,1.0,1.0,1.0,7.491341498393557e-55,2.523675486939428e-54,1.0,0.8551861652500443,0.5563630628606374,1.0,1.0,2.158212160908685e-54
1809,-79.67098602591679,-304.2851971621726,-79.66781102427011,-304.28519514127254,-79.67098255171997,-79.88730306341093,-302.33039320755034,-304.2609163212142,-304.2608988522978,-304.2851106783402,-304.26091505786957,1.6812944262939277e-49,1.0,1.6812961251587978e-49,1.0,1.0,1.0,1.0,0.897485316905799,1.0,0.8960616885308643,1.0,4.468112079776102e-49,4.461024575368758e-49,0.38088356401136436,0.38088689083745897,1.0,1.0,0.9984154929340205,1.7018423617089912e-49
1810,-41.922167291335626,-304.49137295108443,-42.79340587523677,-305.2523387311909,-42.79340539736397,-42.793024122817684,-305.17163627068874,-304.45255009332976,-304.45256035803203,-305.2523478433249,-305.2523421091045,9.634328096969321e-58,0.6468639453744927,6.585364414314811e-58,0.6835312590595872,1.0,0.6468640999338544,1.0,0.6469874280970587,1.0,1.0,1.0,6.856526030891056e-58,1.0599641671049578e-57,1.0,1.0,0.9999948676620362,1.0,1.0,1.5185756456927205e-57
1811,-134.69591023677788,-304.94712832613976,-134.69590934684675,-304.7300272223943,-134.69590654683014,-134.87317558083197,-303.3023969967645,-304.9401800257724,-303.6129810725913,-304.947058092555,-304.6974386714874,1.0725504347247333e-37,1.0,1.1955304139728957e-37,1.0,1.0,1.0,1.0,0.9151816836721002,1.0,0.915181276447856,1.0,2.4409933345547994e-37,2.4409922483970933e-37,0.4409201372950474,0.8561651082987977,1.0,1.0,1.0,2.089889466840756e-37
1812,-54.98898485231558,-305.3439555791935,-54.988982009328595,-305.34396808205133,-54.98809808653661,-55.746713033256285,-305.0755502747094,-305.300770854904,-305.30077824871626,-305.34396040029196,-305.30077705644834,4.326222464657727e-55,1.0,4.326195419670075e-55,0.9999937485906261,1.0,1.0,1.0,0.6846386552610633,1.0,0.684637682052361,1.0,4.9475742377004914e-55,4.947567204760923e-55,0.8934987976047913,0.8934954944297114,0.9999963031006994,1.0,1.0,4.418675690152374e-55
1813,-61.751371390194095,-304.9905178422682,-62.181618983346524,-305.53056982101384,-62.181599198455416,-62.181526214836396,-305.5376110972287,-304.9771643782388,-304.9771715939342,-305.53057053222494,-305.53056222443564,1.5180653113419765e-53,0.8064415992885651,1.1588298120911722e-53,0.7633596548403874,1.0,0.8064495770076383,1.0,0.8064790063489437,1.0,1.0,1.0,1.1547571650595287e-53,1.4319166646143445e-53,1.0,1.0,0.9999963921588059,1.0,1.0,1.8950092711408397e-53
1814,-63.2743047400984,-303.4509864755021,-63.75982107503323,-304.65190740852233,-63.759816553781135,-63.75977606828826,-304.621022239713,-304.53480098119644,-297.27143475755963,-304.6540508449917,-304.6380451830441,7.019339048589977e-53,0.7844611990730805,3.850521503082106e-53,0.54855898488841,1.0,0.7844629724485047,1.0,0.7844788522942707,1.0,1.0,1.0,3.910445002401445e-53,4.984880076952262e-53,1.0,1.0,1.0,0.5816378633433765,1.0,1.9660582319778317e-51
1815,-80.10838193689032,-306.20684074479817,-80.10808391378087,-306.18533063492964,-80.10838939181147,-80.16837090344924,-306.79105547045896,-306.1601876648385,-298.53544151806574,-306.2047439070623,-306.18733477379465,8.004670995655192e-50,1.0,8.091226291094824e-50,1.0,1.0,0.9999962725463739,1.0,0.970450887240084,1.0,0.9703062896182173,1.0,5.976994698856736e-50,5.976104123938683e-50,1.0,1.0,1.0,1.0,0.9998472726487109,3.708243819707659e-48
1816,-216.03140207240116,-308.74268586307954,-216.03139634281249,-301.99798211255626,-216.03139159990056,-216.9342541938187,-306.4170621441766,-308.7426201605157,-308.73239743292606,-308.74266210714853,-308.74259850523924,7.379051132659089e-21,1.0,2.150771783530027e-19,1.0,1.0,1.0,1.0,0.6367195032158246,1.0,0.6367176791480087,1.0,2.3604961358386638e-20,2.3604893735123814e-20,0.3126162096134185,0.3142181954673604,1.0,1.0,1.0,7.417069524374815e-21
1817,-58.811845830538104,-303.7258941671645,-58.8128062933789,-303.70323723465503,-58.81296119491546,-58.831769477842926,-299.9798372401997,-303.6839903723857,-303.68399415123474,-303.72589661719553,-303.6495634648496,6.570374637788723e-54,0.999519883872255,6.645230103421078e-54,1.0,1.0,0.9994424732871308,1.0,0.990087630957227,1.0,0.9905632163329393,1.0,4.275983882464376e-53,4.2780378374252435e-53,0.1569109917242537,0.1569106952530601,0.9999981105772748,1.0,0.9999225522309527,6.713218837714972e-54
1818,-123.83580049670823,-306.09170287750896,-124.85721036401367,-307.53371620658135,-124.85719643834008,-124.8567728352388,-307.54885514409636,-306.0624568677399,-301.8079198428662,-307.53371520394614,-307.53372015320275,2.6523672134854172e-40,0.6000724184379702,1.2897467287888448e-40,0.4862625062741647,1.0,0.6000765966588296,1.0,0.6002037072731429,1.0,1.0,1.0,1.2800208873847975e-40,2.1331106847349998e-40,1.0,1.0,1.0,1.0,1.0,3.763904782474246e-39
1819,-119.07792300576428,-304.83137353732053,-119.07791992221172,-304.3555498935759,-119.07791507868946,-120.54262571932065,-304.6291386968319,-304.8214462745049,-302.2353530695547,-304.2297107497327,-304.2262902959867,4.614777004078545e-41,1.0,5.854293764487937e-41,1.0,1.0,1.0,1.0,0.4807771812845065,1.0,0.4807764400342246,1.0,5.105819497935083e-41,5.105811625909772e-41,0.9083243151871506,1.0,1.0,1.0,1.0,1.6899259718376002e-40
1820,-68.72066001142986,-305.1027688839391,-69.0110039878457,-305.1027740580248,-69.01112774693419,-69.01110114453374,-305.36696786776207,-305.07677841219277,-295.84160793362605,-305.4194723396304,-305.41946823793353,4.680338327117589e-52,0.86487353226966,4.680326218897483e-52,0.9999974129605034,1.0,0.8648200159454511,1.0,0.8648315191661463,1.0,0.9999514228358874,1.0,4.101164293920831e-52,4.7419236927718926e-52,1.0,1.0,1.0,1.0,0.9999381223702518,5.551202418953417e-50
1821,-122.38968860271808,-306.25504804689297,-122.38909818790282,-306.2529879353642,-122.38372924953374,-122.6343423166799,-306.0281305250354,-306.2550502884633,-301.7463851793501,-306.2549926195022,-306.2550058042496,1.186163320003328e-40,1.0,1.18738576385317e-40,1.0,1.0,1.0,1.0,0.8848590988567159,1.0,0.88459792044882,1.0,1.3286757354862712e-40,1.328283558456443e-40,0.8927400108919099,1.0,1.0,0.9999988792154709,1.0,1.1269227206554873e-39
1822,-106.60415959244746,-303.8675836056432,-108.28642858929976,-304.69427652100677,-108.28641345252531,-108.27255818095719,-304.40541972967696,-303.8420082083822,-299.05702281380314,-304.6942600090274,-304.69422982946713,1.4614761581266615e-43,0.43122102623909486,9.666686832707474e-44,0.6614330845532512,1.0,0.4312242898991514,1.0,0.43422202634497686,1.0,1.0,1.0,1.1168686597393753e-43,2.590014381905673e-43,1.0,1.0,1.0,1.0,1.0,3.755679490777005e-42
1823,-152.95244790402867,-308.61018438469654,-152.95242411084803,-308.5732669470734,-152.95242005916066,-153.4774584842574,-308.62028049685847,-308.59291189710177,-304.8623769180748,-308.60085027077713,-308.5838721506602,1.5825301412584363e-34,1.0,1.6120128899110018e-34,1.0,1.0,1.0,1.0,0.7691222956129065,1.0,0.7691131457344738,1.0,1.5745615701742322e-34,1.574542838371717e-34,1.0,1.0,1.0,1.0,1.0,1.0307942683044468e-33
1824,-16.100980113382235,-303.2597933493232,-16.66960121983476,-303.2597963336337,-16.66958866827727,-16.66957980646174,-303.29689758716603,-303.0923048685945,-303.8262886700303,-303.8277031569458,-303.8277053192587,4.4081462105118183e-63,0.7525329068919546,4.4081396328783924e-63,0.9999985078458783,1.0,0.7525376296367957,1.0,0.7525409640690097,1.0,1.0,1.0,4.3271196885966637e-63,5.750073716334953e-63,1.0,0.7674395679623389,0.6928152563278778,1.0,1.0,4.4128063947321604e-63
1825,-131.03027666514464,-311.53235450187475,-131.0301666437282,-311.541180222972,-131.03015222776082,-132.22423480750967,-311.558369909416,-311.5429598247731,-305.1818152327327,-311.54313855774956,-311.5421476009605,6.3748770296818515e-40,1.0,6.346807565201964e-40,0.9955968618140832,1.0,1.0,1.0,0.5504720637349712,1.0,0.550441782709786,1.0,6.292491502606237e-40,6.292145357713145e-40,1.0,1.0,1.0,0.9947113728427198,1.0,1.525621749083817e-38
1826,-134.1463024275643,-306.2459776722899,-136.22084344255654,-308.5607117056209,-136.22082976108575,-136.21490195479578,-308.82443101650364,-306.24307994016016,-304.0721027974656,-308.56072712504596,-308.56071413486166,4.2562815836001206e-38,0.35442075170393395,1.3378032388756025e-38,0.31431267236413035,1.0,0.35442317621080754,1.0,0.3554752104711094,1.0,1.0,1.0,1.1725363691289087e-38,3.30831748279908e-38,1.0,1.0,1.0,1.0,1.0,3.5608950171929146e-37
1827,-138.6033400718317,-305.4672030896847,-138.60333837504425,-305.467209058934,-138.60333580352693,-138.75418228318136,-305.5877646126433,-305.4248379901335,-301.48901705243014,-305.46720502860137,-305.4248442691917,5.8340820289949845e-37,1.0,5.834064616475977e-37,0.9999970153798106,1.0,1.0,1.0,0.9273528905284951,1.0,0.9273521037684556,1.0,5.4927891608080805e-37,5.492784500762235e-37,1.0,1.0,1.0,1.0,1.0,4.2640641159922504e-36
1828,-50.087630238201285,-304.62578946642924,-50.60476855990639,-305.0869229619525,-50.60477040660183,-50.60474527045537,-304.8335155489676,-304.56379677824157,-293.9542388814369,-305.0869260002387,-304.9266730470044,5.3424566476124e-56,0.7721556262610306,4.242356299051279e-56,0.7940834299417723,1.0,0.7721549132932227,1.0,0.7721646178537025,1.0,1.0,1.0,4.815416549382298e-56,6.236329032140598e-56,1.0,1.0,1.0,1.0,0.9999990766527063,1.4365949440508306e-53
1829,-90.09394407055856,-304.90249561485456,-90.09394363555893,-304.902496181829,-90.09394305433669,-90.10081888710447,-305.22568856361625,-304.9125104560787,-304.9124784360134,-304.90249656442285,-304.9125140861652,2.2642047614144595e-47,1.0,2.264204119541422e-47,0.9999997165128154,1.0,1.0,1.0,0.9965684928514051,1.0,0.9965682760979636,1.0,1.9263501994644641e-47,1.9263497804837024e-47,1.0,1.0,1.0,0.9950050956184748,1.0,2.2529301996079105e-47
1830,-78.78695122915452,-303.8705869863118,-79.80482010208442,-304.90239575791327,-79.80474790908148,-79.8043356374871,-304.3651773082606,-303.8278228664167,-297.26811182805994,-304.8846037917603,-304.8872074218183,1.3295648099564923e-49,0.6011357860341682,7.936976309790207e-50,0.5969604678428486,1.0,0.6011574853245829,1.0,0.601281418175118,1.0,1.0,1.0,1.0382706755285274e-49,1.727181611293257e-49,1.0,1.0,1.0,1.0,1.0,6.003859450729343e-48
1831,-107.9874132001795,-304.4915733555977,-108.21276648617987,-304.48986262711526,-108.2126852805675,-108.21242860224754,-305.3402055012731,-304.4681327070476,-300.2667645061209,-305.14086022540266,-305.14086486207583,2.1363076060123225e-43,0.8934395133326912,2.138135708882238e-43,1.0,1.0,0.893475790220558,1.0,0.8935904655114438,1.0,1.0,1.0,1.3976089004475294e-43,1.5643016450371576e-43,1.0,1.0,1.0,1.0,1.0,1.9769085634619448e-42
1832,-78.16858948553498,-306.69508872496243,-78.40440603760084,-306.7233524935408,-78.404426487975,-78.40439679134386,-306.66379833599245,-306.742581957914,-298.8212868440226,-306.79924106586003,-306.77306572345003,2.377394238197842e-50,0.8887775710806258,2.344033458458733e-50,0.9859675020646198,1.0,0.8887684832101491,1.0,0.8887816800230339,1.0,1.0,1.0,2.414881516652769e-50,2.7170819732957445e-50,0.9613739584893238,1.0,1.0,0.9765331158146687,0.9999897748651942,1.3711561453772415e-48
1833,-117.73168000693926,-306.26891191822403,-117.73158740759314,-307.0334114040825,-117.7316732088704,-119.84857334799413,-306.7400317844669,-306.2337703165402,-302.91596911136753,-306.26889822867525,-307.0260710627805,1.1472558312808418e-41,1.0,7.828009062045997e-42,0.6823246261739649,1.0,1.0,1.0,0.3469943885375934,1.0,0.346978323182764,1.0,9.064793073606001e-42,9.064373386366097e-42,1.0,1.0,1.0,1.0,0.9999571002815866,6.133961943648814e-41
1834,-126.67100010014619,-302.22151609959457,-126.67100039430083,-302.1904273805581,-126.67100268041148,-126.78655184247017,-303.06130184606934,-302.16913871070165,-299.8311805059691,-302.221512088337,-302.0914838096063,7.580359508136145e-39,0.999999852922688,7.69911191552461e-39,1.0,1.0,0.999998709868188,1.0,0.9438614703063044,1.0,0.9438616091269327,1.0,4.981184697484958e-39,4.981185430104314e-39,1.0,1.0,1.0,1.0,0.9999988569453317,2.504639021589102e-38
1835,-73.12905717494992,-306.2324817618578,-73.21547394156889,-306.2324884074383,-73.12906170715809,-73.21540808600265,-306.7820999600174,-306.1947370308269,-306.1947481139781,-306.2324923820534,-306.1947441208358,2.411206993339614e-51,0.9577117981179142,2.4111989814178014e-51,0.9999966772152571,1.0,0.9999977338984846,1.0,0.9577433339634911,1.0,1.0,1.0,1.8318352811298966e-51,1.9127208046614706e-51,1.0,1.0,0.9999944584397508,1.0,1.0,2.457136233977824e-51
1836,-65.15978101601141,-304.83982883926546,-65.15978180998616,-304.738197177347,-65.15978284087113,-65.18158159071024,-304.3177156660197,-304.7889065423014,-304.78890585986187,-304.8397934767777,-304.78890717134146,8.99785321356972e-53,0.9999996030127043,9.466903255989435e-53,1.0,1.0,0.9999990875705548,1.0,0.989158905514439,1.0,0.9891592981981138,1.0,1.1681922993235942e-52,1.1681927630812887e-52,0.7901002537111071,0.7901005233089721,1.0,1.0,0.999999484557646,9.229901891845065e-53
1837,-49.832457706713626,-306.7054106821417,-49.83258823487418,-306.70541408200637,-49.83258288623561,-50.81693717460067,-306.5054974353148,-306.6811373556329,-306.6811441764394,-306.7054129967689,-306.68114470798594,1.6624438523459e-56,0.9999347380493768,1.662441026306239e-56,0.9999983000691042,1.0,0.9999374121977046,1.0,0.6112558095001355,1.0,0.6112957038501764,1.0,1.837204905140356e-56,1.8373248125415799e-56,0.9159257650086889,0.9159226413378336,0.9999965896025916,1.0,1.0,1.6828428948333875e-56
1838,-89.64259615475271,-304.8944369654273,-89.64255942216332,-304.8944357112972,-89.64259097928365,-89.80937192689547,-304.1271258013844,-304.8998567113656,-300.75047813615015,-304.89443291070575,-304.8998543033064,1.8140809310387777e-47,1.0,1.8140820685858852e-47,1.0,1.0,1.0,1.0,0.9199942250563841,1.0,0.9199773283264931,1.0,2.6624175073597593e-47,2.6623686090642604e-47,0.6795221455378969,1.0,1.0,0.9972937954222326,0.9999842215643122,1.440471800688475e-46
1839,-92.64177750113905,-305.5616112831459,-92.6417779165148,-305.55767657563916,-92.64177930927133,-92.68815246892845,-304.1999770537278,-305.5418346002744,-301.88029789752494,-305.5616125299652,-305.54183529710593,5.821642740399522e-47,0.9999997923121458,5.833107244765785e-47,1.0,1.0,0.9999990959342676,1.0,0.9770792799710908,1.0,0.977079482898632,1.0,1.150060444503483e-46,1.1500606833571148e-46,0.511233537172443,1.0,1.0,1.0,0.9999993036219772,3.668030918454545e-46
1840,-39.29693638205872,-303.7349997354129,-40.05046394170344,-303.7525954452508,-40.05058501535795,-40.05053640934963,-303.14692384021345,-303.5486720698411,-303.0752095850085,-303.7813705902425,-303.54867206203807,3.784461925133622e-58,0.6860781202513967,3.751312812529432e-58,0.9912407329601961,1.0,0.6860365885158595,1.0,0.6860532614685246,1.0,0.9999637668333413,1.0,5.078122794099684e-58,7.401668475069311e-58,0.818015401093623,1.0,1.0,1.0,0.9999394650050608,7.67235116505304e-58
1841,-87.42538240370075,-304.7800647379023,-87.42538084230284,-304.78006072004774,-87.42537862391742,-87.53494007491898,-304.28048565869835,-304.7562867688914,-298.59398714280525,-304.7800615165376,-304.7562839214146,6.339141166736692e-48,1.0,6.339153901623165e-48,1.0,1.0,1.0,1.0,0.9466944999144605,1.0,0.9466937608313428,1.0,8.137905490991677e-48,8.137899137739816e-48,0.788281077731812,1.0,1.0,1.0,1.0,1.3973953203192186e-46
1842,-81.37385160069199,-307.68518607289025,-81.37391734751884,-307.68519181488807,-81.37391629401034,-81.40064265458861,-307.86856935998435,-307.67396622912617,-307.6739759578319,-307.6851941343373,-307.67397306601833,7.196446867591504e-50,0.9999671271269005,7.196426206630027e-50,0.9999971290052089,1.0,0.9999676538639723,1.0,0.9866937938449554,1.0,0.9867262303711104,1.0,6.56594058438184e-50,6.566156432809003e-50,1.0,1.0,0.9999951356589709,1.0,1.0,7.237130715205249e-50
1843,-69.63756637387402,-304.6370852093446,-69.63756840427564,-304.63709001955607,-69.63756930983364,-69.65599916327686,-304.6515847069531,-304.57450749645295,-304.57451531272204,-304.63709159955624,-304.5744934215301,9.343355210274087e-52,0.9999989847997066,9.343332738543844e-52,0.9999975948971599,1.0,0.9999985320212704,1.0,0.9908259460879105,1.0,0.9908269519757229,1.0,9.275863177760172e-52,9.275872594628776e-52,1.0,1.0,0.9999960918730919,1.0,0.9999995472211042,9.640296199562984e-52
1844,-82.05380017222512,-305.8179116691092,-83.22900834508175,-306.1177083103873,-83.22900435385155,-83.22887958215082,-306.04665934109687,-305.80173660190104,-298.5317870825625,-306.10760574582423,-306.1039272676082,2.571819971164118e-49,0.5556569973012606,2.2138110505595533e-49,0.8607954971115229,1.0,0.5556581061798617,1.0,0.5556927724646583,1.0,1.0,1.0,2.2938691392111295e-49,4.1282106593673885e-49,1.0,1.0,1.0,1.0,1.0,1.7684580458438508e-47
1845,-80.03553578108664,-302.4891623836616,-80.16985317129492,-302.4238099710809,-80.03553874324012,-80.16935636132963,-303.18182657946977,-302.4678601839096,-298.4400771807859,-301.8682917006823,-302.46786051423106,4.952320504001862e-49,0.9350468022123274,5.116816466163173e-49,1.0,1.0,0.9999985189243529,1.0,0.9352791013479373,1.0,1.0,1.0,3.5026651757971706e-49,3.745978455313488e-49,1.0,1.0,1.0,1.0,1.0,3.750222775213079e-48
1846,-113.30730612346326,-309.6740975561768,-113.30729337021566,-309.67513110631467,-113.30728929278649,-113.85262982604411,-309.69554366416827,-309.6729053114643,-302.7260809587531,-309.67512664200456,-309.66617815717035,2.2881949662000713e-43,1.0,2.2870127895746633e-43,0.9994833584362923,1.0,1.0,1.0,0.761350193691251,1.0,0.7613453388629634,1.0,2.2637896118424288e-43,2.2637751765537382e-43,1.0,1.0,1.0,1.0,1.0,7.382985327701932e-42
1847,-182.65498530374924,-305.99071568858494,-183.24353679768896,-307.2970226892381,-183.22569046487564,-183.2064380898036,-306.4265869728897,-302.7058123055649,-307.22876485410876,-306.63581407849546,-307.60659069135704,1.651910205209424e-27,0.7450710120405293,8.596575369379904e-28,0.5204020982659912,1.0,0.7517491554471623,1.0,0.7590205756754129,1.0,1.0,1.0,1.32842851540642e-27,1.7829555759634907e-27,1.0,0.669590504601869,0.10419654847290177,1.0,1.0,1.1832445883220055e-27
1848,-236.15019154383896,-309.2651671926716,-236.15018983165297,-309.2651655601527,-236.15018755651602,-236.17697258310963,-303.9992949954292,-308.913637766929,-307.7826845231935,-307.51370834631547,-308.9136343679685,1.3282651117715066e-16,1.0,1.3282661959808954e-16,1.0,1.0,1.0,1.0,0.9866987345419579,1.0,0.986697889836444,1.0,1.8482230594768674e-15,1.8482214772267327e-15,0.08567695559459351,0.15081599462471576,1.0,1.0,1.0,2.7874104328750715e-16
1849,-72.42658582687471,-305.91588598138435,-73.2078171518088,-307.1805615542881,-73.20776308896782,-73.20752974202932,-306.99793972671426,-305.8852801563874,-307.17892709806193,-307.18055664692355,-307.1805656582722,1.9881203913730207e-51,0.6766401642820659,1.056384130401761e-51,0.5313481693491424,1.0,0.6766584550740771,1.0,0.6767374077692809,1.0,1.0,1.0,1.1573845865658071e-51,1.710487564381915e-51,1.0,0.9134801018940514,0.5237067069952328,1.0,1.0,1.5624541186749884e-51
1850,-195.53677380733112,-306.280974662523,-196.13032378138382,-307.73127742209783,-196.12872961520276,-196.11913070680055,-307.64554844577134,-306.2798961584949,-305.80490828859297,-307.73127780906935,-307.73127594870573,8.95782003084086e-25,0.7432112257165934,4.337835614878425e-25,0.4842512575541509,1.0,0.743803862976498,1.0,0.7473822959450047,1.0,1.0,1.0,4.52781736558145e-25,6.092234897576792e-25,1.0,1.0,1.0,1.0,1.0,1.5279896163854707e-24
1851,-94.12620796192641,-305.3437436324897,-95.6768340128331,-305.8682680040308,-95.67655776827884,-95.67205311863265,-305.8581946195228,-305.32392507784107,-299.2492707436204,-305.8682746664688,-305.8682348325428,1.363624792059036e-46,0.46055959155772164,1.0490492278505174e-46,0.7693092953131783,1.0,0.460623209490687,1.0,0.46166185182038477,1.0,1.0,1.0,1.054346294619976e-46,2.2892722547671326e-46,1.0,1.0,1.0,1.0,1.0,6.233716457422712e-45
1852,-212.42331675230423,-295.3227404622609,-212.4233177365043,-304.85394106713744,-212.4233194179638,-212.48578750071232,-303.0812464961263,-304.85359700278116,-304.7781818541439,-304.85395161359634,-305.2667376197936,9.968248703341132e-19,0.9999995079000928,8.49072843194449e-21,0.008517773467167382,1.0,0.9999986671711056,1.0,0.9692474103875317,1.0,0.9692478873543272,1.0,2.060063871637041e-20,2.060064885394787e-20,0.41222941448661743,0.42807037086406396,1.0,0.00851923892433914,0.9999991592705991,8.818534808951289e-21
1853,-62.92441924709641,-304.771424043112,-62.924130005554275,-304.7714010248476,-62.92441659829656,-62.962233638709336,-304.57730337742896,-304.0190518081973,-304.0190453360626,-304.0658523713784,-304.64983736752976,3.0450201869393612e-53,1.0,3.0450552326809372e-53,1.0,1.0,1.0,1.0,0.9812704240276264,1.0,0.9811285222035011,1.0,3.3553895149416305e-53,3.3549042910102947e-53,1.0,1.0,1.0,1.0,0.9998567138952923,4.435744894365221e-53
1854,-57.407654759831885,-303.7806681708091,-57.48663585554257,-303.780671622335,-57.407657457821486,-57.48653421391067,-304.4258686966964,-303.7231373062619,-295.54492042025674,-303.7806737592658,-303.51708369869084,3.167961484443063e-54,0.9612790400961984,3.1679560172972756e-54,0.999998274238561,1.0,0.9999986510061096,1.0,0.9613278943227671,1.0,1.0,1.0,2.2944382750940158e-54,2.386859776807813e-54,1.0,1.0,1.0,1.0,1.0,1.94603380369316e-52
1855,-97.32536939722331,-305.98466758909206,-97.3253691086743,-305.8761352298426,-97.32446003954496,-97.32848331503617,-306.2503651192868,-305.95685633045036,-305.95854843851,-305.98467054348794,-305.9585650734219,4.9001468879098425e-46,1.0,5.173406460621465e-46,1.0,1.0,1.0,1.0,0.9984442525252931,1.0,0.9984441084752493,1.0,4.290556379382399e-46,4.290555760364517e-46,1.0,1.0,0.9991543037729893,1.0,1.0,4.962303648827421e-46
1856,-232.04037448748844,-308.5761781191177,-234.84592073253344,-308.5761897406506,-238.10394194689727,-238.08566904528288,-309.7377304977648,-308.57613857682793,-309.28532392932453,-303.5270602884554,-304.9551554256465,2.401382864798607e-17,0.24591406766208004,2.4013689109641507e-17,0.9999941892504296,1.0,0.048229532904205535,1.0,0.04867219877724476,1.0,0.1979236049404342,1.0,1.3434871383157978e-17,5.463238240448837e-17,1.0,1.0,0.7014591059807176,1.0,0.196123521369585,3.492684005610417e-16
1857,-163.89818388873874,-309.50610211204184,-163.89817428701548,-309.5060734510191,-163.8981722755442,-163.9831801898298,-308.3625913905664,-309.50589765079764,-308.75736305041244,-309.5060795833542,-309.5058892638095,2.4079213480854137e-32,1.0,2.407955855076916e-32,1.0,1.0,1.0,1.0,0.9583922380221199,1.0,0.9583876369246408,1.0,4.265328605113558e-32,4.265308127910267e-32,0.564591323885079,0.820873854509133,1.0,1.0,1.0,3.501276402266566e-32
1858,0.14773235200387091,-300.04101290568565,-0.012556386822382137,-300.04851540510816,-0.012534060944076941,-0.012520713944894624,-297.7612854173684,-299.23769776315936,-299.2376983298563,-299.5775769036244,-300.4067408482666,6.528932859750897e-66,0.9229830862410364,6.504487082020776e-66,0.9962557774363329,1.0,0.9229933895025743,1.0,0.9229995491191347,1.0,1.0,1.0,2.041167932426627e-65,2.211490072629116e-65,0.47797054348616796,0.47797040805396496,0.9999997166515702,1.0,1.0,1.0570150129616923e-65
1859,-127.37269530389887,-304.6504595593356,-128.19480406196436,-306.2954671255684,-128.19465878090915,-128.1935160563034,-306.09516608797696,-304.64382389513946,-301.1221970565917,-306.2954638414107,-306.29544421529897,3.196116563906213e-39,0.6629508799928969,1.404150812201726e-39,0.43933028853165534,1.0,0.662999038843717,1.0,0.663377959741607,1.0,1.0,1.0,1.5520602388948912e-39,2.3411391186501438e-39,1.0,1.0,1.0,1.0,1.0,2.813598856988807e-38
1860,-70.44801395534816,-305.79735794790827,-70.44807230015769,-305.7973562865692,-70.44807154019823,-70.46311414709513,-305.4996658229643,-305.75010612382084,-305.7501047052426,-305.79735622969184,-305.73436207834317,7.844030835422499e-52,0.9999708280207449,7.844037351222692e-52,1.0,1.0,0.9999712079894635,1.0,0.992478334504677,1.0,0.9925072879066904,1.0,9.102953323205101e-52,9.103218882117512e-52,0.8823026418976099,0.8823032677054884,1.0,1.0,1.0,8.031796714409958e-52
1861,-68.18128082859745,-304.6767132446386,-68.36501704375601,-304.67671572250174,-68.3649615930744,-68.36487428525999,-304.6073842207083,-304.66477117507463,-304.66475810728696,-304.67671385517934,-305.04156361681316,4.422515393059786e-52,0.9122254572348765,4.422509913869335e-52,0.9999987610692075,1.0,0.9122507493471859,1.0,0.9122905735259803,1.0,1.0,1.0,4.5785078112449314e-52,5.019052883180057e-52,0.9717142714175909,0.9717206205162239,1.0,1.0,1.0,4.8769819641859194e-52
1862,-132.17452887682384,-307.8838766677184,-132.17452936352393,-307.66434808495956,-132.174530134538,-132.1867191177609,-305.81192150765713,-307.88371191775326,-306.5692279982718,-307.8853153561249,-307.88371321338605,7.001642268472248e-39,0.9999997566499855,7.813937691936329e-39,1.0,1.0,0.9999993711431175,1.0,0.9939234170962145,1.0,0.9939236589675512,1.0,1.9729644691876227e-38,1.9729649493086538e-38,0.3549085227708813,0.684783023229049,1.0,1.0,0.9999996144930382,1.351053423553027e-38
1863,-78.03685701868767,-304.80639566381836,-78.03685787113494,-304.79196229330677,-78.03685856254786,-78.04523225490556,-304.42119105176704,-304.7959444986939,-304.74881014623196,-304.7282958635848,-304.78748430058596,5.722955267547013e-50,0.9999995737764549,5.764405420905807e-50,1.0,1.0,0.9999992280702013,1.0,0.9958211377374587,1.0,0.9958215621800552,1.0,6.93851401809933e-50,6.938516975458691e-50,0.8291313243184735,0.8489036825410722,1.0,1.0,0.9999996542935989,5.890134648097911e-50
1864,-37.57304005574116,-303.1875911075523,-37.869356936422605,-303.18759371600714,-37.86931895397596,-37.869266492657886,-303.8431580414159,-303.06368041250397,-303.0636866396322,-304.13853199332635,-303.06368301247784,2.101517846614909e-58,0.862294481886724,2.101515105759492e-58,0.9999986957734258,1.0,0.8623108580692994,1.0,0.8623334773480608,1.0,1.0,1.0,1.5141835772730416e-58,1.7559935834912808e-58,1.0,1.0,0.9999968864407419,1.0,1.0,2.5928341680951456e-58
1865,-39.19008950156996,-302.40859043388457,-39.190390172031115,-302.40859077398153,-39.190391995901365,-39.25954518152811,-299.26540644429707,-302.3808844780559,-295.09654725402174,-302.407384201912,-302.38088494207545,6.963518843161342e-58,0.9998496760691956,6.963517659025606e-58,0.9999998299515342,1.0,0.9998487642715722,1.0,0.9658682512128198,1.0,0.9660134661542622,1.0,3.352451366048781e-57,3.3529553954836784e-57,0.2106117228282951,1.0,1.0,1.0,0.999999088065291,2.6957799764384863e-56
1866,-42.902000435460664,-303.9381478873935,-42.90209043713293,-303.9343582651289,-42.90208545325392,-45.37304530386368,-303.50510291012205,-302.830585546199,-294.7859587138908,-302.90741013273646,-302.8305831240615,2.0735799847106726e-57,0.9999550001763912,2.077512751898315e-57,1.0,1.0,0.9999574920068637,1.0,0.2906828600239486,1.0,0.29069594129003035,1.0,2.574870041006189e-57,2.574985914918157e-57,1.0,1.0,1.0,1.0,1.0,2.0142430844448162e-55
1867,-92.72269340332939,-306.59435407736026,-92.72181547627801,-306.59435000423434,-92.7226894106427,-92.82437394062936,-306.75479569275103,-306.5606265968854,-306.56021958126456,-306.59436158650396,-306.5602207300925,3.617087101066349e-47,1.0,3.6170944674994697e-47,1.0,1.0,1.0,1.0,0.9504304719507616,1.0,0.9500133591952129,1.0,3.338255035511534e-47,3.3367899848868965e-47,1.0,1.0,1.0,1.0,0.9995631282739096,3.6793433008816876e-47
1868,-89.84579385672635,-304.62333063561556,-89.84579241073868,-304.2467431665781,-89.84578778218828,-90.81609112392115,-303.49576269703897,-304.62205692912323,-301.6396132377945,-304.6233206778176,-304.6220544109165,2.299590310675461e-47,1.0,2.776037956923135e-47,1.0,1.0,1.0,1.0,0.6156056902756559,1.0,0.6156052451967,1.0,4.0410919922602424e-47,4.041089070576703e-47,0.569414228399671,1.0,1.0,1.0,1.0,1.0222453688708087e-46
1869,-174.45336058795425,-306.74375012116604,-174.45336008661502,-306.66903465506425,-174.4533583107226,-174.50765942225928,-304.44444943755866,-306.74223813328626,-306.5306225150015,-306.6691285969385,-306.65931366902913,1.8771842790476483e-29,1.0,1.9486379927374936e-29,1.0,1.0,1.0,1.0,0.9732158155240999,1.0,0.9732155715684968,1.0,5.926437490498019e-29,5.926436004920399e-29,0.3169870531098095,0.3523654122979073,1.0,1.0,1.0,2.08826921205938e-29
1870,-79.22682372257324,-309.1114569468529,-79.22682061866857,-309.11909113214324,-79.22661395520734,-82.80829565304946,-308.8582068651987,-309.11895917554784,-298.98344416062645,-309.11911122211325,-309.11892582381074,1.2055525837589278e-50,1.0,1.200959649263003e-50,0.9961901831925073,1.0,1.0,1.0,0.1668373379914834,1.0,0.16683707906808773,1.0,1.3682917696809865e-50,1.368289646159018e-50,0.8777651928947285,1.0,1.0,0.9962559122933011,1.0,1.9072632497431154e-48
1871,-44.92241230916666,-305.0619377373934,-44.92240540068184,-305.06193808533226,-44.922302602267195,-44.927702267332194,-304.91141165551204,-305.0375790034812,-305.03758172779226,-305.0619390860386,-305.03758128428046,3.246532768975518e-57,1.0,3.2465322041781343e-57,0.9999998260305896,1.0,1.0,1.0,0.9973585157924375,1.0,0.9973550706803042,1.0,3.500306819921437e-57,3.500294729034093e-57,0.9388649118342327,0.9388636329550725,0.999998637845398,1.0,1.0,3.2861305168699216e-57
1872,-167.21647907751435,-305.57166764774877,-167.21647713756522,-305.57527886822663,-167.2164745149367,-167.3641232525548,-305.7412339060678,-297.87591022703725,-304.35427938599645,-305.57522012386477,-305.54001322069263,9.047998723186081e-31,1.0,9.031676304447351e-31,0.9981960188945609,1.0,1.0,1.0,0.9288369308236579,1.0,0.9288360298758973,1.0,8.312500520002695e-31,8.31249245709259e-31,1.0,1.0,0.03919584316649435,1.0,1.0,1.6630451578493124e-30
1873,-226.3119676007047,-310.27238476808145,-226.3119688960145,-306.3212632831973,-226.31197001047295,-226.35643862860562,-306.7079704038512,-309.2190614156098,-310.5315044202318,-310.27237361620024,-309.2190579351128,5.864446962986549e-19,0.9999993523453093,4.228654395529017e-18,1.0,1.0,0.9999987951165974,1.0,0.9780098729567597,1.0,0.9780105063698517,1.0,3.4852168717008256e-18,3.485219128919338e-18,0.28492038008144976,0.14781895838044862,0.5188079502708505,1.0,0.9999994427709271,5.151817484387195e-19
1874,-34.745177960716504,-306.6123755582531,-34.74517523974525,-306.6780069777843,-34.745162592070415,-35.0140759044489,-306.45691789316635,-306.5890117118044,-306.5890218714947,-306.6123720225868,-306.5890211524986,9.221214753296712e-60,1.0,8.923525207092799e-60,0.9677168839281818,1.0,1.0,1.0,0.8741974864047477,1.0,0.874196297072442,1.0,9.966561236727467e-60,9.966547677373595e-60,0.9360869520602091,0.9360821968955211,0.9999949201677498,1.0,1.0,9.329448847195354e-60
1875,-102.42136725684843,-311.57117481770695,-102.42131780258237,-311.5720955935251,-102.42132817453361,-105.06665386587395,-311.55882617015175,-311.5721730121515,-309.92516772114755,-311.571626162576,-311.57215687749454,3.8343905230373595e-46,1.0,3.832625622302543e-46,0.9995397180531792,1.0,1.0,1.0,0.26643011443993037,1.0,0.26642352646849826,1.0,3.858138530114772e-46,3.858043130589585e-46,0.9933487968236105,1.0,1.0,0.9995010273060263,0.9999948140378231,8.732000573966982e-46
1876,-203.92176543370698,-308.03925487783874,-205.23188006458687,-310.30662354980717,-205.23181914799287,-205.2265725938207,-310.2443747073267,-308.0387768168362,-309.1672235579454,-310.30662474188773,-310.30658299855617,2.4613559980466002e-23,0.5194122913898869,7.921758181529673e-24,0.32184528316166316,1.0,0.5194281120446596,1.0,0.5207925047164403,1.0,1.0,1.0,8.172195460984194e-24,1.573354269132976e-23,1.0,1.0,0.5688017234316329,1.0,1.0,2.695961557569867e-23
1877,-59.74054279855585,-306.80320971910834,-59.74052592290553,-306.80320892602447,-59.74053342122606,-60.38350397254173,-306.71403949139005,-306.79663958025344,-306.7966401302873,-306.8032087413672,-306.7966403413893,2.2440035314793184e-54,1.0,2.2440044213210083e-54,1.0,1.0,1.0,1.0,0.7250747057711964,1.0,0.7250685877434135,1.0,2.346316555475708e-54,2.346296757750396e-54,0.9595411817627658,0.959540917872732,0.9999997249831077,1.0,0.999996250846764,2.2513761852879346e-54
1878,-133.802476440527,-307.63490666258315,-133.80247807243023,-307.6349071625791,-133.80247968124354,-133.85779816383769,-305.782049949772,-307.633954173954,-306.2836435253514,-307.6349106312884,-307.63395725324506,1.789647051979764e-38,0.9999991840487101,1.7896466045716608e-38,0.9999997500020498,1.0,0.9999983796430367,1.0,0.9727181969081788,1.0,0.9727189905994938,1.0,4.5197052391995216e-38,4.519708927061886e-38,0.3961540563907203,0.7781804912701207,1.0,1.0,0.9999991955936702,3.517152142478428e-38
1879,-99.96421986183006,-305.6946310326904,-100.14740845325534,-306.15735622240027,-100.14731845468297,-100.14710961005366,-305.35306344766366,-306.01690363965463,-301.2136889962743,-306.03040745707716,-306.0169071402136,2.1193800131843003e-45,0.9124752695893527,1.681625700604435e-45,0.7934517123608469,1.0,0.9125163312490083,1.0,0.9126116232917004,1.0,1.0,1.0,2.5140811573710034e-45,2.7552321045396027e-45,0.7175446552552414,1.0,1.0,0.8511760449411196,1.0,2.182691658564775e-44
1880,-169.2944054828318,-306.253531702991,-171.2985540002162,-308.60283297188505,-171.29591573058357,-171.26128103501253,-307.19620232349394,-303.30321425478616,-308.53262638704643,-307.99514245025455,-308.6028201293193,1.818459437531232e-30,0.3671171549056801,5.617710172646882e-31,0.30892688925046957,1.0,0.3676017514802176,1.0,0.3740230785605156,1.0,1.0,1.0,1.1350246508298136e-30,3.091723270522226e-30,1.0,0.5126243148738974,0.07318929834831557,1.0,1.0,1.582803214766307e-30
1881,-73.13375145098566,-306.28412636874305,-73.78719921349312,-306.6248001943491,-73.7872038461621,-73.78695170370838,-306.91359126546655,-306.21453837643764,-297.1529427739232,-306.6248028715438,-306.6247661897998,2.3552627298567807e-51,0.7212828752564897,1.9863829484238092e-51,0.8433806229951197,1.0,0.7212812045260253,1.0,0.7213721430646363,1.0,1.0,1.0,1.7193044774278802e-51,2.3836757205922924e-51,1.0,1.0,1.0,1.0,0.999997683668195,3.1386729802197218e-49
1882,-50.00761640911148,-302.9007705382327,-50.454747991925345,-302.8815680816494,-50.45469126782098,-50.45459762174204,-302.78442508661834,-302.8718332209441,-302.9522223114536,-302.9627708571617,-302.86087006884213,1.2160441009463043e-55,0.7996622792304631,1.2277758474376256e-55,1.0,1.0,0.799684959615386,1.0,0.7997224041724397,1.0,1.0,1.0,1.2888827733099126e-55,1.611783882753883e-55,0.9572371934800274,0.9195244797331048,0.9606025403068403,1.0,1.0,1.4820327021465686e-55
1883,-70.63015806936684,-306.92841679047297,-70.62829539835658,-306.9283815995954,-70.63015074158653,-72.61963112305267,-306.67090179471006,-306.9217021553446,-306.9217072624219,-306.9284218294556,-306.9217109381676,4.880733300818399e-52,1.0,4.8808191802178855e-52,1.0,1.0,1.0,1.0,0.36982086958111926,1.0,0.36947660261365006,1.0,5.551415681719114e-52,5.5462478580534e-52,0.8821438153481339,0.8821415627626827,0.9999974464646104,1.0,0.9990727585393142,4.8971165624869446e-52
1884,-159.30465750122008,-308.1814488581177,-159.86559468650526,-308.1808777779356,-159.8655200744965,-159.86444240879348,-309.4344378203484,-308.16411818419675,-306.88648166952174,-309.2095705665544,-309.2095738893435,4.6969454367233207e-33,0.7554296697192731,4.6982867944474284e-33,1.0,1.0,0.7554578523075323,1.0,0.7558650275061172,1.0,1.0,1.0,2.5103392647264017e-33,3.323061517638387e-33,1.0,1.0,1.0,1.0,1.0,1.1879654978404078e-32
1885,-162.16365962381644,-303.5844077155958,-164.54513804916084,-305.11835070414384,-167.50966499598974,-167.50352317562124,-304.9208027346885,-303.57264598855573,-301.2212580988496,-303.5830659836148,-305.1183599610839,1.9537758564350297e-31,0.3039964629513071,9.073675650258848e-32,0.4644174315274441,1.0,0.06904459449701798,1.0,0.06925695014109647,1.0,0.22782156564824854,1.0,1.001567554710836e-31,3.294668447742008e-31,1.0,1.0,1.0,1.0,0.22712301921775094,9.223515341570443e-30
1886,-151.89821637957084,-308.65979448931296,-151.8982130040893,-308.65987229957693,-151.89820797094023,-154.81131096902604,-308.49329392906054,-308.659350321001,-303.7613388261511,-308.65979556449383,-308.65934992720395,9.112883667889446e-35,1.0,9.112529136844116e-35,0.9999610956248077,1.0,1.0,1.0,0.2330395039989745,1.0,0.2330391106890361,1.0,9.904007567693885e-35,9.90399085231073e-35,0.9203251973924195,1.0,1.0,1.0,1.0,1.0552129988536803e-33
1887,-89.96138552223584,-304.0039226982908,-90.10649517031321,-304.7727453753203,-89.96138806723684,-90.10544952482645,-304.24658636390825,-303.9681284803531,-299.0340721842797,-304.00387347713985,-303.9681299611141,3.3208832366825404e-47,0.9300147580975182,2.2610276994140575e-47,0.6808513092055453,1.0,0.9999987275003117,1.0,0.9305011180936835,1.0,1.0,1.0,2.9414390955834e-47,3.162787547157376e-47,1.0,1.0,1.0,1.0,1.0,3.9851391066734176e-46
1888,-50.08016113249164,-303.4918262039116,-53.48540965984938,-305.4260170520124,-53.485425072392104,-53.26900370397941,-304.9614347844829,-303.460675938468,-305.4160738264766,-305.4259323045912,-305.425813235108,9.383310870025957e-56,0.18220474281471238,3.5674007447451467e-56,0.38018571420678793,1.0,0.1822033387009311,1.0,0.20302598854529838,1.0,1.0,1.0,4.500229437874847e-56,2.469875025399975e-55,1.0,0.7966661900433272,0.37617570507784215,1.0,0.9999922937583318,1.9676810897945818e-55
1889,-49.66387515675717,-304.5466692840296,-50.65732591535527,-305.50276452252467,-50.65732442700045,-50.657289906675175,-305.3209604237632,-305.0019600311225,-295.7779657865808,-305.50276439722137,-305.50275810905947,4.496809494214631e-56,0.6085200730760507,2.787988936916012e-56,0.6199926726944784,1.0,0.6085205259231128,1.0,0.6085310291770013,1.0,1.0,1.0,3.053298782453422e-56,5.01758104218169e-56,1.0,1.0,1.0,0.7964066366244722,1.0,5.92555493107314e-54
1890,-140.48400473377063,-304.27002123530394,-141.14242862581608,-305.8524936229829,-141.1419791515016,-141.13993628146477,-305.67424822181783,-304.26557617143305,-301.99892949025553,-305.85248897363783,-305.85246816095446,2.718431601810563e-36,0.7194905074343367,1.23222182686806e-36,0.45328410177668577,1.0,0.7196522218565774,1.0,0.7203876753821118,1.0,1.0,1.0,1.3470831209961629e-36,1.8722736534770798e-36,1.0,1.0,1.0,1.0,1.0,1.1758638693429894e-35
1891,-220.34877810924672,-307.09183386745264,-220.34877999496763,-300.28389545626635,-220.34878119685575,-220.3804157517506,-305.41124806661264,-307.0916699942374,-307.06272531659397,-300.28389578762636,-307.09166814650007,1.4587631042512175e-19,0.9999990571399917,4.388436443275982e-18,1.0,1.0,0.9999984561966764,1.0,0.9843056391643925,1.0,0.9843065672276907,1.0,3.3800205460987934e-19,3.38002373298801e-19,0.43161945773733223,0.4379114206615524,1.0,1.0,0.999999399056118,1.480151884270761e-19
1892,-24.039525660857322,-302.62266711672305,-24.180513506317908,-302.62266864759175,-24.18049015876049,-24.18019934091248,-302.469653847993,-302.47746154081415,-302.4774636545334,-302.622668746717,-302.47746303536417,3.209515350864109e-61,0.9319334031192303,3.2095128941918446e-61,0.9999992345659424,1.0,0.93194428236705,1.0,0.9320798052352607,1.0,1.0,1.0,3.4647018371990734e-61,3.717756897223004e-61,0.9961037636917218,0.9961027109504362,0.9999989431409417,1.0,1.0,3.70322449310295e-61
1893,-49.944908226400216,-308.06960226416123,-49.94530356434893,-308.0588101363057,-49.94529927849133,-50.61211244599616,-307.98271072211156,-308.06579518091905,-308.06580873129985,-308.0700549028644,-308.0658090172635,8.890677730572741e-57,0.999802350560866,8.938782066280351e-57,1.0,1.0,0.9998044930684127,1.0,0.7163387497004046,1.0,0.7164803616420337,1.0,9.28545365761477e-57,9.287289285133021e-57,0.9593088234464597,0.9593023239685463,0.9999932248325517,1.0,1.0,8.909299102582271e-57
1894,-101.94130325143547,-304.0345834582927,-101.94130278871154,-304.10291443398626,-101.94130155419751,-101.97225436500224,-303.98545441196626,-304.0186098993884,-300.0707255908321,-304.03056345395,-304.01860847984784,1.306176266330411e-44,1.0,1.2623038458375165e-44,0.966411562035077,1.0,1.0,1.0,0.984643574313762,1.0,0.9846433465047152,1.0,1.3386591939172639e-44,1.3386588842024707e-44,0.9835589108984378,1.0,1.0,1.0,1.0,9.478556847675375e-44
1895,-218.4457888169602,-307.553765947378,-218.44579183200057,-301.2978521390773,-218.44579236277787,-218.45473600600553,-306.876047078676,-301.5955328011025,-307.5375276752969,-300.2295625109243,-307.55373295342514,4.4714524765599506e-20,0.9999984924809547,1.0207115813432858e-18,1.0,1.0,0.9999982270927403,1.0,0.995536397096275,1.0,0.9955378978886164,1.0,6.274995256134267e-20,6.275004715823377e-20,1.0,0.718391712358176,0.05125216401884048,1.0,0.9999997346113855,4.507912579204665e-20
1896,-81.35333959995168,-304.1728152042195,-82.51946939481834,-304.74478357498066,-82.51944235935515,-82.51912848232323,-304.81636327241773,-304.1704874876685,-304.89980151765667,-304.89881881457376,-304.87730895946765,4.1244461931785434e-49,0.5581849625438353,3.0985912390731695e-49,0.7512744969731849,1.0,0.558192507989338,1.0,0.5582801167675802,1.0,1.0,1.0,2.989654175887712e-49,5.356027798138557e-49,1.0,0.9591391432318904,0.6944347907572495,1.0,1.0,5.137106470936972e-49
1897,-130.44124642798795,-305.45649781147335,-131.06206293675012,-306.12871937395005,-131.06152883834355,-131.0598113670704,-304.5512512210881,-305.452888256156,-303.91636892241945,-305.45650037748845,-306.1270039130342,9.906518105858169e-39,0.7331475844052018,7.07864251241016e-39,0.7145439433683819,1.0,0.7333433970281482,1.0,0.7339734156080062,1.0,1.0,1.0,1.5577323426634182e-38,2.1247186457378854e-38,0.6371064553374379,1.0,1.0,1.0,1.0,2.917752102022125e-38
1898,-108.12502232930068,-303.0298293441214,-108.55809061704711,-304.41869190158957,-108.55755695417626,-108.55674328954467,-304.31085399736656,-303.0093767480154,-299.596791471017,-303.0298120338639,-304.4186942988398,4.752902534563643e-43,0.8053050382201251,2.3734016289851444e-43,0.49935836296357683,1.0,0.8055199475904415,1.0,0.8058477258070045,1.0,1.0,1.0,2.5048858501872817e-43,3.1104807884022927e-43,1.0,1.0,1.0,1.0,1.0,3.2836534109386447e-42
1899,-54.948706733748594,-304.20447002303416,-55.05476629112033,-304.20447347429956,-54.94869290943575,-55.05468170281122,-304.75435528065924,-304.17997301114343,-303.9492192738386,-304.20446597800304,-304.17997654045035,7.495467241434793e-55,0.9483517713923162,7.495454307022537e-55,0.9999982743687891,1.0,1.0,1.0,0.9483918819769224,1.0,1.0,1.0,5.693674610643156e-55,6.0037580804895146e-55,1.0,1.0,1.0,1.0,1.0,8.515746102990772e-55
1900,-26.474052952572563,-303.0529852634054,-26.653495955903708,-303.05298820979124,-26.653490146815216,-26.653476631201528,-303.08862413271555,-302.9285354364498,-303.4670045043422,-303.0529897395426,-302.92853927797614,8.742747654621612e-61,0.9141857490302541,8.742734774877144e-61,0.999998526808161,1.0,0.9141884043270674,1.0,0.9141945822565973,1.0,1.0,1.0,8.588336678088035e-61,9.394520410319508e-61,1.0,0.8276290884145416,0.7639640591296524,1.0,1.0,7.775155779967754e-61
1901,-139.32877123745305,-310.7653424200935,-139.3294403217763,-310.69527254339647,-139.32894156907213,-139.39004333134523,-311.113718993548,-310.765269790779,-301.8250246248846,-310.74325098292917,-310.765336943488,5.929547732849843e-38,0.9996655137913647,6.140971048046009e-38,1.0,1.0,0.9999148378169675,1.0,0.9698284808885849,1.0,0.9701529836818928,1.0,4.981642498958958e-38,4.983309347208905e-38,1.0,1.0,1.0,1.0,1.0,5.1811229571933305e-36
1902,-78.36235776674125,-304.3623100707825,-78.36235551141692,-304.1324954780227,-78.3599710369049,-79.66167932501604,-304.4649532406895,-304.1685877747378,-296.5876159605301,-304.12289880188075,-304.18319048313793,8.408797655245549e-50,1.0,9.432732242377354e-50,1.0,1.0,1.0,1.0,0.5222228956192374,1.0,0.5222223067285676,1.0,7.988131780517602e-50,7.988122772608643e-50,1.0,1.0,1.0,1.0,1.0,4.097028692771531e-48
1903,-49.79540357205231,-303.95077692145384,-49.79525171360817,-303.9507721516233,-49.79538210967567,-49.79636522874293,-303.1197553435329,-303.71781305663217,-303.7175996545974,-302.5918864257076,-302.628273296837,6.469368717010126e-56,1.0,6.469384145924714e-56,1.0,1.0,1.0,1.0,0.9995192872341133,1.0,0.9994433973933537,1.0,9.802028185092608e-56,9.801283952972677e-56,0.7415380108978572,0.7416171379794461,1.0,1.0,0.9999348040915933,7.269274080654543e-56
1904,-38.5584358298083,-305.39302159313786,-38.55849065193256,-305.39301594649345,-38.55835785555874,-39.844980268064106,-305.0232046753974,-305.3757809139112,-305.3757856154154,-305.3930163833995,-305.3757860039111,1.1418417306316934e-58,0.999972589313552,1.1418449544233348e-58,1.0,1.0,1.0,1.0,0.5255698275806908,1.0,0.5255842342053365,1.0,1.373759264772127e-58,1.3737969214888112e-58,0.8383763961515034,0.8383744253387597,0.9999976492506794,1.0,1.0,1.1516797326004341e-58
1905,-60.14472031184566,-304.66727164641054,-60.14441189737161,-304.6603401565301,-60.14472149206122,-60.15169596047916,-304.3028048962137,-304.59989185752767,-304.5767588421968,-304.6672673850986,-304.59989212598407,7.991027537063121e-54,1.0,8.018770447473294e-54,1.0,1.0,0.9999994098923928,1.0,0.9965182510771279,1.0,0.9963645925989142,1.0,9.588387486928973e-54,9.586909002186488e-54,0.8619625276586783,0.8719903052290443,1.0,1.0,0.9998452146356853,8.360985865262852e-54
1906,-138.15808033919774,-307.39201793864106,-138.15808083586654,-307.39201660293554,-138.15808164810431,-138.1723675477628,-305.4983550763318,-307.3858029762045,-304.81575840578967,-307.3919906293541,-307.3858034150831,1.7836817750953885e-37,0.9999997516656289,1.7836829663325673e-37,1.0,1.0,0.9999993455469262,1.0,0.9928818506092496,1.0,0.9928820971760007,1.0,4.597492619714195e-37,4.597493761429957e-37,0.38917586207178634,1.0,1.0,1.0,0.9999995938811964,6.467632112059684e-37
1907,-129.42158214605877,-303.0272680341183,-129.42158097033945,-303.02724826586604,-129.42157776487232,-129.67798137617172,-302.7571063800625,-302.9872473262358,-301.08954363305315,-303.02724167369206,-302.98724552094217,2.0044918550185166e-38,1.0,2.004511667766789e-38,1.0,1.0,1.0,1.0,0.879677764690905,1.0,0.8796772475639856,1.0,2.2944001040480664e-38,2.2943987552632025e-38,0.8913033287967641,1.0,1.0,1.0,1.0,5.281713648402103e-38
1908,-108.75858475504855,-304.6360988289028,-108.75858311791636,-304.6360933065225,-108.75858141983306,-108.82017141945167,-304.1124687071847,-304.6230958359876,-301.02431633479847,-304.63605549243374,-304.6230944591914,2.922390546980359e-43,1.0,2.9223986162674393e-43,1.0,1.0,1.0,1.0,0.9696759531636961,1.0,0.9696751594201644,1.0,3.797021800258017e-43,3.797018692145985e-43,0.7746735498251489,1.0,1.0,1.0,1.0,1.7783864212553395e-42
1909,-72.87580378284169,-306.63935946780634,-72.87538998364414,-306.66856414780864,-72.875231858525,-73.87232554922971,-306.67362054453446,-306.67042632608405,-298.40027056056,-306.6685642201436,-306.6704247348652,1.7333603099207617e-51,1.0,1.7082330978622424e-51,0.9855037571157476,1.0,1.0,1.0,0.6075864051425012,1.0,0.6074607087627713,1.0,1.7039198004739347e-51,1.7035672966185975e-51,1.0,1.0,1.0,0.9845865923196755,1.0,1.0662525439337289e-49
1910,-119.99413382048226,-305.5127120729097,-119.99413093904224,-305.51251322016265,-119.99412707141286,-120.44415869647176,-305.4976412105268,-305.4706750991316,-301.29791472244415,-305.5058403419001,-305.47681980736473,5.189823487802643e-41,1.0,5.19033951878446e-41,1.0,1.0,1.0,1.0,0.7985062868806073,1.0,0.7985051364574483,1.0,5.229078762550022e-41,5.229071228917025e-41,1.0,1.0,1.0,1.0,1.0,4.269556229175731e-40
1911,-46.14854542437547,-306.5409112928479,-46.99079458400632,-306.8287497889123,-46.99079403431634,-46.99078447075411,-306.64743676778176,-306.5092853092041,-295.03415794303635,-306.8341372474401,-306.8341276440528,2.860988991912885e-57,0.6563083335449081,2.477495369978437e-57,0.8659576730220017,1.0,0.6563085139279923,1.0,0.6563116522591534,1.0,1.0,1.0,2.7125919826810794e-57,4.133106108876581e-57,1.0,1.0,1.0,1.0,1.0,1.3742567882068586e-54
1912,-86.4893994829516,-305.01681462460147,-86.98581040471214,-306.6060382513905,-86.98564331725615,-86.98529534113713,-306.16206808599503,-304.9653793653015,-304.97274262805263,-306.60602896018565,-306.6060150850343,3.5267504440770336e-48,0.7801996263071569,1.5932326723573003e-48,0.45175656673780895,1.0,0.7802648098153184,1.0,0.7804005783861933,1.0,1.0,1.0,1.989235038741831e-48,2.5496487971383642e-48,1.0,1.0,0.9963251375198149,1.0,1.0,4.620647322231937e-48
1913,-213.8331652023261,-308.25235527861116,-213.83316543761288,-308.2523224214874,-213.83316511155277,-213.8242299860047,-304.0503404109099,-307.6465007012263,-308.59378059788594,-302.68849016027707,-307.6464948034025,3.1414733660724003e-21,0.9999998823566114,3.1415249763859233e-21,1.0,1.0,1.0,1.0,1.0,1.0,1.0,1.0,2.5679662817683786e-20,2.56796658387267e-20,0.16561654292037065,0.10313462622330195,0.6227314276985584,1.0,1.0,2.648462306037408e-21
1914,-50.23711620845779,-306.0580020629069,-50.236993276057774,-306.057997659036,-50.23679833835345,-50.345731526383275,-305.97176753676564,-306.03920935406995,-306.05364546754856,-306.0549600665627,-306.03892298405214,2.813199029418818e-56,1.0,2.8132052239083083e-56,1.0,1.0,1.0,1.0,0.9471406653571827,1.0,0.9470824500087657,1.0,2.937149471540163e-56,2.9369689416715718e-56,0.9668413040291094,0.9598877145308344,0.9928079308679746,1.0,1.0,2.8188856381312616e-56
1915,-102.11636288805609,-308.9793588258959,-102.11322707091378,-308.97937137403864,-102.11634934809244,-102.46899202874236,-309.02997822744476,-308.97459685058766,-300.6230706543665,-308.9793699073593,-308.9746106401899,1.2030153730182272e-45,1.0,1.2030078252375775e-45,0.9999937259483004,1.0,1.0,1.0,0.8383542204784558,1.0,0.8370407876508702,1.0,1.1729494980019312e-45,1.171111861430032e-45,1.0,1.0,1.0,1.0,0.9984400793536417,7.848978834857291e-44
1916,-65.26404641065874,-307.8330621929092,-65.26400268719703,-307.831995603807,-65.26340075656341,-66.5446910698778,-307.22586482745214,-307.82935642246514,-297.36639655715487,-307.8330665232563,-307.8213667463814,2.122303462110242e-53,1.0,2.1234355768308566e-53,1.0,1.0,1.0,1.0,0.5271224894708411,1.0,0.5271109657868154,1.0,2.875138135678851e-53,2.875075280869792e-53,0.7395260303588006,1.0,1.0,1.0,1.0,3.976260649681726e-51
1917,-60.619181486843345,-306.878000645568,-60.619178998216356,-306.8779877557398,-60.61829842990767,-61.46773527197638,-306.5853660826083,-306.8509896284359,-306.8509875915312,-306.8779946993534,-306.85098588684036,3.354106588174867e-54,1.0,3.3541282051734156e-54,1.0,1.0,1.0,1.0,0.6542427018854649,1.0,0.6542418878029485,1.0,3.8825910369771906e-54,3.8825862058197686e-54,0.8756298938617089,0.8756307856495001,1.0,1.0,1.0,3.3982154998956326e-54
1918,-55.994393623595045,-304.45135045591184,-56.9545984862192,-305.1675472195227,-56.954594507763645,-56.954532003457246,-304.92070666753995,-304.3821060117117,-294.97464845184027,-305.1675449950771,-305.1675401624214,1.1175252088655144e-54,0.6187200122575076,7.811549289461801e-55,0.6990043023183227,1.0,0.618721243033766,1.0,0.6187405797069959,1.0,1.0,1.0,8.837672876247085e-55,1.4283799943695645e-54,1.0,1.0,1.0,1.0,1.0,2.063488224550277e-52
1919,-86.9558523113754,-305.8664818642718,-86.95591162265943,-305.86648052171483,-86.9557735614906,-86.96381301458713,-304.5882968123973,-305.85599070632446,-300.90994078775145,-305.8664776804233,-305.8559900412917,2.9117948770095147e-48,0.9999703447977075,2.911796831635403e-48,1.0,1.0,1.0,1.0,0.9960275594937849,1.0,0.996057097768514,1.0,5.51715436182218e-48,5.51731797900289e-48,0.530546884459826,1.0,1.0,1.0,1.0,3.470906356147925e-47
1920,-124.04400238208527,-308.8732453642327,-124.04399580381885,-309.0504841791177,-124.04399094200036,-125.47753492876335,-308.7179535018823,-309.0458355890944,-305.4858973255617,-309.05048290154116,-309.045824183332,7.325543291803324e-41,1.0,6.70429197266328e-41,0.9151938232574243,1.0,1.0,1.0,0.4883288274341073,1.0,0.4883272212581846,1.0,7.917007178094375e-41,7.916981138045982e-41,0.8487920621242849,1.0,1.0,0.9173234777093601,1.0,3.984654179725894e-40
1921,-52.78891269365303,-307.0762720130468,-52.89039164741504,-307.35085507965607,-52.89040270890919,-52.89039887881843,-307.31604429321817,-307.0702689730907,-296.6305702997647,-307.36558255178795,-307.38801629697076,6.056218212721212e-56,0.9505262723471857,5.279302647534727e-56,0.8717160548220317,1.0,0.9505210152413235,1.0,0.9505228355339462,1.0,0.9999963843048431,1.0,5.37199532218795e-56,5.651601095593764e-56,1.0,1.0,1.0,1.0,0.99999446926822,1.1816669761932726e-53
1922,-29.269860185494053,-306.13825671671964,-29.269833689560954,-306.16808907405164,-29.269832102068435,-29.280432560540902,-305.96769428095416,-306.1405821427547,-306.17175078162006,-306.16984012826646,-306.1706006253631,7.564697858297397e-61,1.0,7.45269884867728e-61,0.9851945164607835,1.0,1.0,1.0,0.9947277597790012,1.0,0.994714581746205,1.0,8.238132047077446e-61,8.238022909302592e-61,0.917186973190913,0.9030040411437209,0.9845364876936167,0.9988379626713564,1.0,7.438962073484274e-61
1923,-12.400723180911456,-303.1038228038412,-12.40084766740027,-303.4795158167766,-12.400742892655003,-13.03672755736676,-303.17524651756776,-303.3929810934476,-303.39297891672027,-303.47969151155905,-303.392984452183,7.492452197593412e-64,0.999937758692663,6.209309099807508e-64,0.8287419039926938,1.0,0.9999901441767951,1.0,0.7276011962557962,1.0,0.7276464859243592,1.0,7.229604147515426e-64,7.230054155538275e-64,0.8968494323364595,0.8968504084353218,1.0,0.865386418854874,1.0,6.483937337064914e-64
1924,-69.1403357330728,-305.91127869793695,-69.14039549117535,-305.9049015421415,-69.14062595517991,-69.31933789931304,-305.41328861881107,-305.86744424401206,-305.86743902882773,-305.90490080915436,-305.86744047482574,3.853390280942757e-52,0.9999701213950986,3.865696725626001e-52,1.0,1.0,0.9998548994745442,1.0,0.9143872747325144,1.0,0.9144145961649492,1.0,4.942881164276268e-52,4.9430288550825034e-52,0.7968587742242141,0.7968608521096198,1.0,1.0,0.9998847746366725,3.939360099662287e-52
1925,-41.2652214061829,-303.08919158445866,-41.6274465261709,-303.0892032710101,-41.627442702521265,-41.62742175097071,-303.6944622813676,-303.0589920874031,-304.5662485044983,-304.57189016218933,-304.19459656943627,1.3984510223988284e-57,0.834341439942669,1.3984428508878197e-57,0.9999941567413562,1.0,0.834343035058865,1.0,0.8343517754947851,1.0,1.0,1.0,1.033271376777579e-57,1.238427491805496e-57,1.0,0.6466868455859622,0.4706558137124168,1.0,1.0,8.008732370318373e-58
1926,-72.81436414417072,-305.02627137760055,-72.81437090340538,-305.1534570489407,-72.81014038096093,-72.83180204901652,-304.77727815156766,-305.1302777196652,-305.13034010803733,-305.15345798038265,-305.1303910352368,3.7655206026964763e-51,0.9999966203883853,3.5335155798102707e-51,0.9383869994709236,1.0,1.0,1.0,0.9913189474138371,1.0,0.9913222976981882,1.0,4.2647464876359294e-51,4.264760900871422e-51,0.8381989601652713,0.8381728136387487,0.9999688063004549,0.949325856495152,1.0,3.56705340831105e-51
1927,-86.24033051019425,-304.81026789458025,-86.84219271082972,-305.2431775613578,-86.84202011113982,-86.84161113245597,-304.7796176918065,-304.7975006190011,-305.1181457171255,-305.1180263303085,-305.24247763258677,3.4525592634303036e-48,0.7401287656267792,2.7805838903044184e-48,0.8053689098856394,1.0,0.7401926413806915,1.0,0.7403440183637877,1.0,1.0,1.0,3.505877595086882e-48,4.7368481781922156e-48,0.9910983924095299,0.8442859717741495,0.8518689751090663,1.0,1.0,3.9989093471232965e-48
1928,-261.5988160412161,-308.89900687735974,-273.8030656386726,-308.89900360341704,-273.80301769277395,-265.3022520450032,-305.7228708430565,-309.31634627708985,-308.7140810815879,-308.8990014556347,-309.31634615170464,5.356659776826599e-11,0.002238107136439274,5.356668545532354e-11,1.0,1.0,0.00223816079111136,1.0,0.1569672644764841,1.0,1.0,1.0,2.621701485719832e-10,1.1713923087215745e-07,0.16583902052497715,0.2241129486277089,1.0,0.8116632838649829,1.0,2.6251789090388148e-08
1929,-53.18072015156288,-304.8490491937239,-54.40059883204512,-305.04180008520177,-54.40059681273233,-54.39140460398704,-305.1755430414076,-304.83247702353526,-296.36482691873897,-305.0758310470594,-305.104188622228,2.243451646720292e-55,0.5433838296068842,2.0373300423437386e-55,0.9081230011451961,1.0,0.5433843782381194,1.0,0.5458875776313044,1.0,1.0,1.0,1.9055461678104798e-55,3.506814270106453e-55,1.0,1.0,1.0,1.0,1.0,2.8716732553381107e-53
1930,-31.477059339998576,-303.96897953625626,-31.776124157306697,-304.8121939925702,-31.775850150727038,-31.7760661604503,-304.33731839014354,-303.85851436696765,-304.8106695019362,-303.9689847876739,-303.8585172868227,6.747320624171438e-60,0.8611105301341959,4.4261859478144146e-60,0.6559916438472065,1.0,0.8612285131915799,1.0,0.8611355013481368,1.0,1.0,1.0,5.612386637074149e-60,6.517614685538246e-60,1.0,0.7892473131195172,0.6212152942710018,1.0,1.0,5.14330518050717e-60
1931,-33.610459000227934,-302.13407052055686,-34.06576107200635,-302.5605129371786,-34.065708883078884,-34.06564515952243,-302.75048152558884,-302.1468029610902,-302.56048678151376,-302.56049683446014,-302.8951056360612,4.907255020356934e-59,0.7964021271098991,3.9649510844399213e-59,0.8079773861337971,1.0,0.796422909067469,1.0,0.7964482849218294,1.0,1.0,1.0,3.6056758322404184e-59,4.527456305679645e-59,1.0,1.0,0.8131481902520412,0.9936540011794224,1.0,4.978514420670485e-59
1932,-202.17168343826887,-308.3741925199439,-202.17168255106392,-308.37418045591795,-202.1716823631454,-198.21181566528463,-308.6939772957693,-308.3355448567328,-307.4010722214674,-308.37420966976555,-308.3734403992784,8.677970526467636e-24,1.0,8.678022872256344e-24,1.0,1.0,1.0,1.0,1.0,1.0,1.0,1.0,7.395674506111151e-24,7.395671225372366e-24,1.0,1.0,1.0,1.0,1.0,1.411654202080733e-23
1933,-80.66123823438939,-308.10821784909734,-81.13655464075819,-308.79452468432197,-81.13655045605577,-81.13649816409698,-308.6816339091433,-308.0925901003358,-299.2538138575094,-308.7944739719199,-308.7945241916465,4.0786450690734363e-50,0.7884721423097925,2.8939183802992356e-50,0.7095293489111218,1.0,0.7884737920721591,1.0,0.7884944077611895,1.0,1.0,1.0,3.061964833407043e-50,3.8834153663782706e-50,1.0,1.0,1.0,1.0,1.0,4.3295030353341206e-48
1934,-100.9540788850867,-306.4522998929085,-101.13504832428447,-306.45230690628284,-100.95408287154811,-101.13444319384745,-305.75534324305517,-306.44063402982147,-301.2262224732545,-306.6566914790368,-306.4406365317559,2.380281316292359e-45,0.9134882922618288,2.3802729694050765e-45,0.9999964933189838,1.0,0.9999980067712825,1.0,0.91376472386377,1.0,1.0,1.0,3.3726439975196075e-45,3.6920495052748444e-45,0.7098898985879021,1.0,1.0,1.0,1.0,3.246814269652189e-44
1935,-64.17953734432946,-304.7594575298921,-64.35027524093658,-304.7436691456841,-64.17954084075014,-64.35004379323684,-305.0223965065048,-304.69683042535945,-305.41825326885333,-304.7594630844022,-304.72109451769217,5.737650671691453e-53,0.9181734633598952,5.783124039919896e-53,1.0,1.0,0.9999982517911907,1.0,0.9182797240762579,1.0,1.0,1.0,5.030806693010396e-53,5.479146254784037e-53,1.0,0.8204286091673635,0.6971801604727628,1.0,1.0,4.12742495373708e-53
1936,-151.48630908076106,-305.6788639754561,-155.94484270885528,-305.67886808227126,-155.94483910972727,-156.3035080087999,-305.7359691091547,-305.66451259684226,-302.37021131626113,-305.6788618935401,-305.664517093301,3.292396484817248e-34,0.10760729737895146,3.2923897241923124e-34,0.999997946594538,1.0,0.10760749102534457,1.0,0.08994117225143637,1.0,0.8358278150476932,1.0,3.199719493239233e-34,2.9735153388074177e-33,1.0,1.0,1.0,1.0,1.0,1.6000531901589623e-32
1937,-133.93191430127897,-309.1753872468445,-133.93189661963584,-309.1753675190896,-133.9318921012074,-134.76719749173674,-308.44652506435426,-309.1747490526229,-306.6098214052452,-309.17536015384803,-309.17473110448515,8.838190436881197e-39,1.0,8.838277616138365e-39,1.0,1.0,1.0,1.0,0.658598230878292,1.0,0.6585924083545881,1.0,1.2724296108016673e-38,1.2724183615282628e-38,0.6948133753628578,1.0,1.0,1.0,1.0,3.187601910053152e-38
1938,-239.71557043570067,-305.13705458953325,-246.89832262121396,-305.13706884674326,-239.71555293774045,-241.17377494364587,-306.57831580065096,-306.5002676678963,-308.91119564043237,-305.1370603751538,-306.500259865539,6.221644855382913e-15,0.02756037867920722,6.221600503892323e-15,0.9999928714204026,1.0,1.0,1.0,0.4823418162265276,1.0,1.0,1.0,3.0264905454888574e-15,1.0981309729870201e-13,1.0,0.3114738415975074,0.2995529787951802,0.5058037457485163,1.0,9.426643893738823e-16
1939,-101.53131069019673,-307.95332043285606,-101.53132105559372,-307.95332505544775,-101.53132216852293,-101.55672784304252,-307.87356193345397,-307.9451795311813,-300.4692519801138,-307.9533281375718,-307.9451857995818,1.4997888228079973e-45,0.9999948173149358,1.4997853563563324e-45,0.9999976887068266,1.0,0.9999942608533686,1.0,0.987371836529284,1.0,0.9873769537930751,1.0,1.560807886393745e-45,1.560815975611394e-45,0.964824751437124,1.0,1.0,1.0,0.9999994435355489,6.326702611275589e-44
1940,-103.93202088980331,-307.27750374697564,-103.93376395581754,-307.2775071060072,-103.93376616652658,-104.04234377672108,-307.69864374145976,-307.2665441644168,-301.9881117838359,-307.27751046544745,-307.2665475915687,6.983762112309935e-45,0.9991288466674695,6.983750382981134e-45,0.9999983204856342,1.0,0.9991277422764924,1.0,0.9463323564513405,1.0,0.9471574758428523,1.0,5.657701752187378e-45,5.662634775342763e-45,1.0,1.0,1.0,1.0,0.9999988946460902,9.841137294387251e-44
1941,-76.93812640061803,-305.16824552961594,-77.20515210344544,-305.1682500797808,-77.2050865703025,-77.20495382515331,-305.9134740371982,-305.1148268349905,-305.1148354413554,-305.16825387764715,-306.1794891142955,2.757143238587556e-50,0.8750162237098682,2.757136965866516e-50,0.9999977249201509,1.0,0.8750448954612365,1.0,0.8751029763713019,1.0,1.0,1.0,1.8994812667801237e-50,2.170795483913143e-50,1.0,1.0,0.9999956968267941,1.0,1.0,3.2361366105574217e-50
1942,-60.613838610408266,-306.1387194311067,-60.61383657815557,-306.3075969923876,-60.61383119484108,-62.61252568265718,-305.86768079327345,-306.1355210330436,-306.1355226652354,-306.13872112303807,-306.13552252659963,4.8411612097834436e-54,1.0,4.4491622974301927e-54,0.9190279159551415,1.0,1.0,1.0,0.36812102002034464,1.0,0.3681206459630672,1.0,5.54376531834555e-54,5.543759685182393e-54,0.8746599297485993,0.8746592159425031,0.9999991839044274,1.0,1.0,4.8488874480546876e-54
1943,-110.60240850834936,-306.4259722026232,-110.60241074888188,-306.4259728920926,-110.60166793930895,-110.69227109327781,-304.614814802239,-306.42488441190295,-304.27797211634976,-306.4259762941716,-306.4248881035622,3.0022954665635537e-43,0.9999988797343655,3.0022944315682914e-43,0.9999996552653582,1.0,1.0,1.0,0.9560631683208343,1.0,0.956064239366746,1.0,7.425766055309761e-43,7.425774374149632e-43,0.40452780533570043,1.0,1.0,1.0,1.0,8.784659048331317e-43
1944,-64.46930326554016,-306.10324934891673,-64.46440543243735,-306.2221800999232,-64.46929474506919,-65.62904483176102,-306.1040666597755,-306.21269135821666,-306.2126936332348,-306.2221787142063,-306.21268880145243,3.3873126791065774e-53,1.0,3.1917568807009403e-53,0.9422681585872218,1.0,1.0,1.0,0.5599707195653192,1.0,0.5586010757580676,1.0,3.3859287181900453e-53,3.3776470060600363e-53,0.9471362230336836,0.9471351456582622,0.9999988624915875,0.9467492497485154,0.9975583294227979,3.2069184274346495e-53
1945,-44.70645727414552,-306.1670311901173,-44.70645661552513,-306.16702918623474,-44.70622464660984,-44.93426206358255,-305.9941599641424,-306.14174744984854,-306.1417483339079,-306.1670289973149,-306.1417483997171,1.677095356651964e-57,1.0,1.6770970370038872e-57,1.0,1.0,1.0,1.0,0.8923450492216651,1.0,0.8923447553633896,1.0,1.828505480123031e-57,1.8285048779776705e-57,0.9288632587704324,0.9288628481853871,0.9999995579704102,1.0,1.0,1.6982332687914475e-57
1946,-167.8859241833552,-303.8821416275965,-170.5456948125555,-305.19498541908695,-173.40504632485147,-173.39860107418235,-305.4924446444469,-303.8715380867163,-301.9782923029018,-303.88214037696076,-305.19498393757027,2.9430429635501055e-30,0.26450759471965496,1.5265681425921484e-30,0.518703994980318,1.0,0.06331955506592908,1.0,0.0635239394184708,1.0,0.24015922675414395,1.0,1.315599636819144e-30,4.973768856102293e-30,1.0,1.0,1.0,1.0,0.23938652927164494,1.2041327698974553e-28
1947,-42.12768943504216,-305.9908565862878,-42.12776337992149,-306.2682515867357,-42.12767685523107,-42.13120167500939,-305.9509269277174,-305.95792812037,-306.2141131022342,-305.96457165853064,-306.21263394271085,5.0447687638209075e-58,0.999963028243806,4.3914273802657916e-58,0.8704913120615884,1.0,1.0,1.0,0.9982454210928433,1.0,0.9982823293437366,1.0,5.146498843749181e-58,5.146689125884666e-58,0.9965055236177671,0.8766976619574769,0.8797720044487728,1.0,1.0,4.511895124098379e-58
1948,-78.40768033856857,-302.27201355144524,-78.81922706910196,-302.27201488296373,-78.81792021926904,-78.81738046791293,-299.19240961690554,-302.26764366436487,-300.4114947270407,-302.27201401640247,-302.97888240525225,2.446119644136116e-49,0.814017540027276,2.446118015609892e-49,0.9999993342409765,1.0,0.8145496131863615,1.0,0.814769469981198,1.0,1.0,1.0,1.1407886535088324e-48,1.4014300643578267e-48,0.21489257567795084,0.5435994790344332,1.0,1.0,1.0,7.613190255041141e-49
1949,-151.18274790799737,-307.9220675706375,-151.18278824971893,-307.92215064790656,-151.1827357411925,-151.24351595319462,-308.5239607988634,-307.9218167293084,-301.01772567617076,-307.8948041669495,-307.9218984546508,9.21486944602763e-35,0.9999798293426515,9.214486680883367e-35,0.9999584622281975,1.0,1.0,1.0,0.9700729320811619,1.0,0.9700924994845653,1.0,6.820084142290916e-35,6.820221710646027e-35,1.0,1.0,1.0,1.0,1.0,2.9090108267401416e-33
1950,-117.37261891663235,-309.4413157985201,-117.37260596883714,-308.49986416182384,-117.36777659549728,-119.41470276351886,-309.3441252685844,-308.49518275532404,-303.92220131138475,-308.50004791368127,-308.49516618592537,1.9625123522721542e-42,1.0,3.142288270737039e-42,1.0,1.0,1.0,1.0,0.36021942351516884,1.0,0.36021709149905384,1.0,2.060236392325567e-42,2.0602230546092975e-42,1.0,1.0,1.0,1.0,1.0,3.091871140762055e-41
1951,-199.5714539361399,-307.5965509006296,-201.9772333568585,-310.64497175932456,-201.977211331764,-201.9682832314683,-310.510192775712,-307.59568269808744,-310.06921259810804,-310.6468145059207,-310.64676415228183,3.488576417179805e-24,0.30032510421741726,7.597873558884776e-25,0.21779295191781894,1.0,0.30032841158002826,1.0,0.3016720895617232,1.0,1.0,1.0,8.1275368328500555e-25,2.706246237399524e-24,1.0,1.0,0.29032190626683707,1.0,1.0,3.373806387085177e-24
1952,-39.79802749914403,-304.42151334300223,-39.798894268780984,-304.4215111232709,-39.79901279740746,-40.45504993990767,-303.9257987562705,-304.3106285610927,-304.31054278874643,-304.42150407025355,-304.31062635172054,3.449372987338298e-58,0.9995667090791568,3.449376815681138e-58,1.0,1.0,0.9995074721999431,1.0,0.7199948495633771,1.0,0.72030695202591,1.0,4.419602522860968e-58,4.421518326608224e-58,0.824964517708052,0.8249998980378457,1.0,1.0,0.9999407374428583,3.647968356557402e-58
1953,-32.48752485641931,-302.5954181859519,-32.48756865863102,-302.59541575096324,-32.487568343433296,-32.48965668766769,-302.52737150774135,-302.5299718296268,-302.52997064608996,-302.595382495604,-302.5299712421864,2.22236917300217e-59,0.9999780991339742,2.222371878725695e-59,1.0,1.0,0.999978256729397,1.0,0.9989346522620796,1.0,0.9989565302752147,1.0,2.2992825994276027e-59,2.299332956810569e-59,0.9987006839003356,0.9987012749000282,1.0,1.0,1.0,2.2963463934847655e-59
1954,-162.25467168307432,-309.08950761192295,-162.2546748077666,-309.0895127521132,-162.25467749622243,-162.4228638515286,-307.3535400076784,-309.08870976370133,-307.2187835068722,-309.0895151147322,-309.0887146280303,1.3038285977022602e-32,0.9999984376550782,1.3038252467430442e-32,0.9999974299081829,1.0,0.9999970934301706,1.0,0.9193429174975141,1.0,0.9193443538304966,1.0,3.1058542971710944e-32,3.105859149594372e-32,0.4199645911638581,1.0,1.0,1.0,0.9999986557729923,3.322342048381085e-32
1955,-89.31911368382096,-303.2014780103377,-89.58563358247021,-303.20148039925044,-89.58529586695911,-89.58542871228332,-302.852987026686,-303.17144143628883,-303.17144547676355,-303.2014806356651,-303.30966869538275,3.597780787494623e-47,0.8752375451259684,3.5977764901050252e-47,0.9999988055443537,1.0,0.8753853482519097,1.0,0.8753272047577586,1.0,1.0,1.0,4.282610267535773e-47,4.893083359351773e-47,0.8528025761158065,0.8528008532539214,0.9999979797646802,1.0,1.0,4.172121109408271e-47
1956,-112.44344472885533,-308.8232189812023,-112.44309174548329,-308.81373102707204,-112.4431446241243,-112.44518656840603,-309.28361113160105,-308.82046181002636,-308.8204887468215,-308.8202030432863,-308.8204884344493,2.2733894612240754e-43,1.0,2.2841999908660448e-43,1.0,1.0,1.0,1.0,0.9991294593652007,1.0,0.9989531368825493,1.0,1.8059301856810413e-43,1.8056114821428336e-43,1.0,1.0,0.9999865316931155,1.0,0.9999735610290086,2.2761534556677964e-43
1957,-162.11957716759258,-306.2219728818831,-162.11851657034885,-306.22196986007606,-162.11958032333763,-162.14166544127448,-304.4856994110743,-306.2223513820828,-305.63783366734265,-306.2219668222785,-306.22235048494065,5.111664671921375e-32,1.0,5.111672395159388e-32,1.0,1.0,0.9999984221287207,1.0,0.9890166257425139,1.0,0.98849229062826,1.0,1.2178375196347416e-31,1.2171918732842424e-31,0.4196534675608864,0.5621047108898615,1.0,0.9998107678068197,0.9994682649268364,6.845532870220897e-32
1958,-198.66060794394326,-306.7081356952786,-203.43480106425955,-306.70813925648844,-203.43480003211124,-203.45242778775966,-307.00856283574,-306.69142084096165,-305.8686715161318,-291.81799187689876,-306.6914271987658,3.449669247609914e-24,0.09189611174384803,3.4496631051173595e-24,0.9999982193966667,1.0,0.09189615916906824,1.0,0.09108975663674061,1.0,0.9912253620767434,1.0,2.9685237814319025e-24,3.2303040086248583e-23,1.0,1.0,1.0,1.0,1.0,5.711726811943068e-23
1959,-45.93938692652877,-305.7281122634407,-45.93946803235305,-305.7438846822543,-45.93914078944317,-46.77736567988394,-305.45954462011974,-305.70094387103825,-305.7009459230696,-305.74388589112965,-305.71542180739345,3.8689673321832e-57,0.9999594479101188,3.8385758399590734e-57,0.9921448051599383,1.0,1.0,1.0,0.6577111823086486,1.0,0.6577378549532609,1.0,4.4250052011711435e-57,4.42518465165687e-57,0.8863001416117244,0.8862992322543599,0.9999989739848593,1.0,1.0,3.9213960823203115e-57
1960,-103.5211426259864,-303.9565309256775,-103.52214125862703,-303.95653111781155,-103.52214052398804,-103.53292687908619,-304.3679458876451,-303.85636376335606,-298.8431732724758,-303.66015253324247,-303.62003143745744,2.99232279969821e-44,0.9995008083173331,2.992322512234699e-44,0.9999999039329783,1.0,0.9995011754535317,1.0,0.9941251979849269,1.0,0.9946217048673966,1.0,2.435963730814642e-44,2.437180350975011e-44,1.0,1.0,1.0,1.0,1.0,3.8599052035142065e-43
1961,-61.18398772390485,-303.56582794081766,-61.18247087697392,-303.5658294952095,-61.18398862147161,-61.1880865926843,-303.2183198916193,-303.4822941088987,-303.4822961118829,-303.5658285841707,-303.47811718083494,2.3305162748643984e-53,1.0,2.3305144635973278e-53,0.9999992228043659,1.0,0.9999995512167187,1.0,0.9979526642670021,1.0,0.9971960804907115,1.0,2.7727617490664016e-53,2.7706596187450107e-53,0.8763522923796876,0.8763514147202467,0.9999989985084211,1.0,0.9992414156218764,2.429914771981614e-53
1962,-57.94729176014863,-304.42156385914524,-57.94729203884195,-304.4215653277581,-57.94729323182652,-57.97657801772766,-303.9263460923599,-304.37089592129854,-304.37088871298727,-304.42156650772006,-304.37089736408785,3.0115622744842585e-54,0.9999998606533492,3.011560063075499e-54,0.9999992656938299,1.0,0.9999992641613255,1.0,0.9854635604313551,1.0,0.9854636977524208,1.0,3.8576872873967785e-54,3.8576878249526575e-54,0.8006952113753033,0.8006980972106635,1.0,1.0,0.999999403507893,3.0888451435440364e-54
1963,-104.7108001668665,-306.2837846774755,-104.7108008022063,-306.284127082701,-104.71054938720306,-104.72169299795786,-306.6417072405797,-306.2853800066911,-301.4579472175766,-306.2841254539672,-306.2853841501939,1.694269774383849e-44,0.9999996823301565,1.6939797358002087e-44,0.9998288120415973,1.0,1.0,1.0,0.9945683892855223,1.0,0.9945687052300072,1.0,1.4166438027198718e-44,1.4166442527450148e-44,1.0,1.0,1.0,0.9992026534420398,1.0,1.8916700884258466e-43
1964,-57.466947296534585,-304.67117976779747,-58.469448898565005,-304.67118201797877,-58.46940953785435,-58.46921304872153,-305.52923680139565,-304.64690206544026,-305.70533856787506,-305.7065376841519,-305.7065441486468,2.090657868463717e-54,0.6057724848095252,2.0906555162854285e-54,0.9999988749099847,1.0,0.6057844067445886,1.0,0.6058439246945766,1.0,1.0,1.0,1.3613138087046876e-54,2.2472361205589236e-54,1.0,0.915714281028605,0.5890652908011288,1.0,1.0,2.0577857100866554e-54
1965,-84.51792642663605,-303.6040678051628,-84.6461400773917,-303.5451852169694,-84.51793013042894,-84.64590603979991,-303.1392424136277,-303.5625009856725,-298.252878742854,-303.6040603641446,-303.60333989518,2.667158769237917e-48,0.937904802144158,2.7468507360156766e-48,1.0,1.0,0.9999981481052723,1.0,0.9380145610565741,1.0,1.0,1.0,3.364994976468208e-48,3.5877788116399515e-48,0.8092646476816872,1.0,1.0,1.0,1.0,3.8729832066115137e-47
1966,-87.64369215488219,-306.5307447051132,-87.75039582981546,-306.53074758306036,-87.64385035647176,-87.75032030228925,-306.2672161539939,-306.52143530161936,-306.5214404016776,-306.27275295207494,-306.5214383680027,2.946323696446639e-48,0.9480463955542073,2.9463194567677313e-48,0.9999985610274514,1.0,0.9999209023336,1.0,0.9480821980297138,1.0,1.0,1.0,3.361282051545137e-48,3.545482654970905e-48,0.8806371725376858,0.8806349268901248,0.9999974499741425,1.0,1.0,2.960296526266624e-48
1967,-172.53163076465722,-303.74434172879523,-172.531603949981,-303.7443318921511,-172.5316290153486,-172.59685695202913,-304.114658183551,-303.69920732573826,-302.08369372115794,-303.74432885187804,-303.69920951744393,3.2175243059560816e-29,1.0,3.217540130815825e-29,1.0,1.0,1.0,1.0,0.9679129787947278,1.0,0.9679000017451481,1.0,2.67367515199914e-29,2.673639305372665e-29,1.0,1.0,1.0,1.0,0.9999874673947221,7.38119348168344e-29
1968,-155.99351108084238,-302.49499540978655,-155.99351203990395,-302.5480796612926,-155.9934980828446,-160.127212661366,-302.7447852246627,-302.4544336054181,-299.8045122727344,-302.49500488434586,-302.45443629186616,1.540305558473854e-32,0.9999995204693319,1.4999603667378959e-32,0.9738070206174296,1.0,1.0,1.0,0.12658379358010088,1.0,0.12658385428094107,1.0,1.3594577457773868e-32,1.3594583976793783e-32,1.0,1.0,1.0,1.0,1.0,5.913369952657654e-32
1969,-44.531268642082324,-303.44325279465176,-44.53114362223086,-303.44325468646116,-44.53126483832621,-44.78738812406412,-302.9966036606905,-303.3454530274608,-303.3454385128949,-303.4432542044781,-303.3454538942326,5.997593013814759e-57,1.0,5.997587340665844e-57,0.9999990540957453,1.0,1.0,1.0,0.8798008174019886,1.0,0.8797458228371036,1.0,7.498348462972016e-57,7.497879756415942e-57,0.8399401132929571,0.8399462089981474,1.0,1.0,0.9999393937889549,6.298197386805507e-57
1970,-39.516998564633,-302.98600031092207,-40.47132868137356,-303.7919518733846,-40.471320204590796,-40.47125686921714,-303.3070093511242,-302.8385178035309,-303.7903380536024,-303.7919526974956,-303.79195451439216,6.143745180824667e-58,0.6205400955030342,4.1060386815029545e-58,0.6683282852157293,1.0,0.6205427256004019,1.0,0.6205623770642552,1.0,1.0,1.0,5.232713621544809e-58,8.432514932500725e-58,1.0,0.7853197249122528,0.6213193207899312,1.0,1.0,6.62219223960783e-58
1971,-86.1713152467704,-306.7821166049108,-86.71145135303672,-307.75579064873654,-86.71106226276318,-86.71132687045517,-307.506008708254,-306.764429509416,-298.1901735169223,-307.75578569461425,-307.7557795385162,1.2444377041523256e-48,0.7633275457381271,7.647905777037408e-49,0.6145671857674054,1.0,0.7634760618459893,1.0,0.7633750577084476,1.0,1.0,1.0,8.665267776889679e-49,1.135196525432681e-48,1.0,1.0,1.0,1.0,1.0,1.1964497747124975e-46
1972,-156.22415877035615,-304.2392854628623,-158.15362805279372,-306.2552657012975,-158.153206597149,-158.08530019923438,-305.2947986970115,-304.23571820317034,-304.63107578632906,-305.7203000938612,-306.2550286217411,7.226426995690688e-33,0.3810843103915906,2.6372971959970536e-33,0.36495175244553274,1.0,0.38116462392030664,1.0,0.3943285971158891,1.0,1.0,1.0,4.2630638077517095e-33,1.1186668386770243e-32,1.0,1.0,0.8206334051679948,1.0,1.0,1.5586006215574972e-32
1973,-41.091057318837954,-307.17330005799977,-41.09024367825104,-307.1720882110951,-41.0910384930944,-42.00558800429141,-307.0336135434701,-307.16617162240806,-307.17372759192773,-307.1759820015134,-307.17372762877653,1.6633173703640323e-58,1.0,1.664325518766955e-58,1.0,1.0,1.0,1.0,0.6330123525529344,1.0,0.6327548826574477,1.0,1.783641892917198e-58,1.7829164187777256e-58,0.9358696832739514,0.9323406523833476,0.9962291428457666,1.0,0.9996026715341899,1.662946192887714e-58
1974,-127.50573295897202,-306.8449848830239,-127.50573122384924,-306.84379559120123,-127.50574889446375,-127.52045029403291,-307.37767019051006,-306.8487424266058,-301.7034515881584,-306.84491131762206,-306.8489315993902,1.1401874340692673e-39,1.0,1.1408656434923613e-39,1.0,1.0,0.9999920322858766,1.0,0.9926683411735017,1.0,0.9926674799731495,1.0,8.735848737384554e-40,8.73584115850265e-40,1.0,1.0,1.0,0.9981229919960363,0.9999911647317756,1.4909033134904726e-38
1975,-23.326772541712998,-304.2549037081221,-23.327652730732822,-304.2549015361167,-23.327649319475384,-23.6415854039401,-303.9789059489722,-304.201303911059,-304.2013111071491,-304.25490389456337,-304.2013113933562,9.936453660645122e-62,0.9995600023174718,9.936464451666506e-62,1.0,1.0,0.9995617071971722,1.0,0.8543567510784205,1.0,0.8547328315434803,1.0,1.1406793078388843e-61,1.1411814250212222e-61,0.8947606907986982,0.8947574714152112,0.9999964019614181,1.0,1.0,1.0210788646950808e-61
1976,-62.768673462109916,-304.78717639982386,-63.7604590158042,-305.53750518463306,-63.760444579696895,-63.760375047188134,-305.54861149882987,-304.74363719842154,-304.4715315634184,-305.53750551248345,-305.53745777692063,2.7947941648306203e-53,0.6090269393607035,1.920516321667195e-53,0.6871763029402167,1.0,0.6090313353656934,1.0,0.6090525094720944,1.0,1.0,1.0,1.9098809500982122e-53,3.1359547938930577e-53,1.0,1.0,1.0,1.0,1.0,5.373429991943452e-53
1977,-75.06761382779797,-303.07673531669093,-75.06832071613363,-303.0767359125388,-75.06764448053323,-75.0715198074659,-303.19328327042706,-303.09822173995616,-297.43497397332936,-303.07673363706357,-303.09822362892197,3.0792741550137864e-50,0.9996466182862033,3.0792732376244103e-50,0.9999997020760976,1.0,0.9999846737498171,1.0,0.9980489160097791,1.0,0.9984017329252178,1.0,2.9049608933968374e-50,2.9059878163516504e-50,1.0,1.0,1.0,0.9893142905618408,1.0,5.1706831147795936e-49
1978,-64.98618349059313,-302.8957314821761,-64.98618308391505,-302.89573269807636,-64.98618133411094,-65.04810817726067,-302.94806569683595,-302.83601752574276,-296.38426050296744,-302.8956461262363,-302.8360188480269,2.1807107153806236e-52,1.0,2.1807093896176608e-52,0.9999993920500431,1.0,1.0,1.0,0.969512080981479,1.0,0.9695118838418416,1.0,2.1243879398215014e-52,2.1243875078505515e-52,1.0,1.0,1.0,1.0,1.0,5.656470766625636e-51
1979,-73.97178443494596,-306.67363118917143,-73.97178335509936,-306.67066408556354,-73.9717825412379,-73.98477356939551,-306.5020475511918,-306.6464413778863,-306.64644136888364,-306.6706643860653,-306.6464409756972,2.947379190800399e-51,1.0,2.951755025602051e-51,1.0,1.0,1.0,1.0,0.9935264768948124,1.0,0.9935259404668643,1.0,3.211403871152215e-51,3.211402137240925e-51,0.9303476798972348,0.9303476840850243,1.0,1.0,1.0,2.987719325252718e-51
1980,-65.07522298053054,-307.28349916957,-65.07513368522851,-307.2834836276479,-65.07415968563959,-66.61844250896212,-307.03572493847236,-307.2733404905448,-307.27322311456635,-307.28348532527343,-307.2733372144613,2.5417983292725134e-53,1.0,2.5418180815650717e-53,1.0,1.0,1.0,1.0,0.4622683260329763,1.0,0.4622476872988185,1.0,2.8770312591894367e-53,2.876902809369309e-53,0.8879784750998102,0.8880305903002411,1.0,1.0,1.0,2.5535338267334326e-53
1981,-162.9091283300796,-304.68689494891964,-162.90912130706272,-304.72201643168904,-162.90911648642341,-164.11670326846877,-303.9524192074816,-304.58622193075837,-302.1651235886384,-304.68692846233506,-304.5862406998361,1.634365365590831e-31,1.0,1.6059152319139101e-31,0.9825925498203201,1.0,1.0,1.0,0.5467369602941186,1.0,0.5467350404260396,1.0,2.3596007809513266e-31,2.359592495207825e-31,0.7284026000213836,1.0,1.0,1.0,1.0,5.7668980234711995e-31
1982,-144.59561769961002,-306.01875556344015,-144.59561631431734,-306.0209704724112,-144.59561114418094,-146.91232210760933,-305.90833066798416,-306.017933992591,-302.26361984897915,-306.01858504805153,-306.01793025713584,8.859536202246513e-36,1.0,8.849730100047839e-36,0.998893158515887,1.0,1.0,1.0,0.31400316798528877,1.0,0.3140029504922194,1.0,9.362448644536707e-36,9.362442159673151e-36,0.9466728902551498,1.0,1.0,1.0,1.0,5.79197826445496e-35
1983,-69.90763885312583,-307.5739065899122,-69.90883239445085,-308.18721918716057,-69.90882739610961,-73.98757207020529,-306.5636935080705,-308.19114205519423,-307.09326192919013,-308.1911462537717,-308.1911374593256,2.462780428802821e-52,0.9994034073696838,1.812368708934308e-52,0.7359034884873259,1.0,0.999405905052438,1.0,0.1300330527994505,1.0,0.13011067586979988,1.0,4.081226305047246e-52,4.08366258805198e-52,0.443204374399916,0.7673715227821005,1.0,0.734461477019384,1.0,3.133678547114621e-52
1984,-32.22055516840476,-303.7999975936333,-32.220556495245404,-303.80000201730246,-32.220535281362174,-32.28489834014701,-303.8604334860068,-303.72909800692264,-303.72910522754665,-303.8000036658054,-303.36647398802194,1.064813082144654e-59,0.9999993365798969,1.0648107269568646e-59,0.9999977881678622,1.0,1.0,1.0,0.9683404142900506,1.0,0.9683410567069742,1.0,1.0331179109835176e-59,1.0331185963751515e-59,1.0,1.0,0.9999963896945104,1.0,1.0,1.103222578387889e-59
1985,-54.18825636542955,-303.770065318772,-54.18761627506984,-303.770049577986,-54.18825415472163,-54.24481611770685,-302.89519858116523,-303.72982656197445,-303.72982028946666,-303.77005651862316,-303.72981984639165,6.367937526782531e-55,1.0,6.367987645150758e-55,1.0,1.0,1.0,1.0,0.9721162565802361,1.0,0.9718051852391559,1.0,9.862197429381048e-55,9.859041585664312e-55,0.65881402618185,0.6588160923931456,1.0,1.0,0.9996811110300041,6.497367190940071e-55
1986,-57.012750838018036,-304.7113253933162,-57.01274991930866,-304.71055096853,-57.012746804688305,-57.257888708861245,-303.89193581780836,-304.64564945853124,-296.1549703305653,-304.7113036919958,-304.64564695358683,1.6328186328294457e-54,1.0,1.6334510028626052e-54,1.0,1.0,1.0,1.0,0.8846449194709841,1.0,0.8846445131052868,1.0,2.459609338346943e-54,2.4596082085140848e-54,0.6860142901426791,1.0,1.0,1.0,1.0,1.177405245493362e-52
1987,-65.75866391483527,-306.1945619974555,-67.47109682087208,-307.34658845149585,-67.47109036094234,-67.4660372424746,-307.13406724147984,-306.1683824932019,-307.34406766105417,-307.34617669857886,-307.34662741596213,6.166065100418945e-53,0.42476616859134564,3.466161065506679e-53,0.5621350097765279,1.0,0.4247675405733632,1.0,0.42584209781989457,1.0,1.0,1.0,3.8547581385145724e-53,9.075012144442021e-53,1.0,0.9003243337097571,0.5555244902996732,1.0,1.0,8.170427872115155e-53
1988,-198.99832290458136,-288.20690101185323,-198.9983225944502,-288.20689958380024,-198.99832052182276,-199.04843358076056,-301.13598949659763,-304.397703573777,-304.366928807305,-303.4920718729449,-302.0192570019964,4.252099267352689e-20,1.0,4.2521023034653234e-20,1.0,1.0,1.0,1.0,0.9752559417343525,1.0,0.9752557905057379,1.0,6.623499415229308e-23,6.623498388152633e-23,0.19576172685709034,0.1987972823044862,1.0,0.00030493824387347625,1.0,1.3167321143646276e-23
1989,-144.1477663366919,-305.5578762887695,-144.147762707097,-305.5578774477852,-144.1477577918277,-145.59221667771507,-305.4712960406952,-305.55417116460563,-299.0232070403196,-305.5578777163908,-305.5541782100821,8.917435201185493e-36,1.0,8.917430033463206e-36,0.9999994204923128,1.0,1.0,1.0,0.48567035334886144,1.0,0.4856694719563459,1.0,9.311949759985597e-36,9.311932860698288e-36,0.9594092371083005,1.0,1.0,1.0,1.0,2.3400412035086086e-34
1990,-123.17203473009957,-304.633292768783,-124.06772737176298,-305.47212866365487,-124.06678378660936,-124.06408974625478,-306.33161988712493,-304.6308759925634,-303.7932541618637,-305.84714566208174,-305.41624210088605,3.946285277778097e-40,0.6390028779173601,2.5944038318621042e-40,0.6574293669217053,1.0,0.6393044258601692,1.0,0.6401661620789728,1.0,1.0,1.0,1.6881126694472704e-40,2.641791966491909e-40,1.0,1.0,1.0,1.0,1.0,9.394914499023676e-40
1991,-94.23284069052801,-303.53369313377794,-94.23284122459489,-303.53369591432767,-94.23284320604908,-94.32234593995054,-303.900771284189,-303.51656498662754,-299.64623271692074,-303.5336971935726,-303.51656875688536,3.555472821007468e-46,0.9999997329665932,3.555467877926439e-46,0.9999986097261059,1.0,0.9999987422402535,1.0,0.9562340012395205,1.0,0.9562342565860118,1.0,2.9592888346220427e-46,2.9592896248512123e-46,1.0,1.0,1.0,1.0,0.9999990092733957,2.4834145038325266e-45
1992,-165.08019504095674,-303.66024495976893,-165.8001490745063,-304.0091396355921,-165.79430475743087,-165.78355396325884,-301.07004749175456,-303.65738867405105,-303.1436818794018,-304.11753617063357,-304.00699564322673,8.085828192039583e-31,0.697692361107433,6.791457588691015e-31,0.8399210850630093,1.0,0.6997341105019774,1.0,0.703505586710301,1.0,1.0,1.0,2.952424107946306e-30,4.231699058966293e-30,0.27426222871772293,0.35458145189754287,1.0,1.0,1.0,1.496103750125742e-30
1993,-40.3766663510048,-303.44772737847745,-40.54562288367872,-303.1324517421902,-40.5456113337639,-40.54558628517907,-304.04182665119606,-303.3856913417224,-293.75310930792114,-303.4477352216684,-304.22984426139533,7.496264875706305e-58,0.918991628214175,8.776192855500324e-58,1.0,1.0,0.9189969353670108,1.0,0.9190084452254346,1.0,1.0,1.0,5.569778260596295e-58,6.060749727850863e-58,1.0,1.0,1.0,1.0,1.0,1.0391791551245138e-55
1994,-83.06797009177708,-312.3502405228372,-83.06761357582394,-313.38531004433946,-83.0675951624791,-85.43649489171253,-313.3807964319282,-312.35260101963877,-312.77765775150897,-313.38530839343935,-313.3853121954481,1.6292494264093681e-50,1.0,9.71013093160931e-51,0.5959879914157187,1.0,1.0,1.0,0.30597178108221845,1.0,0.3059172440326111,1.0,9.732069561660007e-51,9.730334897245554e-51,1.0,1.0,0.8085373810772868,0.9988204478184413,1.0,1.3155085950961417e-50
1995,-45.16707203040329,-306.4169822718445,-45.16712645082096,-306.4123792615078,-45.16712222209662,-45.7975827130398,-306.31300708038145,-306.40562362637013,-306.41554966142087,-306.42356996561574,-306.41555006651106,1.8633858454918332e-57,0.9999727901613598,1.8676793765426158e-57,1.0,1.0,0.9999749044682316,1.0,0.7296025528046489,1.0,0.7296224057125765,1.0,1.9628211010729527e-57,1.9628745105716534e-57,0.9547475939205369,0.9500209039044333,0.9950492778969003,1.0,1.0,1.8647678739854568e-57
1996,-87.39057270551524,-305.02745208906487,-88.61228709216908,-305.9892272864158,-88.6121657764312,-88.61139240194792,-305.6584539499462,-305.0327837107384,-300.7226465470521,-305.7787378772596,-305.77874848032104,5.504933950111095e-48,0.5428853119001105,3.403339560606676e-48,0.6182344041635595,1.0,0.5429182431649708,1.0,0.5431282233185613,1.0,1.0,1.0,4.015427596579313e-48,7.396456504828351e-48,1.0,1.0,1.0,0.9973377392816002,1.0,8.725580382930173e-47
1997,-87.82639978720384,-305.4195288719462,-87.82639896796371,-305.419504987084,-87.8263964605878,-87.97121330311755,-304.24845603509425,-305.40117174393663,-299.07628265171695,-305.4195081153874,-305.4011729102426,5.626681975965781e-48,1.0,5.626749172629009e-48,1.0,1.0,1.0,1.0,0.9301524719339138,1.0,0.9301520909248767,1.0,1.0105262621382572e-47,1.0105258482065084e-47,0.5619413160270981,1.0,1.0,1.0,1.0,1.3417452369123268e-46
1998,-66.2497017062216,-306.2265184454592,-66.24969942459538,-306.24931882807704,-66.24902941926655,-66.3812137210818,-305.9711368055987,-306.1919403563274,-306.19194505027457,-306.22652206251576,-306.1919429018287,7.7570457474837595e-53,1.0,7.669116101670303e-53,0.988664544637765,1.0,1.0,1.0,0.93635930113427,1.0,0.9363582329239115,1.0,8.813568235421218e-53,8.813558180792718e-53,0.8954742835050538,0.895472181853028,0.9999976530291662,1.0,1.0,7.889652676610505e-53
1999,-178.0253557367359,-306.19344751361325,-178.02534955055924,-306.1934177199631,-178.02534464801994,-179.35162004205324,-305.06493202227114,-306.19221553772576,-305.8182442323719,-306.193345011416,-306.1922073743969,1.4745261963787111e-28,1.0,1.4745481623011218e-28,1.0,1.0,1.0,1.0,0.5152350098194369,1.0,0.5152334161545087,1.0,2.5924268923859353e-28,2.5924188737929717e-28,0.5691326420340888,0.6861519975338403,1.0,1.0,1.0,1.7787890284005707e-28
2000,-190.63979249232054,-303.87812047490064,-195.09579092889027,-303.8781149799942,-190.63978496245664,-191.19042414968305,-302.6484962505733,-303.8769103885356,-303.5258386671272,-303.8781090816503,-303.8769089814002,2.5740057255789007e-25,0.10774378642128543,2.574012797548913e-25,1.0,1.0,1.0,1.0,0.7593322664417897,1.0,1.0,1.0,4.760132222647986e-25,4.418010894879407e-24,0.5410697562513787,0.6448927801842703,1.0,1.0,1.0,3.0697633456363477e-25
2001,-140.93511780365432,-307.61439493781097,-140.93512115756974,-307.614402381387,-140.93512245613528,-140.96818175952924,-308.0032751548068,-307.61317623884713,-305.5627277625461,-307.612808247757,-307.6131846895233,6.3981563189590804e-37,0.9999983230436974,6.3981325064219756e-37,0.9999962782189209,1.0,0.999997673762229,1.0,0.9836039252629473,1.0,0.9836055747265151,1.0,5.267573210895718e-37,5.267582044400617e-37,1.0,1.0,1.0,1.0,0.9999993507174428,1.78471849083778e-36
2002,-44.04212488878329,-303.2568441340375,-45.582830644829755,-303.5689894262527,-45.582831710707,-45.579577543280394,-303.5290928140734,-303.26871885660347,-303.56256296024657,-303.56894280969505,-303.56899999406386,5.155121456141095e-57,0.4628497099994263,4.410191144422406e-57,0.8554970395835599,1.0,0.4628494633290057,1.0,0.4636031711590858,1.0,1.0,1.0,4.4990503357977223e-57,9.720326573831686e-57,1.0,0.9834041803613699,0.8633612722320476,0.9940802300140135,0.9999994670615208,9.559014881550714e-57
2003,-156.24382109418946,-302.1139026782883,-156.24382079854593,-302.1139010543471,-156.24381635368366,-156.53010448799884,-301.09285470797914,-302.0117442367617,-301.9693192451647,-302.283088937866,-295.9764095350328,2.112098881753358e-32,1.0,2.112100596716255e-32,1.0,1.0,1.0,1.0,0.8666312612277358,1.0,0.8666311331207822,1.0,3.5191031454256316e-32,3.5191026252256375e-32,0.6316342539922745,0.6451759113517275,1.0,1.0,1.0,2.270435197478735e-32
2004,-142.88301762735492,-306.9630818517253,-142.88301510994364,-306.96307891171847,-142.88301056112306,-143.72028796825668,-306.81223626269826,-306.93528515521587,-303.1931476175178,-306.963081078379,-306.9352904754679,2.346749632417989e-36,1.0,2.346753082150485e-36,1.0,1.0,1.0,1.0,0.6579441889685632,1.0,0.6579433608110246,1.0,2.5305939299606704e-36,2.5305907446898482e-36,0.9403299579089373,1.0,1.0,1.0,1.0,1.5455962011024183e-35
2005,-20.33855692073061,-304.30844480347525,-20.338533401417095,-304.1241556438813,-20.338529445091453,-20.83923977236654,-304.37399535519137,-304.14984076447047,-304.1260364900868,-304.13736613772403,-304.1245884184159,2.171312501818902e-62,1.0,2.380894849149326e-62,1.0,1.0,1.0,1.0,0.77853492576487,1.0,0.7785257705152007,1.0,2.101300730376229e-62,2.101276019946131e-62,1.0,1.0,1.0,1.0,1.0,2.3786241757902365e-62
2006,-56.21086424368616,-302.25221543425613,-56.21152739545769,-302.48328408876074,-56.21152344586895,-56.699915837418985,-302.32007900078554,-302.3527919423854,-292.0379462852054,-302.4833193144707,-301.99135599585355,3.7393785196185485e-54,0.9996684790794421,3.331374891600364e-54,0.8908899899067175,1.0,0.9996704532210782,1.0,0.7830757872033294,1.0,0.7833354793025334,1.0,3.614623291506929e-54,3.6158220121490043e-54,0.9837765699220724,1.0,1.0,0.9509552682679194,1.0,6.1793520273071045e-52
2007,-69.59377375338265,-307.4926030338366,-70.52718503705549,-307.89935769640397,-70.52718920672766,-70.52716343188114,-307.8378965589124,-307.4855984369338,-296.9966121187707,-307.9046983570508,-307.91924582676654,2.192429293451902e-52,0.6270646448457953,1.7889571712321293e-52,0.8159702922120144,1.0,0.6270633375201602,1.0,0.6270714188028748,1.0,1.0,1.0,1.8447862791533523e-52,2.9419395501192613e-52,1.0,1.0,1.0,1.0,0.9999979151660899,6.649510172477208e-50
2008,-136.27804435209316,-302.1542540410561,-136.27804365156263,-302.558429868412,-136.2780388049833,-137.43862748194707,-301.6269683796918,-294.92410961532323,-301.79693696678,-302.5584000675616,-302.11612467434634,9.559578119194764e-37,1.0,7.810396123628638e-37,0.8170230972793764,1.0,1.0,1.0,0.5597351436352509,1.0,0.5597349475795054,1.0,1.2443351036749886e-36,1.244334667827699e-36,1.0,0.9185267110874452,0.03217988613737037,1.0,1.0,1.1429518602250873e-36
2009,-43.481432894076235,-304.1124697286629,-44.90041363128779,-304.9388472168802,-44.90046245858149,-44.896674284834475,-304.76525421960395,-304.07593220212203,-304.0759430737417,-304.93894205713275,-304.9389189472822,2.5391563580712224e-57,0.4918948186355636,1.679746920081257e-57,0.6615374097549466,1.0,0.4918828098357647,1.0,0.4928153614973092,1.0,1.0,1.0,1.832057473754823e-57,3.7244902860262484e-57,1.0,1.0,0.9999945642049344,1.0,0.9999755866511625,5.257260076758529e-57
2010,-90.8684196354142,-303.41558132103347,-90.86841706476488,-303.4155777821105,-90.86841533556377,-90.93203952421095,-302.84654894543974,-303.40498110869913,-303.40497802869885,-303.4155739212373,-303.40498168746325,7.014072778991961e-47,1.0,7.014085190134501e-47,1.0,1.0,1.0,1.0,0.968690669673217,1.0,0.9686894245920141,1.0,9.32253619594941e-47,9.322524213471518e-47,0.7563764465004614,0.7563776113211929,1.0,1.0,1.0,7.051342499472272e-47
2011,-36.380378380073466,-304.63921857144265,-36.38037628075374,-304.6392197731278,-36.38036317295821,-36.39257924217124,-304.4531926188522,-304.5946195892396,-304.59462210507957,-304.639219749523,-304.5946219062845,5.601869554053717e-59,1.0,5.60186618821296e-59,0.9999993991575977,1.0,1.0,1.0,0.9939181388000558,1.0,0.993917095524624,1.0,6.147917258208965e-59,6.147910804990351e-59,0.9317288079870445,0.9317276359474885,0.9999987420808008,1.0,1.0,5.7281408585771085e-59
2012,-46.8634699493021,-303.1580281077805,-46.863569591485415,-303.1579986501839,-46.86364416475581,-48.6627598998284,-301.9903869639282,-301.2010615900306,-294.4955347775913,-300.97218553352843,-303.0891902382359,2.219953230738477e-56,0.9999501801493924,2.2199859282226515e-56,1.0,1.0,0.9999128960669122,1.0,0.4067140276526331,1.0,0.4067342910942525,1.0,3.9800990278394887e-56,3.9802973256576524e-56,1.0,1.0,1.0,1.0,0.9999627140599399,1.688177787980887e-54
2013,-111.29035788625579,-303.86995177622623,-111.4381851553686,-303.86995215036416,-111.29036142741347,-111.43726403309162,-300.8594875466411,-304.15432916036264,-301.3499867163396,-304.1693190876568,-304.1543292820072,1.5201012747516096e-42,0.9287519024476562,1.5201009903878603e-42,0.9999998129310546,1.0,0.9999982294227266,1.0,0.9291797479981753,1.0,1.0,1.0,6.848359096058443e-42,7.373722818774469e-42,0.1925458817577713,0.782509211424018,1.0,0.8674575586813354,1.0,5.3589135641758e-42
2014,-177.96385491085823,-308.1900967360464,-177.9638514214808,-282.30481996372623,-177.96384609704114,-180.05428439508225,-308.17846585295376,-307.7716976318226,-307.74120822213365,-307.86776237236086,-307.77168908906754,5.269032631050063e-29,1.0,2.2011382488979427e-23,1.0,1.0,1.0,1.0,0.35161630444240605,1.0,0.351615690981942,1.0,5.299763652943832e-29,5.299754406514043e-29,1.0,1.0,1.0,1.0,1.0,6.594834125383318e-29
2015,-106.79015400360768,-302.33644493258964,-106.79015377008237,-302.3363261718153,-106.79015311961876,-106.7982969812933,-302.73504854428035,-302.2961326195507,-299.3608014821426,-302.31511762139087,-302.30151240535514,3.448755820472768e-43,1.0,3.4489606150090135e-43,1.0,1.0,1.0,1.0,0.9959367884304683,1.0,0.99593667214225,1.0,2.8255745611815784e-43,2.8255742312599932e-43,1.0,1.0,1.0,1.0,1.0,1.5269155565649944e-42
2016,-76.93465779890542,-307.25210238993554,-76.93180628370155,-307.2380106399895,-76.93483591522136,-77.19629400861588,-306.5855227454118,-307.2117819871912,-307.2422874887922,-307.2521092795587,-307.23313000794496,9.709622918287766e-51,1.0,9.778277288434465e-51,1.0,1.0,0.9999109458075918,1.0,0.8773773505577364,1.0,0.8761273144663966,1.0,1.3550280787600342e-50,1.3530975137617867e-50,0.7311551334474338,0.720087625934648,0.9848629832350325,1.0,0.9984863309943753,9.758258536924219e-51
2017,-82.30460464205001,-304.97238610980946,-84.51461299176862,-306.45805794342124,-84.51460971367803,-84.51366805255554,-306.27780847812153,-304.97766222023074,-300.1970071283644,-306.45803384615823,-306.45803072569834,4.449442568510521e-49,0.3312094994860344,2.1168791521119588e-49,0.4757627769135633,1.0,0.3312100423538508,1.0,0.33136602288129907,1.0,1.0,1.0,2.3165236580671574e-49,6.994134110470625e-49,1.0,1.0,1.0,0.9973654213991735,1.0,1.4627243109577134e-47
2018,-45.93637837289694,-303.6222891425469,-46.69427726130948,-304.1650941365795,-46.6942560649085,-46.694168786868715,-304.3686339637595,-303.58420621171877,-304.18120217099397,-304.16509037025855,-304.1812323578527,1.1071728927103076e-56,0.6845802212878964,8.440085330616111e-57,0.7623096073057892,1.0,0.6845874766447797,1.0,0.6846173520231529,1.0,1.0,1.0,7.623400311187717e-57,1.1135875788006254e-56,1.0,1.0,0.7419317808196626,1.0,1.0,1.2229820194868334e-56
2019,-205.5283955054604,-311.80696231647204,-205.52838763909438,-311.80694739158434,-205.52838333048277,-206.09623992076828,-308.39961453280574,-311.80669720952034,-311.4456100846853,-311.80692861384887,-311.8066871609975,8.354153383156206e-24,1.0,8.354215725789303e-24,1.0,1.0,1.0,1.0,0.7528252064673193,1.0,0.7528222454738313,1.0,4.589851291540275e-23,4.5898332388506604e-23,0.18203772405483115,0.21805721948323067,1.0,1.0,1.0,1.0008441178288732e-23
2020,-83.8496686545893,-307.14833986483336,-83.85015598386353,-307.1481809672265,-83.85015114180919,-85.23202182939721,-306.6260475344978,-307.1338911643555,-299.9611068050793,-307.1483338682763,-307.1338895946031,3.245709439180228e-49,0.9997563650466986,3.245967317155364e-49,1.0,1.0,0.9997587854869507,1.0,0.5009862680253443,1.0,0.501108355536144,1.0,4.214285724667728e-49,4.215312722185993e-49,0.775752451936141,1.0,1.0,1.0,1.0,1.180598530461647e-47
2021,-62.343005153295366,-309.7332338865457,-62.34294183911041,-309.7358204014515,-62.34289526558706,-63.74688660371092,-309.7291804275064,-309.73509308957256,-309.72506693322066,-309.73570915118046,-309.7363292306725,1.9049974215359372e-54,1.0,1.9025353618044566e-54,0.9987075784441231,1.0,1.0,1.0,0.4956225027428546,1.0,0.49560681302379805,1.0,1.9088622512042833e-54,1.9088018231319694e-54,0.9970480346103432,1.0,1.0,0.9990708304321968,1.0,1.912687245101804e-54
2022,-71.02904792858384,-305.1482296009393,-71.02904646717947,-304.8299367566625,-71.02904152331297,-73.68635819246762,-304.74052757968906,-303.7270437576056,-299.524921796829,-303.7361576953635,-303.7270405685939,1.4509940982386006e-51,1.0,1.7013045321859476e-51,1.0,1.0,1.0,1.0,0.2648331876039543,1.0,0.26483299408983657,1.0,1.779086298643472e-51,1.7790849986616864e-51,1.0,1.0,1.0,1.0,1.0,2.414070949151782e-50
2023,-55.467829604959945,-300.5503479865511,-57.544596104262325,-302.20957409447976,-57.544580974684195,-57.543028647551125,-301.7789523979359,-300.4670206620487,-293.8695237689807,-302.20948756758435,-302.2095008246182,6.039588200413026e-54,0.35402659213253657,2.634577366525166e-54,0.4362180465126754,1.0,0.3540292702791593,1.0,0.3543041615667377,1.0,1.0,1.0,3.267527638835036e-54,9.229610745205768e-54,1.0,1.0,1.0,1.0,1.0,4.8160468624875574e-52
2024,-51.79916488582815,-305.30250645362656,-51.79917079570109,-305.3173062978095,-51.971266155691126,-51.971250712437126,-305.5349977371982,-305.2885096172676,-305.6860962696616,-305.31730890297547,-305.687250702454,8.962905274068106e-56,0.9999970450678961,8.896825268312306e-56,0.9926273899215539,1.0,0.9175477700754069,1.0,0.9175548550643959,1.0,0.917557566384706,1.0,7.97928478880061e-56,7.979308367115175e-56,1.0,0.9272340480812372,0.8197192903304822,1.0,0.9175504813747812,8.063519717240015e-56
2025,-160.82579413563354,-310.0278530889619,-161.082628298469,-310.02825434284614,-161.08231035949785,-161.08086987779078,-308.8183892277446,-310.0273140752014,-310.02700978503816,-310.028257521207,-310.0274527224878,3.991945045269218e-33,0.8794864851675305,3.991144233876483e-33,0.9997993931821076,1.0,0.8796263077951129,1.0,0.8802600788043238,1.0,1.0,1.0,7.30829878807682e-33,8.309734045185168e-33,0.5463680622126894,0.546451195750125,1.0,1.0,1.0,4.5401423038998195e-33
2026,-14.351081270258817,-304.37399988196535,-14.351076648395747,-304.43618942403015,-14.351073571355187,-14.590364188757675,-304.28818716752056,-304.3670139504303,-304.36459172704303,-304.3740035570514,-304.3670181739809,1.0527455413096915e-63,1.0,1.0205143671812475e-63,0.9693836992286373,1.0,1.0,1.0,0.8872384908505113,1.0,0.8872364405054728,1.0,1.0988980555237446e-63,1.0988955160485048e-63,0.9613532117881551,0.9625182232417605,1.0,1.0,1.0,1.0577053323329834e-63
2027,-30.85697322472336,-301.22170356864603,-31.415112328050256,-301.4221449374347,-31.415087701499374,-31.415035953580144,-301.27420460315153,-301.16170639902765,-301.430064980682,-301.4685123751367,-301.4221285851075,1.9545408659662949e-59,0.7564872864361281,1.7681514641126822e-59,0.9046377565702757,1.0,0.756496601329802,1.0,0.7565161751455385,1.0,1.0,1.0,1.9039007300565672e-59,2.516765006092766e-59,1.0,0.9250290017062782,0.8744332726833071,1.0,1.0,2.328051954993836e-59
2028,-74.81490170434081,-305.330877338243,-74.81490028836564,-305.3196392998799,-74.81489782525584,-74.95314205277649,-304.54145638975535,-305.2835765295149,-305.28355739225896,-305.3308707619151,-305.2534176267963,8.792085358811667e-51,1.0,8.841627313334474e-51,1.0,1.0,1.0,1.0,0.9332145250136462,1.0,0.933213864309579,1.0,1.3047054506636699e-50,1.3047045269487446e-50,0.6900024919471293,0.6900090943558634,1.0,1.0,1.0,9.002568803254533e-51
2029,-62.76539289793607,-303.3554713548089,-62.76539172805509,-303.3554340692351,-62.76538710922226,-63.72950897397067,-302.79091430745643,-303.19060060994155,-295.4554024350072,-303.3554684680115,-303.19060600094474,5.708582249309907e-53,1.0,5.708688674184292e-53,1.0,1.0,1.0,1.0,0.6175112215976821,1.0,0.617510860390473,1.0,7.570425116451303e-53,7.57042068820436e-53,0.8188591800508214,1.0,1.0,1.0,1.0,2.9648667184008143e-51
2030,-98.69940409386774,-306.2307768803526,-98.6994023872354,-306.23076187295356,-98.69939811766363,-99.3435308812698,-305.0020521999296,-306.21555338722374,-302.81459529666733,-306.32339516679076,-306.3159584645821,8.612614100395125e-46,1.0,8.612678727105797e-46,1.0,1.0,1.0,1.0,0.7246522504856525,1.0,0.7246516321284311,1.0,1.5920223586490617e-45,1.5920210001512193e-45,0.5451193084734265,1.0,1.0,1.0,1.0,4.7527842072837e-45
2031,-59.940413845858586,-304.41296487393794,-60.1362104842583,-303.77537201004765,-60.1361677157369,-60.136100595662214,-304.2018009852897,-304.39218421376177,-304.5675114503107,-304.41292594917434,-304.5969236556242,8.193322617845139e-54,0.9067410972269774,1.1269680066509658e-53,1.0,1.0,0.9067604874223081,1.0,0.9067909188487656,1.0,1.0,1.0,9.105707839135185e-54,1.0042235724158197e-53,0.9091987023613369,0.8328887222191831,0.9160689737634199,1.0,1.0,8.363886023086542e-54
2032,-83.95559057764,-304.57495408590495,-86.17038496464266,-305.6847481019806,-86.17038411188682,-86.16944147825438,-305.4509741086604,-304.55358000013524,-291.0769488260693,-305.6847175365746,-305.6846171114637,1.2391215604549763e-48,0.33041785656526107,7.114185827304175e-49,0.5741313890698496,1.0,0.3304179974481705,1.0,0.3305737657119661,1.0,1.0,1.0,7.996290856270782e-49,2.420054091323429e-48,1.0,1.0,1.0,1.0,1.0,3.199667274371471e-45
2033,-103.68573682337174,-305.2944515327544,-103.68665131918043,-305.2944511178075,-103.68665295004244,-103.74280424582678,-305.0360211903902,-305.272737128386,-300.61343920646544,-305.29445325405226,-305.27273904244515,1.6642702466364055e-44,0.9995428566175484,1.66427059192834e-44,1.0,1.0,0.9995420415596415,1.0,0.9718695306790255,1.0,0.9723140175978353,1.0,1.8938312776180646e-44,1.8946974260081262e-44,0.8883779839120031,1.0,1.0,1.0,0.9999991845693245,1.7293850286287393e-43
2034,-56.01662845350236,-301.38364421051074,-56.01662771244055,-301.38364401107134,-56.0166271784839,-56.0223547061515,-301.142382831883,-301.4069024912677,-301.07745696899275,-301.5270075389322,-301.40690146410554,5.238772122853839e-54,1.0,5.238772645262658e-54,1.0,1.0,1.0,1.0,0.9971409685126609,1.0,0.9971405990411834,1.0,5.910425541644035e-54,5.910423351649063e-54,0.8761133252472051,1.0,1.0,0.9884382167199292,1.0,6.105439690981565e-54
2035,-236.2275315982779,-311.83721773594556,-236.4983003869629,-311.0229652253077,-236.22754818339416,-236.48875784638025,-307.7708897038239,-311.15035256693926,-310.4592446835465,-310.73981629688313,-311.2066390193491,3.815621313146536e-17,0.8733801247760506,5.73294733379448e-17,1.0,1.0,0.9999917074762479,1.0,0.877557214506207,1.0,1.0,1.0,2.914453824858839e-16,3.336982079373691e-16,0.18456908676932757,0.2607540925659364,1.0,1.0,1.0,7.599620644298562e-17
2036,-130.70504267483398,-307.1014028602,-130.70503680169392,-307.1013931499635,-130.7050318633484,-132.41018595676908,-306.85350104695533,-307.31866333697474,-305.90311185533903,-307.3195250470332,-307.3186551959361,4.966118425608086e-39,1.0,4.966142536758855e-39,1.0,1.0,1.0,1.0,0.42631718630839344,1.0,0.4263159343999605,1.0,5.62144889236186e-39,5.621432384607779e-39,0.7924854404988831,1.0,1.0,0.8970620552931818,1.0,9.041079950072331e-39
2037,-88.80913022872622,-301.8160264327583,-90.81463835566743,-303.4391224292347,-90.81456925710063,-90.81315453108705,-303.0961885510458,-301.4356931234646,-298.1018746741491,-303.43912708294846,-303.4391035842475,5.573656315773586e-47,0.36686767171908163,2.475650699774402e-47,0.44416995945161786,1.0,0.3668803469532005,1.0,0.36713995634676894,1.0,1.0,1.0,2.9387085306750364e-47,8.010268435222785e-47,1.0,1.0,1.0,1.0,1.0,9.730463869385475e-46
2038,-31.2669162365508,-303.6223303111867,-31.267170353965938,-303.6223325134289,-31.2671701678145,-31.267729136634145,-303.53166427079987,-303.5732849578294,-303.57328800231977,-303.62232972900904,-303.57328792191043,7.223925782522931e-60,0.9998729493640462,7.223917828110354e-60,0.9999988988795203,1.0,0.9998730424279448,1.0,0.9995936325479551,1.0,0.9997206476920205,1.0,7.55894448848127e-60,7.559904979216647e-60,0.9794046974087146,0.9794032065157645,0.9999984777559736,1.0,1.0,7.404194488448659e-60
2039,-106.44680470614901,-304.0520597375694,-107.21649577747226,-304.61126207639785,-107.21626870224273,-107.21539293647223,-303.9917475968012,-303.8266849364199,-300.74486446298624,-304.5498890143475,-304.6014817286348,1.231867712383253e-43,0.680555749679838,9.313969841814292e-44,0.7560852312457202,1.0,0.6806330227429886,1.0,0.6809311255570814,1.0,1.0,1.0,1.2695817981137295e-43,1.8655074161242265e-43,1.0,1.0,1.0,1.0,1.0,9.45800164711583e-43
2040,-41.806319112441145,-305.04559589475053,-41.80631198660832,-305.0456002860544,-41.80631612138083,-41.809773293505,-304.8501728604126,-304.9860485817334,-304.9860571099171,-305.0456008266301,-304.98605515086734,6.891556747240088e-58,1.0,6.891541615796724e-58,0.9999978043504657,1.0,1.0,1.0,0.9982744000306878,1.0,0.9982708432687807,1.0,7.598938144249421e-58,7.598911069916115e-58,0.9343185297098151,0.9343145456982886,0.9999957359172489,1.0,0.999997932615882,7.099787822078917e-58
2041,-121.48406989710642,-306.6033541838334,-121.48406946850471,-306.6033227188842,-121.48406806704048,-121.5227783532138,-303.99602598187914,-306.59843178886604,-306.622134752568,-306.603331705499,-306.62213668451903,6.336627389341226e-41,1.0,6.336727080954816e-41,1.0,1.0,1.0,1.0,0.9808318625377076,1.0,0.9808316523446239,1.0,2.3336315920334844e-40,2.3336310919342825e-40,0.27220416068265296,0.2689971792904376,0.9882184703416265,1.0,1.0,6.277397413572343e-41
2042,-109.11808676511602,-306.2102481996097,-109.30856077632262,-306.21025245003574,-109.11810190260766,-109.30865606130774,-306.0402610756299,-306.2044378778191,-300.7797276545947,-306.2102517663458,-306.2044430115797,1.5921388190193022e-43,0.9091574335257456,1.5921354353887426e-43,0.9999978747892287,1.0,0.9999924312828208,1.0,0.9091141200312719,1.0,0.9999523586423247,1.0,1.7333775452812372e-43,1.906575782545335e-43,0.9211905208464443,1.0,1.0,1.0,1.0,2.405507812112165e-42
2043,-124.95583232152899,-306.1461809738778,-124.95583081628614,-306.14746811658944,-124.95582576576098,-127.78541392976538,-305.79742183976043,-306.14427671561714,-298.5191451043274,-306.14746860224597,-306.14428645508605,4.518722827312829e-40,1.0,4.515815642327103e-40,0.9993566356918028,1.0,1.0,1.0,0.2429764378025976,1.0,0.24297625493339362,1.0,5.379572772185664e-40,5.379568723405479e-40,0.8407781575533867,1.0,1.0,1.0,1.0,2.04740648819426e-38
2044,-156.563876060214,-305.09687630509114,-156.5638515248671,-305.08387401626226,-159.61393845797517,-158.49392458693262,-305.05102604236424,-305.082354422644,-300.7777175296073,-305.0738162623238,-305.0933615448488,5.5778753730286994e-33,1.0,5.614256076322187e-33,1.0,1.0,0.21761426743777917,1.0,0.38097395591921396,1.0,0.3809692822837954,1.0,5.707225922765611e-33,5.7071559088111185e-33,0.9844578552083418,1.0,1.0,1.0,0.21761159783338205,2.221645965354853e-31
2045,-77.04091637502428,-303.84711980351665,-77.04091583416411,-303.8471190015268,-77.04091463926062,-77.07023607456946,-303.0583764759255,-303.85132114945685,-303.85110898934244,-303.8471068777913,-303.85132049064396,5.618995635870654e-50,1.0,5.618997889059882e-50,1.0,1.0,1.0,1.0,0.9854470826496015,1.0,0.9854468161550988,1.0,8.335509142762422e-50,8.335506888590394e-50,0.672688885194112,0.6727602478545467,1.0,0.997901531899189,1.0,5.607794329973852e-50
2046,-86.157889800308,-303.1899234194727,-86.49419517313197,-304.4349494975101,-86.4935239663455,-86.49306311570729,-303.68962371018426,-303.17730015363077,-299.83341263295097,-304.43493351960996,-304.4349439558098,7.448909561776046e-48,0.845224770494207,3.997042110151473e-48,0.536594259468828,1.0,0.8455084783992335,1.0,0.8457033274083892,1.0,1.0,1.0,5.802086004129285e-48,6.864547995602099e-48,1.0,1.0,1.0,1.0,1.0,4.718802394470077e-47
2047,-131.79508851625994,-304.9786954860183,-134.3003983803688,-308.55800318866284,-134.30029650740158,-134.29180790476528,-307.93350378906325,-304.9781279445897,-304.73843124260765,-308.5579933538802,-308.5579776998761,2.4754694353763824e-38,0.28574515493631086,4.1344788660869805e-39,0.16701797271265112,1.0,0.2857597101604029,1.0,0.2869751379712727,1.0,1.0,1.0,5.6497482710318334e-39,1.9771982738573697e-38,1.0,1.0,1.0,1.0,1.0,9.768531680480334e-38
2048,-43.93293664481388,-306.76901049696346,-43.93292293631819,-306.7674929416693,-43.93141547431996,-45.218366487579615,-306.66930705457395,-306.76726534716,-306.7672730558029,-306.76898187226067,-306.7672760831018,8.430857337215143e-58,1.0,8.437256910928093e-58,1.0,1.0,1.0,1.0,0.5258628080915649,1.0,0.5258592037098997,1.0,8.861802521368553e-58,8.86174178058596e-58,0.9522009864118165,0.952197316330204,0.9999961456859792,1.0,1.0,8.431769060077431e-58
2049,-44.72759068981742,-305.56902005512177,-44.72758750149606,-305.5690181063522,-44.72758263701361,-46.203089741694384,-305.25268628633955,-305.55232752766574,-305.55232998529823,-305.5691292021655,-305.5526336852853,2.285616104563482e-57,1.0,2.2856183316341405e-57,1.0,1.0,1.0,1.0,0.4781888571227174,1.0,0.4781880948134518,1.0,2.6772830752203773e-57,2.6772788072043434e-57,0.8608623834994451,0.8608613256584134,0.9999987711845097,1.0,1.0,2.3047601773875836e-57
2050,-11.558357404174558,-305.0047391333435,-12.162188288876152,-305.13211988986404,-12.162191886152925,-12.162190194027119,-304.7053322326102,-304.91560889036083,-305.1304387527909,-305.13211455254356,-305.1320613964825,1.90076243457241e-64,0.7394005842214717,1.783476784255562e-64,0.9382954712364111,1.0,0.7393992543083939,1.0,0.7393998798869383,1.0,0.9999990474249704,1.0,2.2077160892962005e-64,2.9858186974801538e-64,0.9001999903210423,0.8085172534727312,0.8981529239790218,1.0,0.9999982013632309,2.4140902747256882e-64
2051,-140.37399542838943,-303.16584705054703,-140.373991083274,-303.16583830130395,-144.36413469594874,-144.7082808429938,-302.7627398948388,-303.02700936784714,-297.94187305271834,-303.16585214059256,-303.02701359034717,4.468878743175512e-36,1.0,4.46889829287149e-36,1.0,1.0,0.13600418335177364,1.0,0.114504322306089,1.0,0.11450407353911052,1.0,5.46678730857865e-36,5.466775431680608e-36,0.8762229279113801,1.0,1.0,1.0,0.13600388787515694,4.4773170014195015e-34
2052,-21.960856095961944,-302.1948682131915,-22.820685561827958,-302.90881039577323,-22.8206818299208,-22.820642067136205,-302.4661581004313,-302.07459521144835,-302.90766497120194,-302.9087993290092,-302.9087876133343,1.4059097667063461e-61,0.6505645640906974,9.838454303278737e-62,0.6997927275466204,1.0,0.6505657780151062,1.0,0.6505787122971298,1.0,1.0,1.0,1.227573762342027e-61,1.8869361015040928e-61,1.0,0.801914379626383,0.65932751513187,1.0,1.0,1.5131583697463685e-61
2053,-158.43146196087537,-305.42752546843906,-161.52290861892214,-305.4072560724066,-161.52290690327797,-158.73981910748094,-305.710541161753,-305.405770630793,-301.24260231595485,-305.4275349799683,-305.4120815127362,1.2028469701312447e-32,0.21315763234487972,1.2150994436197194e-32,1.0,1.0,0.2131578151962832,1.0,0.8571189487829924,1.0,1.0,1.0,1.044129344902094e-32,4.898390610816778e-32,1.0,1.0,1.0,1.0,1.0,4.573552139855999e-31
2054,-27.58879080459903,-304.14943426644805,-27.58742105156439,-304.1637281854535,-27.589070686527904,-27.86627570587231,-303.77984833943975,-304.0491371238011,-304.0491376950437,-304.1637286005892,-304.04913691299953,8.823061703621825e-61,1.0,8.760228439786938e-61,0.9928785192775957,1.0,0.9998600688268422,1.0,0.870452183997277,1.0,0.8698562358357533,1.0,1.0613872853646493e-60,1.0606606150052731e-60,0.8740266671483726,0.8740264175077529,0.999999714378715,1.0,0.9991755225866779,9.278103562071553e-61
2055,-44.32508153323904,-303.42440644137815,-44.32508051303377,-303.4239822213349,-44.32507644972317,-44.86463774619709,-303.3802195806833,-303.40319916479825,-303.40319615548833,-303.4239657608171,-303.4031977403638,5.461305406341813e-57,1.0,5.462463926812264e-57,1.0,1.0,1.0,1.0,0.7635489020952398,1.0,0.7635485126070304,1.0,5.583307132684743e-57,5.583304284625805e-57,0.9885759635230107,0.9885774509898573,1.0,1.0,1.0,5.519517504027743e-57
2056,-54.14900200204589,-302.61994287141385,-54.62434573991415,-302.8362794874625,-54.62434156088585,-54.62430961510482,-303.0217725611211,-302.9150328133972,-294.26886619793686,-302.6199373016799,-303.0459418928855,1.1097387053132718e-54,0.7884613673204536,9.959644438009127e-55,0.8974765312162067,1.0,0.7884630148233566,1.0,0.7884756089573504,1.0,1.0,1.0,9.077463788368503e-55,1.151288340127254e-54,1.0,1.0,1.0,0.8628236354143546,1.0,9.159097156788266e-53
2057,-58.72985094479195,-305.1413019788037,-58.72770095298594,-305.1413027556464,-58.72984931307896,-58.75325164631421,-304.9250874660704,-305.13446874246307,-305.13445687900156,-305.1413027043598,-305.1344699944169,3.107658363073673e-54,1.0,3.1076571559930694e-54,0.9999996115787341,1.0,1.0,1.0,0.9883678321623829,1.0,0.987305911674499,1.0,3.4624511428277164e-54,3.458731021950431e-54,0.9006030916915589,0.9006084338424598,1.0,1.0,0.9989263966783571,3.1183101569034576e-54
2058,-80.0399996164607,-306.9406100900283,-80.04005276315205,-306.6936573052753,-80.03991268786032,-80.05575839782233,-307.3019121861417,-306.67520424326466,-299.9064639535684,-306.69945510673887,-306.6741944664175,5.359921947367996e-50,0.9999734270073968,6.064340545336571e-50,1.0,1.0,1.0,1.0,0.9921515703465607,1.0,0.9921779354835013,1.0,4.47406935556325e-50,4.47418824813451e-50,1.0,1.0,1.0,1.0,1.0,1.8054481271499837e-48
2059,-99.88533178212991,-306.0038083649993,-100.28516676730814,-306.0038109358388,-100.28516026359952,-100.28493138382498,-306.4728423606686,-305.7909644302725,-299.80004504446,-306.18976774596035,-306.18976623157744,1.7455870078978738e-45,0.8187983072194502,1.7455847640872824e-45,0.9999987145810697,1.0,0.8188009698365832,1.0,0.8188946786891808,1.0,1.0,1.0,1.3806769128493692e-45,1.6862234578109976e-45,1.0,1.0,1.0,1.0,1.0,4.741254206850471e-44
2060,-166.38087190740475,-304.9183146007683,-166.38087221203094,-304.9920228543947,-166.38087293417897,-166.38931099296923,-305.44865013089617,-304.8592036132791,-303.8032169201835,-304.99202754426994,-304.9710470814369,8.259933495709828e-31,0.9999998476869196,7.961062010174223e-31,0.9638167201115015,1.0,0.9999994866130247,1.0,0.9957893469804344,1.0,0.9957894986522003,1.0,6.336007074512767e-31,6.336008039569744e-31,1.0,1.0,1.0,1.0,0.99999963892605,1.4425044391837202e-30
2061,-125.2315572142486,-308.5526201150789,-126.30730840470144,-309.8100703214172,-126.30687224315362,-126.30688988224733,-309.62815836627044,-308.5521093174474,-306.4818399689635,-309.8080451838774,-309.81004263649163,1.557173422859838e-40,0.5839875614741168,8.303957921646363e-41,0.5332712336173615,1.0,0.5841149318214851,1.0,0.5841097802151919,1.0,1.0,1.0,9.094667354410719e-41,1.5573392233652609e-40,1.0,1.0,1.0,1.0,1.0,7.507630151009462e-40
2062,-47.934255065136654,-302.26269378928055,-47.93425437073026,-302.2625916422658,-47.92889760946488,-49.65613709216552,-301.4588740902789,-301.77171594737194,-292.7586371806511,-301.822041269933,-301.7717142534623,5.933094088147369e-56,1.0,5.93339711981038e-56,1.0,1.0,1.0,1.0,0.42276406837711056,1.0,0.4227639215920994,1.0,8.868056785012983e-56,8.868053705995886e-56,0.8551991368682776,1.0,1.0,1.0,1.0,6.853265377158119e-54
2063,-42.51627796303276,-302.84724020913933,-42.51618644387878,-302.8472298735199,-42.51627466903652,-42.67482408236414,-302.7514780699167,-302.7315825262328,-302.73158279857824,-302.8472261396672,-302.73158297329707,2.9501888274471515e-57,1.0,2.9502040735010387e-57,1.0,1.0,1.0,1.0,0.9237876408580389,1.0,0.9237453696935258,1.0,3.0948834478437327e-57,3.0947418305264787e-57,1.0,1.0,0.9999998638272793,1.0,0.9999558883940758,3.1258187094187325e-57
2064,-52.29700540575833,-304.4558671609875,-52.29700124653553,-304.4528871130612,-52.29699850059282,-52.476568409326504,-304.48203628037646,-304.4694063873154,-304.46941028027976,-304.4558668527468,-304.46940988134185,1.755492136135249e-55,1.0,1.7581098112002068e-55,1.0,1.0,1.0,1.0,0.9141308994224743,1.0,0.9141289983874127,1.0,1.7326719163293447e-55,1.7326683130487972e-55,1.0,1.0,0.9999980535197225,0.9932532490487056,1.0,1.743638853850978e-55
2065,-75.42839817772395,-310.2227299024354,-75.42824385998232,-310.2209048164725,-75.42824353922578,-76.23475233826645,-310.2712472178305,-310.2223452248997,-310.23936569300446,-310.22228250519515,-310.222499949153,1.035282027918117e-51,1.0,1.0362271984552743e-51,1.0,1.0,1.0,1.0,0.6681937649133873,1.0,0.6681422098259919,1.0,1.0104696498675151e-51,1.0103916861781876e-51,1.0,1.0,0.9915258754832962,1.0,1.0,1.0266269944558539e-51
2066,-28.72996387852993,-304.63325005094373,-28.730807785985192,-304.6332456745969,-28.73085472463329,-28.73304595668914,-304.79807918338236,-304.56251767415546,-304.56252660438645,-304.6332559757321,-304.56252409866545,1.2256391872642965e-60,0.999578135282323,1.2256418691783489e-60,1.0,1.0,0.9995546761344404,1.0,0.9984601477114088,1.0,0.9988815405905228,1.0,1.1286790055141708e-60,1.1291553563197694e-60,1.0,1.0,0.9999955348944735,1.0,0.9999765309513539,1.2703210194709016e-60
2067,-72.94920092752574,-308.98147644571674,-72.94908721377702,-308.9883899937734,-72.94881105359018,-75.03697979166569,-308.84086050133277,-308.98902264441733,-308.7599904229351,-308.9890724070026,-308.98904189830154,5.5749707828880145e-52,1.0,5.55573263879223e-52,0.9965491937366197,1.0,1.0,1.0,0.3520826139957394,1.0,0.3520625962478701,1.0,5.981043486360926e-52,5.9807034325902566e-52,0.9285964080466037,1.0,1.0,0.996234009845012,1.0,6.226629349651118e-52
2068,4.176815106935464,-302.35926995880834,3.623076973108951,-302.4385172311737,3.6230765502278075,3.623083295230316,-302.00654912632274,-302.2303932453239,-302.40902959531275,-302.4305910638102,-302.43846585795717,2.732340854709731e-67,0.7581537580238616,2.6261924552105893e-67,0.9611511135895978,1.0,0.7581535977194146,1.0,0.7581561545976854,1.0,1.0,1.0,3.259321725184977e-67,4.299024690823153e-67,0.8941139424718908,0.81771596437395,0.9145545388916215,1.0,0.9999997885594506,3.5153818642182024e-67
2069,-96.57303843762932,-305.6760758656779,-96.57303921538372,-305.67608312843333,-96.57303982288033,-96.5804489980784,-306.04360924403284,-305.6662287685862,-299.97301103848497,-305.67608278116353,-305.6662368486639,3.9251146606094625e-46,0.9999996111228785,3.925100407061419e-46,0.9999963686288704,1.0,0.9999993073747345,1.0,0.9963015758557207,1.0,0.9963019632947603,1.0,3.266205372458703e-46,3.2662066426117324e-46,1.0,1.0,1.0,1.0,0.9999996962517379,6.796063700022373e-45
2070,-94.96658672561358,-309.4941526078178,-94.96434282709828,-309.4993119477869,-94.96645711615378,-95.44330990896844,-307.66543178457755,-309.48201113572594,-309.49885971579374,-309.49122795927207,-309.4842061293773,2.6057392851278493e-47,1.0,2.599026000458821e-47,0.9974236545047493,1.0,1.0,1.0,0.7879177350825075,1.0,0.7870342270827911,1.0,6.50178556339183e-47,6.494494980502368e-47,0.40321326011563474,0.39983074232672855,0.9916110948634573,1.0,0.9989434140526763,2.599445286451947e-47
2071,-122.29732532374221,-305.2863218192796,-123.08740692534522,-306.9635909269118,-123.08734322196932,-123.08659550801109,-306.74118535727473,-305.2723478247772,-305.27234769392885,-306.9635902876254,-306.9635441560088,1.838418097079498e-40,0.6736525531240413,7.947488852591953e-41,0.43230040354896604,1.0,0.6736740104366744,1.0,0.6739259152523783,1.0,1.0,1.0,8.882284576019887e-41,1.3185260762137205e-40,1.0,1.0,1.0,1.0,1.0,2.74807724577722e-40
2072,-64.87415201971213,-306.6174326872776,-64.87415845047403,-306.61742650377477,-64.87384252866241,-64.98395175437929,-306.3525148575385,-306.6008586153954,-306.6008589835485,-306.617421478036,-306.60086136856984,3.2071079949478297e-53,0.9999967846242194,3.207117910543822e-53,1.0,1.0,1.0,1.0,0.946579926780223,1.0,0.9465829704001802,1.0,3.6613374705459917e-53,3.6613492431596436e-53,0.8832280195501029,0.883227856968547,0.9999998159234621,1.0,1.0,3.233294871122577e-53
2073,-45.3359859937665,-301.3584300206,-45.335986275717545,-301.3584295419395,-45.335987137902464,-45.351063527031584,-301.0293334432189,-301.3922051028963,-301.39218481203375,-301.35842463842357,-301.39220488729774,2.5435053641686136e-56,0.9999998590244872,2.5435059729064824e-56,1.0,1.0,0.9999994279321813,1.0,0.9924895785945507,1.0,0.9924897185112977,1.0,2.998437989604045e-56,2.99843841231042e-56,0.8340717661060048,0.8340802281667121,1.0,0.9832542540620253,0.9999995689076334,2.5009392732195457e-56
2074,-104.57530896329229,-305.39663403137246,-104.57530906517934,-305.3966293557397,-104.57530933029403,-104.57651196886947,-304.0303402140248,-305.3937786072514,-303.16800501453656,-305.3966244376167,-305.3937792164412,2.467194210255821e-44,0.9999999490564746,2.46719997810957e-44,1.0,1.0,0.9999998164991437,1.0,0.9993986780779458,1.0,0.9993987289908404,1.0,4.885289107138838e-44,4.885289356012716e-44,0.5057467664071735,1.0,1.0,1.0,0.9999998674426623,7.518722548160761e-44
2075,-245.5566116970144,-309.4265720848535,-247.7907574339817,-309.426576421066,-266.4244998567658,-266.87193565575427,-309.12121896531977,-310.04762960699213,-310.49886769425956,-309.9839325157141,-310.0476320640834,1.3514946227472807e-14,0.32723625765665265,1.35149169256652e-14,0.9999978318961011,1.0,2.9416815837292953e-05,1.0,2.3519940154939407e-05,1.0,7.187449313644618e-05,1.0,1.5744211292952796e-14,4.811267371683541e-14,0.6292634183522035,0.502166086468655,0.798022055347875,0.7330592405409389,8.98947324723352e-05,2.687649476832457e-10
2076,-78.39837322548092,-307.5593954239787,-78.39860386366328,-307.5593830278329,-78.39768969519861,-79.16929347374396,-307.31455294136225,-307.5449891202193,-298.6257715341576,-307.5593826575312,-307.5449819532589,1.7310766404394939e-50,0.9998846875578115,1.7310873698119546e-50,1.0,1.0,1.0,1.0,0.6801376164660524,1.0,0.6802160538404367,1.0,1.9565149263779713e-50,1.9567405629110057e-50,0.8911717675703712,1.0,1.0,1.0,1.0,1.50688339976869e-48
2077,-84.45069364182734,-305.17343278975795,-84.63761348159471,-305.173432872682,-84.63754004192168,-84.6374004690837,-304.3540301294802,-305.17162133721706,-305.17162400623573,-305.1734296634682,-305.1716232796307,1.1767011522971516e-48,0.9107745206433919,1.1767011035087495e-48,0.9999999585379848,1.0,0.9108079647489196,1.0,0.9108715289931019,1.0,1.0,1.0,1.772544739286391e-48,1.9461949133515936e-48,0.6644500294591751,0.6644491427449997,0.9999986654915555,1.0,1.0,1.2931000584966066e-48
2078,-103.77472466282691,-307.8280114975061,-103.77471791250576,-307.8395785824832,-103.77464556133685,-103.81206575447938,-306.88182862168605,-307.82693358181757,-307.8270501716767,-307.8280083167938,-307.82692757707224,4.902208252592124e-45,1.0,4.873937952917021e-45,0.9942331499972296,1.0,1.0,1.0,0.9815026691333895,1.0,0.9814993564098677,1.0,7.867789964778451e-45,7.867763409768796e-45,0.623408996713849,0.6233726561895347,0.9999417067695431,1.0,1.0,4.904371153316376e-45
2079,-32.09292023297617,-305.0025597537882,-32.09291799802595,-305.0025588448673,-32.0929131952568,-33.374194965434285,-305.0481720594005,-305.0233342241803,-305.02333075120976,-305.00255688256846,-305.02333006985884,5.475512174804455e-60,1.0,5.475514663208807e-60,1.0,1.0,1.0,1.0,0.526956452738881,1.0,0.5269558638784908,1.0,5.352050007205702e-60,5.35204402642643e-60,1.0,1.0,1.0,0.9896665258276468,1.0,5.41892145261022e-60
2080,-235.7135427227528,-311.2774990690487,-235.71355323370338,-304.878177240625,-235.71318741826542,-235.71762461495388,-311.47930785598635,-305.1248787361378,-311.2839411661959,-311.27752665071637,-305.1248603726568,3.90387015199617e-17,0.999994744538523,9.573934303421254e-16,1.0,1.0,1.0,1.0,0.9979611352137661,1.0,0.9979663799876314,1.0,3.5291745824973506e-17,3.529193130035889e-17,1.0,1.0,0.0459808067086147,1.0,1.0,3.890624586926498e-17
2081,-103.24807848450772,-306.4307547274553,-103.24807460102382,-306.7283177316735,-103.2480697225511,-104.74074992746534,-306.61698739009637,-306.4283856029739,-303.0122870747434,-306.43073531944987,-306.42837962731323,7.57604323919263e-45,1.0,6.528711221826285e-45,0.8617573865011512,1.0,1.0,1.0,0.4741006104493011,1.0,0.4740996898691511,1.0,6.902438341040471e-45,6.90242493829939e-45,1.0,1.0,1.0,1.0,1.0,4.185538693133514e-44
2082,-101.57267795289444,-301.27427071971874,-101.57267799997712,-301.27426638412135,-101.57267824385099,-101.57353154768468,-300.6179919450316,-301.2713848620654,-299.37536725730865,-301.2742145873946,-301.271384370036,4.3186709666999133e-44,0.9999999764586607,4.3186803287193705e-44,1.0,1.0,0.9999998545217358,1.0,0.9995732936699309,1.0,0.9995733172012254,1.0,5.995967114602984e-44,5.995967255756143e-44,0.7213026550781534,1.0,1.0,1.0,0.9999998780630722,1.1160710111696414e-43
2083,-48.21051171351961,-303.37238143893296,-48.210509997904964,-303.388270592197,-48.21036708759654,-49.60997517844184,-303.15128182522204,-303.3709967576045,-292.68838915631403,-303.38826746221923,-303.37100136542654,3.911145684281719e-56,1.0,3.880196389977692e-56,0.9920868981105961,1.0,1.0,1.0,0.49671853937929555,1.0,0.49671811329067805,1.0,4.3683272338691015e-56,4.368323486687628e-56,0.8959618310481362,1.0,1.0,1.0,1.0,8.170940245018434e-54
2084,-62.4655244980958,-302.0410499721912,-62.465524883122825,-302.04105244599145,-62.46552638216281,-62.51259102597399,-302.6814570668864,-301.9704995954157,-301.97144521634954,-302.04105439524164,-301.5704916812021,9.480596077244682e-53,0.9999998074865076,9.480584350701523e-53,0.9999987631006466,1.0,0.9999990579669419,1.0,0.9767414838592317,1.0,0.9767416718951821,1.0,6.882924568741475e-53,6.882925893797542e-53,1.0,1.0,0.9995273012903236,1.0,0.9999992504802899,9.816361276503046e-53
2085,-70.37436229698372,-303.8050681822708,-70.37437611295485,-303.80507040408895,-70.37447799042451,-70.62371194338385,-303.88994300531874,-303.78978608595355,-303.7897938938311,-303.7824402798521,-303.7897917899884,2.0472282396591742e-51,0.9999930920382951,2.0472259653760464e-51,0.9999988890915492,1.0,0.9999421549526941,1.0,0.8827839167659761,1.0,0.8827900150455935,1.0,1.962166830823124e-51,1.9621803854900972e-51,1.0,1.0,0.9999960960688588,1.0,0.9999490625625251,2.0630424093287243e-51
2086,-54.500114329586495,-305.88354555804176,-54.94436159179213,-306.12287560270374,-54.94436138058228,-54.944353507226936,-306.1899352148262,-305.8755399832138,-296.49076657370625,-306.1581749931162,-306.15818083510607,2.5869110015933563e-55,0.8008163524055059,2.2951529315053685e-55,0.8872175850238899,1.0,0.8008164369756617,1.0,0.8008195895380537,1.0,1.0,1.0,2.2194727597125315e-55,2.771512785728753e-55,1.0,1.0,1.0,1.0,1.0,3.5388695221618085e-53
2087,-92.54704979278793,-306.7036265721537,-92.54704583275404,-306.7036221807525,-92.54694264872987,-92.57883450008627,-306.52977227836556,-306.69348308549934,-306.69348055296695,-306.7036231612493,-306.69348211941633,3.1368244954963057e-47,1.0,3.136831383031291e-47,1.0,1.0,1.0,1.0,0.9842332634721487,1.0,0.9842313146755367,1.0,3.4217021362870364e-47,3.421695361265534e-47,0.921405180967,0.921406347711972,1.0,1.0,1.0,3.152609172160384e-47
2088,-28.08227504960678,-306.94107451064247,-28.082105733792602,-306.9400577887278,-28.08209922037173,-29.0201915876076,-306.84125026913233,-306.9389542835795,-306.7381833267703,-306.9406987501146,-306.93835110481,2.7962827395164478e-61,1.0,2.797704621870993e-61,1.0,1.0,1.0,1.0,0.6256536917654923,1.0,0.62560072747534,1.0,2.9393928983698417e-61,2.939144066051955e-61,0.952322056055321,1.0,1.0,1.0,1.0,3.0945689376877154e-61
2089,-252.04689894779503,-313.89047695741834,-252.04688287149153,-311.8167512572778,-252.0468759861979,-253.17672229563271,-309.97672188886634,-312.2410424652596,-313.86220488396725,-311.81672772439236,-312.2410219073068,3.722525356002888e-14,1.0,1.049884390877334e-13,1.0,1.0,1.0,1.0,0.5684103499990846,1.0,0.5684057810487995,1.0,2.634503497879967e-13,2.6344823214261845e-13,0.32233616472186816,0.1433105252839478,0.444599585676665,1.0,1.0,3.7754774556907926e-14
2090,-144.16956507245422,-306.36936838264614,-144.3414565601044,-306.36937163519497,-144.16957059359856,-144.34025977054645,-304.73551897017904,-306.36852276349936,-305.4898311365116,-306.5002435255833,-306.36852576084,6.0084192422197436e-36,0.9176440177238543,6.008409470889189e-36,0.9999983737269112,1.0,0.9999972394316378,1.0,0.9181932954390869,1.0,1.0,1.0,1.3600225845939835e-35,1.4820808051115682e-35,0.4419750278134408,0.6858090222980949,1.0,1.0,1.0,9.327183338764488e-36
2091,-58.97078638026136,-306.3354824300362,-58.970766719306184,-306.33583034841047,-58.97030332207132,-60.44288476794884,-306.2727514575411,-306.3348494443289,-306.3348604930734,-306.336029616923,-306.33459578986043,1.929473170094456e-54,1.0,1.929137549703184e-54,0.9998260559428992,1.0,1.0,1.0,0.47900262862867626,1.0,0.47899791982721596,1.0,1.990951137391049e-54,1.9909315654867386e-54,0.9694280763409387,0.9694227208741628,0.9999944756430037,1.0,1.0,1.9296071561793524e-54
2092,-48.127190939938075,-302.7579266550456,-48.900156173497194,-303.6366535534091,-48.90014309129221,-48.90006787331424,-303.31560187830235,-302.6463289271498,-303.6351520572905,-303.63664873904736,-303.63665194127975,5.100799795657367e-56,0.6794425361713641,3.2871926443854497e-56,0.6444465135024557,1.0,0.6794469804891669,1.0,0.6794725342836936,1.0,1.0,1.0,3.8595852846096548e-56,5.680517599557708e-56,1.0,0.8523354666112579,0.6099297056646537,1.0,1.0,4.841674948816842e-56
2093,-31.39018712438113,-303.4430209270786,-34.60441360812169,-304.42969568781,-34.60446712875131,-34.475709370032575,-304.1787593246765,-303.3853027816664,-304.4284945849273,-304.4450439330955,-304.4298800295525,8.403839445729522e-60,0.20046547494108843,5.131260281545827e-60,0.610585234842056,1.0,0.20046011049364781,1.0,0.213789985322055,1.0,1.0,1.0,5.817202519858278e-60,2.901847573287977e-59,1.0,0.8826137263207195,0.5935725083485479,1.0,0.9999732400432437,2.561279039590806e-59
2094,-53.179220745662974,-307.0571119132295,-53.17921789380354,-306.582629096149,-53.17921289876122,-56.17186236413983,-306.83997313667976,-307.07363418865714,-306.58165952123886,-307.0731070625275,-307.0736412965109,7.432182995719737e-56,1.0,9.422128631394837e-56,1.0,1.0,1.0,1.0,0.22395261062061153,1.0,0.22395229128015645,1.0,8.28452247696384e-56,8.284510663825364e-56,0.8897359675103051,1.0,1.0,0.9917728917126124,1.0,9.426660483411366e-56
2095,-160.14832517589264,-310.1276748709808,-161.74687222802484,-311.2142424040577,-161.7468710053652,-161.7347931620385,-311.1861523291962,-310.09923951102627,-310.4569952647317,-311.2146413440403,-311.1872339905931,2.706437572603223e-33,0.4496555084960263,1.5720011958428085e-33,0.5808377816491589,1.0,0.4496557833839332,1.0,0.45237943511768575,1.0,1.0,1.0,1.5942357888207646e-33,3.5454603773298256e-33,1.0,1.0,0.8362080135160599,1.0,1.0,5.10513011536417e-33
2096,-171.33405807522976,-302.99594021980477,-171.33406012996508,-302.99594213865595,-171.3340611512956,-171.35707711257123,-301.29258492438163,-302.99675009074,-301.24219007051903,-302.99594142691564,-302.99675055212765,2.570310283605241e-29,0.9999989726328683,2.570307817584963e-29,0.9999990405748689,1.0,0.9999984619682639,1.0,0.9885564624596597,1.0,0.9885574780711204,1.0,6.023715564000224e-29,6.023721752573975e-29,0.4265257310397239,1.0,1.0,0.9995951465076729,0.9999994893348709,6.177435620499817e-29
2097,-148.00690132021248,-304.518090707482,-148.00690063080384,-304.51806921787653,-148.00689839542065,-148.10723864724517,-304.5806086895336,-304.47075775332956,-302.8602405290574,-304.5179345083317,-304.47079576429826,1.0328257249025675e-34,1.0,1.0328368224708575e-34,1.0,1.0,1.0,1.0,0.9510690003303593,1.0,0.9510686724928243,1.0,1.0010400175805842e-34,1.0010396725178244e-34,1.0,1.0,1.0,1.0,1.0,2.366050465952966e-34
2098,-149.14154516636236,-310.1138160820216,-149.6312066061949,-310.29247052489734,-149.63118540723266,-149.63078264147197,-310.8739222416247,-310.2923369432542,-309.0679530469441,-310.8279209917589,-310.84137393466705,1.1099808877824406e-35,0.7828370457467653,1.0151288756568626e-35,0.9145462654631111,1.0,0.7828453434572236,1.0,0.7830030109825937,1.0,1.0,1.0,7.590328037377817e-36,9.69592340911423e-36,1.0,1.0,1.0,0.9146073507994863,1.0,2.3919153219420488e-35
2099,-149.20720812014588,-304.4724513818843,-149.2072073958916,-303.965804288792,-149.20720442303826,-149.39173208572265,-302.6788647878029,-303.9361286727583,-303.9716356089208,-304.4719095629589,-304.47003592193687,1.9256653240871837e-34,1.0,2.480834703336229e-34,1.0,1.0,1.0,1.0,0.9118662249931377,1.0,0.9118658947816903,1.0,4.7212086086262545e-34,4.7212068989488e-34,0.5333209158483949,0.5239361723572216,0.9824031962514649,1.0,1.0,2.4736073947029946e-34
2100,-47.085549222079266,-307.85136521184575,-47.99475315709162,-307.87733034536205,-47.99474424607557,-47.99475240359996,-307.8246070157374,-307.8513354853234,-295.6021291245707,-307.9006891396434,-307.90803124136806,2.373681928076194e-57,0.6347005491195328,2.3430646196444443e-57,0.9871013432467327,1.0,0.6347033770392234,1.0,0.6347007882403635,1.0,1.0,1.0,2.405653046805667e-57,3.7902173712357264e-57,0.9867246701034957,1.0,1.0,1.0,1.0,1.7089900507393156e-54
2101,-114.16762216694633,-308.29938890556105,-114.17256818051993,-308.2993921768275,-114.1722752794007,-114.22265614838952,-308.0578587528098,-308.2885828249438,-303.51442997038026,-308.29938619658907,-308.2885878181315,6.9955597715240976e-43,0.9975300485753205,6.99554832936343e-43,0.9999983643681123,1.0,0.9976761481070889,1.0,0.9728581528510031,1.0,0.9752670150041556,1.0,7.893508444649075e-43,7.913053301925756e-43,0.8910434956225313,1.0,1.0,1.0,1.0,7.671380301422416e-42
2102,-105.00535024755123,-309.32655110251335,-105.00250480127937,-309.3265487027927,-105.00534534373546,-105.05545561506096,-308.820208032097,-309.32027191629595,-303.170895804488,-309.32654886289345,-309.32027152000694,4.2876069519878736e-45,1.0,4.287612096520409e-45,1.0,1.0,1.0,1.0,0.9752585303935107,1.0,0.9738719940813293,1.0,5.5228845790121026e-45,5.515032630243499e-45,0.7787759069366259,1.0,1.0,1.0,0.9985807368798197,9.308880726663831e-44
2103,-155.06949971694632,-307.3759511644878,-155.06949848374921,-307.37594604376574,-155.0694980001748,-155.0735976585726,-306.2973597109972,-307.37490511991484,-306.06740983829746,-307.3759407277338,-307.3749013401101,8.45423448240007e-34,1.0,8.454256128320248e-34,1.0,1.0,1.0,1.0,0.9979531268946029,1.0,0.9979525115583363,1.0,1.4497310721928367e-33,1.4497301782910408e-33,0.5834638957689112,1.0,1.0,1.0,1.0,1.6263726220799495e-33
2104,-109.04769151676305,-300.39788798438644,-109.0476915808793,-300.39788826666035,-109.04769206523021,-109.05400546830481,-300.7216344347092,-300.08491918860693,-296.2913314159799,-300.3978342673172,-300.27731211490817,2.810818359087761e-42,0.9999999679418755,2.810817962377464e-42,0.999999858863059,1.0,0.9999997257664596,1.0,0.9968480022372693,1.0,0.9968480341943478,1.0,2.3907388173631513e-42,2.3907388940057508e-42,1.0,1.0,1.0,1.0,0.9999997578245763,2.1905861082960952e-41
2105,-119.25637772791356,-305.51042991499565,-119.54334584515759,-305.51042424956586,-119.5432876857344,-119.54299220074111,-306.03008816728277,-305.5353686329466,-301.8805774127893,-305.51043313140684,-305.9833413903449,3.592910934526737e-41,0.8663346106446554,3.5929211122334913e-41,1.0,1.0,0.8663598037715807,1.0,0.8664878113878313,1.0,1.0,1.0,2.7707930893700734e-41,3.198294348771669e-41,1.0,1.0,1.0,0.9876080613531054,1.0,2.5465992871486513e-40
2106,-72.92575453678569,-304.33153067159435,-72.92536223817089,-304.33152133896493,-72.92359635774393,-73.00010445698156,-302.7223373931553,-304.32448560661817,-304.32440972488666,-304.3315176343263,-304.3244843895998,5.634743769980152e-51,1.0,5.634770063529233e-51,1.0,1.0,1.0,1.0,0.9635075452267368,1.0,0.9633185724231148,1.0,1.2598129045902613e-50,1.259565817395354e-50,0.4488465959560618,0.4488636259075658,1.0,1.0,1.0,5.648743093738535e-51
2107,-46.22791162923069,-304.5030923512331,-46.567922232599855,-304.50315331190063,-46.56788953684057,-46.567907753913275,-304.78175966698893,-304.55691258661426,-296.1492948689568,-304.51092625087,-304.64025504657815,8.246261446664341e-57,0.8436603437634892,8.246010101693549e-57,0.9999695201307437,1.0,0.8436741359339854,1.0,0.8436664513324454,1.0,1.0,1.0,7.173733868700929e-57,8.503106637322454e-57,1.0,1.0,1.0,0.9734487334125422,1.0,6.369222773843029e-55
2108,-66.76373336942417,-306.02323573371325,-66.94193216767819,-305.9835702243074,-66.94193179700537,-66.94192342570776,-306.22054629260754,-306.0277392945299,-296.3929174398768,-306.22054939613446,-306.23818049242317,1.1103481930264433e-52,0.9147546432423643,1.1325892783508288e-52,1.0,1.0,0.9147548127797227,1.0,0.914758641630125,1.0,1.0,1.0,1.00603652089857e-52,1.0997883731233806e-52,1.0,1.0,1.0,0.9977507529472974,1.0,1.4974472548744306e-50
2109,-28.478260295803565,-302.2472120225884,-28.478215040526635,-302.29648668662554,-28.47820459219959,-28.480720329321073,-301.82683555925587,-302.1615810750077,-302.16158142817017,-302.296481268161,-302.1615820394169,3.563095595242062e-60,1.0,3.4763829957545135e-60,0.9756636898534766,1.0,1.0,1.0,0.9987707394017976,1.0,0.9987481398342852,1.0,4.3965403516124486e-60,4.396440869412328e-60,0.8458842425492219,0.8458840931819479,0.999999823418777,1.0,1.0,3.7188599700675913e-60
2110,-53.82798143151763,-301.55345462840125,-53.8279149100661,-301.5534437415928,-53.827977059617865,-54.17859152900999,-300.8662123681721,-301.2458313933711,-301.245759104977,-301.5534444335632,-301.2458304402698,1.6110053469852425e-54,1.0,1.61101411636244e-54,1.0,1.0,1.0,1.0,0.8392009845113032,1.0,0.8391730725416846,1.0,2.271588924455215e-54,2.27151337101545e-54,0.8271166742433671,0.8271465702516845,1.0,1.0,0.9999689257069327,1.8789328806272394e-54
2111,-95.10852199134824,-305.17833904811823,-95.10838602097687,-305.17833967280666,-95.10849975836383,-95.15766608095007,-303.8008330312023,-305.17467817701726,-301.3920239037743,-305.17833803023825,-305.17467715419025,2.420576534862719e-46,1.0,2.420575778809771e-46,0.999999687655836,1.0,1.0,1.0,0.9757273903005338,1.0,0.9756610575475719,1.0,4.8199268798849905e-46,4.819599207399544e-46,0.5031220103907343,1.0,1.0,1.0,0.9999431329235094,1.6073182581217442e-45
2112,-155.33280623035733,-302.07759348456386,-157.10649448762484,-303.0186367622172,-157.10580961047478,-157.09424912242525,-302.4228217700132,-302.0709778895778,-302.53493525010106,-302.5327854893839,-303.0191230719317,1.3638742303833813e-32,0.4119537766046868,8.519799458875722e-33,0.6246763278517831,1.0,0.412094869625394,1.0,0.414483776113054,1.0,1.0,1.0,1.1476486602545002e-32,2.7858675546401876e-32,1.0,0.9454854874802975,0.7929630288907933,1.0,1.0,2.6330955150769065e-32
2113,-64.32019609446766,-305.4259718917976,-64.32019495189772,-305.42595929558246,-64.31992755643634,-64.54239712327248,-305.0846377295956,-305.3531900287325,-305.3531880500671,-305.4259411288139,-305.3531920643852,4.4110909067799e-53,1.0,4.411118688392405e-53,1.0,1.0,1.0,1.0,0.8948487992161862,1.0,0.8948482880026616,1.0,5.231976440176791e-53,5.231973451228105e-53,0.8743485802788539,0.8743494453009275,1.0,1.0,1.0,4.573961515753788e-53
2114,-61.129723380756445,-311.2436453855183,-61.12971072655654,-311.0085081851187,-61.129705729008236,-64.97458927862806,-310.14462765000314,-311.2436381146113,-310.17827842139127,-311.2436418965149,-311.24363767916077,4.880360608364453e-55,1.0,5.4892284729825385e-55,1.0,1.0,1.0,1.0,0.14625070842711654,1.0,0.14624978308719347,1.0,8.454746334347151e-55,8.45469284049124e-55,0.5772353371377104,0.9833153705760137,1.0,1.0,1.0,8.31360864969762e-55
2115,-79.61276366175258,-304.8305426437221,-79.61275977197924,-304.8305305893971,-79.61275495079326,-80.89860474374262,-304.32700911423694,-303.84999851219493,-304.79481262768775,-304.82316146405253,-304.7948467763022,1.243313590271682e-49,1.0,1.2433210839473187e-49,1.0,1.0,1.0,1.0,0.5257546915007463,1.0,0.5257536689684496,1.0,1.5992692888592096e-49,1.5992661784647139e-49,1.0,0.7914395656909041,0.6234996608881919,1.0,1.0,1.2657194785700779e-49
2116,-156.92486045493956,-306.4885266839892,-156.92484179768553,-306.4885251075474,-156.92486185285173,-156.9395821251301,-304.1642439000057,-306.48794552465864,-306.27534616105464,-306.48852603100045,-306.4879462683322,3.3316742461983957e-33,1.0,3.331676872294746e-33,1.0,1.0,0.9999993010441584,1.0,0.9926661895028567,1.0,0.9926569293334161,1.0,1.0650601253296183e-32,1.0650501898273064e-32,0.3129065133881951,0.3480005807022377,1.0,1.0,0.9999899724671744,3.706418011597567e-33
2117,-53.7244795353824,-306.2326784133893,-53.72415008943051,-306.2326822759692,-53.724479053459305,-53.72560424849067,-306.29963096932227,-306.20456542446675,-306.2045694959546,-306.2326762111266,-306.2045675481691,1.4741487074242336e-55,1.0,1.474145860418407e-55,0.999998068711921,1.0,1.0,1.0,0.9994378015386766,1.0,0.9992731847281923,1.0,1.4256165655228617e-55,1.4253817530596742e-55,1.0,1.0,0.9999979642581396,1.0,0.9998355315120269,1.4950129864967997e-55
2118,-146.28380658215787,-302.3139475213531,-146.28358534038307,-302.3139352289543,-146.28381413321935,-146.39689583984926,-301.7352268582228,-302.3279908406088,-299.315876348138,-302.31393823749283,-302.3296385373061,1.313667300714838e-34,1.0,1.3136753748008433e-34,1.0,1.0,0.9999962244763841,1.0,0.9450243082099808,1.0,0.9449197745643031,1.0,1.7544984345023676e-34,1.7543043610631066e-34,0.7435033620320282,1.0,1.0,0.9930029346262984,0.9998856101248799,5.881795393520984e-34
2119,-35.97836948107812,-305.5563184079141,-35.9783143039206,-305.55632156103695,-35.97836664456989,-36.00951493042024,-305.48339191175734,-305.50606475341175,-305.5060687105788,-305.55631974540455,-305.5060690745409,2.8966242963368465e-59,1.0,2.8966197296343372e-59,0.999998423439812,1.0,1.0,1.0,0.9845479032256884,1.0,0.984520741322998,1.0,3.0041938766272717e-59,3.004110996331237e-59,0.9887275942623638,0.988725637984169,0.9999980214184311,1.0,0.9999738300177948,2.9703192946258347e-59
2120,-17.851162141736694,-302.08648344273195,-17.883495747331054,-302.0863693331338,-17.851164261143595,-17.88348573037517,-302.0466585016956,-301.8940156369744,-301.8940215442968,-302.12988112761843,-301.89401925199536,1.9014468856613172e-62,0.9839631785555298,1.9015553754262272e-62,1.0,1.0,0.9999989402971111,1.0,0.9839681067257464,1.0,1.0,1.0,1.9396888733487187e-62,1.9713022962873754e-62,1.0,1.0,0.9999970463431815,1.0,1.0,2.0935205531986897e-62
2121,-62.90442502488138,-302.2083427571479,-63.607796127744976,-302.20834329441317,-63.60778839981276,-63.6077185319476,-302.21780726274824,-302.186365904888,-301.84282613627676,-302.2219481629015,-302.18991807501385,1.0859617170520718e-52,0.7035013021768164,1.0859614253273393e-52,0.9999997313673893,1.0,0.703504020487256,1.0,0.703528597078555,1.0,1.0,1.0,1.0808348121484527e-52,1.5363650483716957e-52,1.0,1.0,1.0,1.0,1.0,1.853185346616547e-52
2122,-46.89203800184289,-304.9408255648538,-46.89204033752229,-305.0932037912895,-46.89204155685,-46.92292155634817,-305.10039060485445,-305.10243465846145,-305.10243689637133,-305.0932041290278,-305.10243677223957,9.2345927963066e-57,0.9999988321609832,8.557151841045443e-57,0.9266409499363981,1.0,0.9999982224980238,1.0,0.9846768356734277,1.0,0.9846779856187983,1.0,8.526457694885946e-57,8.526467652427748e-57,0.9989784952880175,0.9989773774767194,0.9999988810456849,0.9223739547650462,0.9999993903363287,8.517753487527162e-57
2123,-67.60595120811558,-301.665774642741,-67.6057022488724,-301.59668561298975,-67.60594680162322,-68.08469474256921,-300.714052865994,-301.6890271135221,-301.64621772666703,-301.665442453691,-301.68902608433075,1.4947037480755556e-51,1.0,1.5472397551066878e-51,1.0,1.0,1.0,1.0,0.7871222017334221,1.0,0.7870242271576509,1.0,2.4055748882288695e-51,2.4052754618137256e-51,0.6141677843421254,0.6274555605425745,1.0,0.9884410881251822,0.9998777311000441,1.5093880143637402e-51
2124,-64.53016237545484,-304.29811420653533,-64.53016113172353,-304.65648030031906,-64.53015849381698,-64.69305193799298,-304.12850622682055,-304.6581434517595,-304.65812860692074,-304.65639704099186,-304.65813958960223,8.610944523209715e-53,1.0,7.198343760182489e-53,0.8359528668173775,1.0,1.0,1.0,0.9217836081696391,1.0,0.9217830349442526,1.0,9.373044870881875e-53,9.373039042109e-53,0.7673451241903826,0.7673508197688352,1.0,0.8352579976682895,1.0,7.192399706242281e-53
2125,-109.47227780861701,-303.89692641648526,-109.47456156821468,-303.89692882275256,-109.47456210199735,-109.48016236071689,-304.45394532822235,-303.87066050174104,-303.59196256116235,-303.8969187222346,-303.8706641262923,6.042601884746626e-43,0.9988587718978239,6.04259461469333e-43,0.9999987968670742,1.0,0.9988585053111094,1.0,0.9960654845188355,1.0,0.9972035212008189,1.0,4.573712502676065e-43,4.578938115531585e-43,1.0,1.0,1.0,1.0,0.9999997331087017,7.045990764408098e-43
2126,-50.8912969434914,-303.11456216866634,-50.892905998514706,-303.1132800891846,-50.892740507548936,-50.89387009978816,-302.1504195907204,-303.09339561482267,-303.09332931396324,-303.1145457016545,-303.0933951751912,1.6998627322810666e-55,0.9991957960338312,1.7009527611850506e-55,1.0,1.0,0.9992784783932195,1.0,0.9987142491384571,1.0,0.9995180655310145,1.0,2.7528005933850366e-55,2.7550161883305953e-55,0.6240729489661511,0.6240936375954995,1.0,1.0,1.0,1.7192458088991958e-55
2127,-189.833795400545,-308.16599405323956,-189.83379169861695,-292.80591474563494,-189.83378678575582,-190.89459099205894,-304.33151731755663,-308.16596741431295,-307.4809175583289,-308.16668348276033,-308.16596232750675,2.0159954464433307e-26,1.0,4.364036650541324e-23,1.0,1.0,1.0,1.0,0.588370871683568,1.0,0.5883697826312587,1.0,1.371309834068652e-25,1.3713072958258275e-25,0.14701435434310592,0.2070696393349153,1.0,1.0,1.0,2.839554096463887e-26
2128,-112.81602524100362,-304.46837567470857,-112.93925594881102,-304.4683400029301,-112.8160289265866,-112.93853352671474,-303.6496264504958,-304.4613589456212,-301.39741921649517,-304.46831525673855,-304.46136044610085,2.416689646131757e-42,0.9402444786124513,2.416732750324965e-42,1.0,1.0,0.999998157210207,1.0,0.9405841666519257,1.0,1.0,1.0,3.639234295000397e-42,3.870519187063887e-42,0.666399293994093,1.0,1.0,1.0,1.0,1.1222029440583708e-41
2129,-82.17500229086085,-304.67928029622976,-82.17500666997907,-304.67929467629006,-82.17489388704736,-82.18095558919896,-304.9183510163849,-304.61576985064823,-295.82784656560887,-304.66477339484163,-304.6768637950689,4.8284743781104786e-49,0.9999978104432853,4.8284396613589406e-49,0.9999928099957018,1.0,1.0,1.0,0.9970277766586134,1.0,0.9970299597122565,1.0,4.284462874193575e-49,4.284472255288538e-49,1.0,1.0,1.0,1.0,1.0,4.0350675049746595e-47
2130,-239.5748593468081,-309.0527877635155,-239.5748738346144,-309.23762227972816,-239.57487653860787,-239.74676219718395,-307.95081067931363,-306.10541254673376,-309.09531610044905,-305.1215433979528,-309.2481842502611,8.185769988753562e-16,0.9999927561230815,7.463168242510306e-16,0.9117246456672949,1.0,0.9999914041370594,1.0,0.917638804270045,1.0,0.9176454515807511,1.0,1.4202042916975885e-15,1.4202145795572031e-15,1.0,0.5642529074279348,0.22425941896366977,1.0,0.9999986480041843,8.01361289123802e-16
2131,-116.94106157950597,-305.3790993745565,-120.7259393263878,-306.680738848584,-120.72593838482575,-120.26546572133974,-306.5692202887809,-305.36285893419097,-300.8961155921281,-306.6804621128997,-306.6805405466162,1.2055910145766637e-41,0.15070381274448266,6.288579881473003e-42,0.5216180118662541,1.0,0.15070388369299476,1.0,0.18972074124808813,1.0,1.0,1.0,6.649186731091023e-42,4.4120892564042954e-41,1.0,1.0,1.0,1.0,1.0,7.525634425447098e-40
2132,-14.077740327792,-303.42588336135384,-14.077708133745446,-303.42588085183354,-14.077735058906057,-14.570823784932486,-303.2956586107883,-303.35769541801227,-303.35768891249535,-303.4258792583951,-303.3576989307339,1.4751937570018827e-63,1.0,1.4751956080173642e-63,1.0,1.0,1.0,1.0,0.7814987500311081,1.0,0.7814861703287862,1.0,1.574443249064304e-63,1.574417905418622e-63,0.9694577313879168,0.9694608848048836,1.0,1.0,0.9999865375103145,1.5263571242068506e-63
2133,-143.47084628700495,-305.41876279155736,-143.47084456689493,-305.29432292136676,-143.47084039988653,-144.0268968559073,-304.42045268321067,-305.4163858881104,-304.7131319188456,-305.4187143716176,-305.4163849262675,6.814857093408209e-36,1.0,7.252346202151829e-36,1.0,1.0,1.0,1.0,0.7572776739218963,1.0,0.7572770226217185,1.0,1.122631021417133e-35,1.1226300558931144e-35,0.6077652324333567,0.8638642696619921,1.0,1.0,1.0,9.697979727544591e-36
2134,-182.84327812895577,-308.37202930539144,-182.84326377934678,-307.56307916333435,-182.84325876591586,-184.91209085247849,-308.28902398117657,-307.56288776626315,-307.3632701161187,-307.5630656383785,-307.5628703816549,5.517953316926186e-28,1.0,8.268739562883266e-28,1.0,1.0,1.0,1.0,0.3554373194924489,1.0,0.3554347693083201,1.0,5.751781757753762e-28,5.751740489992215e-28,1.0,1.0,1.0,1.0,1.0,9.137409572603725e-28
2135,-171.71905128627026,-305.39765587174224,-171.71904984951098,-305.3976552025505,-171.7190446133061,-173.27300133416196,-305.0187992902832,-305.3610439070232,-305.82114084136595,-305.82188466778393,-305.8216615991747,9.376911993966219e-30,1.0,9.376915131442903e-30,1.0,1.0,1.0,1.0,0.45979477794642665,1.0,0.45979444763933897,1.0,1.1332546281820907e-29,1.1332538140753304e-29,0.8427184956425353,0.6695357109506068,0.7944950946402519,1.0,1.0,7.587519116015812e-30
2136,-83.79454341394108,-307.01993155037576,-84.28842846163893,-307.01994843998125,-84.28842711681362,-84.28839368710705,-307.5454604530137,-307.020549994053,-301.1610421549399,-307.593520130254,-307.5935167082495,3.3668429274302613e-49,0.7811855917821678,3.3668144952258966e-49,0.9999915552329122,1.0,0.7811861170614212,1.0,0.7811991745818854,1.0,1.0,1.0,2.5888429467099555e-49,3.313992185651916e-49,1.0,1.0,1.0,0.9996908259655252,1.0,8.066961913332416e-48
2137,-35.209780607548126,-304.35749598482715,-35.20934550722238,-304.3574976637649,-35.20978272755882,-35.240947836988255,-304.6578352160825,-304.26544770145523,-304.2654548650666,-304.33563785139035,-304.2279613761342,3.5918335059274015e-59,1.0,3.5918304906962227e-59,0.9999991605314846,1.0,0.999998939995216,1.0,0.9845371815091549,1.0,0.9843230185813979,1.0,3.090995422947995e-59,3.090323049530501e-59,1.0,1.0,0.9999964182007288,1.0,0.9997814137252432,3.760998263947658e-59
2138,-80.18256844782279,-308.3478963105752,-80.1825811930133,-308.3354985731642,-80.18257711435021,-80.73072608410294,-308.346525490591,-308.34909178518444,-308.3537985528768,-308.3572719204561,-308.3591433986123,2.84792516914615e-50,0.9999936274250464,2.865633913737838e-50,1.0,1.0,0.9999956667456781,1.0,0.7602721496625131,1.0,0.7602769945846466,1.0,2.8498778346256525e-50,2.849895995801488e-50,0.9987176755847634,0.9963700730286097,0.9976493831905205,0.9994024413047373,1.0,2.839545290680469e-50
2139,-101.79183225716662,-305.61661011163534,-101.79180903811483,-305.6532184955743,-101.79133593895345,-102.92121252490928,-305.51980812398733,-305.6552999046694,-305.64656712447277,-305.65528545222503,-305.6550104973445,5.495558703084465e-45,1.0,5.395881975568585e-45,0.9818623122959353,1.0,1.0,1.0,0.5685362896048479,1.0,0.5685296892063871,1.0,5.768091431248266e-45,5.76802446683016e-45,0.934497908353501,0.938587212017941,1.0,0.9808410152488943,1.0,5.4125135239264723e-45
2140,-50.98609834731981,-306.1589366745212,-52.45709890459639,-306.482453770464,-52.45711087472674,-52.457097523980096,-306.3167114220105,-306.1168018706923,-294.99157908615075,-306.482412790182,-306.48243534147457,3.889754495981493e-56,0.479265632631825,3.308806320484183e-56,0.8506465700862385,1.0,0.47926276420436265,1.0,0.4792659634729106,1.0,1.0,1.0,3.5946932846225658e-56,7.500419474859495e-56,1.0,1.0,1.0,1.0,0.9999940149527381,2.159282138071694e-53
2141,-89.83338090073057,-304.73050177726435,-89.84155846107004,-304.7301441801503,-89.84155480457133,-90.22346199025242,-303.81757411911667,-304.7687804046302,-304.7687562083987,-304.762040110572,-304.74007081498956,2.1661229973641797e-47,0.9959195675107549,2.1665103316567772e-47,1.0,1.0,0.995921388301724,1.0,0.8228012970978403,1.0,0.8261724379553923,1.0,3.419186856430163e-47,3.433195780032964e-47,0.6215100840899745,0.621517603236393,1.0,0.9810426800533101,1.0,2.1337877115478185e-47
2142,-19.716712024019046,-301.94757852062713,-20.567307593784037,-302.31043572823705,-20.56730110435113,-20.567290820091614,-302.4089508011106,-301.8866033565563,-301.91433039550765,-302.3244707136081,-301.9043052093285,5.180194051901631e-62,0.6535751313551174,4.320684822942944e-62,0.8340777931585079,1.0,0.6535772520245399,1.0,0.6535806128122177,1.0,1.0,1.0,4.113015168100511e-62,6.293102308793049e-62,1.0,1.0,0.9862321365571407,1.0,1.0,8.05877145572426e-62
2143,-100.39401017116484,-308.89043113363715,-100.94024134963396,-308.8904477861069,-100.94023947415077,-100.94017766431686,-309.144182520903,-308.88821547818685,-302.7300935694267,-309.24919057334745,-309.2326566866024,5.315907798176198e-46,0.7610048185804155,5.3158635368636025e-46,0.9999916737997864,1.0,0.7610055322066235,1.0,0.7610290513828254,1.0,1.0,1.0,4.6824810243052146e-46,6.153024146469818e-46,1.0,1.0,1.0,1.0,1.0,1.5201622067019604e-44
2144,-44.832026985173215,-304.46742078970976,-46.67872112773962,-305.5421802796972,-46.67872252546928,-46.67738139840745,-305.25241065658923,-304.4309838528705,-305.5400968750961,-305.542176630893,-305.5420827633608,4.1772510990355237e-57,0.3971873992395657,2.4406725910716646e-57,0.5842772036459997,1.0,0.39718712165935816,1.0,0.3974535501767333,1.0,1.0,1.0,2.8211891062413864e-57,7.102916939567096e-57,1.0,0.8660236084917923,0.5743269123280302,1.0,0.9999993011354134,6.151298057745965e-57
2145,-126.40918143065642,-301.13259828220134,-126.40918147534357,-301.13259735251535,-126.40918181693641,-126.41007532485031,-301.4206481205772,-301.08453891905333,-299.09576307398663,-301.1325564338858,-300.96955119217483,1.1462836583060033e-38,0.9999999776564226,1.1462841911480613e-38,1.0,1.0,0.9999998068600222,1.0,0.9995531527690281,1.0,0.9995531751026219,1.0,9.925282422216967e-39,9.925282643983337e-39,1.0,1.0,1.0,1.0,0.9999998292035958,3.1738422026229593e-38
2146,-236.30635651857426,-305.9911229061916,-236.30635560058866,-305.9911200452169,-236.3063530283503,-232.37937782736515,-302.2094834106756,-304.81349010377386,-305.8303369280445,-301.01344544211423,-304.81347906183066,7.381510512031561e-16,1.0,7.38152107119647e-16,1.0,1.0,1.0,1.0,1.0,1.0,1.0,1.0,4.890100956917255e-15,4.890098712396645e-15,0.2719863639310844,0.16358431087904557,0.6014430595516707,1.0,1.0,7.999423991759817e-16
2147,-107.66926382870494,-306.8083711344512,-107.66924579844967,-306.80854414186734,-107.66924157760391,-108.29135431048304,-306.0610125275958,-306.80824452318836,-306.8085376440725,-306.80813109613496,-306.8082632951025,5.721267883964172e-44,1.0,5.720772994482456e-44,0.9999135000332622,1.0,1.0,1.0,0.7326807279919936,1.0,0.7326741228114859,1.0,8.313408907769406e-44,8.313333961664791e-44,0.6882411472094587,0.6881402856740149,0.9998534502973953,1.0,1.0,5.720727934115713e-44
2148,-65.87100121636202,-305.2002339182353,-66.01654812807752,-305.200235960963,-66.01651071223466,-66.01644594989,-305.79040182723674,-305.17256108113105,-305.1725667487262,-305.2002315878102,-305.544520443169,1.0723027992532677e-52,0.92981144950487,1.0723017040425078e-52,0.9999989786366641,1.0,0.9298288445071211,1.0,0.929858953942661,1.0,1.0,1.0,7.98296281992986e-53,8.585571649156227e-53,1.0,1.0,0.9999971662064489,1.0,1.0,1.1692901057532308e-52
2149,-177.43760458494432,-308.1492157393295,-177.4375366556431,-307.54340640702736,-177.4375319087852,-178.6007588010899,-308.0867421325387,-307.5431834094684,-298.2538992094307,-307.5434485407933,-307.54313735953536,4.1336554800794974e-29,1.0,5.596082423993492e-29,1.0,1.0,1.0,1.0,0.5590160422748105,1.0,0.5589970558126844,1.0,4.264815508989311e-29,4.264670658480518e-29,1.0,1.0,1.0,1.0,1.0,5.821825431071132e-27
2150,-124.14477666819224,-304.26539659495796,-124.1447776825884,-304.26539518973084,-124.14477969615704,-124.23456430225707,-302.464217321075,-304.2668372183787,-302.80735318269274,-304.2653912781093,-304.2668374216498,7.714438912804088e-40,0.9999994928020478,7.714444333075399e-40,1.0,1.0,0.9999984860187418,1.0,0.9560989978722647,1.0,0.9560994828039645,1.0,1.8985649291204833e-39,1.8985658920692402e-39,0.40603742304041823,0.8423430450320556,1.0,0.9992799476518212,0.9999989932161834,1.5992453848139873e-39
2151,-37.496192660867194,-303.85460566479446,-37.681971937928424,-303.90278338653485,-37.68197603083941,-37.68196978378319,-303.5637779385765,-303.77475169399764,-292.140067008682,-303.9187996670311,-303.91874325316064,1.4487902410666967e-58,0.9112940664989425,1.4143075266085133e-58,0.9761989600145685,1.0,0.9112922015781034,1.0,0.9112950480293569,1.0,1.0,1.0,1.6755521534379674e-58,1.8386514463714377e-58,0.899886281337539,1.0,1.0,1.0,0.9999979535466018,5.56067619539949e-56
2152,-21.380489087061918,-303.7768456872727,-21.758668296909136,-303.9744339627106,-21.75866798411832,-21.758663716565394,-303.5317362096493,-303.6638699760879,-303.97272864521995,-303.97445486914285,-303.9744050094494,4.768813183851468e-62,0.8277123362711039,4.320207043339365e-62,0.9059291854771669,1.0,0.827712465721523,1.0,0.8277142318767842,1.0,1.0,1.0,5.390575787405507e-62,6.512619845308247e-62,0.9360682549395167,0.8021206726484722,0.8569040434987303,1.0,1.0,5.223906194027494e-62
2153,-51.40854466982432,-305.91203556669313,-51.40817392203056,-305.91202475480776,-51.4085382443688,-52.328563537979875,-305.61475578569383,-305.86033145018786,-305.860319942037,-305.9120318686465,-305.860325158214,5.435870966891003e-56,1.0,5.435900352977325e-56,1.0,1.0,1.0,1.0,0.6312776899560082,1.0,0.6311606783963852,1.0,6.306996985571913e-56,6.305827941321523e-56,0.8844512946991949,0.8844563839133017,1.0,1.0,0.999817855421217,5.578245825796999e-56
2154,-98.44519178901974,-306.63114280510035,-99.75906631229039,-307.2197893218774,-99.75831942991665,-99.7505940993815,-307.2115586111359,-306.7572716215573,-296.2936065254238,-307.16804043814255,-307.4665470818163,6.208620749117571e-46,0.5184367415068192,4.6256435688118124e-46,0.745035613500671,1.0,0.5186303832935414,1.0,0.5206375528783088,1.0,1.0,1.0,4.644718960000673e-46,8.959085242494376e-46,1.0,1.0,1.0,0.9388829999508699,1.0,2.103316639464549e-43
2155,-53.404670775932956,-303.0196231388655,-54.6779318626283,-303.5786889047546,-54.6766996981993,-54.677781302881385,-303.8340230294808,-302.94377725572417,-294.5914404755722,-303.57869529241225,-303.5786678141712,6.2632795218167176e-55,0.5290721096118869,4.735896532222743e-55,0.756136863399811,1.0,0.5293981619560182,1.0,0.529111939592527,1.0,1.0,1.0,4.1682821141563766e-55,7.878476371045354e-55,1.0,1.0,1.0,1.0,1.0,8.001584143368743e-53
2156,-84.09362071389256,-304.23502295669465,-84.78741773774252,-306.004950853395,-84.7873186073831,-84.78690047279517,-305.68331413182506,-304.2203538605378,-305.99960141206566,-304.2350391107467,-306.00494345406105,1.5736273088382464e-48,0.706877064210041,6.494817082815658e-49,0.41272905257411796,1.0,0.7069121015670694,1.0,0.70705990921755,1.0,1.0,1.0,7.627978336539862e-49,1.0791096108153364e-48,1.0,0.8537271436911804,0.4108102804659224,1.0,1.0,9.212195042292061e-49
2157,-190.0016936509267,-305.5074141588592,-191.79862697974224,-308.3568736369557,-191.7972651648754,-191.76751656763028,-308.3509481273981,-305.50589547858993,-306.8009815939163,-308.35687084314924,-308.35685660793587,8.284217212190674e-26,0.40719354566161126,1.992962897860225e-26,0.24057347203879229,1.0,0.4074709011896974,1.0,0.41357704477662716,1.0,1.0,1.0,1.9988763138849952e-26,4.908909620945005e-26,1.0,1.0,0.5233299901047501,1.0,1.0,1.0647809639227338e-25
2158,-37.486551987609985,-302.8374895289274,-37.85128398972593,-303.5354036738331,-37.851411794037304,-37.85138407397356,-303.1958915286298,-302.7224940886521,-303.53386266568464,-303.53537201982147,-302.72249866023213,2.397596130218265e-58,0.8332962972696789,1.6913204420974613e-58,0.7054234117167544,1.0,0.8332430495412971,1.0,0.8332545983965534,1.0,0.999949959128269,1.0,2.0042413761393194e-58,2.405196546182047e-58,1.0,0.844521090981049,0.6665205624067867,1.0,0.9999360998860114,2.0313690159171958e-58
2159,-57.60075285668597,-302.44368288528113,-62.2506713735191,-302.9695264344953,-62.25067135686456,-61.002886237449175,-302.7245927430753,-302.48210462846015,-302.6830769339151,-302.6822508354703,-303.05715141070215,6.808215245878178e-54,0.09778742798484999,5.234169734389124e-54,0.7688020348002298,1.0,0.09778742879915238,1.0,0.18248876118905447,1.0,1.0,1.0,5.916085981611e-54,6.049945380021172e-53,1.0,1.0,0.9043976357665884,0.9809724812045313,1.0,6.176842015642472e-53
2160,-172.63447726963466,-311.4868042704128,-173.7208374834856,-312.780993774532,-173.72083326208877,-173.72073141080955,-312.7817985161089,-311.45053277313355,-312.07120707797253,-312.78101039636914,-312.7809750043244,7.056677858179744e-31,0.5808979941895565,3.694627104513828e-31,0.5235646544685671,1.0,0.5808992202913277,1.0,0.5809288037089424,1.0,1.0,1.0,3.69314079353696e-31,6.357640808674962e-31,1.0,1.0,0.7331997144898452,1.0,1.0,9.06980690852609e-31
2161,-19.1505388682655,-303.9536350099793,-19.150359407304165,-303.94335069837905,-19.150556969640064,-19.7429603283733,-302.9628319934699,-303.9064899703279,-303.9064911489929,-303.95363717644744,-303.8997512911931,1.4315069416722436e-62,1.0,1.4388869316627777e-62,1.0,1.0,0.999990949353675,1.0,0.7436307061689647,1.0,0.743563982821865,1.0,2.349327702135791e-62,2.3491169052894033e-62,0.6238601911072401,0.6238598234462618,0.9999994106676726,1.0,0.9999012237107495,1.4656644306822636e-62
2162,-66.88884763097877,-305.4851588970007,-68.31231913691639,-305.88954538905716,-68.31235388819813,-68.31226924389927,-305.6646927555233,-305.424069959202,-296.3021733200234,-305.8895994938014,-305.8895974428633,1.5469251751034995e-52,0.4907915647795501,1.2637404780570351e-52,0.8169370428485498,1.0,0.49078303703566506,1.0,0.49080380846824023,1.0,1.0,1.0,1.4141127086961714e-52,2.8812897575599912e-52,1.0,1.0,1.0,1.0,0.9999826245100828,3.10913618561739e-50
2163,-51.700086146293216,-302.94837374361373,-52.338506635827216,-302.4871796640015,-52.33850153626099,-52.338455897697116,-302.80200451370797,-302.9138448533986,-303.0123264583704,-302.4871715384826,-303.167833991842,2.7677544291088137e-55,0.7267227435897008,3.485576158568083e-55,1.0,1.0,0.7267245965774415,1.0,0.7267411801001133,1.0,1.0,1.0,2.9779076736136952e-55,4.097721861440777e-55,0.9456146214388531,0.9001796069130305,0.9519518697197296,1.0,1.0,3.688676249134259e-55
2164,-73.01764077842834,-303.87383532752614,-73.01764090047124,-303.87383950675394,-73.0176410742133,-73.01820667395404,-304.3215020064163,-303.81248644132336,-303.81249129265626,-303.8738401789854,-303.81249272339755,7.416761216443867e-51,0.9999999389785562,7.41674571829262e-51,0.9999979103882827,1.0,0.9999998521075323,1.0,0.999717092263095,1.0,0.9997171532672791,1.0,5.929317589325926e-51,5.929317951141397e-51,1.0,1.0,0.9999975743364903,1.0,0.9999999131289707,7.647774064023953e-51
2165,-32.835231597937536,-304.80170614732884,-33.040643890701546,-305.47736003448426,-33.04064283975842,-33.04063555795008,-305.321511314955,-305.08918915224194,-305.47583279743657,-305.1271435737444,-305.47734995963714,8.774662481338785e-60,0.9023921057096895,6.259131023689732e-60,0.7133187216033897,1.0,0.9023925798912045,1.0,0.9023958654220913,1.0,1.0,1.0,6.766376543624426e-60,7.498266552656793e-60,1.0,0.9257410368834056,0.824216679899884,0.8661116068472089,1.0,6.941449405749253e-60
2166,-89.7335197066447,-302.86200995534523,-89.73351874813316,-302.44958772972814,-89.73351422547067,-90.57026277102679,-302.13592601507196,-302.39670634285426,-298.2993489369711,-302.44957966837063,-302.3967048824083,5.2448898798719e-47,1.0,6.446035941611519e-47,1.0,1.0,1.0,1.0,0.6581176710968718,1.0,0.6581173556902579,1.0,7.540558240693685e-47,7.540554626838568e-47,0.8777528966170361,1.0,1.0,1.0,1.0,5.1345742162407454e-46
2167,-11.077779802053385,-302.7302008866897,-11.077775791010822,-302.73020002392826,-11.076784793227162,-11.317207403509201,-302.6110578585379,-302.6979385623808,-302.70855819578634,-302.73020172683846,-302.67614780391517,4.661025131760952e-64,1.0,4.661027142437773e-64,1.0,1.0,1.0,1.0,0.8871743090278519,1.0,0.8871725297826789,1.0,4.9471266009454415e-64,4.94711667938771e-64,0.9574896648064178,0.9524190441381338,0.9947042554560532,1.0,1.0,4.709394061265028e-64
2168,-112.70981976686767,-305.0720901411586,-114.22404242483935,-306.52121190884577,-114.22398114534482,-114.22271999038959,-305.911684604376,-305.0691924256481,-301.41214028539366,-306.5212052876633,-306.5212124902619,1.6945864327854718e-42,0.4690193145446556,8.210903184901764e-43,0.4845372903998283,1.0,0.46903368539807455,1.0,0.46932954074638544,1.0,1.0,1.0,1.113648416369013e-42,2.3744190949794424e-42,1.0,1.0,1.0,1.0,1.0,2.2522038883155412e-41
2169,-108.76638591169967,-304.4999256313026,-109.07823737669548,-304.88816310329355,-109.07723808321445,-109.07637657838194,-304.71975487634717,-304.49819729471426,-302.48610849710724,-304.4999247775736,-304.8513931697736,3.1405223479724195e-43,0.8556227329745272,2.5864089373670495e-43,0.823560112233204,1.0,0.8560503489037248,1.0,0.85641917409042,1.0,1.0,1.0,2.8136273321256728e-43,3.2883971214091486e-43,1.0,1.0,1.0,1.0,1.0,1.0041472750448416e-42
2170,-155.05150525929557,-309.91574517726076,-155.28996367320147,-309.915835299373,-155.05156623631345,-155.28986412788137,-310.86806045307804,-309.9156865000346,-310.8382254850217,-310.88087675738024,-309.9157775643321,2.3531931729220573e-34,0.8876043323602079,2.3530871379414787e-34,0.999954939959121,1.0,0.9999695119558293,1.0,0.8876485118883573,1.0,1.0,1.0,1.4617225439630107e-34,1.646817721220648e-34,1.0,1.0,0.6304827441343519,1.0,1.0,1.483736454168687e-34
2171,-102.07879872908597,-307.66036454092483,-102.27630664786165,-307.6603855300407,-102.2763009447887,-102.27624025521868,-308.486458198581,-307.65678408662455,-301.4575954647786,-308.5592191269611,-307.656805523099,2.2831276489863956e-45,0.9059655849311554,2.2831036886967696e-45,0.999989505497141,1.0,0.9059681683287464,1.0,0.905995660155155,1.0,1.0,1.0,1.5105887114603313e-45,1.667379795199517e-45,1.0,1.0,1.0,1.0,1.0,5.60184961579722e-44
2172,-24.240358887509018,-303.25290635062254,-24.505847222957698,-303.9533395082434,-24.50584376140307,-24.505831989355926,-303.9110961913565,-303.54140186734037,-303.9526656118513,-303.95333267173555,-303.9533408303832,2.5893760544727128e-61,0.8756890929876519,1.8243073162924083e-61,0.7045354857365074,1.0,0.8756906086117792,1.0,0.8756957629625131,1.0,1.0,1.0,1.8632495266104653e-61,2.1277523512979847e-61,1.0,0.9794298030729555,0.8141327259690287,0.8656732437054616,1.0,2.0839804595105516e-61
2173,-48.13868570332822,-303.50054210654616,-48.13880789501586,-303.5005411829036,-48.13865890974722,-49.19239876893113,-303.4995381672707,-303.5250012540385,-303.5366889344857,-303.47266848926614,-303.5270706512372,3.5389745359046107e-56,0.9999389060224944,3.5389761702787833e-56,1.0,1.0,1.0,1.0,0.5904581412594881,1.0,0.590494216899893,1.0,3.540751439608872e-56,3.5409677714142447e-56,0.987349159859232,0.9815960755493883,0.9941732017975647,0.987844903573051,1.0,3.47554115620725e-56
2174,-5.144011558889275,-301.3869750246392,-6.029824469669734,-302.0508966164016,-6.029773262314507,-6.029808568721762,-301.96359378848604,-301.24657803700654,-302.05010660150344,-302.0509145775568,-302.0508328306579,4.695240385824036e-65,0.6421672755654105,3.368907527044813e-65,0.7175154518640678,1.0,0.6421837176197959,1.0,0.6421723811199253,1.0,1.0,1.0,3.519221955520455e-65,5.4802262423320355e-65,1.0,0.9576658068377709,0.6691384549142525,1.0,1.0,5.248090913868415e-65
2175,-78.30238711163534,-310.6447074798702,-78.30249242202305,-308.14848566058157,-78.30248742044488,-82.10466159663434,-310.2544869545208,-310.48573035098605,-298.98460743024987,-310.48576666584233,-310.48574088973226,3.5278180319853854e-51,0.9999473461924056,1.2290055853817258e-50,1.0,1.0,0.9999498468529432,1.0,0.14939862011568994,1.0,0.1494064869361064,1.0,4.287868778423917e-51,4.288094562930004e-51,0.89081215537524,1.0,1.0,1.0,1.0,1.2008437789335087e-48
2176,-38.35613070992311,-302.78093677478057,-38.35760588666382,-302.78093848954467,-38.35760545583392,-38.36128836202603,-303.04660008326937,-302.65400394087135,-302.6537665310045,-302.78091193923393,-302.6540062556213,3.809631103512633e-58,0.9992626835810792,3.809627837204709e-58,0.9999991426183196,1.0,0.9992628988372233,1.0,0.9974244962639354,1.0,0.998160456357125,1.0,3.3357605588033304e-58,3.338221884608883e-58,1.0,1.0,1.0,1.0,1.0,4.062728759370208e-58
2177,-56.22796328245413,-301.22247240768854,-56.227963054364096,-301.98385175420657,-56.22796111526601,-56.30920957790377,-300.3368431091148,-301.9644851451229,-301.1277331216304,-301.9838449027167,-301.96448442599217,6.311292309943123e-54,1.0,4.313073615501136e-54,0.6833899308872358,1.0,1.0,1.0,0.9601909119040962,1.0,0.9601908023991154,1.0,9.827210388179092e-54,9.827209267434725e-54,0.4431614989139486,0.673380314110373,1.0,0.6900395468780711,1.0,6.617442847395095e-54
2178,-107.19185567579306,-304.0414918541426,-108.3102086846182,-304.79305813490447,-108.31017364689417,-108.30962571808664,-304.74813881992935,-304.027738727521,-300.45952336578523,-304.8378988118562,-304.79350171685775,1.7973995206821513e-43,0.5716796457268513,1.2343663595051183e-43,0.686751245508653,1.0,0.5716896609914098,1.0,0.5718463050649938,1.0,1.0,1.0,1.2624034786317555e-43,2.2082358328967417e-43,1.0,1.0,1.0,1.0,1.0,1.8849457606676798e-42
2179,-51.62848904575125,-305.1463177265555,-51.6309702062468,-305.17308454539346,-51.62894899451152,-51.66735783931671,-304.95061883229596,-305.1161523598464,-305.1161551067284,-305.1730847743365,-305.11615491736177,8.898216534402138e-56,0.9987601889537829,8.77992142109378e-56,0.9867057502083688,1.0,0.9997700520619477,1.0,0.9807532336457153,1.0,0.9819706917564164,1.0,9.812924216160319e-56,9.825105490477696e-56,0.9205658314822693,0.9205645671402862,0.9999986265599484,1.0,1.0,9.035508029870867e-56
2180,-106.01863468781065,-303.676055488728,-106.01863544626212,-303.676051698076,-106.01863667319783,-106.0467130167795,-302.69720288421047,-303.66049681508866,-299.08563867219686,-303.6760521444825,-303.66049926184735,1.2001524594737268e-43,0.9999996207743331,1.200154734156069e-43,1.0,1.0,0.9999990073068996,1.0,0.9860589250171995,1.0,0.9860592989561948,1.0,1.9579047582176332e-43,1.9579055007056514e-43,0.6177651157084914,1.0,1.0,1.0,0.9999993865323339,1.1913330690733164e-42
2181,-74.65941023765754,-305.9565290594489,-74.6594082948263,-305.9565238108147,-74.6594037110444,-75.57289137669652,-305.6113523905949,-305.90966152615067,-297.5377292253796,-305.9565130887298,-305.90965822001675,5.949340254426062e-51,1.0,5.949355867401916e-51,1.0,1.0,1.0,1.0,0.6333446276523148,1.0,0.6333440124117518,1.0,7.070057877513416e-51,7.070051009552098e-51,0.8614359543668033,1.0,1.0,1.0,1.0,4.004852694885376e-49
2182,-47.434150045944904,-304.50101485177896,-47.433820936333916,-304.5010175820046,-47.4341523396387,-47.47047858098958,-304.66555463711603,-304.4569014909612,-304.4569063642434,-304.50101564691977,-304.45690389220556,1.5088274179401458e-56,1.0,1.5088253582218715e-56,0.9999986348881232,1.0,0.9999988531537592,1.0,0.9819997084494811,1.0,0.9818381289731666,1.0,1.3896652795722084e-56,1.3894366222862634e-56,1.0,1.0,0.9999975633618433,1.0,0.9998343120753684,1.5424748860937038e-56
2183,-158.8160983981707,-307.4241713749576,-159.4309070558866,-307.6829529702652,-159.43089452805555,-159.43029927511697,-306.9922411955436,-307.4237609667039,-306.21036826010163,-307.683642521112,-307.6828461336445,5.3723830466517765e-33,0.7353532162645922,4.720339772738351e-33,0.8786305316930412,1.0,0.735357822469445,1.0,0.7355767169945981,1.0,1.0,1.0,6.667444613594397e-33,9.066995922671451e-33,0.8059287937672047,1.0,1.0,1.0,1.0,1.3404241715243304e-32
2184,-123.29745322537843,-306.3787290481395,-123.29745168169195,-306.3778763967619,-123.29744694695898,-124.35582983990969,-305.2952818208863,-306.36768870820976,-303.06560547962226,-306.3786936482655,-306.36768569081005,1.7555212272041178e-40,1.0,1.7562698105593444e-40,1.0,1.0,1.0,1.0,0.5890829300078801,1.0,0.5890824753283783,1.0,3.0176833127132203e-40,3.017680983535619e-40,0.5849648940852052,1.0,1.0,1.0,1.0,9.201112985569055e-40
2185,-180.26664419052645,-307.2971178588291,-180.26664564814837,-307.29711843799043,-180.26664766628767,-180.36507098844095,-304.99303093941455,-307.2967967802023,-307.2009144903516,-307.2971075504158,-307.29679832041313,2.6042527183163565e-28,0.9999992711893055,2.6042519641752257e-28,0.9999997104193732,1.0,0.9999982621209009,1.0,0.9519779569175154,1.0,0.951978650729737,1.0,8.241556563256514e-28,8.241562569795488e-28,0.31604112849669863,0.33156156323955643,1.0,1.0,0.99999899093086,2.732588126548343e-28
2186,-100.28646632150559,-308.46277864712283,-100.28642606454147,-308.46277043266235,-100.2864589916322,-100.31781752993335,-308.22834150446,-308.461592607885,-302.9015950253282,-308.3897350023069,-308.4208195837117,6.2386144528737254e-46,1.0,6.238640076352275e-46,1.0,1.0,1.0,1.0,0.984446618597665,1.0,0.9844268033809931,1.0,7.014480717672523e-46,7.014339528244254e-46,0.8899183591884056,1.0,1.0,1.0,0.999983536590159,1.0061951861644866e-44
2187,-98.74197729544642,-306.0521306336656,-99.35783213114624,-307.29767614974554,-99.35782015429135,-99.35766583759907,-307.2886241829333,-306.0499121133374,-302.0181137446009,-307.29768180999747,-307.29767270502947,9.619935968905163e-46,0.7349686616788592,5.1606619212404285e-46,0.5364549138290933,1.0,0.7349730629985435,1.0,0.7350297744923943,1.0,1.0,1.0,5.1840719281500404e-46,7.053459825495534e-46,1.0,1.0,1.0,1.0,1.0,9.837310884082417e-45
2188,-145.25752472003936,-306.8116685850738,-145.25751829833064,-306.8121755815778,-145.25751398481336,-147.80011404728924,-306.783151904799,-306.81153714857305,-306.8117971334195,-306.81189096889676,-306.8117936199323,8.297808263297844e-36,1.0,8.29570504999947e-36,0.9997465338759738,1.0,1.0,1.0,0.28046827454990175,1.0,0.2804673740085655,1.0,8.41696873238768e-36,8.41694170677026e-36,0.9859076185856089,0.9857794663947937,0.9998700160254376,1.0,1.0,8.297230409233392e-36
2189,-24.961535704547643,-303.7987007621687,-24.961485364092923,-303.7987402247113,-24.96148087203133,-25.28687344685943,-303.569900051222,-303.7928585915503,-303.79743722748606,-303.8022605173737,-303.7971694740571,2.8266948845461175e-61,1.0,2.8266391108127185e-61,0.9999802689233661,1.0,1.0,1.0,0.849872559145184,1.0,0.8498511679288552,1.0,3.169292888048209e-61,3.169213117229608e-61,0.8945099342551723,0.8924644588553986,0.9977133005219478,1.0,1.0,2.8284037169767108e-61
2190,-92.8573959100255,-309.8255964047584,-92.85739668109008,-309.82558820229065,-92.85733126041004,-94.0297269052254,-309.7623218143436,-309.8249104794851,-309.82490324703855,-309.8255830956839,-309.82490710415107,7.690487813935615e-48,0.9999996144677855,7.69051935448956e-48,1.0,1.0,1.0,1.0,0.5564569345023824,1.0,0.5564571490345394,1.0,7.937683734108747e-48,7.937686794342642e-48,0.9691902668278415,0.9691937716425721,1.0,1.0,1.0,7.692904960673819e-48
2191,-110.64662604657293,-305.8248126673211,-110.6466224898528,-304.97482016831094,-110.64661749906685,-113.27485325859116,-305.86681253859854,-304.7222276268418,-301.6364908442495,-304.6828360072859,-304.72222518822707,4.145675274598466e-43,1.0,6.341161400523008e-43,1.0,1.0,1.0,1.0,0.2687124027666057,1.0,0.2687119248996245,1.0,4.059524111109722e-43,4.059516891820582e-43,1.0,1.0,1.0,1.0,1.0,3.365704267446753e-42
2192,-30.531872769313296,-304.0613933986586,-30.531789954563976,-304.05161607583324,-30.531866125300624,-30.714559505565617,-304.0354118975507,-304.07063477423026,-304.0706348842531,-304.0613851711969,-304.0706353819853,4.0162364794060896e-60,1.0,4.035918570047153e-60,1.0,1.0,1.0,1.0,0.9127042635357192,1.0,0.9126664716307626,1.0,4.0687507671600126e-60,4.0685822943606334e-60,0.9825427366326676,0.9825426825816055,0.9999999449885892,0.9953899711684232,0.9999619153569145,3.997708013087864e-60
2193,-41.71901556645024,-302.5022165463872,-42.44916106628692,-304.96320523493375,-42.4491605313834,-42.449147466740015,-304.95643660414953,-304.49257219192117,-295.3505393417426,-304.963211405052,-304.9632209951679,2.3531381273820973e-57,0.6941461499653062,6.874648805509584e-58,0.2921481202277633,1.0,0.6941463356159407,1.0,0.6941508700179161,1.0,1.0,1.0,6.897954199434927e-58,9.937322564966582e-58,1.0,1.0,1.0,0.36965770514328855,1.0,1.2110535817858359e-55
2194,-73.87115298910122,-304.9168884034962,-73.87115340006048,-304.91688896422914,-73.87115456710042,-73.90063389096895,-303.8894421560568,-304.9112780388645,-304.9112722882648,-304.9168886309821,-304.9112793873543,6.746150429782578e-51,0.9999997945203913,6.746148538388466e-51,0.999999719633575,1.0,0.9999992110007114,1.0,0.9853676576712832,1.0,0.9853678601442855,1.0,1.1276209577307738e-50,1.1276211894339335e-50,0.5999446119739718,0.5999463369971081,1.0,1.0,0.9999994164802001,6.765125968797011e-51
2195,-16.340449102954594,-303.8684040097619,-16.34073701692742,-303.8683992691255,-16.340726103813395,-17.91866090855079,-304.07457113682176,-302.3288576435359,-302.32879462073146,-302.2568559037598,-302.2218682210548,3.6652018366773474e-63,0.9998560533748966,3.665210524382178e-63,1.0,1.0,0.9998615091613409,1.0,0.4542507581019817,1.0,0.4543161553792784,1.0,3.306201150738072e-63,3.3066771357519993e-63,1.0,1.0,1.0,1.0,1.0,7.915529585298423e-63
2196,-288.9384453024014,-312.34926602094714,-288.93846054851633,-312.34928771097844,-288.93845497592645,-289.00591170863896,-308.112022930265,-312.33532718043983,-310.44747131781924,-312.3492461224074,-312.3353495230968,8.249067789016481e-06,0.999992376971599,8.248978328232306e-06,0.9999891550431552,1.0,0.999995163249183,1.0,0.966829417304046,1.0,0.9668367875283365,1.0,6.862945007769478e-05,6.862997324592997e-05,0.1210378315169721,0.3110740806326774,1.0,1.0,1.0,2.1348946346778833e-05
2197,-26.33587656055596,-301.99910620313614,-26.33598339631429,-301.9991087153574,-26.336170481627974,-26.346854591840895,-301.50119209513065,-301.89318110405657,-301.8945685668997,-301.9991117649443,-301.929580042329,1.3819433847756202e-60,0.9999465835475442,1.3819416489029174e-60,0.999998743890153,1.0,0.9998530502621634,1.0,0.9945260214783166,1.0,0.994579148368109,1.0,1.7726007392332827e-60,1.7726954303344332e-60,0.822016752089283,0.8214466909968157,0.9993065091544443,1.0,0.9999064617181361,1.4563110162236998e-60
2198,-170.30474438561498,-309.71989615626626,-170.30540849488492,-309.7470829786305,-170.30453785964332,-170.30672482500322,-310.2185814480417,-309.74684994629,-307.05273951352933,-309.74707827550776,-309.72520187035406,5.325795006727254e-31,0.9996680004890718,5.253889115732921e-31,0.9864985620168465,1.0,1.0,1.0,0.9990102704116203,1.0,0.9993420514839629,1.0,4.150460747616814e-31,4.151839156186082e-31,1.0,1.0,1.0,0.9866135117478586,1.0,2.0207161188669934e-30
2199,-64.92453100758067,-304.60263361817266,-64.92319584381339,-304.63678576930806,-64.92452470842383,-66.00253230812228,-304.43014604981823,-304.5944647634394,-295.67536522267443,-304.6377183083969,-304.5917592623086,9.00660883976953e-53,1.0,8.854116993197302e-53,0.9830688942658655,1.0,1.0,1.0,0.5833309127744517,1.0,0.5829416215812482,1.0,9.817852455515152e-53,9.81130042233234e-53,0.9211251594323644,1.0,1.0,1.0,0.999335788381043,7.817927435226509e-51
